Video_ID,Keyword,Title,Channel,Views,Likes,Published_At,Duration_Sec,Medical_Score,Type,Source_Type
5hvsiSOimaY,당뇨,"당뇨에 좋은 음식, 혈당수치 뚝 떨어집니다.",건나물TV,9985009,107767,2021-08-10T23:00:01Z,650,10.9717868338558,Medical Pro,Description
fxMZRqFU3us,당뇨,[ENG SUB] 신동진 한의사가 직접 먹어보고 검증한 당뇨에 좋은 음식 Best5 - 신동진의 닥터밥상 #53,굿라이프,3003593,46920,2020-07-31T08:00:07Z,575,26.69039145907473,General,Description
CZuM-JGAXio,당뇨,당뇨를 이긴 사람들의 운동법 (KBS_2018.11.07),KBS 생로병사의 비밀,2813231,20579,2021-04-18T08:00:15Z,1398,2.00280112044818,General,Description
Fb68jBgSQxE,당뇨,"[Full] 귀하신 몸 - 7부 당뇨병 직전, 마지막 경고",EBSDocumentary (EBS 다큐),2527324,19820,2023-06-30T17:00:08Z,2730,7.722007722007722,General,Description
r64-CfnNbZ8,당뇨,"식사 후 허기짐, 식곤증, 폭식! 당뇨 시작 전 경고입니다. 혈당 잡는 식사법 이렇게 해보세요|귀하신 몸|#골라듄다큐",EBSDocumentary (EBS 다큐),2216212,15930,2023-07-04T02:00:21Z,2388,5.208333333333333,General,Description
6ZrsdZostJ0,당뇨,이 4가지만 안먹어도 당뇨와 치매에 안걸린다 [당뇨와 치매가 낫는다] - 1편,닥터쓰리 - 한미일의사의 쉬운 의학,2102507,60725,2020-01-11T22:12:49Z,884,4.2105263157894735,Medical Pro,Description
wqxr_wetnkY,당뇨,당뇨에는 무조건 매일! 먹어야 하는 음식 3가지 #건강 #건강정보 #당뇨 #혈당 #당뇨관리 #당뇨병,건강이알고싶다,2734460,99391,2025-01-16T06:00:39Z,60,16.129032258064516,General,Description
hvaov-wbfYw,당뇨,[한꺼번에 몰아보기] 혈당 뚝 떨어지는 당뇨 식이요법 완결판,이재성 박사의 식탁보감,1457673,30176,2023-09-10T00:00:15Z,2968,1.8656716417910448,General,Description
evrt7oBp0jc,당뇨,깨끗한 혈관 관리를 위한 의사들의 추천 단호박! 당뇨에도 단호박이 좋을까?,바른건강,1388524,19668,2022-07-21T01:23:42Z,1112,7.6923076923076925,General,Description
oDFeXQ9un6A,당뇨,"당뇨에 좋은 최고의 채소, 췌장 보호되는 최고의 항산화 채소 l 당뇨 환자 채소 TOP 3! l 채소 종류별 당뇨 예방 메타분석 l 닥터딩요",닥터딩요,1376531,23793,2024-08-02T11:00:58Z,1193,21.88552188552189,Medical Pro,Description
BaldiszhnZw,당뇨,당뇨병을 예방하려면 꼭 해야되는 이 운동! 하루 7분하면 정상 혈당 됩니다! 식후 혈당스파이크를 막아야 고혈당을 낮출 수 있습니다! [인슐린 저항성을 개선하는 혈당 낮추는 운동],인간미 넘치는 건강멘토,1206278,30894,2024-08-23T10:00:07Z,965,7.641365257259297,General,Description
wcKLKODazrE,당뇨,당뇨병의 원인과 증상 ✔ 궁금증 해결 / 가천대 길병원 내분비내과 김병준 교수,길병원TV,1145413,16773,2022-08-25T11:00:29Z,3027,17.51824817518248,Medical Pro,Description
JlTQM86qBG8,당뇨,심부전까지 치료하는 당뇨약 (KBS 20221005 방송),KBS 생로병사의 비밀,1117151,7159,2022-10-13T09:05:15Z,551,13.01801801801802,General,Description
UpoCJLjqKEo,당뇨,설탕보다 더 위험한 당뇨를 유발하는 최악의 습관,암 찾는 의사 이원경,1811721,18905,2025-06-04T04:33:23Z,125,26.31578947368421,Medical Pro,Description
qS-VZInAcmU,당뇨,"만원으로 막는 당뇨병, 건강 지키는 음식 공개",지식붐,1991102,23437,2025-09-01T14:10:01Z,60,10.260492040520983,General,Description
HIIoFFa5E3E,당뇨,"대한민국 4명 중 1명은 해당! 당뇨, 고혈압, 뇌졸증 유발하는 콜레스테롤 약 없이도 2주만에 정상수치로 돌아가는 법｜콜레스테롤에 좋은 음식｜귀하신 몸｜#골라듄다큐",EBSDocumentary (EBS 다큐),981886,9178,2025-01-01T09:00:12Z,2352,10.649627263045794,General,Description
StWaKgO2kb4,당뇨,콜라보다 더 위험합니다. 의사들이 경고한 당뇨 음식 4가지,건강한한국인 건강정보,1566404,25203,2025-07-02T21:00:38Z,58,6.479481641468682,General,Description
t9y-XfTQ8Xk,당뇨,"""맛있는데 어떻게 참아요😭"" 전당뇨, 제대로 관리 안 했더니 비극이 닥쳤다｜당뇨병 예방하는 혈당 관리법｜먹는 순서만 바꿨더니 확 낮아진 혈당 수치｜명의｜#EBS건강",EBS 건강,922778,7544,2025-01-26T08:00:51Z,2251,11.494252873563218,General,Description
kFoWo0R-T3M,당뇨,249. 밥 할 때 넣으면 당뇨와 혈관에 좋은 음식 ㅣft 부부한의사,부부한의사,844740,13150,2023-06-30T10:17:00Z,53,15.0,Medical Pro,Description
MEGTZdT7eGM,당뇨,"당뇨 환자 라면, 짜장면 마음껏 먹는 방법! l 당뇨 환자 면 먹는 방법 l 닥터딩요",닥터딩요,831254,11801,2024-01-30T11:00:17Z,1378,25.078369905956112,Medical Pro,Description
-Z2Iv8mgb88,당뇨,당뇨 환자라면 꼭 끊어야만 할 음식 3가지는? #shorts,내과전문의 닥터케이 Dr.K,823317,10818,2022-03-03T08:51:46Z,57,17.54385964912281,Medical Pro,Description
SSP4GuBuYKc,당뇨,당뇨합병증으로 실명부터 말기신부전까지… 무서운 가족력으로 당뇨의 위험에 빠진 가족을 구하러 ‘솔루션 드림팀’이 나섰다!┃EBS 가족건강 프로젝트┃알고e즘,EBSCulture (EBS 교양),820973,6684,2023-06-04T08:00:12Z,1843,3.067484662576687,General,Description
9jGaam5NStQ,당뇨,당뇨 예방법 l 당뇨전단계/초기당뇨 탈출하기 l 닥터딩요,닥터딩요,782858,21436,2019-08-09T23:51:43Z,1487,18.134715025906736,Medical Pro,Description
9cVWXNGzNys,당뇨,[당뇨빵 레시피] 당뇨인 필수 시청! 혈당 덜 올리고 빵 먹는 법,서울아산병원,783018,9106,2022-01-11T08:00:07Z,459,3.1055900621118013,Medical Pro,Description
sTY3n8nFpOE,당뇨,"밀가루 vs 과일, 이것이 당뇨에 치명적입니다 (서울대병원 이승훈 교수)",언더스탠딩 : 세상의 모든 지식,777983,17256,2025-08-19T12:31:08Z,4751,8.880994671403197,General,Description
FFAtjiXQ8Yg,당뇨,(ENG/CN)당뇨 환자가 꼭 끊어야 할 세 가지가 있다?,내과전문의 닥터케이 Dr.K,5592600,91671,2020-06-13T00:14:59Z,807,12.5,Medical Pro,Description
1e3fdWqWQEg,당뇨,[닥터4가지] 당뇨병에 걸리면 좋은 점 4가지! / 당뇨명의 김광원 교수,길병원TV,901386,14325,2021-03-12T07:00:01Z,253,20.37037037037037,Medical Pro,Description
cI6OoU3ASbw,당뇨,당뇨환자는 절대 먹으면 안되는 과일 4가지 #당뇨환자 #혈당관리,건강장수TV,2750916,29138,2025-09-07T23:35:36Z,15,9.803921568627452,Medical Pro,Description
1XqVCgPe7RQ,당뇨,"병원 안 가고 당뇨병 낫는 방법, '딱 3가지만' 알려드릴게요 (서울대병원 조영민 교수 풀버전)",김작가 TV,759760,14107,2025-06-01T01:00:02Z,5516,1.5645514223194752,Medical Pro,Description
kenma0gGtes,당뇨,"""죽는 날까지 관리해야 하는 병"" 치솟는 혈당 제대로 관리 안 했더니 닥친 공포의 당뇨병｜당뇨병 의심되는 증상들｜원인과 치료법｜명의｜#EBS건강",EBS 건강,750023,5995,2025-03-01T08:00:42Z,1723,17.441860465116278,General,Description
hK8FLQxAClw,당뇨,당뇨인이라면 꼭 알아야 할 당뇨 Tipㅣ동아아산건강강좌,서울아산병원,727555,11553,2021-10-21T01:10:05Z,2841,21.73913043478261,Medical Pro,Description
k1Ie4IwJYcY,당뇨,당화혈색소 6.5% 미만의 힘! [경희대병원 내분비대사내과 전숙 교수] | #shorts #당뇨 #당화혈색소 #당뇨합병증,경희의료원,969809,11478,2024-04-09T04:57:47Z,55,4.057971014492754,General,Description
VY4fKsyqkAs,당뇨,술과 당뇨! 당뇨환자의 술 적정량은? - 신동진의 닥터밥상 #12,굿라이프,671326,7637,2019-10-11T08:00:02Z,429,24.57002457002457,General,Description
M6SncX2qGV8,당뇨,(ENG/CN)당뇨환자는 왜 운동을 해야만 하는걸까?,내과전문의 닥터케이 Dr.K,667192,11902,2021-07-23T08:50:48Z,883,17.24137931034483,Medical Pro,Description
E9OTBn8IMl8,당뇨,[충격주의] 당뇨약 오래 먹다보면 몸속에서 벌어지는 일 #당뇨 #약 #건강상식 #약간헷갈리면약국캠페인 #건강지식 #헷갈리면약사에게 #혈당스파이크,약간 헷갈리면 약국 캠페인,1437530,14382,2025-09-12T09:00:32Z,71,34.24657534246575,General,Description
l9NnzJriAiI,당뇨,"아침 공복에 매일 드세요, 당뇨 약 보다 좋은 '차' l 삶은 달걀 아닙니다! 위 건강 지키고 혈당 잡는 아침 식사까지 전부 공개 l 당뇨 스쿨 한의사 이혜민",의사친[의사사람친구],656632,6028,2025-11-05T11:01:28Z,2474,12.82051282051282,Medical Pro,Description
trbzHeJCXz0,당뇨,"당뇨에는 오이 이렇게 먹어야 혈당관리 할수 있어요, 당뇨 혈당관리, 오이로 혈관청소, 운동안해도 살빠지는 오이먹는법, 당뇨에 좋은간식, 건강음식, 건강정보",건강박사,1192266,13960,2024-11-11T08:37:57Z,60,16.260162601626018,General,Description
NGHEXSY4aBY,당뇨,당뇨 환자에게 치명적 독이 되는 채소 4 #건강 #음식,건강백단 - 건강정보,1759685,33873,2025-09-13T02:41:19Z,25,5.076142131979696,General,Description
q9aL6t1akxU,당뇨,의사도 말리는 당뇨 환자 금지 과일 4가지 #건강 #건강관리,건강백단 - 건강정보,1984761,21483,2025-09-14T04:16:55Z,21,5.494505494505495,General,Description
2uY7YeDkFw4,당뇨,"버터 무조건 드세요! 아침에 계란과 함께 먹으면 고지혈증, 혈관건강 눈건강 당뇨 골다공증 노년근감소에 효과짱! 10년 젊어지는 갓생 음식, 혈당잡는 식사법 #고지혈증에좋은음식",루이빈치과 류지헌,922420,19454,2024-11-22T02:58:47Z,60,4.734848484848484,General,Description
v2FOPVQGHeI,당뇨,당뇨 전조증상 5가지,오징어약사TV - 가장 쉬운 건강채널,639142,11435,2023-09-27T07:22:47Z,53,33.333333333333336,Medical Pro,Description
YTCvUS-RX_s,당뇨,당뇨 있어도 오래 잘 살 수 있는 특급 비법 [유병장수],분당서울대학교병원,563786,8959,2025-01-23T07:15:01Z,1122,22.535211267605632,Medical Pro,Description
BFeF_5NywSs,당뇨,"당뇨병 식사, 3가지 원칙만 기억하세요!",서울아산병원,533198,6634,2022-01-10T08:00:03Z,584,2.415458937198068,Medical Pro,Description
R1lS2hNBAf4,당뇨,2만원으로 막는 당뇨병 확인 방법 공개 #건강 #건강정보 #건강관리,지식붐,989254,8988,2025-08-31T16:05:00Z,58,2.6404494382022463,General,Description
C1VFUxGtzn0,당뇨,당뇨 환자는 고구마 먹으면 안 된다? 건강한 고구마 먹는 법,바른건강,512084,5505,2023-03-08T01:00:03Z,1457,3.968253968253968,General,Description
fB8wHlukhrA,당뇨,"""당뇨 킬러입니다"" 이 과일은 꼭 드세요 (이왕재 박사, 반재상 원장 / 풀버전)",신사임당,466566,11602,2025-05-20T07:30:19Z,2404,2.915451895043732,General,Description
78SpY4RXPok,당뇨,"당뇨병, 어떤 경우 완치가 가능한가요? 당뇨 치료법에 대해 #건강톡톡 EP.232",서울대병원tv,463743,5889,2021-02-22T07:00:03Z,912,43.47826086956522,Medical Pro,Description
LBYoLtuA45g,당뇨,혈당 낮추는 당뇨스쿨 꿀팁 10편 | 식후 10분 운동 #shorts,당뇨스쿨,507570,7933,2024-06-28T10:00:18Z,60,1.9230769230769231,General,Description
xZNhbw8RGOI,당뇨,당뇨에 설탕보다 위험하다! 혈당이 폭발하는 '이 음식' 절대 드시지 마세요 (신동진 원장 / 풀버전),신사임당,455271,8301,2025-04-27T10:30:37Z,3757,2.5,General,Description
XCYKMlAHkCQ,당뇨,당뇨환자가 【땅콩버터】를 퍼먹으면 혈당이 얼마나 오를까?| 🩸15분 혈당측정,당뇨생활,443812,5074,2022-06-15T11:30:06Z,411,13.986013986013988,General,Description
ScuZhbeLpS8,당뇨,🫢미국도 놀랐다?!🫢 연세 암센터 교수가 말하는 당뇨 환자에게 제일 좋은 기적의 음식은?! ㄷㄷ,헬스조선 Health Chosun,436250,6866,2025-08-20T10:00:48Z,1509,5.928853754940712,General,Description
LXFadvCjBn0,당뇨,당신이 당뇨라면 당장 끊어야 할 3가지 습관 & 매일 아침 공복에 마시면 좋은 '차'까지 공개! l 한의사 이혜민 원장,의사친[의사사람친구],430807,3821,2025-09-27T11:00:38Z,1124,17.857142857142858,Medical Pro,Description
a3v2FDJNZ3c,당뇨,혈당조절 잘하는 방법 ✔ 당뇨병 궁금증 해결 / 가천대 길병원 내분비내과 김병준 교수,길병원TV,385574,6332,2022-09-20T05:00:01Z,3038,8.415147265077138,Medical Pro,Description
zYHLn0zjw98,당뇨,당뇨인에게 좋은 간식 3가지? | 당뇨 간식 추천(재업로드) #shorts,당뇨스쿨,376854,6720,2023-04-26T06:22:28Z,58,3.861003861003861,General,Description
BkcXEFmNHaI,당뇨,당뇨 혈당관리 필수 영양제 3 가지와 올바른 섭취,오만스토리,717305,10923,2025-08-19T21:55:01Z,60,17.24137931034483,General,Description
a-UU9K3iJ2k,당뇨,당뇨는 왜 생길까? 왜 나쁠까? (30분순삭) l 당뇨 발생과  합병증의 기전 l 닥터딩요,닥터딩요,366633,10031,2019-05-25T08:32:17Z,1790,23.25581395348837,Medical Pro,Description
qm1QbVZK2VE,당뇨,"저녁에 이거 먹으면, 당뇨가 사라집니다",건강한한국인 건강정보,566041,12950,2025-08-15T11:01:26Z,58,9.00900900900901,General,Description
F7vEO06VsNE,당뇨,혈당걱정 없이 당뇨 환자가 마음껏 먹을 수 있는 간식 6가지. 합병증예방.혈당조절,무조건당신편,454954,5605,2024-03-26T01:34:59Z,58,14.084507042253522,General,Description
Gh81gech3d0,당뇨,당뇨병 원인과 증상! 당뇨에 좋은 음식은 무엇일까?,EBS 컬렉션 - 사이언스,322439,3670,2021-07-25T11:00:12Z,548,3.690036900369004,General,Description
cP7jKMO1Txs,당뇨,(ENG)당뇨식단은 어떻게 짜는 걸까? 당뇨식단의 기본원칙! (당뇨식단 1부),내과전문의 닥터케이 Dr.K,298771,8604,2021-02-05T08:50:09Z,803,2.7777777777777777,Medical Pro,Description
dMk636qZiaM,당뇨,"""당뇨 왔을 땐 이미 늦었다"" 당뇨병 직전 혈당 수치 확 줄이는 건강한 식사법｜전당뇨라면 무조건 봐야 하는 영상｜당뇨 물리치는 운동법｜귀하신 몸｜#EBS건강",EBS 건강,295201,2732,2025-09-02T08:00:41Z,1870,5.141388174807198,General,Description
aXZ8MwVMG-g,당뇨,당뇨병 전단계도 병이다! ✔ 당뇨 전단계 관리와 예방법ㅣ당뇨명의 김광원 교수,길병원TV,282820,4523,2022-02-22T01:30:00Z,291,2.2222222222222223,Medical Pro,Description
UBeXn7CwO8Y,당뇨,"무시무시한 당뇨, 먹는 순서부터 바꾸세요 - 정희원 교수 (서울아산병원 노년내과) [성공예감 이대호입니다] 2부 심층 인터뷰 | KBS 240515 방송",KBS 1라디오,266319,5019,2024-05-15T01:51:32Z,2398,12.903225806451612,General,Description
brTX2SJF0OQ,당뇨,당뇨인 식후혈당 감소를 위해 이 운동을 해보세요! #shorts,당뇨스쿨,311962,5185,2024-11-11T12:00:49Z,60,1.709401709401709,General,Description
vV5rfPEDHb4,당뇨,"먹어도, 먹어도 배고픈 당신! 밥만 먹으면 눈이 감기는 당신! 당뇨 전 증상입니다!|평범한 집밥으로 당뇨 이겨내는 식사법|당뇨, 이렇게만 드세요!| EBS 건강",EBS 건강,266060,2281,2023-10-10T08:30:24Z,2462,5.602240896358543,General,Description
_CItSiA-vt4,당뇨,"당뇨환자의 공복혈당, 정상 수치는 얼마인걸까? #Shorts",내과전문의 닥터케이 Dr.K,280950,4018,2022-03-31T08:50:44Z,55,4.739336492890995,Medical Pro,Description
oZKOF5AoOcY,당뇨,생로병사의 비밀 - 당뇨병 환자에게 유산소 운동이 미치는 영향! 20181107,KBS 다큐,259716,1987,2018-11-07T14:48:44Z,256,28.571428571428573,General,Description
-rGDsXQDk1w,당뇨,김재원TV EP.50 명의의 당뇨 정복 특강 설탕 안 먹어도 당뇨 걸리는 진짜 이유 명의가 밝히는 당뇨의 진실 #당뇨 #당뇨병 #이재혁교수 #김재원아나운서,김재원TV,254465,7964,2025-12-27T00:30:07Z,1952,5.847953216374269,Medical Pro,Description
kzRtfV87_Qc,당뇨,모든 당뇨인에게 당화혈색소6.5%가 꼭 정답일까? | 당뇨문의:1644-5178,당뇨스쿨,248349,4135,2022-08-30T10:00:26Z,338,1.1441647597254003,General,Description
7qlIqRqPzmg,당뇨,당뇨병 있으면 꼭 해야하는 운동  #건강정보 #당뇨병,모두라이프,355384,3436,2024-09-22T02:26:13Z,56,24.390243902439025,General,Description
z-_zJtay-_o,당뇨,당뇨를 막아주는 최고의 아침식사 4가지! 의사들이 공개🔥#당뇨 #건강 #건강정보  #부천 #부천역 #전깃줄 #유튜브구독자,띵까띵까,773909,12771,2025-06-17T09:21:03Z,15,5.163511187607573,General,Description
cGXcB8l1s_I,당뇨,"""당뇨에 좋은데 아무도 몰라요"" 혈당 약보다 5배 빠르게 떨어뜨리는 '1위 과일' 당장 드세요. 췌장이 튼튼해지고 당뇨 참 쉽게 사라집니다 (당뇨 명강의)",지식의 맛,232768,3613,2025-06-30T08:20:00Z,2437,1.0236220472440944,General,Description
C77Ft9Yl5cE,당뇨,당뇨병 증상 3가지와 당뇨병 관리법 [숫자로 보는 건강],분당서울대학교병원,211315,2387,2022-10-24T07:15:00Z,475,26.54867256637168,Medical Pro,Description
Com40Z-esu0,당뇨,"당뇨약 복용 대신 '이것'만 하면 당뇨, 혈당 싹 잡아준다? [유사의학 vs 분당서울대병원]",분당서울대학교병원,200615,3040,2024-07-09T07:15:00Z,930,22.002200220022,Medical Pro,Description
hDWIJI31MpY,당뇨,많은 합병증 몰고 오는 공포의 당뇨병에 걸리게 한 식습관│좋아하는 음식을 건강하게 오래 먹고 싶다면│명의│#EBS건강,EBS 건강,198066,1862,2025-08-19T12:57:08Z,1370,12.096774193548388,General,Description
U2Dnv8SoIoU,당뇨,혈당 폭락시키는 영양제,오징어약사TV - 가장 쉬운 건강채널,200572,2501,2024-01-02T01:08:17Z,13,2.820512820512821,Medical Pro,Description
IHuWTwKu5ZU,당뇨,닥터딩요도 꼭 지키는 당뇨 예방 식단 #건강 #혈당 #당뇨,삼프로TV 3PROTV,203987,3716,2024-07-17T01:12:54Z,54,3.53356890459364,Medical Pro,Description
1XmesDOxBLs,당뇨,"""죽을 때까지 당뇨 중심으로 살아야 해요"" 식단부터 운동까지 혈당 관리의 중요성｜잘못하면 합병증으로 실명까지｜당뇨 원인과 치료법｜명의｜#EBS건강",EBS 건강,150241,1653,2025-08-25T09:00:02Z,2029,15.625,General,Description
PrSKcN8hrU8,당뇨,당뇨 환자에게는 독처럼 위험한 채소 4가지 #당뇨 #혈당관리 #건강습관 #생활꿀팁 #식단주의,시니어정보통 백세인생,509319,8271,2025-08-30T10:45:27Z,15,10.1010101010101,General,Description
pEoHbwvVcf0,당뇨,“이렇게 무서운 병인 줄은 몰랐습니다” 가족 모두가 당뇨와 싸운 지 20여 년. 생활비 대부분을 약값과 투석 비용으로 써야 하는데..│EBS 가족건강 프로젝트│#EBS건강,EBS 건강,137963,1540,2025-08-28T11:01:24Z,2171,6.150061500615006,General,Description
FVi9CiboGo8,당뇨,"당뇨 있다면 꿀은 이렇게 드세요 | 당뇨에 좋은 음식, 꿀 | 문자문의 010-9972-0493","당뇨 딸, 전 간호사",134128,4083,2024-12-23T11:00:16Z,771,7.633587786259542,General,Description
okk2NvMH_l0,당뇨,당뇨 없애는 식초 먹는 법,탱크약사,253231,2388,2024-01-08T12:00:47Z,35,11.11111111111111,Medical Pro,Description
l54Av5IGGvA,당뇨,당화혈색소는 당뇨환자에게 왜 중요한걸까? #Shorts,내과전문의 닥터케이 Dr.K,125162,2169,2022-04-25T09:00:32Z,60,5.524861878453039,Medical Pro,Description
YGuPmzZ3FWQ,당뇨,당뇨약없이 당뇨치료 및 당뇨 예방하는 방법 3가지! #shorts,당뇨스쿨,119516,2089,2023-03-26T10:00:20Z,60,9.198423127463863,General,Description
ppyQCjY2iC0,당뇨,이 부위가 자주 간지럽다면 당뇨말기 신호입니다 #건강 #건강정보 #50대 #60대 #당뇨 #혈당관리 #발저림,생활건강센터,368703,5391,2026-01-07T08:40:02Z,36,5.905511811023622,General,Description
Q9C4iRyj_E8,당뇨,당뇨병이라면 꼭 알아둬야 할  식사 순서 #shorts,위담한방병원,158826,0,2023-03-28T08:00:11Z,36,6.849315068493151,Medical Pro,Description
YxcKNlzN348,당뇨,당뇨 환자 45% “6개월 동안 저혈당 쇼크 경험”,KBS News,108354,544,2015-02-02T13:06:10Z,101,15.247776365946631,General,Description
Ul04sNARrko,당뇨,당뇨 환자는 반드시 끊어야 할 5가지!,시니어건강생활,102511,1407,2025-10-12T04:21:53Z,1430,13.88888888888889,General,Description
s6E3LaFjfnQ,당뇨,당뇨 졸업! 선택이 아닌 필수입니다! | 당뇨문의 : 1644-5178,당뇨스쿨,103355,1573,2025-07-24T10:01:24Z,327,3.883495145631068,General,Description
eQuaoh66Obc,당뇨,스텐 냄비에 이런 음식은 끓이면 안 됩니다. #중년건강 #당뇨 #치매,건강보감365,308283,5415,2026-01-07T22:58:47Z,25,6.410256410256411,General,Description
98Pnm76O98o,당뇨,"""전당뇨라 괜찮겠지"" 당뇨병 막을 마지막 기회 무시했더니 덮친 비극｜치솟는 공복혈당, 당뇨의 지름길｜꾸준한 운동의 기적｜명의｜#EBS건강",EBS 건강,98806,1126,2025-07-15T08:00:14Z,1288,2.5906735751295336,General,Description
w3Lbyfe5UWo,당뇨,"당뇨 전단계 실험 참가자 전원의 놀라운 변화! 건강식이라 믿은 당신의 식단, 이렇게 바꿔야 합니다! I 당뇨 전단계 2부 I KBS 250409 방송",KBS 생로병사의 비밀,79638,822,2025-04-10T11:59:19Z,1028,1.8493150684931503,General,Description
CuozP08YYOg,당뇨,까딱하면 당뇨…근육으로 막는다 / KBS뉴스(News),KBS News,76207,511,2018-08-26T22:04:59Z,118,8.94854586129754,General,Description
Hof1SFWeE_M,당뇨,무시무시한 당뇨병! 초기 증상은?,건강의학전문채널 하이닥,124711,761,2024-10-25T08:14:00Z,29,2.680965147453083,General,Description
RLTHnFmi-ys,당뇨,"""황금보다 귀한 당뇨 음식 정보"" 매일아침에 현미 잡곡 보리밥 vs 백미 흰쌀밥? 아침식사 전에 먹으면 혈당 스파이크 뚝! 당뇨전단계, 당뇨합병증, 당화혈색소 싹!잡는 식단 짜는법",루이빈치과 류지헌,151267,3243,2025-11-25T22:00:29Z,86,7.836990595611285,General,Description
TLmSQNeeOqg,당뇨,당뇨환자도 먹을 수 있는 빵은?,헤럴드스토리,69845,664,2023-07-10T22:00:22Z,58,7.6923076923076925,General,Description
8mnZYAr2MeE,당뇨,고구마 당뇨병에는 무조건 이렇게 드세요! - 건강한 음식 먹는 방법 #건강 #건강정보,알유건강 - 건강정보,84687,1690,2024-10-25T11:07:00Z,52,9.090909090909092,General,Description
0cb72M8HHPA,당뇨,당뇨에는 무조건 매일! 먹어야 하는 단 한가지 음식,김순렬TV,173344,2919,2026-01-05T01:50:05Z,26,15.384615384615383,Medical Pro,Description
35L6ttTp0zs,당뇨,"당뇨 졸업자: 당뇨 완치, 이렇게 했어요! | 당뇨 졸업한 사람들의 4가지 꿀팁! #shorts",당뇨스쿨,63840,1375,2023-10-20T10:00:04Z,60,2.1739130434782608,General,Description
OtJRkSdcZg0,당뇨,당뇨가 있으시면 이런 운동은 피하세요. 당뇨가 더 악화됩니다.,오롯건강,104692,641,2024-09-18T08:49:47Z,50,25.210084033613445,General,Description
NsYuml6u2S8,당뇨,'당뇨병 10분 동안 00만 해도 극복할 수 있다! | #당뇨병 | #공복혈당 | #식후혈당 | #명의 | #EBS건강,EBSDocumentary (EBS 다큐),62086,420,2024-08-10T01:00:19Z,243,1.7035775127768311,General,Description
dsNPZvVGwcQ,당뇨,당뇨약 없이 혈당수치 80으로 떨어집니다. 당뇨에 좋다는 비타민C 먹으면 몸에서 벌어지는 진실?,건나물TV,62491,1352,2025-09-12T23:00:42Z,1416,9.208103130755063,Medical Pro,Description
8JV9v2MRL9M,당뇨,"당뇨병 환자 5명 중 1명이 겪는 비극, 당뇨발. 작은 상처를 무시하면 안 되는 이유│명의│#EBS건강",EBS 건강,56340,629,2025-10-26T09:00:12Z,995,8.979591836734693,General,Description
iEfGrPK9gI8,당뇨,"실명과 절단에 죽음까지.. 암보다 무서운 혈관병, 당뇨합병증 I KBS 20161214 방송",KBS 생로병사의 비밀,53196,859,2025-12-24T13:01:35Z,1856,9.421252371916507,General,Description
MFaFW40Rzww,당뇨,당뇨와 술의 관계! 술을 마시면 당뇨수치가 떨어진다? #shorts,당뇨스쿨,46364,698,2023-05-10T10:00:15Z,60,7.062146892655368,General,Description
p6Lo0fbsY9w,당뇨,당뇨환자는 절대 먹지 말아야 할 음식 4가지,건강한한국인 건강정보,86507,873,2025-04-15T22:55:01Z,56,3.3783783783783785,General,Description
o36QFkg3x2s,당뇨,혈당스파이크 막는 당뇨식단! 의사들도 추천하는 당뇨인 식사법 총정리,김소형채널H,41725,1636,2025-03-17T23:30:11Z,830,1.0395010395010396,General,Description
FTR8l9X0f6s,고혈압,"혈압을 낮춰주는 영양제는 '이 것' 입니다 ( 기름이 혈관에 쌓이지 않게하고, 성인병을 예방하고,  만성염증을 없애주는 강력한 식물성 항염증 성분 )",약사가 들려주는 약 이야기,2594566,33230,2022-07-16T10:00:18Z,978,10.657193605683837,Medical Pro,Description
2oLLd-ueTCQ,고혈압,(자막) 혈압약 안먹고 고혈압 치료하는 방법 l 고혈압의 생활습관교정 l 닥터딩요,닥터딩요,2089034,44890,2019-02-21T03:04:39Z,1624,2.3255813953488373,Medical Pro,Description
E6jd5dhEi18,고혈압,당뇨/고혈압/콩팥병환자 시청필수: 신장기능을 향상하고 사망율을 줄여주는 베이킹 소다?,조동혁의100세 건강시대,1831751,33162,2024-03-02T16:20:31Z,948,12.195121951219512,General,Description
EeZmjcXNcjo,고혈압,생강차 절대 먹지마세요!!!,김순렬TV,2433460,37942,2024-11-14T09:17:24Z,53,17.341040462427745,Medical Pro,Description
KvxU1Idqq1g,고혈압,"항암 1등! 고구마의 놀라운 효능! / 이렇게 드세요! 고혈압, 당뇨, 온갖 성인병 싹 사라집니다! / 효능 높이는 법 / 고구마의 힘 / 책읽어주는여자 SODA's 건강 오디오북",소리내어읽다,1758316,26577,2023-10-27T21:15:00Z,1866,6.975269499048827,General,Description
AQwu7htUdS0,고혈압,"고혈압, 당뇨, 비만, 심근경색증, 협심증, 뇌졸중 등이 생활습관병?? 잘못된 습관에서 비롯됐을지 모를 우리의 나쁜 습관은 무엇일까? (KBS 20230503 방송)",KBS 생로병사의 비밀,1627993,8150,2023-05-11T09:00:08Z,800,14.704433497536948,General,Description
lCn-uuWA1uA,고혈압,"아침식사후 이거 한알만 먹으면 고혈압, 고지혈증, 만성염증이 사라집니다. (최고의 성인병 예방 영양제)",약사가 들려주는 약 이야기,1365649,21039,2022-01-25T10:00:23Z,679,6.6371681415929205,Medical Pro,Description
FJuJ7Gc7TBI,고혈압,"녹두와 이것 함께 먹었더니 당뇨와 고혈압을 싹다 잡았어요.녹두와 상극인 음식. 항암식품,다이어트식품,건강음식,녹두의 효능,노년기 건강대파의 효능,당뇨음식,혈당,혈관청소음식",무조건당신편,1778960,37273,2024-11-06T07:27:21Z,57,17.391304347826086,General,Description
dIqdw3PvSIk,고혈압,없던 병도 만드는 그동안 몰랐던 '혈압'에 관한 아주 불편한 진실! / 이것만 기억하세요! 혈압 걱정 싹 사라집니다! / 혈압 관리법 / 책읽어주는여자 SODA's 건강 오디오북,소리내어읽다,1249028,22838,2023-10-17T21:15:02Z,2413,1.4792899408284024,General,Description
ZeNTrMEgKps,고혈압,고혈압 환자 운동하는 방법 l 가장 혈압이 많이 떨어지는 운동 l 닥터딩요,닥터딩요,1248430,20302,2024-01-12T11:00:24Z,2214,16.566265060240966,Medical Pro,Description
uq1_AgWaW7I,고혈압,매일 무심코 섭취하는 ‘이것’이 고혈압을 유발한다? ㅣ 단 2주 만에 고혈압 탈출하는 기적의 방법 알려드립니다!ㅣ 집에서도 가능한 ‘혈압 잡는 운동법’ ㅣ 귀하신몸 ㅣ #골라듄다큐,EBSDocumentary (EBS 다큐),1213324,8319,2023-08-30T09:36:16Z,2625,3.1446540880503147,General,Description
l-CJJAVwrJE,고혈압,고혈압 환자라면 반드시 알아아야 하는 고혈압의 원인,닥터조의 건강이야기,1037094,24557,2020-02-19T03:00:06Z,1298,9.630818619582664,Medical Pro,Description
1lY15p8bbBg,고혈압,"고혈압, 이것만 끊으면 해결![방태환원장의 건강강의]",나음힐링센터 방태환원장,787397,12366,2021-10-12T02:56:29Z,509,5.813953488372093,General,Description
xP--vm98XSU,고혈압,610. 약없이 고혈압 낮추는 최고의 운동!!!,부부한의사,1118765,18081,2024-11-03T10:01:01Z,54,19.672131147540984,Medical Pro,Description
vPYfzOk8Skw,고혈압,고혈압약보다 효과적으로 혈압을 낮추는 꿀팁 4가지,닥터조의 건강이야기,767550,15320,2023-01-30T20:13:38Z,953,11.945392491467576,Medical Pro,Description
ZaXjvIminRY,고혈압,"""서울대의사의 절박한 경고"" 혈압 재실때 이것만큼은 반드시 알아야합니다 (이승훈 교수 3부)",지식한상 ,756112,12418,2025-08-12T11:01:16Z,1648,1.2068965517241388,General,Description
XODJid3FcTk,고혈압,대사질환 #1: 고혈압의 숨겨진 진실 (여러분이 모르는 사실이 있습니다),닥터덕 Dr Duk,749172,15830,2024-04-05T23:00:12Z,631,6.527415143603133,Medical Pro,Description
Fb7GJqHOavc,고혈압,고혈압약 종류별 부작용... 많다,닥터조의 건강이야기,659423,10541,2023-01-22T22:00:05Z,707,7.590132827324478,Medical Pro,Description
s6Lg1YBuK24,고혈압,고혈압은 병이 아니다 / 마쓰모토 미쓰마사 지음 / 서승철 옮김 / 에디터 펴냄,책한민국,583546,12556,2022-10-24T08:00:31Z,2018,11.627906976744184,General,Description
Y2nhvGM_xsQ,고혈압,"""집에선 멀쩡했는데..."" 이상하게 의사 앞에서만 오르는 혈압, 고혈압인 줄 알았는데｜들쑥날쑥한 혈압 올바르게 재는 법｜죽음까지 부르는 무서운 합병증｜명의｜#EBS건강",EBS 건강,577614,4430,2025-09-03T08:00:41Z,1709,10.309278350515465,General,Description
c9yQtpiC7PU,고혈압,혈압 낮추는 방법 아침에 하루 10분만 하세요. 고혈압 약은 끊고 혈액순환에도 좋은 세상 가장 쉬운 방법,건나물TV,565901,6909,2024-01-28T23:00:31Z,583,8.035381750465548,Medical Pro,Description
4qzn3Rcfn1E,고혈압,혈압약에 의존하면 '이.렇.게' 됩니다 #shorts,빅퀘스천 Big Questions,617811,13301,2023-07-14T13:00:03Z,60,25.86206896551724,General,Description
4PclPvTLboA,고혈압,고혈압 약 없이 '이 음식'으로 나았습니다. 혈압 낮추는 음식,1분건강 비타민닥터,422645,6399,2022-07-02T11:49:32Z,60,14.234875444839858,Medical Pro,Description
lkWsl3SRNII,고혈압,📌방송 하이라이트📌국내 성인의 고혈압 유병률은 30%. 하지만 진단받고도 약에 대한 거부감으로 혈압약을 먹지 않는 경우가 많은데..혈압의 경고 1부 l KBS 20231025 방송,KBS 생로병사의 비밀,404360,3018,2023-11-08T11:00:46Z,2382,17.544283413848632,General,Description
LLBKN6d1Kxk,고혈압,"고혈압 약, 진짜로 안전한가요? 서울대병원 교수가 알려주는 혈압약 부작용에 대한 정보!!!",서울대학교병원 강남센터,397550,5770,2020-10-19T23:30:01Z,595,26.231884057971016,Medical Pro,Description
I5TbFBmbY0w,고혈압,"'왔다, 박교수' 고혈압약 끊어보았더니... (서울백병원 박현아 교수)",의학채널 비온뒤,393322,8694,2020-09-02T13:00:42Z,3184,23.01790281329924,General,Description
SslSM1SCrrg,고혈압,제일 짜게 먹는 나라 일본은 고혈압 환자가 많을까?#소금물 #소금 #고혈압,굿닥터 김태균,808376,8470,2025-04-05T03:00:33Z,45,1.5267175572519085,Medical Pro,Description
7k4kKBrLcZA,고혈압,고혈압 약 복용하기 전에 이 영상을 꼭 시청해 주세요,오상신경외과의원,348493,5992,2022-09-01T10:00:08Z,525,37.65690376569037,General,Description
DETTLBTLv2g,고혈압,약 거부했다가 반신불수? 고혈압 약 복용의 중요성,우리를위한,654717,8492,2025-12-14T23:00:00Z,58,8.620689655172415,General,Description
zdF_SOjbFLI,고혈압,고혈압 있으면 나타나는 증상 5가지,고대병원,2318867,32445,2024-06-25T06:00:32Z,59,60.60606060606061,Medical Pro,Description
LzHMy2ScdhA,고혈압,무서운 고혈압! 높은 혈압 확실히 낮추는 방법 7가지 [숫자로 보는 건강],분당서울대학교병원,1302079,14791,2022-09-19T08:24:59Z,460,12.461059190031152,Medical Pro,Description
y_sIoZ3yAB4,고혈압,수십만 고혈압 환자의 삶을 바꾼 놀라운 치료법! / 이렇게 하세요! 혈압 걱정 싹 사라집니다! / 체질 바꾸는 법 / 근본적 해결책 / 책읽어주는여자 SODA's 건강 오디오북,소리내어읽다,314578,6277,2023-10-31T20:45:05Z,2252,7.518796992481203,General,Description
6u9gcdWmCyU,고혈압,📌방송 하이라이트📌운동과 식습관 조절만으로 혈압이 낮아질 수 있을까? 혈압약을 꺼리는 사람들의 생활습관 개선 4주 프로젝트 l KBS 20231101 방송,KBS 생로병사의 비밀,301238,2248,2023-11-15T11:00:07Z,2268,7.924071082390952,General,Description
p2PaARE6TbQ,고혈압,고혈압이면 꼭 약을 먹어야 하나요? 고혈압약을 한번 먹으면 계속 먹어야 하나요? / 서울대병원 순환기내과 이해영,의학채널 비온뒤,274483,6888,2023-09-06T13:57:23Z,3044,4.598540145985401,General,Description
byN7XXMMBaY,고혈압,[PEOPLE in 세브란스] 고혈압이 걱정된다면 필수 시청! 혈압 낮추려면 이 습관을 꼭 고치세요!,세브란스,259227,3871,2021-09-28T08:02:34Z,218,7.987012987012987,General,Description
Xw5Ga0SpdYM,고혈압,"병원도 포기했던 뇌경색, 코골이, 고혈압 이것 먹고 MRI 깨끗해졌다",HBS약초방송,513054,6746,2025-08-19T07:00:29Z,43,17.54385964912281,General,Description
Gj7FpFaB3bE,고혈압,고혈압의 진짜 원인 분석 - 고혈압에 안 걸리려면?,닥터쓰리 - 한미일의사의 쉬운 의학,252534,12721,2020-03-18T21:02:35Z,847,19.02748414376321,Medical Pro,Description
93BUnm48W4w,고혈압,부작용 거의 없으니까 걱정 그만! 고혈압약을 둘러싼 소문(?)과 의심 완벽 해결! | [닥터트루스] 슬기로운 심장생활 47,삼성서울병원,251810,5581,2022-01-07T08:00:12Z,878,15.49421661409043,Medical Pro,Description
z4F6x-k1gw0,고혈압,고혈압 필수 시청!8분으로 혈압 바로 낮춰주는 운동!,건강의학전문채널 하이닥,249730,3169,2021-08-25T06:00:27Z,502,3.363228699551569,General,Description
hPfrDupxTTM,고혈압,[Full] 귀하신 몸 - 13화 14일 만에 혈압 10mmHg 낮추는 법,EBSDocumentary (EBS 다큐),245139,2530,2023-08-11T17:00:23Z,2774,9.036144578313252,General,Description
G4TUcgVkIfk,고혈압,천일염은 정말 몸에 좋을까? l 소금과 고혈압 3부 l 음모론편 l 소금과 수명 l 정제염/천일염/죽염/암염 l 닥터딩요,닥터딩요,232868,7212,2022-09-22T10:45:00Z,3328,6.244424620874219,Medical Pro,Description
_uGyIM_uimQ,고혈압,고혈압 낮추는 운동들을 비교한 연구.. 의외의 결과!,닥터조의 건강이야기,221592,5422,2023-10-27T20:42:49Z,672,9.043927648578812,Medical Pro,Description
_VwKVMUtxo8,고혈압,고혈압약 I 혈압약 종류 확실하게 알기,약사설명 약짱TV,216294,3767,2019-03-07T15:22:30Z,900,36.45200486026732,Medical Pro,Description
w7bkxOY3iOM,고혈압,"고혈압, 고지혈증 약 없이 극복해요",진약사톡,215859,5942,2024-06-15T09:00:48Z,1387,8.771929824561404,Medical Pro,Description
6Ouv74BGa84,고혈압,고혈압 이시라면 이 생선 드시면 위험합니다 #고혈압 #고혈압관리,건강박프로,717365,6778,2025-09-17T08:05:26Z,15,6.772009029345372,General,Description
89bXxgPHGXI,고혈압,'혈압 150 이상일 때 고혈압' 기준 낮춘 美…우리는? / SBS,SBS 뉴스,200182,791,2017-01-17T12:58:22Z,172,1.8493150684931503,General,Description
tJHPFJStCzU,고혈압,"[코엔자임큐텐 1편] 고지혈증, 당뇨, 고혈압, 임신준비 코큐텐 드세요!!",리틀약사,196005,5710,2020-04-30T00:30:02Z,318,9.606147934678194,Medical Pro,Description
awl7x29_gJg,고혈압,고혈압 치료의 진짜 목적은? 혈압 1mmHg 차이는 큰가요? | 서울대병원 김용진 교수,서울대병원tv,195480,2850,2022-02-24T07:00:01Z,1955,12.903225806451612,Medical Pro,Description
EtnlB8i2VnQ,고혈압,"매일 한 알만 먹으면 고혈압, 고지혈증 얼씬도 못합니다. (최고의 항산화 영양제)",약사가 들려주는 약 이야기,194274,5290,2025-12-18T10:45:01Z,524,9.378663540445489,Medical Pro,Description
TZX_pqcWXv8,고혈압,"전 세계 사망 질환 1위 심장질환을 일으키는 고혈압｜비만, 음주, 스트레스, 유전 등 다양한 원인｜고혈압 전문 편욱범 교수의 고혈압에 대한 모든 궁금증 QnA｜명의｜#EBS건강",EBS 건강,193887,2359,2024-08-11T05:00:12Z,1848,16.27906976744186,General,Description
7-obw_zzfcE,고혈압,"혈압 140, 정말 고혈압일까? 의대 교수가 '진짜' 고혈압 기준과 약의 진실을 말해드립니다.",배석철의 비타민B3 LAB,191244,4363,2025-10-28T08:11:51Z,1227,7.739938080495356,General,Description
jphhF0JG9pk,고혈압,[질병학개론] EP4. 고혈압｜질투의 (고)혈압👿,질병관리청 아프지마TV,198272,998,2025-05-30T05:59:28Z,111,21.45922746781116,Medical Pro,Description
OCUQpeR_dxQ,고혈압,"🟣이 습관으로 고혈압, 당뇨 없앨 수 있습니다 - 이승훈 교수 '20분 트렌드과외'",MKTV 김미경TV,182778,2520,2024-09-30T10:30:14Z,1479,1.818181818181818,Medical Pro,Description
sDvfKFLdJ_o,고혈압,고혈압과 변비를 동시에 - 저염식 하시는 분들 필수 영상,닥터조의 건강이야기,180711,5040,2023-11-07T01:30:28Z,1119,7.6502732240437155,Medical Pro,Description
D2pt6PeB2K0,고혈압,"당뇨, 고혈압, 치매의 진짜 원인이 궁금하십니까? [콜레스테롤 대 사기극 2부]",닥터쓰리 - 한미일의사의 쉬운 의학,168486,8843,2021-04-07T07:00:03Z,870,2.570694087403599,Medical Pro,Description
-smDvfL_RFI,고혈압,"치명적인 합병증이 발생할 수 있는 고혈압, 이를 낮추는 방법은? ...내과 박병조 원장",건강의학전문채널 하이닥,167943,2268,2021-06-14T22:00:00Z,329,6.613756613756614,General,Description
AMWGYmK784I,고혈압,고혈압 있어도 오래 잘 사는 특급 비법 [유병장수],분당서울대학교병원,157258,2638,2024-11-21T07:15:00Z,1046,7.792207792207792,Medical Pro,Description
_MCqxr4bYt0,고혈압,손목 안쪽 이곳만 눌러줘도 혈압 관리에 도움되는 이유,인생숏츠,585001,5246,2025-10-29T15:45:07Z,12,8.620689655172415,General,Description
F8GWUfDePCI,고혈압,"치매, 고혈압, 심장병, 건강상태가 걱정되면 매일 하루 1번 드세요! 기억력, 혈액순환이 좋아집니다[리틀약사]",리틀약사,136890,2690,2023-05-09T10:00:17Z,348,11.363636363636363,Medical Pro,Description
AU2tMM2Pdco,고혈압,"고혈압, 저혈압 고민이라면 해결법 알려주는 함익병 #건강 #건강정보 #건강관리",지식붐,252110,3186,2025-10-27T15:40:00Z,78,8.032128514056225,General,Description
j1Nc6P12Vlo,고혈압,"318. 고혈압, 두통, 불면에 좋은 풍지혈.3분만 풀어주세요ㅣft 부부한의사",부부한의사,133081,3660,2023-10-01T10:17:00Z,59,15.384615384615383,Medical Pro,Description
qY5JGTDSguY,고혈압,혈압약 오래 먹으면 몸이 망가지나요?,대항병원,156965,1325,2024-02-15T01:00:01Z,51,49.00181488203267,Medical Pro,Description
wwRFXQe4R6A,고혈압,[고혈압은 병이 아니다] 고혈압이 병이라는 것은 새빨간 거짓말 책읽어주는여자 오디오북 podcasts,책읽기좋은날,106571,3611,2022-10-07T12:45:03Z,2322,11.194029850746269,General,Description
cxAFynMfKEA,고혈압,(ENG)고혈압에 좋은 식단 DASH 식단! 혈압조절부터 다이어트까지 한 번에!,내과전문의 닥터케이 Dr.K,100202,2395,2021-05-04T08:50:19Z,851,3.584229390681004,Medical Pro,Description
Ca3qWFFGwAY,고혈압,진단과 동시에 시한부 선고받던 불치병.. 폐동맥 고혈압도 치료의 희망은 있다! | KBS 240214 방송,KBS 생로병사의 비밀,97487,875,2024-02-28T12:00:16Z,1979,14.45945945945946,General,Description
QQ7jxYp5z0o,고혈압,고혈압,서울아산병원,96309,1076,2020-09-17T01:15:20Z,1107,62.5,Medical Pro,Description
ymWyGhq6DH0,고혈압,고혈압 환자에게 혈압 수치보다 더 중요한 것 [ENG SUB],황성수힐링스쿨,92619,2188,2023-02-24T02:45:37Z,211,6.622516556291391,General,Description
67GRY2Pwcio,고혈압,🩺 고혈압 약 복용하시는 분 필수 시청! ※고혈압 약 복용 시 주의사항※ 순환기내과 박진선 교수 [아주대병원TV],아주대병원TV,113093,1022,2023-02-24T08:00:02Z,56,7.408123791102515,Medical Pro,Description
OnIzvmQtXZE,고혈압,[분당차여성병원ㆍ분당차병원] 고혈압 낮추는 방법? 고혈압 관리법 알려드립니다!,분당차병원_CHA Bundang Medical Center,90262,1044,2023-05-27T09:30:01Z,582,42.66666666666666,Medical Pro,Description
ekE3Csj9Ptw,고혈압,"[EBS 명의 스페셜] 전격해부, 고혈압",EBS,85129,862,2020-08-07T10:45:01Z,572,4.385964912280702,General,Description
nuALhLc6Sug,고혈압,최근 밝혀진 충격적인 고혈압의 오해와 진실 l 이승훈 교수,김현욱의 지식의길,82188,1840,2025-11-07T06:00:47Z,1231,9.15929203539823,General,Description
-UmpRqIb-ng,고혈압,가볍게 여기고 방치하면 사망 유발 합병증으로 이집니다! 고혈압 환자 40%가 모르는 합병증의 충격적 진실! I KBS 20181205 방송,KBS 생로병사의 비밀,80268,1039,2025-10-22T15:30:00Z,2521,5.660980810234541,General,Description
DWTKFGzpGQM,고혈압,고혈압 초기증상?? 혈압 낮추는 가장 쉬운 방법 알려드려요. #고혈압예방 #고혈압 #건강정보,모두라이프,107756,1086,2024-01-11T11:34:10Z,59,30.303030303030305,General,Description
2ghnT5cyBkQ,고혈압,고혈압 진단기준과 음모론 1부 l 제약회사가 일부러 고혈압 기준을 낮춘다? l 닥터딩요,닥터딩요,71848,1677,2018-06-05T03:03:56Z,949,8.547008547008547,Medical Pro,Description
-gDEVT-cpKM,고혈압,이뇨제가 고혈압약💊이라고요?,고대병원,173242,1661,2025-10-18T05:30:01Z,52,40.81632653061224,Medical Pro,Description
EwGV43DEqT4,고혈압,고혈압약 부작용은 무엇일까?,내과전문의 닥터케이 Dr.K,69487,1355,2022-09-30T09:00:16Z,661,39.47368421052632,Medical Pro,Description
ccQTgl3Q0xc,고혈압,고혈압에도 증상이 있나요?,건강의학전문채널 하이닥,68440,700,2020-07-14T05:06:01Z,216,20.10460251046025,General,Description
yukn1cxrkOc,고혈압,"20대에 고혈압을 진단받고, 약을 복용하기 시작한 심장내과 전문의가 혈압을 관리하고, 자기 몸의 '혈압 패턴'을 찾는 노력  l KBS 20231025 방송",KBS 생로병사의 비밀,65702,591,2023-11-02T11:30:11Z,489,10.584415584415584,General,Description
1R7WElc6C8E,고혈압,고혈압 걱정 끝! 혈압 낮추는 음식 5가지,건강보감TV,88525,2752,2025-02-06T07:00:02Z,48,6.134969325153374,Medical Pro,Description
-EK-51SItd0,고혈압,[아!이유] 고혈압약 먹는다면 주의해야 하는 영양제? / 가정의학과 서희선 교수,길병원TV,56568,428,2021-08-05T03:00:00Z,84,24.30555555555556,Medical Pro,Description
ap5lWkaU8ng,고혈압,"[Full] 고혈압, 고지혈, 고혈당, 이 중 하나라도 있으면 돌연사 당합니다!ㅣ귀하신 몸ㅣ90화 시작은 3高, 끝은 돌연사 - 혈관 노화",EBSDocumentary (EBS 다큐),54007,745,2025-02-14T17:00:03Z,2763,8.823529411764707,General,Description
Q9fYgCfV7Ng,고혈압,고기 많이 먹으면 암에 걸리나? [3부 질문과 답변] 고혈압은 약 없이도 치료 가능하나?,닥터쓰리 - 한미일의사의 쉬운 의학,53156,4373,2024-10-25T09:12:08Z,406,3.1821797931583133,Medical Pro,Description
oKCSaGQTASM,고혈압,고혈압이 있다면 이것 끊으면 해결! 혈압약을 끊는 방법! #shorts,나음힐링센터 방태환원장,69118,935,2023-09-09T09:19:52Z,59,3.8684719535783367,General,Description
Ijbbj4nGcbo,고혈압,고혈압 전조증상과 혈압을 낮추는 방법 2가지  | 순환기내과 의사에게 묻다,서울대병원tv,53208,567,2023-11-07T09:35:24Z,375,29.069767441860463,Medical Pro,Description
jxFTV9frUuY,고혈압,"고혈압, 약 없이 혈압 낮추는 법 | 김병재 박사의 천연 레시피",제철건강,47907,1527,2025-04-07T12:15:05Z,1325,9.1643059490085,General,Description
4_eRqbw3IG0,고혈압,고혈압 기준은 왜 140/90mmHg 인가요? #shorts,삼성서울병원,59375,427,2023-09-27T08:00:03Z,47,33.333333333333336,Medical Pro,Description
uPETHTb69E8,고혈압,고혈압 환자를 위한 생활습관ㅣ건강플러스,서울아산병원,45849,339,2018-01-22T01:30:02Z,178,16.933207902163687,Medical Pro,Description
oYTMqupQ1rw,고혈압,11 고혈압약(혈압약) 종류 특징 부작용 정리 (feat. 유튜뷰에서 가장 쉽지만 정확하게 알려드립니다),철수와건강,44343,1156,2021-01-31T11:00:14Z,615,13.108614232209735,General,Description
z5qctIiMZdI,고혈압,고혈압 어디까지 낮춰야 할까? 약을 줄이는 방법 3가지 | 서울대병원 이해영 교수,서울대병원tv,41410,464,2022-12-23T07:00:16Z,426,36.93570451436389,Medical Pro,Description
R6jp4McBeW8,고혈압,"[PEOPLE in 세브란스]  '한통속' 고혈압, 고지혈증, 당뇨 한 번에 잡는 법",세브란스,40671,657,2023-05-17T09:00:12Z,294,17.699115044247787,General,Description
brt8-lxEF5Y,고혈압,고혈압 주요 증상 #shorts,길병원TV,52709,525,2023-07-27T05:00:16Z,55,26.352288488210817,Medical Pro,Description
ZniortANfXA,고혈압,[Dr.log] 고혈압 집에서 관리하는 방법❗️ㅣ좋은 음식 vs 나쁜 음식🥬🍪 [고혈압 1편],고대병원,38261,507,2022-09-06T00:51:21Z,362,7.092198581560283,Medical Pro,Description
phoC0YnwrOI,고혈압,고혈압 약 없이 혈당 낮추는 법! 이렇게만 하면 고혈압 금방 좋아집니다.,여섯시의 진료실,54092,366,2024-03-27T10:01:42Z,60,12.57861635220126,General,Description
v7_m3jNZ-4E,고혈압,고혈압이라면 꼭 봐야할 혈압약의 작용과 부작용 [약의 작용 vs 부작용],분당서울대학교병원,33345,692,2025-03-06T07:15:04Z,1398,38.86010362694301,Medical Pro,Description
-_4ilvEgVR4,고혈압,767. 고혈압에 좋은 운동!!! 앉아서 바로 하세요~,부부한의사,67978,1197,2025-07-05T11:00:01Z,42,30.927835051546392,Medical Pro,Description
VH32gFAvdv8,고혈압,이렇게 없애는 겁니다ㅣ고혈압 심장 혈관 동맥경화,우리 모두 튼튼,29030,1329,2025-07-09T20:00:20Z,1151,4.73186119873817,General,Description
pa8ZBwujSWY,고혈압,이렇게 운동했더니 고혈압 약 끊었습니다 - 이지스튜디오 이상열 원장,랜선진료소,41900,388,2024-04-17T00:50:55Z,52,25.64102564102564,General,Description
vns3dAxJftc,고혈압,미녹시딜 탈모약 원래 고혈압약이라던데... #shorts,여에스더의 에스더TV,30107,481,2023-06-07T10:00:47Z,60,38.96103896103896,Medical Pro,Description
JmHsB71KGXw,고혈압,한 번 심각해지면 되돌리기 어려운 고혈압과 당뇨! 둘 중 하나라도 있다면 필수시청! 고혈압 환자에게 당뇨가 생기는 이유│고혈압과 당뇨│명의│#EBS건강,EBS 건강,27648,402,2024-05-18T07:00:15Z,982,2.9411764705882355,General,Description
7csFOQOzVf4,고혈압,고혈압 있으면 물부터 마셔라! (살맛나십쇼) @좋은아침 5119회 20170711,SBS Entertainment,26453,253,2017-07-11T08:40:45Z,189,5.2631578947368425,General,Description
gPryrX13GUo,고지혈증,콜레스테롤 높을 때 꼭 피해야 하는 음식 6가지는? 고지혈증 식이요법②,이재성 박사의 식탁보감,6108159,132240,2020-02-16T22:00:08Z,436,1.838235294117647,General,Description
zHvIgS0OioU,고지혈증,(ENG/CN)고지혈증 약을 먹지 않고 치료하는 방법!,내과전문의 닥터케이 Dr.K,4988475,98058,2020-08-01T09:00:24Z,844,30.303030303030305,Medical Pro,Description
IjHrWPEiCPc,고지혈증,고지혈증이 있다면 '이런 음식'은 절대 드시지 마세요!!! (이것만 피하면 고지혈증이 금새 좋아집니다),약사가 들려주는 약 이야기,3769300,61616,2021-11-18T10:00:06Z,838,6.012024048096192,Medical Pro,Description
9CwQ9QVMGQQ,고지혈증,매일 이것만 하면 고지혈증 약 없이 사라집니다 건강한 혈관 만드는 가장 간단한 방법,김소형채널H,2792527,37328,2023-05-01T22:00:03Z,665,3.009027081243731,General,Description
VX4QiYqHl-g,고지혈증,영양제 대신 '이걸' 드세요. 잘 챙겨만 먹어도 끈적한 고지혈증 싹 사라지는 최고의 음식 '3가지' (최석재 원장 2부),지식한상 ,2119511,23539,2024-04-08T10:00:19Z,901,1.5303983228511535,General,Description
BhDWCD_41ts,고지혈증,"콜레스테롤, 고지혈증 약 먹지 않고 치료하는 가장 좋은 방법!",건나물TV,1554805,20003,2023-08-03T23:00:06Z,553,19.7869101978691,Medical Pro,Description
0zxxpzB53ms,고지혈증,의사도 고지혈증? 착한 기름으로 고지혈증 막는 의사의 식사법 (KBS 20220119 방송),KBS 생로병사의 비밀,1524941,10905,2022-02-03T09:00:09Z,466,1.968641114982578,General,Description
MK439-xiNTU,고지혈증,ㅇㅇㅇ 증상이 나타나면 고지혈증약 부작용을 의심해보세요 [약사언니 #7],의학채널 비온뒤,1478235,17294,2021-01-24T03:00:10Z,360,14.577572964669738,General,Description
PYOiwPeHH00,고지혈증,매일 먹은 고지혈증약이 나를 병들게 한다. 고지혈증약 스타틴 부작용은 모르면 평생 고생!!,기능의학의사 김원장,1291465,24114,2024-05-29T11:00:19Z,1500,29.81029810298103,Medical Pro,Description
TlIQ5PwfUuQ,고지혈증,고지혈증 혈관건강엔 밥에 이것 무조건 넣으세요,김소형채널H,1289026,27189,2022-11-04T23:00:31Z,599,1.663893510815308,General,Description
4nSnZAAzkZ0,고지혈증,"이걸 꾸준히 드시면, 고지혈증이 약 없이 사라집니다. (콜레스테롤 수치를 낮추는 검증된 영양제)",약사가 들려주는 약 이야기,1243634,17716,2022-11-08T10:00:05Z,1173,6.772009029345372,Medical Pro,Description
_c3E1BhYxuo,고지혈증,LDL 콜레스테롤 낮추는 법 6가지 [숫자로 보는 건강],분당서울대학교병원,942122,11400,2023-04-13T07:15:01Z,644,6.0606060606060606,Medical Pro,Description
V95y4kdnyU4,고지혈증,"'고지혈증' 약 대신에 이걸 드시면 안전하게 낮출수 있습니다 (혈관건강, 고콜레스테롤, 혈액순환, 혈관 염증 개선)",약사가 들려주는 약 이야기,836811,15008,2021-10-26T10:00:12Z,484,12.684989429175475,Medical Pro,Description
wvPdw9GAqBY,고지혈증,[닥튜브] 혈관을 파괴하는 고지혈증 원인 4가지,세브란스,828923,8479,2022-04-06T09:00:36Z,450,31.29890453834116,General,Description
2Vb00G22jbg,고지혈증,고기도 안 먹는데... 콜레스테롤 높은 이유? 고지혈증 치료하는 자연요법!!,진약사톡,833151,18138,2024-09-21T09:00:03Z,1612,5.434782608695652,Medical Pro,Description
AZwbgtTYXeE,고지혈증,LDL 콜레스테롤의 진실 [Teaser],다이어트 과학자 최겸 Gyum Choi,915431,13076,2022-09-02T10:34:30Z,59,2.183406113537118,General,Description
gUPSLpGJDwU,고지혈증,고지혈증 환자가 무조건 끊어야 할 최악의 음식 3가지,잘 사는 노인연구소,790836,27006,2025-04-22T01:00:43Z,2239,1.0619469026548671,General,Description
3SygoiXRr-Y,고지혈증,스타틴(고지혈증약)의 진짜 문제 l 스타틴 복용자의 식이조절 l 닥터딩요,닥터딩요,755527,12690,2022-12-31T11:00:03Z,899,10.0,Medical Pro,Description
wbwpHF-idzk,고지혈증,"매일 마시는 ""이 커피""가 고지혈증의 원인입니다 이 커피를 조심하세요",약사가 들려주는 약 이야기,1740847,22946,2024-04-01T08:51:13Z,60,1.890359168241966,Medical Pro,Description
MUReCyOqKAY,고지혈증,"콜레스테롤 수치보다 더 중요한 것(고지혈증의 대가, 서울아산병원 심장내과 한기훈 교수 & 홍혜걸 박사) [인사이트 인터뷰 짤방]",의학채널 비온뒤,733047,12096,2021-09-16T21:00:08Z,967,2.861736334405144,General,Description
L6EGu09nCUQ,고지혈증,[바른 리플레이🔁] 고지혈증 식이요법부터 약 안 먹고 치료하는 법 총정리!,바른건강,714503,9487,2023-01-21T03:00:18Z,3109,23.411371237458194,General,Description
MWs95k66OuY,고지혈증,실생활에서 고지혈증 약 줄이는 방법!  [이지향 약사의 무엇이든 물어보약 6회],한국시니어TV,600975,11914,2023-07-30T10:00:24Z,2574,18.083182640144667,Medical Pro,Description
OVK9dl_xFzM,고지혈증,고지혈증 꼭 약으로만 해결이 가능 할까요? 아침 공복 '이것' 한스푼이면 해결 됩니다 #고지혈증 #이상지질혈증 #원인,몸신한의사 한진우,567454,15457,2024-12-18T23:00:24Z,641,2.889546351084813,Medical Pro,Description
25pr6KA2Ts0,고지혈증,2분만 투자해도 콜레스테롤 낮춰 고지혈증을 완치해 주는 운동이 있다?,바른건강,519174,5793,2022-03-21T08:12:43Z,629,6.872852233676976,General,Description
oMZJHV4GSU8,고지혈증,콜레스테롤이 높은데 고지혈증약 먹는게 부담스럽다면 딱 1달만 이렇게 하세요. 약없이 콜레스테롤 낮추는 방법. 거저먹기,기능의학의사 김원장,470693,14042,2024-12-25T11:00:59Z,1432,21.96382428940569,Medical Pro,Description
aEGKgjn5dTE,고지혈증,"[Full] 귀하신 몸 - 12화 침묵의 살인자, 고지혈증",EBSDocumentary (EBS 다큐),470084,5396,2023-08-04T17:00:00Z,2843,5.305039787798409,General,Description
gN7A2viiF3A,고지혈증,고지혈증에 좋은 음식과 콜레스테롤 수치 낮추는 방법,여섯시의 진료실,510474,7472,2023-08-30T09:00:27Z,57,8.849557522123893,General,Description
2S5vHRU6qUA,고지혈증,고지혈증약 스타틴의 비밀 병원에서 절대 알려주지 않는다! LDL콜레스테롤 수치가 높다고 무작정 고지혈증약 스타틴을 먹기 전에 필수시청!,기능의학의사 김원장,403957,9927,2025-01-28T11:00:07Z,1945,28.24858757062147,Medical Pro,Description
ieNuyH2IiZA,고지혈증,"고지혈증이 무서운 이유!! | 명의가 알려주는 원인과 치료 방법, 약 복용 | 건강검진 | 콜레스테롤",EBS 컬렉션 - 사이언스,391055,3383,2022-11-27T11:21:26Z,672,13.605442176870747,General,Description
fb0FXusPcMY,고지혈증,고지혈증약의 치명적 부작용 비밀!! 의사들은 절대 알려주지 않습니다.,기능의학의사 김원장,374270,6563,2025-12-03T12:31:05Z,1792,30.0187617260788,Medical Pro,Description
YT94UCmlais,고지혈증,고지혈증은 무엇일까? l 어떤 수치를 보아야 할까? l 고지혈증은 왜 나쁠까? l 닥터딩요,닥터딩요,370162,12185,2019-11-25T12:56:26Z,2088,22.727272727272727,Medical Pro,Description
kMbgWk3h0C4,고지혈증,"언제 터질지 모르는 시한폭탄 고지혈증, 미리 예방할 수 있습니다.│좋은 기름과 나쁜 기름 구별법│맞춤형 식단과 쉬운 운동으로 고지혈증 예방하자!│귀하신몸│#골라듄다큐",EBSDocumentary (EBS 다큐),369559,3438,2023-08-21T07:00:30Z,2504,2.8735632183908044,General,Description
AS5BQ7chWYA,고지혈증,마른 체질인데 고지혈증? 채식해도 콜레스테롤 지수가 높은 이유!,바른건강,368442,2062,2022-08-19T06:45:51Z,471,3.1746031746031744,General,Description
OGRftKY_M6w,고지혈증,당신의 고지혈증 검사 결과 해석하는 방법!,서울대학교병원 강남센터,368292,5156,2021-03-02T10:23:22Z,784,3.66742596810934,Medical Pro,Description
zL5XLxdXFjY,고지혈증,고지혈증을 약 대신 영양제로 극복하는 법 (나쁜 콜레스테롤 낮추는 혈관 영양제),약사가 들려주는 약 이야기,333475,6096,2025-08-26T09:45:05Z,512,7.760532150776053,Medical Pro,Description
TPL4krxpStU,고지혈증,고지혈증 스타틴 처방 받기 전에 이것부터 꼭 확인하세요. 35년 차 의사인 제가 콜레스테롤 약 안 먹는 이유.,교육하는 의사! 이동환TV,327835,8114,2025-02-14T11:00:41Z,755,2.717041800643087,Medical Pro,Description
wPW6dRs5cGM,고지혈증,의사인 내가 고지혈증 약 스타틴 끊은 이유 l 고지혈증약 스타틴 부작용,안과 박원장,556309,9275,2025-04-20T10:37:49Z,91,26.54867256637168,General,Description
78XnQOgZTAU,고지혈증,스타틴과 고지혈증,정희원의 저속노화,294368,8409,2025-03-15T08:00:07Z,1003,2.785515320334262,General,Description
-5K8wVVZcQE,고지혈증,고지혈증 있어도 오래 잘 살 수 있는 특급 비법 [유병장수],분당서울대학교병원,275921,4864,2025-05-22T08:18:04Z,2384,8.419083255378858,Medical Pro,Description
yDzxRqz57IQ,고지혈증,고지혈증 환자면서 의사인 제가 파○바게트 건강빵을 먹어 봤습니다 (광고X) l 모든 비건 호밀빵 비교 l 닥터딩요,닥터딩요,259295,4266,2025-05-09T11:01:42Z,1199,16.272189349112427,Medical Pro,Description
lhZzarMGsbA,고지혈증,"""의사들 밥줄 끊길 각오로 말합니다"" 고지혈증 약 없이 혈관 기름 쫙~ 빼는 방법 (김병재 박사 2부)",건강한입,249524,7976,2025-07-31T09:30:31Z,940,11.02102102102102,General,Description
xrDDNvVSovY,고지혈증,"463. 고지혈증, 무조건 이렇게 해야  I  ft 부부한의사",부부한의사,254792,5337,2024-04-08T10:00:49Z,58,11.976047904191615,Medical Pro,Description
RTSy4o_dEH8,고지혈증,"'무' 잘만 먹어도 폐암, 고지혈증에 도움! 건강 음식 정보, 건강 레시피",건강생활,244783,5696,2024-11-23T08:15:00Z,2371,6.195786864931846,General,Description
_Ur_rrFRQFQ,고지혈증,의사들 밥줄 끊길 각오로 말합니다 고지혈증 약 없이 혈관 기름 싹 빼는 방법 (서울대병원 이승훈 교수) 인생조언 삶의지혜 건강 오디오북,건강주의보,241063,10526,2025-08-04T23:15:04Z,2551,19.565217391304348,General,Description
i9ulQwz9UXo,고지혈증,"""이러다간 정말 큰일"" 건강한 식단을 유지하는데도 고지혈증 진단받아 도움 요청한 출연자에 우창윤 전문의의 일침｜귀하신몸｜#EBS건강",EBS 건강,230667,1859,2025-06-15T06:00:40Z,1436,7.317073170731708,General,Description
dyqRzMhgUFs,고지혈증,"당뇨병, 고지혈증 약없이 혈당스파이크 낮추는법! 당화혈색소낮추는방법 #당뇨합병증 #심뇌혈관질환예방 #혈당스파이크방지 #혈당스파이크음식",루이빈치과 류지헌,264499,10073,2024-07-06T02:30:13Z,53,6.451612903225806,General,Description
vy61oQbZ5S0,고지혈증,"약없이 콜레스테롤 관리하는 방법! 동맥경화, 고지혈증, 경동맥 협착증  있는 분 필독하세요 고지혈증약부작용 #동맥경화예방",루이빈치과 류지헌,258075,11499,2024-06-23T02:30:33Z,60,10.869565217391305,General,Description
YNtw4PCMAnI,고지혈증,LDL-콜레스테롤을 500에서 70으로 낮추는 방법ㅣ윤석민 인터뷰ㅣ가족성 고콜레스테롤혈증ㅣ닥터딩요,닥터딩요,221795,3184,2025-11-20T10:01:03Z,1514,17.28395061728395,Medical Pro,Description
U_SvQ755GBQ,고지혈증,"고혈압, 고지혈증, 고혈당?! 갱년기 이후 체질 변화",병원접수,206218,908,2025-06-10T03:00:36Z,448,21.50537634408602,Medical Pro,Description
ivhSxSWtq1M,고지혈증,커피가 콜레스테롤을 높여 고지혈증을 일으킨다? 이런 커피는 조심해야 합니다.,약사가 들려주는 약 이야기,433569,2770,2025-12-20T05:00:56Z,81,32.25806451612903,Medical Pro,Description
FW978HDMrSA,고지혈증,고지혈증약 꼭 먹어야 할까? 이럴 땐 안 먹어도 됩니다!,이음여성한의원 김우성 원장,167859,3279,2023-03-31T04:00:06Z,407,3.0395136778115504,General,Description
jtKMouVJQFQ,고지혈증,고지혈증 귀족만 걸리는 병? 풍족하게 먹고 마신 식습관 혈관에 흔적 남긴다! | 명의 | #EBS건강,EBS 건강,163960,1827,2023-12-05T08:00:30Z,867,6.369426751592357,General,Description
6yCB3DQfwRA,고지혈증,'이런 커피'가 혈당을 높이고 고지혈증의 원인이 됩니다 그런데 혈당 및 콜레스테롤 걱정 없이 건강하게 마실수 있는 커피가 있습니다,약사가 들려주는 약 이야기,159517,3188,2024-01-16T10:00:04Z,645,4.767580452920143,Medical Pro,Description
xS_uVOyYJOo,고지혈증,09. 고지혈증의 음모-고지혈증 필수 영양제 추천해드림💊,행복한의사 김정훈의 건강이야기,158043,3060,2021-09-17T08:52:31Z,646,6.302521008403361,Medical Pro,Description
PA70-NQ-c1s,고지혈증,"위험한 혈액 속 기름기, 고지혈증ㅣ건강플러스",서울아산병원,154517,1694,2020-11-30T01:43:41Z,204,15.053763440860216,Medical Pro,Description
5WTgrq0_HfA,고지혈증,고지혈증 약 먹기 전 6가지 체크리스트,더나은길외과,149734,1914,2025-09-24T09:00:09Z,508,16.867469879518072,General,Description
f6ySurY0xTs,고지혈증,고지혈증약 부작용이 나타난다면? (고대안암병원 순환기내과 홍순준),의학채널 비온뒤,165811,2856,2023-10-30T14:30:19Z,59,9.607843137254903,General,Description
BVpHhfU_2AY,고지혈증,고지혈증에좋은음식 중성지방 LDL 콜레스테롤 낮추는 방법 음식 식단,박지영박사의 건강돋보기TV,141881,4342,2025-01-24T09:30:08Z,597,3.058103975535168,Medical Pro,Description
m7XuqUyAAzg,고지혈증,"고지혈증약 부작용 뚝! 좋은 콜레스테롤 수치 높이는 2가지 비법. 콜레스테롤약 부작용, 근육통 수면장애 없이 치매예방하고, 뇌가 탱탱! 고지혈증약 끊기 #콜레스테롤낮추는영양제",루이빈치과 류지헌,133940,5611,2024-11-29T06:47:19Z,60,10.989010989010987,General,Description
9vgEXajBl84,고지혈증,돈쓰고 치매 걸리는 뻘짓1위! 고지혈증 약 먹고 '콜레스테롤' 수치 무조건 낮추면 생기는 섬뜩한 일 5가지 #치매예방 #인지장애 #콜레스테롤산화예방 #만성근육통 #답즙 #면역력,루이빈치과 류지헌,130042,6980,2024-08-21T02:30:06Z,57,4.926108374384237,General,Description
tKfjF03q3kM,고지혈증,LDL콜레스테롤 높다고 고지혈증약 바로 먹으면 인생망합니다.  #고지혈증약부작용 #고지혈증원인,기능의학의사 김원장,145914,3268,2025-02-19T10:51:19Z,70,36.69724770642202,Medical Pro,Description
kUP1Hn4AMG8,고지혈증,"""고지혈증약 못끊어"" 그러면 꼭 보세요. 치매 근육통 당뇨 간기능저하 부작용 불안불안할때 필독 #콜레스테롤수치에속지마라 #콜레스테롤높은이유 #콜레스테롤간 #스타틴당뇨 #콜레스테롤약",루이빈치과 류지헌,126105,5107,2024-09-21T02:30:31Z,56,6.815968841285297,General,Description
zEvynD1nnf8,고지혈증,"콜레스테롤 수치 250, 스타틴 먹어야 할까? '이 노하우' 하나면 고지혈약 없이 동맥경화 심근경색 협심증 걱정 싹! 혈관건강 달인됩니다 #콜레스테롤진실 #비타민c효능 #비타민씨",루이빈치과 류지헌,167873,3474,2025-01-09T01:30:38Z,48,11.293634496919918,General,Description
9ao7PjL6Yc4,고지혈증,(ENG)고지혈증약 부작용으로 당뇨가 생길 수 있다? 스타틴과 당뇨의 연관성!,내과전문의 닥터케이 Dr.K,109593,3234,2021-08-13T08:50:48Z,810,20.785219399538107,Medical Pro,Description
oI48WJfq2TM,고지혈증,고지혈증 약 먹는 기준 | 증상 없지만 고지혈증약 먹어야 하는 사람은? (명지병원 내분비내과 이재혁 교수),의학채널 비온뒤,99246,1086,2022-03-07T06:00:22Z,294,7.241379310344829,General,Description
thkV1nw6Xp4,고지혈증,스타틴 고지혈증약 부작용 4가지! 치매 간독성 근육통증 당뇨병 꼭 알고 드세요 스타틴 끊으면???,루이빈치과 류지헌,119274,3354,2024-04-03T02:30:24Z,59,10.011123470522802,General,Description
X0gn7vBPGr0,고지혈증,고지혈증 환자가 빵을 먹으면서 콜레스테롤을 도리어 낮추는 방법! l 고LDL-콜레스테롤혈증 환자에게 최고의 빵 l 닥터딩요,닥터딩요,97764,2440,2025-04-04T11:00:43Z,1729,18.45637583892617,Medical Pro,Description
lq4V_GL_K2I,고지혈증,고지혈증이었던 의사가 완치 하면서 추천한 한방 디톡스 차!,바른건강,97159,1278,2022-02-15T01:47:11Z,469,13.745704467353953,General,Description
fXgUhigGdlY,고지혈증,"약사가 알려주는 당뇨, 고혈압, 고지혈증 영양제. 가장 괜찮은 것은 '이것'입니다.(항산화, 인슐린저항성 개선, 공복혈당, 혈액순환, 혈관보호)",리틀약사,96352,1411,2023-10-26T10:00:40Z,375,9.975062344139651,Medical Pro,Description
exnHPYK4q1k,고지혈증,[자막뉴스] 주사 한 번에 사라지는 콜레스테롤...고지혈증 치료 '대혁명', YTN,95271,516,2023-11-25T07:38:45Z,137,13.440860215053764,General,Description
m8tpcFmDEH8,고지혈증,"콜레스테롤 높으면 먹는 고지혈증약 부작용 6가지😩대한민국 1인당 콜레스테롤약 복용량, 세계 평균보다 15.7배 많다!!(고정댓글 확인) #고지혈증약당뇨 #고지혈증약끊기 #혈관청소",루이빈치과 류지헌,101693,3464,2024-10-19T08:00:35Z,45,12.18369259606373,General,Description
8w4Ld19D1F8,고지혈증,"'조용한 살인자' 고지혈증‥""40대도 안심 못 해"" (2025.12.01/뉴스투데이/MBC)",MBCNEWS,83288,867,2025-11-30T22:56:06Z,146,10.869565217391305,General,Description
-bpMGpPUNYI,고지혈증,"2편 스타틴? 의사인 저도 안 먹습니다. 고지혈증 약 드시는 분들! 필수시청 l 스타틴과 녹내장, 고지혈증약, 식이요법 l 내가 의대에서 가르친 거짓말들",안과 박원장,83424,2614,2025-05-13T14:56:37Z,2443,15.08120649651972,General,Description
RC-E-bEC2hc,고지혈증,가짜 고지혈증에 속지마세요. 약부터 먹지 말고 진짜 고지혈증인지 먼저 구분해야!!,기능의학의사 김원장,77719,2212,2025-07-09T11:30:24Z,796,24.502297090352226,Medical Pro,Description
KZ0Nzn5gsA0,고지혈증,콜레스테롤 기준 초과하면 고지혈증? 수치로 알려드립니다!,건강의학전문채널 하이닥,133775,1261,2024-10-29T06:00:08Z,53,2.73224043715847,General,Description
y_DeAsY7CR0,고지혈증,콜레스테롤 낮추는 영양제(2) 고지혈증이 있다면? 혈관을 위한 영양제 끝판왕!,리틀약사,71968,1608,2021-02-16T11:00:20Z,862,7.042253521126761,Medical Pro,Description
kj_Apar04wQ,고지혈증,고지혈증 약에는 어떤 것이 있을까?,고대병원,112223,1432,2025-02-10T05:29:51Z,45,50.0,Medical Pro,Description
bj2r29gmdok,고지혈증,"가장 핫한 자연요법 모음. 당뇨, 고지혈증, 혈관을 씻자 [몰아보기]",진약사톡,66338,2264,2025-07-17T09:15:04Z,6494,7.6923076923076925,Medical Pro,Description
cs_S92tcoVw,고지혈증,고지혈증 약 먹지말고 혈관 디톡스하세요,몸짱 약사 민재원,79817,1424,2024-09-03T08:00:20Z,58,21.27659574468085,Medical Pro,Description
ixdpd5nrLJE,고지혈증,고지혈증 약없이 사라지게하는 음식 3가지 #건강 #건강정보 #건강식단 #건강한중년 #노년건강 #쇼츠 #건강꿀팁,당신을살릴식사,190059,2801,2025-07-24T08:00:47Z,23,10.703363914373089,General,Description
dYSR7gi5IKM,고지혈증,뇌혈관 질환 전문의가 '신이 내린 약'이라 부르는 이것💊 #콜레스테롤,더건강,116918,629,2024-04-05T01:36:07Z,26,20.40816326530612,General,Description
gWsCBu4_EOc,고지혈증,내과 전문의가 알려주는 고지혈증 식단관리! 고지혈증 환자도 육식이 괜찮다? MBN 210827 방송,바른건강,58218,510,2021-10-26T06:00:07Z,316,3.1645569620253164,General,Description
SMGl7Hdw134,고지혈증,혈관 막는 고지혈증 확 낮추는 5가지 방법,일상,235583,403,2025-08-03T09:00:21Z,6,5.452562704471101,General,Description
Cqf3253zVZE,고지혈증,7월 건강강좌: 증상이 없다고 방치하면 큰일 나는 고지혈증 바로 알기,서울대학교병원 강남센터,50635,1083,2023-07-21T00:00:11Z,1119,18.169014084507044,Medical Pro,Description
zlWiBJVKWIc,고지혈증,7일간 대추로 고지혈증 관리! 효과 있을까?,바른건강,50481,705,2024-04-09T03:00:35Z,758,7.194244604316546,General,Description
5smApTucU3Y,고지혈증,콜레스테롤 고지혈증 있으면 약 먹기 전에 이것부터 드세요!,김소형채널H,47641,1602,2025-09-03T23:30:04Z,556,1.9474196689386565,General,Description
3yP4KrV4DLU,고지혈증,올리브유_ 몸에 좋은 줄 알았죠_ 심장마비·고지혈증·췌장염… 올리브유가 불러온 충격 실화,행복백세지혜TV,46071,2428,2025-12-13T11:00:06Z,2074,5.235602094240837,Medical Pro,Description
s2DfAqmpjwg,고지혈증,고지혈증 약물로 치료해야 하나요?,서울아산병원,58289,1006,2024-06-20T07:00:34Z,60,50.0,Medical Pro,Description
hg9X4_vZf0s,고지혈증,"당뇨, 고혈압, 고지혈증, 심장병, 면역력... 모두에 필요한 알약 하나!",진약사톡,44583,1523,2025-01-24T09:00:54Z,1101,5.05050505050505,Medical Pro,Description
rtLumrUCemc,고지혈증,고지혈증 약 부작용 걱정되시나요? (권기익내과 권지은),의학채널 비온뒤,43376,896,2022-10-06T10:48:15Z,1390,15.641025641025642,General,Description
XQ82PEs3kdw,고지혈증,"이거 실화? 스타틴(고지혈증약) 8년 복용한 엄마, 혈액검사 결과에 충격받아 약 끊었습니다 #스타틴치매 #스타틴부작용 #고지혈증약끊기 #고지혈증약부작용 #콜레스테롤약부작용",루이빈치과 류지헌,45005,1926,2024-09-08T02:30:30Z,55,9.365244536940686,General,Description
uOcTA8zR9_U,고지혈증,"고지혈증 약 오래 먹으면 간, 심장이 나빠질까? [무엇이든 물어보세요] 20190531",KBS 교양,41807,286,2019-05-31T07:31:59Z,175,20.83333333333333,General,Description
nOTNXdpeX68,고지혈증,가짜 고지혈증에 속지마세요. #고지혈증 #콜레스테롤 #고지혈증치료,기능의학의사 김원장,96933,847,2025-10-19T08:01:01Z,29,28.30188679245283,Medical Pro,Description
vSRrDRJ4y14,고지혈증,모르면 평생 후회 고지혈증 약없이 치료하는 2가지 방법. 효과 없을 때 확인해야 할 것들,기능의학의사 김원장,38372,1222,2025-11-26T11:02:01Z,1488,36.39514731369151,Medical Pro,Description
Q6_PPNSBycw,고지혈증,"기름진 음식을 덜 먹으면 고지혈증이 좋아질까? [정진희쇼, 우리 시대 최고의 스페셜리스트를 찾아서] / 분당서울대병원 순환기내과 전기현",의학채널 비온뒤,37625,564,2025-12-11T00:56:24Z,3042,19.402985074626866,General,Description
3tMh6vuiW74,고지혈증,"콜레스테롤 높을 땐 영양제 무조건 이렇게 드세요. 고지혈증에 부작용 없는 영양제 조합 (아이허브, 쿠팡파트너스 광고활동 포함)",영양과학자 양과자,37418,938,2025-01-08T09:16:00Z,843,7.462686567164179,General,Description
YFAigYKrYQ0,고지혈증,"1달만에 고지혈증 탈출하기. 거저먹기, 약없이 고지혈증치료하기 #고지혈증약부작용 #약없이고지혈증치료 #거저먹기",기능의학의사 김원장,43402,1015,2024-12-29T09:00:27Z,46,28.571428571428573,Medical Pro,Description
5bIFMyLucfI,고지혈증,"달걀, 고지혈증에 많이 먹어도 되나요? 콜레스테롤 수치 높으면 계란, 좋은 hdl 콜레스테롤  높이는 특급 혈관청소음식입니다 #고지혈증에좋은음식 #콜레스테롤에좋은음식 #동맥경화음식",루이빈치과 류지헌,38054,2146,2024-12-07T02:00:03Z,53,7.49063670411985,General,Description
XAWWqzPI5B8,고지혈증,고지혈증 걱정이라면 꼭 확인하세요 (콜레스테롤 수치 낮추는 검증된 영양제),약사가 들려주는 약 이야기,94026,1699,2025-11-19T10:00:53Z,82,18.51851851851852,Medical Pro,Description
swCEjohS8pA,고지혈증,고지혈증 약 끊는 유일한 방법 3가지,건강상식119,49228,563,2024-08-27T23:45:01Z,60,25.64102564102564,General,Description
Nr45rKtDs4Y,고지혈증,"고지혈증약 부작용이 걱정되시나요? #shorts l 만병의 근원 고지혈증, 제대로 알고 바로 잡자!",캐내네 메디컬,34135,374,2023-01-10T10:00:10Z,55,7.194244604316546,General,Description
3eIi9wJU_QA,고지혈증,이상지질혈증/고지혈증이란? 이상지질혈증이 무서운 진짜 이유 #명의,EBS,32326,361,2024-07-30T06:00:01Z,314,2.347417840375587,General,Description
ikj6ylHS1k0,고지혈증,의사도 챙겨먹는 고지혈증에 좋은 음식 8가지 #면역  #건강 #음식 #고지혈증,조여사건강이야기,54160,1226,2025-03-27T07:45:02Z,30,23.25581395348837,General,Description
ZppVx3hMM1Q,고지혈증,"""고지혈증약 부작용, 사람 잡네"" 콜레스테롤 수치에 깜빡 속아 좋은 LDL까지 싹! 당뇨,간수치 상승,근육통,심지어 치매 전조증상까지 골병 듭니다.",루이빈치과 류지헌,51629,1677,2025-06-27T02:44:21Z,141,10.21209740769835,General,Description
Y5HGOkwhdfI,고지혈증,콜레스테롤이 높은데 고지혈증약 먹는게 부담스럽다면 딱 1달만 이렇게 하세요. 약없이 콜레스테롤 낮추는 방법,이수정의 건강한 장수비결,29976,1597,2025-12-12T04:15:03Z,1305,15.367156208277702,General,Description
8dOqhywo2W0,고지혈증,중성지방 500 넘으면 생명 위험! (90%는 모르는 증상)#중성지방 #고지혈증 #건강검진 #침묵의살인자,백세88건강시대,44111,793,2025-06-16T10:00:12Z,57,12.552301255230123,General,Description
mgLcQX5QH48,고지혈증,"당뇨, 혈압, 고지혈증 환자에게 해줘야 하는 조언",닥터조의 건강이야기,55872,1751,2025-06-22T22:00:52Z,57,37.03703703703704,Medical Pro,Description
y6GrhgSHBtc,고지혈증,윤혜진 고지혈증이라 약 먹는다면서? (사실 OO 먹습니다),윤혜진의 What see TV,31392,381,2025-02-14T09:01:18Z,88,28.571428571428573,Medical Pro,Description
fclaFwjjQgs,고지혈증,"혈관을 막는 ‼️고지혈증‼️ 약은 어떠한 것이 있고, 어떤 부작용이 있을까요?| 심장스쿨2024",서울아산병원,26091,420,2024-07-19T02:42:08Z,1471,16.194331983805668,Medical Pro,Description
gy-WzcFBuFw,고지혈증,고지혈증약 먹으면 간 안 좋아지나요,간보는 의사언니 유정주,25406,693,2023-11-06T09:00:25Z,852,50.35971223021583,Medical Pro,Description
cbfcltKlpnU,고지혈증,고지혈증 남편 살린 야채 스무디 ㅣ간과 신장에 안 좋다던데요?ㅣ1년 동안 그린 스무디 먹으면 생기는 일,하루식,25506,306,2025-09-09T16:08:14Z,273,2.915451895043732,General,Description
L_xQI1hFP0g,고지혈증,"""당뇨, 고혈압, 고지혈증"" 이런 영양제를 꼭 드셔야 합니다!(메트포르민, 노바스크, 아스피린, 스타틴)",리틀약사,21389,810,2023-05-25T10:00:17Z,392,22.01834862385321,Medical Pro,Description
LTazdCdzg9c,고지혈증,"김재원TV EP.60 고지혈증의 모든 것 ""증상 없다고 안심하시나요? 당신의 혈관은 터지기 직전입니다",김재원TV,19527,850,2026-01-12T01:23:55Z,1767,11.560693641618498,Medical Pro,Description
DuDtuEzjJ-c,고지혈증,"버터 먹고 콜레스테롤 수치 상승, 고지혈증 약 먹어야 할까? 걱정 뚝! 지방대사 활성화로 다이어트 효과 쑥쑥! 좋은 LDL 높아야 대사 촉진,회복.달걀 달걀찜과 냠냠~ 뇌가 쌩쌩",루이빈치과 류지헌,30800,849,2025-05-11T01:00:21Z,63,5.802707930367505,General,Description
C_LPAkR3ZQ0,고지혈증,콜레스테롤 ✔ 아주 특별한 기름이죠. 약사가 알려주는 고지혈증 치료 팁 💡,진약사톡,18992,913,2025-10-11T09:00:30Z,1202,14.388489208633093,Medical Pro,Description
UT7M648hTrw,고지혈증,고지혈증이 피해야 할 최악의 음식 ‘5가지’,웃는건강,53423,732,2025-07-14T08:17:58Z,17,2.392344497607656,General,Description
ltubLEL7tM4,고지혈증,"고혈압, 고지혈증, 당뇨, 비만, 염증... 한국인 필수영양제 4가지로 관리해보자. 영양제 고르는 법 반드시 체크!",리틀약사,18531,706,2023-07-06T10:00:42Z,502,7.017543859649122,Medical Pro,Description
dbODJAYTa_A,고지혈증,"""의사생활 30년, 고지혈증약 절대 안먹는 6가지 이유"" 성기능, 간기능 뚝! 콜레스테롤 수치 낮추면 근육통, 당뇨, 몸에 힘없고 불면증 부작용 위험! 혈전, 동맥경화에 좋은 음식",루이빈치과 류지헌,36063,889,2025-11-20T22:00:46Z,71,13.177159590043924,General,Description
opxXqLXbUW0,고지혈증,고지혈증약 부작용10가지 l 부작용완화하는 방법#스타틴부작용#고지혈증,건강빚음,21373,315,2023-08-27T06:55:18Z,60,7.371007371007371,General,Description
mhl7WdIMzTQ,고지혈증,고지혈증! 약물치료 없이 운동과 생활요법으로 극복한다?,길병원TV,17321,205,2022-05-19T05:00:27Z,510,22.727272727272727,Medical Pro,Description
CLVMI-HdQk0,고지혈증,"마른 사람이 고지혈증? 충격적인 이지혜의 콜레스테롤 수치 결과 | 건강함의 시작, 몸의 대화 body talk EP.10",tvN Joy,16874,75,2020-07-13T11:07:03Z,102,8.333333333333334,Medical Pro,Description
64r67ov9DmU,고지혈증,'간 망가진다' '당뇨 걸린다'는 소문… 콜레스테롤약의 충격적 진실 | 고지혈증약 스타틴,대한뇌졸중학회 Korean Stroke Society ,15336,342,2025-01-23T11:30:06Z,586,25.0,General,Description
SZL0VRH2ftM,고지혈증,고혈압·고지혈증 부르는 혈관 막는 최악의 음식! #고지혈증 #고혈압 #건강 #혈관 #음식 #혈관건강,의사친[의사사람친구],40969,233,2025-07-04T03:00:27Z,34,22.22222222222222,Medical Pro,Description
7sPJ02czJaM,고지혈증,고지혈증 싹 사라지게 만드는 500원짜리 최고의 식재료 TOP 4,삶의지혜,35540,1637,2025-12-12T03:00:13Z,44,11.235955056179776,General,Description
Merrk745Vlc,고지혈증,"고지혈증약 복용 중단 시, 콜레스테롤 수치 원상 복귀♨ 친절한 진료실(hello my doctor) 52회 | JTBC 210712 방송",JTBC Life,13520,40,2021-07-12T04:48:25Z,73,40.0,General,Description
q8wdoPnuRvY,고지혈증,"총 콜레스테롤 수치 250, 정말 고지혈증 약 스타틴 먹어야 할까? 막힌 혈관 뻥~ 혈관청소 싹!  혈관을 깨끗하게, 피를 맑게 하는 방법 #스타틴부작용 #혈전증상 #혈전없애는법",루이빈치과 류지헌,14019,639,2025-02-10T04:32:01Z,105,7.205764611689352,General,Description
fX6Gyr5c1xE,고지혈증,처방받은 고지혈증약은 꼭 먹어야 한다? [무엇이든 물어보세요] 20190312,KBS 교양,12612,116,2019-03-12T07:29:37Z,218,23.25581395348837,General,Description
5gJJUetVlNg,고지혈증,"고지혈증의 진짜 원인, 이것 모르면 평생 약 먹습니다 책읽어주는여자 오디오북 책추천 korean audiobook",책읽기좋은날,12366,449,2025-10-01T12:45:00Z,2430,9.535160905840286,General,Description
IJEttWqSpb0,고지혈증,"""콜레스테롤약 함부로 먹지마세요"" 고지혈증 약 부작용, 처방해준 의사는 말 못합니다. 6명의 깜짝고백!! 나는 총콜 수치 낮추는 스타틴 먹다가 병원비 줄줄 새는 종합병원 됐습니다",루이빈치과 류지헌,25442,615,2026-01-02T21:30:10Z,153,16.33986928104575,General,Description
oSImycSE-g8,고지혈증,스타틴 부작용,우리동네신경외과,24856,139,2025-12-04T09:01:30Z,61,28.571428571428573,General,Description
PZ73-pIUaNQ,고지혈증,"""이런 증상 고지혈증 약 부작용입니다"" 치매 전조증상 겪은 스타틴 경험자들의 조언! 혈관기름 낄까 콜레스테롤 수치 낮추면 두통 어지럼증 당뇨 근육통 간수치 쑥! 온몸이 망가집니다",루이빈치과 류지헌,25119,516,2025-12-23T22:00:33Z,83,13.745704467353953,General,Description
RDQj9ZNeTGA,고지혈증,고지혈증약(스타틴) 장기 복용 시 치명적인 부작용 5가지,건강상식119,15530,136,2024-10-22T04:00:17Z,58,26.634382566585955,General,Description
LoLFdybdgz0,고지혈증,"고혈압, 당뇨병, 고지혈증 있다면 꼭 보세요",분당서울대학교병원,22084,162,2025-05-27T07:15:00Z,30,3.095975232198142,Medical Pro,Description
wuz-NvzKP2U,고지혈증,고지혈증 약 - 스타틴 vs. 오메가3 vs. 에제티미브,두근두근홍닥터,7745,202,2023-12-15T23:00:29Z,507,28.571428571428573,Medical Pro,Description
bb3lQSp_Pc0,고지혈증,'스타틴💊'은 부작용이 많다?🤔 [궁금한 이야기N] 고지혈증 약을 복용하면 근육통이 생기나요?,국립중앙의료원,7617,74,2024-06-27T06:58:46Z,349,9.193857965451055,General,Description
1_sfFVmedhU,고지혈증,"고지혈증 약, 저도 먹어야 하나요? #shorts",그레이트온 greEAT_on,8576,90,2022-12-26T07:00:00Z,60,18.072289156626507,General,Description
c8xbcW_Su6Q,고지혈증,"""고지혈증약 스타틴, 만성 간 질환 진행 억제"" / YTN 사이언스",YTN 사이언스 투데이,7164,32,2023-05-09T08:23:13Z,47,10.471204188481677,General,Description
KIKoAkwMxhQ,고지혈증,"""콜레스테롤 정상수치는 있다? 없다?"" 총콜 250인데 고지혈증 약 처방하는 나라, 대한민국이 유일.스타틴 좋아하면 치매, 당뇨, 근육통, 몸에 힘이 쭉! 빠지는 부작용 지옥됩니다",루이빈치과 류지헌,13058,712,2026-01-12T01:30:32Z,90,11.131725417439704,General,Description
FtQqkdJczEU,고지혈증,고지혈증약의 숨겨진 위험! 병원과 의사들이 말하지 않는 사실,건강 비결,7223,283,2026-01-05T12:26:48Z,1322,29.85074626865672,General,Description
00daV1n78DE,고지혈증,고지혈증 환자라면 당장 끊으세요! 내 혈관을 막는 최악의 음식 3가지. #시니어건강 #건강한중년 #건강정보 #고지혈증 #콜레스테롤낮추는법,시니어 건강채널,11509,0,2025-12-17T06:59:55Z,106,3.436426116838488,General,Description
pPLEK5shS-E,통풍,"왕들의 병! 병들의 왕, 통풍! 절대 완치 불가 통풍을 잘 데리고 사는 관리법은? [서재걸의 면역내과 EP.6]",사피엔스 스튜디오,5372690,47273,2022-07-18T09:00:22Z,875,10.582010582010582,General,Description
riZmav9JuS8,통풍,"[본방 종합] 통풍을 부르는 식습관🍺 젊은 통풍 환자 급증하는 이유는? 요산 수치 올리는 액상과당 | 젊은 그대, 통풍을 조심하라 | KBS 241106",KBS 생로병사의 비밀,3320283,15709,2024-11-20T13:01:06Z,2386,5.600706713780919,General,Description
1Zs9AcVYL0k,통풍,”뼈가 완전히 녹았어요” 통풍의 심각성을 깨닫지 못하고 두 아들을 키우느라 계속 치료를 미룬 엄마의 충격적인 결과┃EBS 가족건강 프로젝트┃알고e즘,EBSCulture (EBS 교양),1967413,9559,2023-06-17T10:00:02Z,1941,3.067484662576687,General,Description
trVdrdeMmvE,통풍,[본방 클립] 통풍 환자들의 말 못할 고통😢 과도한 단백질 섭취와 요산 농도의 상관 관계📈 단백질의 함정 | KBS 240724,KBS 생로병사의 비밀,1626997,6926,2024-08-06T12:01:00Z,736,2.7605321507760534,General,Description
ygpc6e0e0Co,통풍,2030 환자 급증! 통풍 발생 원인,고대병원,1395917,22145,2024-02-21T04:25:31Z,40,40.0,Medical Pro,Description
rJF462wYZZE,통풍,"‘중년의 병’ 이란 것도 옛말, 바람만 불어도 엄청난 고통의 통풍｜어쩌다 2030 환자가 10년만에 44%나 증가했을까?｜귀하신 몸｜#골라듄다큐",EBSDocumentary (EBS 다큐),1237469,5996,2024-12-19T10:45:03Z,1364,25.089605734767023,General,Description
8pgAvTTJazM,통풍,통풍이 사라진다. 매일 먹으면 통풍을 없애는 음식. 통풍에 좋은 음식  [정라레],정세연의 라이프연구소,1068781,14133,2022-04-17T23:00:06Z,476,2.4719800747198004,General,Description
PRYCeyDBOos,통풍,대부분의 통풍 환자들이 약을 먹는 이유,학튜브,1899899,8059,2026-01-05T09:00:41Z,50,36.36363636363637,General,Description
7ae9ZAY55O0,통풍,극적으로 요산치의 위험을 낮추고 통풍을 예방하는 방법,예방의학 채널 / 내과의 감수,624339,13846,2022-04-17T11:00:07Z,681,19.083969465648856,General,Description
PVnuTdYgBm4,통풍,"""목숨 걸고 치료하셔야 돼요"" 왕처럼 먹다가 질병의 왕 '통풍'에 걸린 두 남자│고양이 걸음 진동에도 오는 통증│한번 걸리면 평생 관리│높은 합병증 위험│귀하신 몸│#EBS건강",EBS 건강,462650,3345,2024-05-29T07:00:17Z,2148,24.75247524752476,General,Description
h4LSpsiljjA,통풍,통풍있는 분들! 마트에 이것 보이면 무조건 사세요! 통풍에 직빵입니다!,건강뉴스,392798,5548,2022-08-28T05:00:23Z,365,16.129032258064516,General,Description
NhsAGszE3hE,통풍,"""당장 끊어야 삽니다"" 의사들도 벌벌떠는 '병들의 왕 통풍'을 부르는 식습관 l 서재걸 원장",김현욱의 지식의길,372127,7717,2025-05-22T06:45:00Z,1108,4.174311926605505,General,Description
h43ORD8NCvw,통풍,생로병사를 찾아온 심각한 환자 ‘통풍 치료 초기에’ (KBS 20211124 방송),KBS 생로병사의 비밀,297186,2356,2021-12-02T09:00:11Z,499,6.396011396011396,General,Description
oLam8uWRw1Y,통풍,우리나라 20대 통풍 걸리게 한 이 음식! 뼈가 녹는 느낌…ㄷㄷ,닥터프렌즈,287461,2821,2024-05-21T12:06:20Z,992,10.306122448979592,Medical Pro,Description
veYe8iArAs0,통풍,"""안 걸려본 사람은 몰라요"" 숨도 못 쉴 정도로 엄청난 고통의 통풍｜기름지고 달달한 음식 먹었을 뿐인데｜살을 자르는 듯한 통풍 치료 과정｜명의｜#EBS건강",EBS 건강,284913,1799,2025-03-04T08:00:53Z,1792,22.998296422487225,General,Description
g3zMz0-2e0U,통풍,매일 마시던 커피 통풍 예방에 도움이 된다? | 통풍 원인 요산 수치 낮추는 방법 | 명의 | #EBS건강,EBS 건강,249069,2019,2023-11-04T09:00:28Z,947,23.73887240356083,General,Description
1Njo2Std36Q,통풍,통풍 안낫는 이유 통풍 재발 이음식들 때문? 통풍을 악화시키는 의외의 음식들,김소형채널H,234378,4903,2022-04-14T22:00:03Z,686,1.0593220338983051,General,Description
5bVcahX9fuM,통풍,"통풍으로 사망하기도 한다? 통풍에 걸리는 사람들의 특징! 통풍 진단, 치료",원광대병원tv,232953,2054,2021-07-05T01:45:23Z,474,19.950124688279303,Medical Pro,Description
0pJW2OEofYA,통풍,통풍환자가 술먹으면 어떻게되나? 직접 알아봅시다,지니어스강_무엇이든 물어보세요,226198,4695,2020-05-13T11:19:44Z,743,10.582010582010582,General,Description
5zSaoeOP4ac,통풍,20대 통풍 환자가 늘어나는 이유는? | 비만과 통풍의 관계 | 통풍 유발하는 음식 | 관절에 무리 주지않는 운동법 | 귀하신몸,EBS 컬렉션 - 사이언스,202610,1379,2024-10-02T11:00:07Z,796,8.547008547008547,General,Description
J-zgCkBB7Rw,통풍,"통풍환자가 먹으면 안 되는 음식, 알려드립니다 - 나는의사다859회",나는의사다,193968,2429,2020-11-23T10:00:03Z,353,7.672634271099744,Medical Pro,Description
ADvog04Ii8g,통풍,통풍 환자가 먹으면 좋은 음식은? #shorts,굿라이프,222483,2680,2023-06-11T14:00:12Z,57,15.037593984962406,General,Description
BS8BTrpS4q4,통풍,"통풍, 가볍게 보면 이렇게 된다! 통풍 1~4단계별 증상과 치료 | 서울대병원 신기철 교수",서울대병원tv,216733,2119,2023-01-13T07:00:03Z,413,32.50270855904659,Medical Pro,Description
ehg8Nrqn1BA,통풍,"통풍 유발 음식, 예방 음식 l 통풍 재발을 막는 궁극의 정답 l 닥터딩요",닥터딩요,160725,4135,2023-05-04T11:00:33Z,1585,21.85792349726776,Medical Pro,Description
XNSoLInRgvE,통풍,통풍이 계속 재발하는 이유 l 통풍의 경과와 약물치료 l 영원히 재발하지 않는 방법 l 닥터딩요,닥터딩요,160284,3030,2023-04-19T11:00:32Z,1456,44.44444444444444,Medical Pro,Description
QwF6Im4GVm0,통풍,[PEOPLE in 세브란스] 통풍에 잘 걸리는 사람은 따로 있다!,세브란스,158693,2505,2020-05-14T08:14:43Z,242,16.73913043478261,General,Description
S4Iao0C8LeU,통풍,공포의 병 통풍 원인은 따로 있습니다 (서울대병원 류마티스내과 이은봉 교수),언더스탠딩 : 세상의 모든 지식,154743,3128,2025-10-10T12:30:41Z,3358,14.380530973451329,General,Description
MT_7k0LNMaE,통풍,"통풍 관리가 잘 되는 사람들이 선택한 의외의 영양제 [통풍에 좋은 영양제, 나쁜 영양제]",리틀약사,152320,2797,2020-10-05T11:00:11Z,750,9.380863039399625,Medical Pro,Description
uCfhWQpdl2Y,통풍,"[Full] 통풍의 통증, 빙산의 일각에 불과하다!ㅣ귀하신 몸ㅣ54화 통풍이 무서운 진짜 이유",EBSDocumentary (EBS 다큐),149052,1336,2024-05-31T17:00:42Z,2867,27.491408934707906,General,Description
4e7BXS1Bwz4,통풍,통풍 환자가 먹으면 안 되는 음식 I #shorts,세브란스,171431,1250,2022-08-05T08:00:01Z,25,17.75147928994083,General,Description
Wcqpr6tnqu0,통풍,"통풍, 방치하면 심장까지 위험해진다?! 통풍을 예방하려면 '이것 3가지'만 기억하세요",현대해상,136233,22,2025-05-30T09:30:15Z,758,16.293279022403258,General,Description
bCXOlvgmBtQ,통풍,발등이 퉁퉁 부어요...봉와직염 VS 통풍 차이는? #SNU서울병원 #서상교,SNU서울병원TV,136267,1589,2021-08-06T01:24:31Z,382,9.693654266958426,Medical Pro,Description
olfjwESyzBw,통풍,"끔찍한 통증, '통풍'에서 자유로워지려면? 최신 통풍치료의 모든 것- 고쳐줘NOW #23 #통풍 #통풍환자 #통풍음식",굿라이프,135546,1646,2023-04-24T22:00:19Z,322,18.766756032171585,General,Description
PnS6cVRODTw,통풍,"[본방 종합] 10년 새 남성 통풍환자 82% 증가! '통증의 왕', 이제 당신의 심혈관까지 위협한다 I KBS 250827 방송",KBS 생로병사의 비밀,137303,1199,2025-09-02T14:54:00Z,2250,16.868787276341948,General,Description
YrIKVjm1eXg,통풍,오징어랑 절대로 같이 먹지 마세요 통풍 걸릴 수 있어요 #건강 #음식,건강백단 - 건강정보,300061,3484,2025-10-11T02:43:21Z,24,3.355704697986577,General,Description
GaGQ0swMfzQ,통풍,통풍의 증상과 원인 | 통풍환자라면 식단조절 이렇게 하세요.,여섯시의 진료실,168338,1006,2023-09-08T09:00:21Z,60,27.027027027027028,General,Description
xXTjib_fj1U,통풍,통풍의 증상,관절류마티스TV,105190,702,2020-03-03T02:29:21Z,242,36.36363636363637,Medical Pro,Description
S5xeeQck3JM,통풍,"통풍 치료법 3가지, 팩트체크🔍| 자이홍의 건강극장 ep.59",서울대병원tv,105284,756,2021-09-28T07:10:08Z,310,12.72264631043257,Medical Pro,Description
UheGECEuv_A,통풍,"비타민B3 부작용 특집! 간이 망가지고 결석이 생기고 통풍이 온다? 배석철 교수님이 직접 답변해드립니다(나이아신, 나이아신아미드, 니코틴산아미드)",리틀약사,104593,3331,2025-08-14T01:00:27Z,649,20.67669172932331,Medical Pro,Description
Tlr9f915VIo,통풍,★유독 내 통풍 시트만 미지근 했던 이유!★ - 가니가니,가니가니 - 차린이 차량설명서,102917,831,2025-05-02T09:00:52Z,248,2.538071065989848,General,Description
yA7lREES018,통풍,[EBS 명의 스페셜] 바람만 스쳐도 아프다 - 통풍,EBS,100362,1112,2020-07-19T10:18:09Z,893,26.17801047120419,General,Description
if5ElDIyn60,통풍,"[본방 클립] 통풍과 식습관의 밀접한 관계! 젊은 통풍+대사증후군 환자를 위한 3주 프로젝트 그 결과는? | 젊은 그대, 통풍을 조심하라 | KBS 241106",KBS 생로병사의 비밀,96393,894,2024-11-11T13:01:01Z,807,4.564293304994687,General,Description
jp88U9i7m8U,통풍,'몸짱' 소리 듣던 건강 체질이었는데... 고기 반찬을 좋아하던 남성에게 '통풍'이 찾아왔다 I KBS 240724 방송,KBS 생로병사의 비밀,96130,972,2025-06-10T11:08:01Z,1241,1.3291139240506329,General,Description
UfQeMnRI1cs,통풍,바람만 스쳐도 아픈 통풍...치료 효과 7배 늘린다 / YTN, YTN,94100,359,2015-05-27T02:06:55Z,91,15.855057351407716,General,Description
ym5o8aUCOqA,통풍,[털보의사] 통풍을 치료하는 완벽한 방법을 공개합니다.,털보의사 김진균의 의학정보 & 건강상식,91704,2016,2024-03-19T12:51:54Z,890,39.91596638655462,Medical Pro,Description
fhmcG9S758g,통풍,“치료 안 하고 버티다 생명까지 위협받았습니다” 통풍 방치가 부른 심장·신장 합병증│명의│#EBS건강,EBS 건강,91909,765,2025-08-12T09:01:11Z,1146,20.93244529019981,General,Description
Qk6CjMnF3S4,통풍,단순한 부종이 아닌 '통풍의 증상'이라면?💥🦶 놓쳐서는 안 될 통풍 증상 3가지! 류마티스내과 서창희 교수[아주대병원TV],아주대병원TV,89826,546,2023-04-20T08:00:11Z,244,11.592442645074224,Medical Pro,Description
0tLgzRfXIU0,통풍,"'고기 먹으면 통풍 생긴다?? 여러분이 들어온 통풍 상식은 99% 틀렸습니다. 20년 경력 미국의사가 밝히는 진실[통풍에 안좋은 음식,초기증상,퓨린,요산]",이상한 다이어트,82007,2980,2024-11-01T22:15:00Z,1574,4.52147701582517,General,Description
Gc0X11JzCYY,통풍,통풍 약 아플 때만 먹어도 되나요? #통풍약 #통풍치료,류마티비 - 아산본 류마티스내과,123144,488,2023-06-20T08:30:16Z,26,50.84745762711864,General,Description
OEI6cG-6Q8o,통풍,"바람만 스쳐도 아프다는 통풍의 원인은 정말로 치맥? | 통풍과 치맥, 관계의 진실 | 명의 | EBS 건강",EBS 건강,76803,880,2023-10-16T09:45:01Z,1314,12.82051282051282,General,Description
Kp_Vvnuqivo,통풍,통풍에 효과 좋은 건강에 좋은 음식 5가지 #shorts,식단플러스,105933,998,2024-07-26T13:07:04Z,33,3.076923076923077,General,Description
8r7V-M72s5I,통풍,통풍치료법 자가치료 | 통풍증상 통증완화 Gout treatment at home Gout remedy self massage acupressure,통증완화 한몸tv ,68903,954,2020-08-16T08:38:00Z,327,10.349926071956627,Medical Pro,Description
dBOJZFt8Dc8,통풍,통풍 치료에도 특효! 뜸이 90프로 이상의 효능? [탐사보도 세븐 49회] 20180822,TVCHOSUN - TV조선,67979,322,2018-08-22T14:00:09Z,127,6.451612903225806,Medical Pro,Description
STYNeBQENL0,통풍,통풍은 어떤 질환인가요?ㅣ건강플러스,서울아산병원,66523,843,2021-09-28T06:19:54Z,328,24.22145328719723,Medical Pro,Description
ajPO2_oDOe0,통풍,통풍 증상 팩트 체크 #shorts,삼성서울병원,80647,497,2023-06-20T08:00:01Z,47,32.25806451612903,Medical Pro,Description
de-uOsvbFRc,통풍,"돌맹이 특집: 담석증, 요로결석, 통풍",닥터조의 건강이야기,61961,1764,2018-06-28T09:22:05Z,1059,3.2679738562091503,Medical Pro,Description
blRHwy1RI98,통풍,통풍의 모든 것,정희원의 저속노화,60719,1465,2025-02-26T08:00:25Z,3791,11.904761904761903,General,Description
sKgVkXmwE8Y,통풍,"의사들도 벌벌 떠는 '병들의 왕 통풍'을 부르는 '이 음식!', ""당장 끊어야 삽니다""  l 서재걸 원장 통합본",김현욱의 지식의길,60914,1960,2025-09-27T05:00:52Z,1931,2.9086115992970125,General,Description
ESMXnxafNb4,통풍,"[통풍발작, 류마티스내과] 통풍에 체외 충격파 받아도 되나요? 통풍 발작이 생겼을 때 어떻게 해야 하나요? l 길동류마티스내과",류마티비 - 아산본 류마티스내과,57835,0,2022-12-27T02:17:12Z,413,21.14803625377644,General,Description
xZovPiOzggY,통풍,통풍 예방! 요산을 낮추는 최강의 음식 6가지 #요산수치 #통풍관리 #통풍에 좋은 음식,건강매력마을,74163,651,2024-09-27T10:33:31Z,38,4.184100418410042,General,Description
gztpQ1cTSLY,통풍,의사도 절대 안 먹는 통풍 유발 음식 4가지 #건강 #건강정보 #건강음식,알유건강 - 건강정보,142080,1969,2025-07-03T11:57:00Z,48,12.422360248447204,General,Description
fu69Sf6-3Nc,통풍,통풍치료는 류마티스내과에서!,관절류마티스TV,75002,368,2023-04-04T08:17:51Z,17,75.0,Medical Pro,Description
Ysj4bT5IYmQ,통풍,평생 관리 필요한 통풍 치료법,고대병원,62608,852,2024-06-24T06:00:15Z,60,43.01075268817204,Medical Pro,Description
gFNClyl8jSg,통풍,통풍이 생기는 궁극적인 이유 l 인간이 통풍을 얻게 된 배경 l 닥터딩요,닥터딩요,44630,1423,2023-04-09T11:00:27Z,1103,13.88888888888889,Medical Pro,Description
T7TK5uKCe0Y,통풍,[EBS 명의] 당신이 알아야 할 진짜 통풍,EBS,44255,543,2020-05-29T10:45:00Z,626,19.28374655647383,General,Description
2aZY04Bo5Qw,통풍,[동공지진👀] 맥주만 마셔도 통풍이!? 통풍에 좋은 음식과 나쁜 음식은?,동국제약,44011,66,2022-03-31T07:25:36Z,273,18.9873417721519,General,Description
aEk9QTbrq5w,통풍,운동과 단백질보충제가 통풍에 미치는 영향,지니어스강_무엇이든 물어보세요,43257,1354,2020-05-19T06:42:23Z,644,5.617977528089888,General,Description
8GnjExQhvU4,통풍,오메가3는 냉장보관이 필수다? 자궁근종과 통풍을 유발한다? 팩트체크 들어갑니다 (오메가3 다빈도 질문),약사가 들려주는 약 이야기,43141,955,2025-06-20T09:45:00Z,537,6.122448979591836,Medical Pro,Description
azsfiAx-vtg,통풍,통풍을 방치하면 벌어지는 끔찍한 사례! #shorts,헬스조선 Health Chosun,57891,338,2023-02-23T08:51:00Z,45,16.666666666666668,General,Description
KIbG4SimUDU,통풍,발에 심한 통증! 통풍 꼭 피해야 되는 음식 3종 세트!,톡투건강TV,41742,614,2022-12-28T08:01:56Z,869,17.482517482517483,Medical Pro,Description
m4AR4QO_KlI,통풍,"통풍/신장환자: 자이로릭 vs 페브릭정 / 페북소스타트 (Allopurinol vs Uloric), 심장병유발??",조동혁의100세 건강시대,40315,642,2022-02-08T05:51:00Z,592,12.5,General,Description
ipCN7dJdwhw,통풍,의사의 오진으로 통풍인줄 모르고 살다가 걷지 못할 정도로 증상이 심해진 출연자│바람만 스쳐도 고통스러운 통풍의 위험성│EBS 가족건강 프로젝트│#EBS건강,EBS 건강,38330,369,2024-12-31T10:00:44Z,2044,4.694835680751174,General,Description
sm_H1qgjUf0,통풍,통풍에도 운동하는법,진지한 윤코치 Yoon coach,42582,285,2022-09-12T14:22:49Z,52,3.058103975535168,General,Description
2qFmtV73l7w,통풍,[통풍 걱정] 요산수치 감소에 도움 - 비타민과 식품,약사설명 약짱TV,37781,809,2020-06-30T12:41:59Z,338,2.386634844868735,Medical Pro,Description
q9iFf25QEBI,통풍,"통풍 있는데 사우나, 찜질해도 될까? 좋을까요 나쁠까요?",지니어스강_무엇이든 물어보세요,36544,802,2020-12-11T09:00:10Z,458,2.915451895043732,General,Description
PSc-QnFjnVY,통풍,통풍에좋은음식 요산수치낮추는음식 신장 콩팥에 좋은음식 4가지,박지영박사의 건강돋보기TV,36686,1069,2025-02-19T09:30:09Z,562,9.74025974025974,Medical Pro,Description
dTj64M5wlMo,통풍,"통풍으로 사망하기도 한다? 통풍에 걸리는 사람들의 특징! 통풍 진단, 치료",원광대병원tv,36611,199,2023-01-06T05:16:54Z,51,24.539877300613497,Medical Pro,Description
wYYXcbfDaFs,통풍,"통풍에 단식이 어떤영향을 줄지, 직접 굶어봤습니다.",지니어스강_무엇이든 물어보세요,33147,763,2020-12-08T09:28:55Z,305,3.367003367003367,General,Description
0lE-UzRWRM8,통풍,[통풍]  있다면 이것을 먹어라! 요산 수치를 떨어트릴 영양제 조합,뉴리TV Nuri TV,32541,475,2022-09-10T23:00:00Z,684,4.428697962798937,Medical Pro,Description
gvurlu9Q1f4,통풍,통풍약이 간에 얼마나 영향을 줄까? 간독성을 알아보자,지니어스강_무엇이든 물어보세요,32161,620,2020-06-30T10:05:49Z,477,9.852216748768472,General,Description
GHHi8vWVyP8,통풍,"발가락, 발 통증 무시하면 안되는 이유! 통풍 증상과 재발없이 치료하는 법",국민주치의 내과의사들 [대한내과학회 공식],31671,520,2023-11-28T10:51:58Z,634,7.874015748031496,Medical Pro,Description
lJp6snfNllY,통풍,통풍이 뭐길래? 요산은 나쁜걸까?  [이지향 약사의 무엇이든 물어보약 11회],한국시니어TV,30933,958,2023-09-03T10:00:27Z,2601,2.816901408450704,Medical Pro,Description
Jp4dar65jQc,통풍,뼈를 녹이는 질환 '통풍'이 진짜 무서운 이유는? | 통풍 4기로 고통받는 30대 | 통풍의 원인과 치료법 | 통풍 부르는 식습관,EBS 컬렉션 - 사이언스,29742,255,2024-09-27T11:30:19Z,870,12.793176972281447,General,Description
-dD_0PPrRWE,통풍,통풍의 원인과 치료,건국대학교병원,26957,90,2022-07-18T08:37:46Z,259,20.304568527918786,Medical Pro,Description
fnCpz-7iaEM,통풍,통풍 관리의 중요사항,건국대학교병원,25706,23,2022-07-19T04:00:17Z,256,25.252525252525253,Medical Pro,Description
DX5fB1F9WCo,통풍,통풍약 무서운 부작용 알고계십니까? 증상 없어도 치료하시는게 좋습니다. | 이동형의콩G팥G [범일연세내과],이동형의 콩G팥G [콩지팥지],25551,329,2022-08-29T23:00:05Z,549,11.816838995568686,General,Description
bBk9wQCYEfA,통풍,통풍환자 술은 한잔도 마시면 안될까요?- 창원류마티스내과 연세류마내과 (구)연세편한마디내과,류마티스질환 궁금증해결,25006,273,2020-11-28T05:39:17Z,476,5.494505494505495,General,Description
xvcGdjZrTLg,통풍,바람만 스쳐도 아픈 '통풍'...불치병 아니라 '조절 가능' / YTN, YTN,24689,81,2019-12-13T15:47:12Z,140,7.969283276450511,General,Description
MwhUjjt0ug8,통풍,통풍! 이건 진짜 안 좋으니깐 피해주세요! #shorts,류마티비 - 아산본 류마티스내과,29211,0,2023-02-23T10:28:56Z,36,19.32367149758454,General,Description
LusBMIGP7-8,통풍,통풍! 예방과 치료 #shorts,길병원TV,25946,231,2023-04-06T05:00:09Z,57,20.5761316872428,Medical Pro,Description
5tkL3lDu-5k,통풍,"[류마티스내과] 통풍 치료, 알고 보면 정말 어렵지 않습니다!",류마티비 - 아산본 류마티스내과,23276,0,2022-11-09T02:16:55Z,247,26.229508196721312,General,Description
We-8MkxomWU,통풍,"절단하고 싶은 고통에도 통풍을 방치했더니... 콩팥에 번져 만성신부전, 심혈관에 쌓여 심근경색이 왔다 I KBS 250827 방송",KBS 생로병사의 비밀,21400,218,2025-08-29T14:46:26Z,737,8.824884792626728,General,Description
NwGxpyX4alQ,통풍,신경외과 전문의 송쌤의 통풍 자가 진단 썰 | 신경외과 전문채널 NO.1 우리동네 신경외과 #shorts,우리동네신경외과,21330,215,2022-08-25T03:00:06Z,21,5.0,General,Description
G88Pgxp5HX8,통풍,통풍에 좋은 영양제 알려드립니다! [약사용설명서],건강의 벗,20304,184,2023-09-06T08:00:06Z,285,6.0606060606060606,General,Description
HRsuDN8B3Rg,통풍,통풍에 뭘 먹으면 좋을까? 이 약은 먹어도 될까? 개다래차?,지니어스강_무엇이든 물어보세요,20173,638,2021-03-29T09:24:26Z,547,5.617977528089888,General,Description
PLuezkn7ktQ,통풍,[통풍 EP.7] 통풍일 때 먹는 약 #통풍 #먹는약 #주사,털보의사 김진균의 의학정보 & 건강상식,19960,325,2022-06-30T04:56:24Z,230,50.98039215686274,Medical Pro,Description
tZPL7oy9J0k,통풍,통풍 약을 끊으면 안 된다고..?😢 통풍의 오해와 진실 (feat. 송정수 교수님),SK케미칼 [SK Chemicals],19140,253,2023-10-06T08:00:32Z,581,31.46853146853147,General,Description
UDSzUyKITO0,통풍,매일 먹기만 해도 통풍에 좋은 음식 5가지 #shorts,식단플러스,27405,215,2024-08-05T13:00:35Z,33,9.375,General,Description
fnMBlAx3IPI,통풍,"""당장 끊어야 합니다"" 의사들도 두려워 하는 '병들의 왕 통풍'의 주요 원인 식습관",인생지혜,17313,752,2025-08-04T07:25:52Z,1944,13.333333333333334,General,Description
sm-eVWToIi8,통풍,"요산 수치 5.8? 통풍약,, 먹어야 하나요?😮",친절한 의사,17076,111,2022-11-24T06:00:15Z,151,15.748031496062993,Medical Pro,Description
lbLe2zXGFSY,통풍,[미국의사] 통풍이 뭔가요? 어떻게 치료하나요? #통풍,HiDrLee,17909,184,2023-10-31T10:39:29Z,43,9.433962264150944,Medical Pro,Description
eWsJcF4Ij20,통풍,"계란, 하루6알 먹으면 통풍 걸릴까? 안심하세요. 눈물나게 아픈 초기증상,무릎 발바닥 발가락 통증 관절염에 요산 수치 뚝! 퓨린 성분 없어 통풍에 좋은 음식입니다#요산수치내리는법",루이빈치과 류지헌,26834,954,2025-07-04T03:02:28Z,49,7.415254237288136,General,Description
Terf3kGDtPk,통풍,칼바람 스치는 요즘 주의깊게 살펴볼 것! '통풍' 알고보니 사망 질환의 예고편?!  [서재걸의 면역내과],히포크라테스 스튜디오,15232,356,2022-12-16T09:00:17Z,885,9.433962264150944,General,Description
Nk2zt5Xw9aA,통풍,다리 자르고싶을 만큼 아프다..! ★통풍 발작★ 가정 응급처치법! | 행복한 아침 895 회,play 채널A,14936,27,2022-08-02T05:27:30Z,196,10.638297872340424,General,Description
iK198aBX4WA,통풍,통풍에 맥주 안 좋다는데 다른 술은 괜찮다?,친절한 의사,16943,87,2023-05-25T04:52:33Z,53,17.857142857142858,Medical Pro,Description
RHUnoQGFe18,통풍,통풍에 좋은 음식 TOP7  #통풍 #요산수치줄이는법 #퓨린,백세시대,21780,296,2025-05-23T15:20:02Z,71,16.077170418006432,General,Description
JC88uQ5SNtQ,통풍,"극심한 통증을 막아라, 통풍의 치료법",건강의학전문채널 하이닥,14261,135,2020-06-18T06:38:00Z,290,12.937219730941704,General,Description
xgw7WH0S__M,통풍,살이 찔수록 통풍에 위험한 이유는?!,고대병원,31126,379,2025-09-13T05:30:28Z,39,17.857142857142858,Medical Pro,Description
PiT9Xv8kAYE,통풍,의외로 살을 빼는 경우에도 통풍에 걸린다 #통풍 #운동 #급성통풍 #요산농도 #퓨린  #젖산 #수분 #금주,굿닥터인부산,19472,102,2024-10-28T08:42:29Z,59,1.6279069767441854,Medical Pro,Description
1xEBqPONQpA,통풍,통풍 환자는 무알콜 맥주도 마시면 안 될까? #SHORTS,알려주고 싶은 약 이야기,16666,104,2023-03-29T08:00:02Z,36,18.181818181818183,General,Description
XsXAu5eiu_k,통풍,[건강인사이드] 딱히 안 아픈데…통풍 약 계속 먹어야 할까? 궁금했던 통풍 약물치료 팩트체크 해드립니다✔ | 통풍 2편 (류마티스내과 이슬기 교수),삼성서울병원,12043,160,2023-06-23T08:00:13Z,489,33.04597701149425,Medical Pro,Description
iXZ5iGT0ERY,통풍,통풍에 좋은음식 베스트5 #통풍예방,헬스픽숏츠,21557,0,2025-01-03T00:00:34Z,36,38.46153846153846,General,Description
EpzJIs-Xvao,통풍,10년간 통풍 방치한 발의 충격적 변화… 관절이 이렇게까지 변한다고?│명의│#EBS건강,EBS 건강,11646,171,2025-08-11T09:00:21Z,1532,18.548387096774192,General,Description
M2YLPaejYaY,통풍,요산 낮추는 천연 처방전 통풍 완화와 예방에 좋은 음식 5가지#건강 #건강정보 #건강관리,몸쓸건강,20023,368,2025-07-27T11:28:05Z,77,16.0427807486631,General,Description
3OUOm7GgCYc,통풍,[명의 의학백과📖] 통풍의 약물치료,고대병원,10805,76,2023-09-01T01:21:17Z,97,16.203703703703702,Medical Pro,Description
2gH5ggfJGO8,통풍,통풍 당일 검사 결과 치료까지 가능한 병원 #발통증 #통풍,류마티비 - 아산본 류마티스내과,15731,69,2023-06-09T08:20:00Z,20,30.303030303030305,General,Description
tOc6G92-Lek,통풍,한 번만 먹어도 통풍에 걸릴 수 있는 음식은?,나음힐링센터 방태환원장,24485,446,2025-07-03T11:02:09Z,38,2.5839793281653747,General,Description
3YBiq-eXZr0,통풍,움직이지 않고 운동을 한다?! 통풍에 좋은 운동법! [건강 나눔 프로젝트 청.바.지] 12회 20170922,TVCHOSUN - TV조선,9695,53,2017-09-22T06:21:55Z,70,6.849315068493151,Medical Pro,Description
1JYbNqUVsuk,통풍,통풍은 무슨약으로 치료할까? #gout,HiDrLee,11647,105,2024-04-28T00:23:25Z,42,27.51196172248804,Medical Pro,Description
rB2liAjI4IU,통풍,통풍 환자가 꼭 먹어야 할 기적의 음식 4가지… 요산 수치 뚝!,백세시대 건강습관,20003,322,2025-07-19T02:30:42Z,50,12.096774193548388,General,Description
AH4J93VgTQo,통풍,통풍으로 뼈가 녹았을 때 어떤 수술을 할까? #통풍 #올바른서울병원 #shorts,올바른TV,13942,64,2025-02-17T09:30:08Z,74,17.24137931034483,Medical Pro,Description
x9dq1xa1djk,통풍,통풍을 악화시키는 최악의 음식들 | 대부분 모르는 통풍의 근본적인 치료법,암 찾는 의사 이원경,8957,449,2025-11-07T11:31:54Z,580,11.049723756906078,Medical Pro,Description
LTehPhaiKCs,통풍,"[류마티스내과] 통풍 병원, 어디로 내원해야 정확한 치료를 받을까요? l 길동류마티스내과",류마티비 - 아산본 류마티스내과,8586,0,2023-02-03T07:24:42Z,268,18.46965699208443,General,Description
lAxYr4wsfrY,통풍,통풍 - 심천사혈요법 창시자 박남희선생님의 라이브특강,simcheon,8533,0,2021-08-05T23:12:53Z,2569,5.524861878453039,General,Description
Zi_DtsuZXhQ,통풍,"통풍에 좋은 비타민, 안좋은 비타민 영양제",지니어스강_무엇이든 물어보세요,8095,166,2024-02-14T22:00:12Z,1560,11.494252873563218,General,Description
1alujT9uNqA,통풍,의사가 말하는 통풍이 진짜 무서운 이유? 합병증 | 너무 아파서 60대에 눈물 흘린 사연 | 통풍 원인과 증상 | 통풍 환자가 피해야 할 음식 | 귀하신몸,EBS 컬렉션 - 사이언스,7937,122,2024-11-03T11:00:02Z,702,9.45179584120983,General,Description
ijnBJv5cIyU,통풍,ENG l 요산 수치가 높다고 바로 통풍 치료를 하지 않는 이유 #고요산혈증,류마티비 - 아산본 류마티스내과,7881,65,2025-01-08T10:17:35Z,266,18.01801801801802,General,Description
4_QXxkHjf_o,통풍,통풍이 있을 때 맥주만 아니면 괜찮다? / 류마퍼스트내과 송란,의학채널 비온뒤,24151,106,2025-11-21T22:00:12Z,55,19.138755980861244,General,Description
vZWOaok4AeU,통풍,"통풍에서 가장 흔한 엄지발가락 통증, 이유는?",한양대학교병원,18733,69,2025-10-09T09:01:25Z,26,4.728132387706856,Medical Pro,Description
e-9t0kW8KAE,통풍,통풍 발생 이유와 주요 증상!,서울대병원tv,7658,86,2023-01-14T10:00:30Z,56,63.49206349206349,Medical Pro,Description
-Vq49xJWGCQ,통풍,통풍의 진단과 치료방법,건강의학전문채널 하이닥,7414,63,2020-11-17T08:30:01Z,319,15.242914979757083,General,Description
_EJruW1FnYw,통풍,통풍에 좋은 음식과 나쁜 음식! 통풍 환자는 어떤 식단으로 먹어야 할까?,여섯시의 진료실,6908,50,2022-02-25T09:00:13Z,142,12.468827930174564,General,Description
cz0EqK_kzNU,통풍,"비타민B3 나이아신아마이드가 당뇨, 통풍 있는 분들에게 결석 제거 및 요산 배출에 도움이 되는 이유",배석철의 비타민B3 LAB,7026,313,2025-04-08T07:38:36Z,254,8.547008547008547,General,Description
SfvZRjNZVfM,통풍,이것을 먹으면 통풍은 싹 사라집니다 #통풍 #통풍치료 #통풍음식,코리안갓닥터,8250,121,2024-02-22T11:00:31Z,55,6.494252873563218,Medical Pro,Description
aOWS0Z25lH8,통풍,통풍 검사 초음파로 하셨나요? 정확한 진단을 위한 초음파 검사,류마티비 - 아산본 류마티스내과,8614,0,2023-03-17T02:02:08Z,32,23.92344497607656,General,Description
saY3ZrM11jk,통풍,"생로병사의 비밀, 털보의사 김진균 병원장 출연 #통풍 #통풍약 #통풍관리 #통풍치료 #심혈관질환 #합병증",털보의사 김진균의 의학정보 & 건강상식,15182,97,2025-08-28T08:05:48Z,40,11.578947368421051,Medical Pro,Description
xdKoWhZRat8,통풍,"통풍초기증상! 혼술, 다이어트가 발통풍 원인?!",브레인튜브 Brain Doctor,6160,70,2024-02-20T09:23:47Z,292,16.216216216216218,General,Description
xq_9mzTW0c8,통풍,맥주보다 안 좋은 통풍 부르는 습관?| 정세연의 라이프연구소,정세연의 라이프연구소,12770,222,2025-11-01T10:01:30Z,110,1.4285714285714288,General,Description
PBbwmGp4z4s,통풍,통풍 잡는 열매! ‘개다래 충영’  [내 몸 사용설명서] 110회 20160708,TVCHOSUN - TV조선,6007,38,2016-07-08T14:00:01Z,110,9.66183574879227,Medical Pro,Description
z_v3BdByDp0,통풍,[명의 의학백과📖]  통풍의 진행 단계,고대병원,6012,67,2023-08-31T02:41:24Z,74,4.640371229698376,Medical Pro,Description
mn5smu6TC88,통풍,술을 많이 마시면 급성 통풍이?,EBS 건강,6466,55,2024-03-25T23:00:32Z,54,14.705882352941176,General,Description
ne5akYBkQh0,지방간,이것을 매일 먹으면 지방간이 싹 사라진다. 간에 낀 끈적한 지방간 제거 방법 [한의학박사 김순렬],김순렬TV,3230027,49323,2021-09-15T22:00:17Z,603,12.084592145015106,Medical Pro,Description
Q560aY7XpLc,지방간,술도 안 하는데 나도 모르게 간을 망가뜨리고 있었던 식습관│음식만 바꿨을 뿐인데 3주 만에 달라진 간 상태│간경변과 간암│귀하신 몸│#EBS건강,EBS 건강,2571647,20738,2024-11-27T05:00:15Z,2950,13.174404015056462,General,Description
H4efHrUl_zA,지방간,지방간 치료 가능합니다. 치료 해야만 합니다,닥터조의 건강이야기,1842408,25505,2022-08-30T19:48:00Z,1027,4.366812227074236,Medical Pro,Description
F9weoNc400M,지방간,"""딱 3주만 참았을 뿐인데"" 주위 사람들도 깜짝 놀랄 정도로 확 좋아진 건강｜균형 잡힌 식단과 꾸준한 운동의 중요성｜지방간 없애는 법｜명의｜#EBS건강",EBS 건강,553264,4085,2025-02-08T08:00:19Z,2160,4.570383912248629,General,Description
ZQSVeZeBmGw,지방간,당근은 이렇게 드세요! 간에 낀 지방 지방간 말끔해집니다! 지방간에 좋은 음식 #지방간 #지방간제거 #지방간예방 #간질환예방,효초TV,617139,11970,2024-03-23T21:00:26Z,56,10.438413361169102,Medical Pro,Description
mh4afFBcVM4,지방간,지방간 - 이렇게 하면 100% 완치될 수 있습니다 (Feat. 초중증 지방간 완치자 가족 인터뷰) [콜레스테롤 대 사기극 6부],닥터쓰리 - 한미일의사의 쉬운 의학,383196,11506,2021-05-23T04:00:09Z,994,2.1208907741251326,Medical Pro,Description
T_Tzvw7Qj8Y,지방간,"""평소 술 한 모금도 안 마셨는데"" 잘못된 식습관으로 살찐 간이 보낸 위험한 경고｜각종 암 유발하는 지방간｜살만 뺐는데도 확 달라진 내 몸｜명의｜#EBS건강",EBS 건강,340325,3135,2025-02-02T08:00:31Z,2284,2.336448598130841,General,Description
HEZSN4gX044,지방간,[비알코올성 지방간 명의]흔하고 가볍다?… 내 몸 갉아먹는 지방간,헬스조선명의,319389,3269,2022-06-09T04:41:14Z,601,11.82033096926714,General,Description
Tf4aafzKua0,지방간,아침마다 삶은 계란 먹었더니 간수치가 터졌습니다! #삶은계란 #간수치 #콜레스테롤 #중년건강 #건강한중년 #장수의비밀 #건강정보 #50대건강 #건강관리 #건강상식 #60대건강,장수의 비밀,836447,13569,2025-07-07T01:30:22Z,12,1.756756756756757,General,Description
KZ-Xdkvs76A,지방간,지방간을 완치시키는 가장 확실한 방법 [LDL 10편] 우선 이것부터 끊고 이걸 드세요!!,닥터쓰리 - 한미일의사의 쉬운 의학,237403,11709,2023-09-29T10:00:14Z,805,1.0666666666666669,Medical Pro,Description
2DRvec-NDq4,지방간,"[Full] 귀하신 몸 - 30화 좋은 간, 나쁜 간, 이상한 지방간",EBSDocumentary (EBS 다큐),223776,2419,2023-12-15T17:00:02Z,2766,13.029315960912053,General,Description
m-q1zhhHaYk,지방간,"“밥은 거의 안 먹습니다” 소식, 금주해도 지방간이 생긴다? │명의│#EBS건강",EBS 건강,144580,1753,2024-09-23T10:00:46Z,1301,5.188067444876784,General,Description
SQtoznCgOCI,지방간,술을 거의 안 마시는데 왜 '지방간'일까? 🍺 | 비알코올성 지방간 환자가 더 많은 이유 | 지방간 부르는 식습관 | 귀하신 몸,EBS 컬렉션 - 사이언스,114920,836,2024-07-20T11:30:12Z,486,5.128205128205129,General,Description
6w_203tsX7w,지방간,50대 지방간 - 관리 방법이 달라야 한다 !!,99세까지 88하게 - 임영빈 내과,104757,2368,2021-06-12T03:00:01Z,296,1.3291139240506329,General,Description
O2W-Hc15AEA,지방간,​지방간이 싹 사라집니다! 의사도 놀란 간 청소 음식 20가지 🥦 (강력 추천),꿈꾸는 또리,446152,683,2025-12-22T00:41:06Z,6,2.1951219512195124,General,Description
cz_-aEahepI,지방간,"[자막뉴스] ""두 달 안됩니다. 꼭 석 달"" 지방간 줄이는 놀라운 결과 / KBS 2023.11.19.",KBS News,97074,638,2023-11-19T07:00:14Z,118,8.040201005025125,General,Description
jBFGEbFEB4A,지방간,지방간 자가치료 가능합니다.  이렇게 해야 간이 살아납니다.  약 없이 지방간 없애는 가장 확실한 방법.,교육하는 의사! 이동환TV,93608,1518,2024-01-17T11:00:46Z,549,1.3875088715400992,Medical Pro,Description
FaHrDHkwW3o,지방간,"하루 10분, 약간 숨찬 운동…지방간 회복된다 / SBS",SBS 뉴스,81820,518,2016-06-11T12:24:06Z,134,4.23076923076923,General,Description
WhjEHuBfAnA,지방간,"비알코올성 지방간 치료는 어떻게 하나요? (지방간 치료, 생활습관)",분당차병원_CHA Bundang Medical Center,71608,1012,2020-09-29T09:00:10Z,403,22.988505747126435,Medical Pro,Description
_S3MMivzGFg,지방간,현대인을 위협하는 지방간의 습격! 지방간에 대한 오해와 진실 | 박용우 | 건강 | 지방간 | 새해결심 | 다이어트 | 금주,꽁교육+,71252,1078,2025-01-07T10:00:29Z,723,4.08997955010225,General,Description
EsarG2RPXLQ,지방간,'지방간이 무서운 진짜 이유 | 지방간 | 지방간염 | 간경화 | 간암 | 명의 | #EBS건강,EBSDocumentary (EBS 다큐),67040,609,2024-06-22T01:00:07Z,314,19.07356948228883,General,Description
_K9QYCuSS1A,지방간,고지혈증 지방간 예방 효과 7배 높여주는 최고의 미나리 요리! 초간단 연근 새우 미나리전 만들기 #건강 #레시피,일등감의 쉬운 레시피,156427,1499,2025-12-04T12:31:34Z,19,1.0893246187363834,General,Description
sKd5W-MvbnE,지방간,술도 안먹는 데 지방간? #조이키토 #소고기칩 #쇼츠 #숏츠 #김미경,조이키토,89191,736,2025-12-10T21:39:26Z,33,1.4903129657228018,General,Description
TzP9nIjqWfM,지방간,"술, 고기 안 먹는데 지방간? 지방간이 오는 의외의 이유들을 알려드립니다",김소형채널H,41146,1677,2020-10-09T22:00:04Z,651,1.0976948408342482,General,Description
_ElE7LW5eHY,지방간,지방간 이 음식은 절대 피하세요!!(feat. 지방간에 나쁜음식),내과식당,40006,790,2022-06-17T11:00:17Z,413,11.194029850746269,General,Description
oESoRXhs-mg,지방간,[풀버전] 현대인을 위협하는 지방간의 습격! 지방간에 대한 오해와 진실 | 박용우 | 건강 | 지방간 | 새해결심 | 다이어트 | 금주,꽁교육+,39402,679,2025-02-26T11:01:11Z,1757,3.663003663003663,General,Description
AtUXTCvPJeE,지방간,간암의 원인! 간염과 간암 #가천대길병원 #길병원 #명의,길병원TV,112454,669,2024-04-29T05:00:07Z,45,24.89626556016597,Medical Pro,Description
xpmqgVOyMv8,지방간,이미 생긴 지방간 확실하게 없애는 방법! #shorts,삼성서울병원,42702,607,2025-02-09T06:00:39Z,80,24.390243902439025,Medical Pro,Description
w_F5xJyKZzo,지방간,치매를 치료하는 기름. 지방간도 치료해요,진약사톡,68521,1509,2025-11-26T09:01:32Z,96,25.0,Medical Pro,Description
OJ94I3GDdUU,지방간,지방간이란?,EBS 건강,42464,498,2024-06-21T23:00:10Z,60,30.53435114503817,General,Description
3PWwDazCh1Y,지방간,술 끊으면 지방간 좋아지나요,간보는 의사언니 유정주,29466,742,2024-12-25T21:00:02Z,250,38.64734299516908,Medical Pro,Description
vwrdEH_rOG8,지방간,"지방간, 간 수치 없애주는 최고의 음식 3가지",건강한편,28103,1699,2024-11-29T22:12:00Z,60,20.83333333333333,General,Description
mIu3yxmjbso,지방간,"[Full] 간에 불이 났다! 지방간 없애는 특급 솔루션! #간경변증ㅣ귀하신 몸ㅣ79화 간이 굳기 전에, 지방간 다이어트",EBSDocumentary (EBS 다큐),26918,399,2024-11-29T17:00:50Z,2714,3.355704697986577,General,Description
B-IYTMDXj7s,지방간,명의가 알려주는 지방간 없애는 법 | 지방간에 좋은 음식 | 비만 | 체중관리 식단 | 지방간과 탄수화물,EBS 컬렉션 - 사이언스,24860,233,2023-11-11T11:30:04Z,388,3.500583430571762,General,Description
xgkTkXWgKWY,지방간,간에 낀 지방을 쫙 빼주는 지방간에 좋은 3가지 음식 간에 좋은 음식 꼭 드세요! #shorts #건강정보 #지방간,몬스테라_건강정보,33124,478,2023-06-24T12:07:44Z,60,4.237288135593221,General,Description
seuh7fqHy5A,지방간,지방간 약으로 치료할 수 있을까? 증상이 나타나면 이미 늦은 침묵의 장기 | 간이 굳기 전에 해야하는 지방간 다이어트  | 귀하신몸,EBS 컬렉션 - 사이언스,23204,251,2025-07-20T11:01:21Z,1167,6.90846286701209,General,Description
RyTl8UFCzBk,지방간,간암.간염.간경화.지방간. 발바닥이 이렇게 변합니다! #간암 #간염 #간경화 #지방간 #50대건강 #60대건강 #중년건강 #건강정보 #건강상식 #건강관리 #건강한중년,장수의 비밀,61352,559,2025-08-04T01:30:31Z,17,4.934210526315789,General,Description
cc6XJHPEkd0,지방간,[전격비교] 🧬 위고비 vs 마운자로 ⚔️ 지방간 에는 어떤 게 더 좋을까?,간보는 의사언니 유정주,14348,393,2025-10-10T10:26:02Z,788,7.755102040816327,Medical Pro,Description
mgDaMoCoKOw,지방간,술🍻도 안 마시는데 지방간이라구요❓😮,고대병원,24293,199,2025-11-20T09:01:27Z,48,27.77777777777778,Medical Pro,Description
rEK9uc6gF_0,지방간,"당근과 이것, 지방간이 녹아납니다 #간건강 #지방간 #당근주스 #시니어건강 #건강정보",시니어정보통 백세인생,25007,635,2025-10-12T13:16:49Z,17,7.285974499089253,General,Description
5cx7dQ-_I1Y,지방간,비알콜성 지방간에 특효인 간 건강에 보약만큼 좋은 음식 3가지! #shorts,몬스테라_건강정보,7191,175,2023-09-03T13:34:42Z,60,4.739336492890995,General,Description
t4vjLV6TDag,지방간,"술 안 먹어도 위험한 비알콜성 지방간, 이렇게 치료합니다! [소화기내과 이문형 교수]",강동경희대학교병원,6877,105,2024-01-26T08:45:01Z,765,12.389380530973453,Medical Pro,Description
2qfOtfDG74Q,지방간,다 같은 지방간이 아닙니다. 이런분들은 꼭 지방간 진료 받으세요,간보는 의사언니 유정주,4995,199,2022-08-01T09:00:02Z,243,49.645390070921984,Medical Pro,Description
alMz1rEX3tQ,지방간,지방간 있으면 꼭 드세요. 간을 회복시켜주는 음식3가지,가치있는 시간 l 가시TV,9012,204,2025-09-08T09:00:04Z,73,5.376344086021505,Medical Pro,Description
Du7PUIBeKu8,지방간,지방간 탈출! 간에 좋은 음식 TOP3 알려드립니다,바로건강,10570,248,2025-05-19T03:05:31Z,49,3.8314176245210727,General,Description
5uBDsvckgHw,지방간,지방간 폭발하는 음식 4가지,건강한한국인 건강정보,12001,78,2026-01-10T11:00:12Z,21,1.5037593984962403,General,Description
YcGvnTHcmfM,지방간,"간경화와 간암의 출발, 지방간! 확실하게 없애는 방법 (소화기내과 송병근 교수)",삼성서울병원,3937,81,2025-02-06T06:00:20Z,781,23.863636363636363,Medical Pro,Description
AM-q7OPq7BM,지방간,하버드 의사가 알려드립니다. 술도 고기도 안먹는데 지방간 생기는 이유 | 간에 낀 지방 쫙 빼주는 최고의 음식 1가지 | 김병재 원장 1부 | 간경화 | 간암 | 지방간,라이프링크 스튜디오,4765,59,2025-01-29T07:15:00Z,36,3.805899143672693,General,Description
G0CPfn5H_80,지방간,"지방간, 간경화 되기 전에 . 제발 '이것' 드세요!"" #건강정보 #건강한중년 #건강관리  #건강습관 #시니어건강 #노년건강  #장수비결 #꿀팁",건강박사 정보채널,3745,160,2026-01-02T07:43:43Z,120,5.05050505050505,General,Description
yAV8zljaeg4,지방간,"고혈압, 고지혈증, 지방간! 한 번에 찾아온 병을 이겨낸 관리법 대공개",바른건강,2251,44,2025-08-11T01:00:55Z,667,13.422818791946307,General,Description
qHzjGWZmYS0,지방간,"지방간, 증상이 없다고 안심하셨나요?",바로건강,6349,88,2025-05-14T02:06:15Z,45,24.64788732394366,General,Description
4N6lbOQfeRM,지방간,"지방간 기름때, 이 음식 5가지로 싹 지웁니다",건식,4813,95,2025-09-15T15:22:59Z,57,6.289308176100629,General,Description
MBvNgBRHreY,지방간,술보다 위험한 지방간 음식 TOP3,생활에힘,3994,77,2025-10-13T03:00:33Z,58,3.9761431411530817,General,Description
RdijYEmeLyA,지방간,양파와 이걸 같이 먹으면 지방간 싹 사라집니다 #양파 #건강차 #지방간 #간건강 #숙면음식,건강속보꿀팁,4227,88,2025-11-13T00:22:04Z,28,12.539184952978056,General,Description
aid4Ey1GUx8,지방간,의사들이 절대 먹지 말라는 음식 5가지 (지방간 예방) -2,소복소복,4695,5,2025-09-24T02:53:01Z,7,17.24137931034483,General,Description
ohl-LBoGUlM,지방간,지방간에는 타우린이 풍부한 낙지요리가 최고다!?,바른건강,1054,23,2024-07-11T01:00:19Z,777,12.422360248447204,General,Description
-c9YZ1tnk5Q,지방간,지방간 예방에 좋은 음식 5가지 #건강 #건강정보 #지방간,건강이최고,1442,70,2025-03-30T03:00:49Z,57,5.235602094240837,General,Description
YGQkqFFoKMM,지방간,지방간 탈출을 위한 완벽 식단 가이드: 핵심은 식이섬유!,닥터대니DrdannyFM,2563,40,2026-01-06T23:02:47Z,56,2.985074626865672,Medical Pro,Description
I3XF9Ig6CBw,지방간,"술 안 먹어도 지방간 생긴다, 지방간 없앤 검은 콩 식단",바른건강,907,22,2025-07-04T03:00:16Z,823,13.043478260869565,General,Description
wnEQin_vsMw,지방간,술 안 마시는데 지방간? 의외의 이 원인 때문?! #shorts,삼성서울병원,1138,34,2025-02-05T06:00:39Z,70,18.867924528301888,Medical Pro,Description
Oqa_v0nKKrc,지방간,지방간을 예방하는 음식 5가지#지방간#간건강,건강산책,2107,39,2025-09-19T10:32:17Z,61,18.867924528301888,General,Description
z393gKPLNyY,지방간,먹기만 해도 간 건강 쑥쑥 올라가는 최고의 음식5가지! 지방간은 없애고 간암 막아주는 음식! 간을 망치는 음식3가지. 간 기능 회복에 좋은 음식. 지방간에 좋은 음식.,건강지식TV,815,48,2025-08-17T00:11:53Z,42898,7.272727272727272,Medical Pro,Description
Yavt4_fiycY,지방간,약도 없는 지방간 방법은 4가지뿐,"엄마,아빠... 설마?",2918,22,2025-05-14T05:00:30Z,40,10.91703056768559,General,Description
y9gf7znk924,지방간,지방간 전부 녹이는 최고의 음식 ‘4가지’ #건강 #건강정보 #지방간,웃는건강,2312,30,2025-07-08T09:01:33Z,21,8.960573476702509,General,Description
b8qG6GGiOFI,지방간,"지방간이 보내는 위험 신호 4가지, 무시하면 큰일 납니다.",건강하게 백세인생,1772,8,2025-10-24T08:48:59Z,61,9.75609756097561,General,Description
zRo-neD5OhQ,지방간,🔥 간에 쌓인 지방 싹 녹인다! 지방간 완화시키는 '천연 해독제' 음식 5가지,감자콜라,1385,32,2025-10-18T18:03:43Z,78,1.5337423312883436,General,Description
YQmR_r5L5l8,지방간,술 한방울 안마시는데 지방간이 있다면?,정자동김박사,1980,12,2025-07-02T08:00:42Z,53,10.819165378670789,General,Description
fE1MVeldxuQ,지방간,심한 지방간 CT 진단,웰니스연구소,1777,3,2025-06-28T23:49:21Z,39,9.560229445506693,General,Description
UDbMDSgGGN4,지방간,지방간 이 신호 보이면 이미 진행 중일 수 있습니다 #지방간 #건강정보, 쏙쏙연구소,2086,0,2025-12-25T20:30:04Z,63,13.574660633484164,General,Description
D9hgpBUvaoU,지방간,지방간에서 간암까지 걸리는 시간 #지방간 #간암예방 #50대건강 #건강검진 #골든타임 #간경변 #체중감량 #당뇨관리 #중년건강,슬기로울 건강생활,2064,10,2025-10-14T07:00:12Z,56,6.172839506172839,General,Description
nOF17NtAbi0,지방간,간 해치는 최악의 생활습관 3가지 #음주습관 #간수치 #지방간,건강과 행복,1587,8,2025-09-23T14:45:06Z,61,8.670520231213873,General,Description
a2x1fJ6Q40I,지방간,이런 사람 술 안 마셔도 지방간 적신호구독^^좋아요^^#지방간 #간건강 #건강 #정보 #의사 #시니어 #생활습관#피로 #영양 #Health #Liver #shorts,이 풀,1304,15,2025-12-27T01:00:00Z,25,2.2202166064981945,General,Description
HllxRMBo8Z0,지방간,술보다 무서운 ‘비알코올성 지방간’ 주범 3가지#50대건강 #60대건강 #중년건강 #시니어건강,건강칼럼,1172,14,2025-12-24T22:00:18Z,104,10.0,General,Description
mGvyLrDOksQ,지방간,지방간 없애는 음식 vs 악화시키는 음식#간건강 #숙취해소 #간에좋은음식 #지방간 #건강정보 #간수치 #해장음식 #건강관리 #건강꿀팁 #shorts,오늘의픽,2356,17,2025-10-13T10:01:22Z,57,2.6335877862595423,General,Description
lJZCA3AuFjU,지방간,"""아침 한 스푼이 간을 살립니다""#지방간#간건강#간해독#아침습관#중장년건강#의사조언#건강한식습관#기름의진실#간경화예방#생활습관개선 #의사조언",생활건강,2828,23,2025-12-29T13:26:47Z,99,17.045454545454547,General,Description
ji1QRrfmNTc,지방간,지방간 예방에 좋은 음식 꼭 챙겨드세요#시니어건강#노인건강#지방간#지방간예방#간수치관리#건강정보#지방간에좋은음식,정보드림TV,1407,20,2025-12-16T05:15:03Z,41,3.5460992907801416,Medical Pro,Description
VS4CM_YMpyI,지방간,[지방간 관리]간이 피곤할 때 필요한 음식. 매일 토마토 이렇게 먹으면 지방간 관리에 도움 됩니다. #건강한중년 #건강정보 #간관리,알고가면100세,1589,16,2025-12-20T02:26:55Z,26,4.329004329004329,General,Description
-ziMKS9aHUw,지방간,"지방간, 마지막 경고 #건강정보 #동기부여 #시니어건강",픽스팩트,2156,4,2025-08-31T13:00:00Z,42,9.25925925925926,General,Description
UwIMUz0guD4,지방간,"지방간, 증상, 예방법 #시니어건강 #건강한중년 #지방간",건강다모아,1506,5,2025-09-19T02:45:26Z,35,60.0,General,Description
I6uhItLNqHM,지방간,당뇨환자 70%는 지방간 간살리는습관 3가지 #당뇨 #당뇨병 #당뇨쇼츠 #건강 #지방간 #음식,당블리,1509,13,2025-11-28T08:00:32Z,56,6.172839506172839,General,Description
fascxQLBuFs,지방간,지방간의 위험 신호일수 있습니다#중년건강#시니어건강#노인건강#지방간#간건강#간질환#복부비만#건강정보,정보드림TV,1603,32,2025-10-09T05:15:02Z,38,3.2890365448504983,Medical Pro,Description
qFOk2ZMo4FY,지방간,지방간 초기 증상 #지방간 #지방간초기증상 #간건강 #간수치 #ALT #AST #시니어건강 #생활습관병 #정기검진 #건강ON365,건강청심환,1219,4,2025-10-06T15:01:37Z,54,7.299270072992701,General,Description
xBkGxn4pSxA,지방간,"지방간 수치 내리는 식단, 이 6단계만 지키세요",1분정보,2137,9,2025-12-20T21:30:10Z,12,7.614213197969543,General,Description
Be5vBUpLvjI,지방간,지방간 악화 신호 10가지 몸이 먼저 보내는 경고입니다 #중년건강 #당뇨 #치매 #지방간 #지방간악화 #간건강,진짜건강,2434,4,2026-01-09T09:05:07Z,6,10.6951871657754,General,Description
twEpYLxSsEo,지방간,"[간 해독] ""지방간 싹 치워주는 의외의 채소""",모하시나,1579,6,2025-12-28T08:26:37Z,33,8.19672131147541,General,Description
Zznortn1hyQ,지방간,지방간을 해결해요  #지방간 #체중감량 #금주 #야식 #간수치 #간암 #provincial government #건강검진 #건강정보 #건강습관 #건강상식,Newsestj1,1648,5,2025-07-27T02:00:29Z,31,19.23076923076923,General,Description
VuMqc6zpb64,지방간,지방간 있을 때 과일 이렇게 골라 드세요 #지방간 #건강정보, 쏙쏙연구소,1308,0,2025-12-22T03:22:08Z,52,8.88888888888889,General,Description
RQ-lrv2OvQI,지방간,"지방간, 간경화 왜 합병증이 무서운가",시니어 라이프 마을,1796,20,2025-12-26T09:09:51Z,35,6.711409395973154,General,Description
sDDn_d0dKqc,지방간,⚠️ 술 안 마셔도 간암 직행: 지방간 잡는 '주 2회 절식'의 비밀,백세건강24TV,2107,6,2025-10-10T11:17:19Z,73,4.329004329004329,Medical Pro,Description
07P63yYWvEo,지방간,지방간의 원인5가지  질병#건강#치료방법#증상#식이요법#수술#시술#의사#병원#검사#통증#지방간#간암#고지혈증#음주,건강한사람,1534,7,2025-11-12T19:43:38Z,78,34.63203463203463,General,Description
rl1s4pd1dV4,지방간,지방간 자가진단법! 3가지 이상 증상 있으면 주의하세요,튼튼시간,1658,9,2025-08-21T01:47:12Z,52,14.5985401459854,General,Description
w4PnGLDXG_E,지방간,"✅ 지방간, 금주만이 답이 아닙니다!  #지방간 #건강상식 #건강정보",1분튼튼,1575,15,2025-09-29T09:47:08Z,33,12.38390092879257,General,Description
8eZo-sEmNjs,지방간,술 안 마셔도 생기는 간암 MASLD(지방간) 시대의 경고 #MASLD #지방간 #간암경고 #술안마셔도간암 #대사증후군 #간경변 #간건강 #비알코올성지방간,슬기로울 건강생활,1682,12,2025-12-15T02:30:06Z,49,9.92063492063492,General,Description
3hbzZRnJgm4,지방간,의사가 추천하는 간 건강 영양제 3가지｜지방간·간수치 개선에 효과적인 건기식,닥터 살루스,516,20,2025-09-01T09:45:01Z,360,14.92537313432836,Medical Pro,Description
4MW6wQjDOBY,지방간,"이 음식, 간을 조용히 지치게 합니다 #간해독 #간피로 #지방간 #간수치 #간기능 #피로회복 #해독식단 #해독음식 #시니어식습관 #시니어건강관리 #노화예방 #시니어생활습관",건강멘토,1789,21,2025-10-23T22:00:07Z,35,3.4482758620689653,General,Description
cXX6gX7aaxg,지방간,[온갖이슈] 16시간 금식하면 지방간 치료에 효과적,JTV ON,1326,0,2025-07-27T08:00:43Z,48,14.012738853503183,Medical Pro,Description
ZgvIQy9auFY,지방간,⚠️ 지방간 방치하면 간암! 지금 이 음식 꼭 챙기세요,100세 시대의 건강,1651,4,2025-11-04T08:57:01Z,6,6.993006993006993,General,Description
jX8Hzih1O3A,지방간,"비알코올성 지방간, '이 건강식품'이 원인일 수 있습니다",노후레시피,1692,32,2025-10-29T23:01:09Z,16,12.195121951219512,General,Description
Cxd8v6PfKAA,지방간,"[건강-간] ""간염·지방간이 위험해지는 실제 시점”/간 초기증상 / 간염 / 지방간 / 무증상 / 간경변 전조",아프지 말자구요,1797,4,2025-11-28T15:00:33Z,116,27.13178294573644,General,Description
SWS6d8saUbk,지방간,뚱뚱한 지방간! 빠르게 해결할 수 있다고? #건강 #류은경 #완전소화 #간 #간암 #지방간 #다이어트 #해결 #치료 #저속노화,건강채널 토브,886,15,2025-08-25T04:13:13Z,146,3.316749585406302,General,Description
72QfzVE0-Hs,지방간,술한방울 안마시는데 지방간이라고요?ㅣ지방간ㅣ건강쇼츠시니어건강 #시니어건강 #건강정보 #노인건강,건백튜브,1192,7,2025-12-26T08:00:10Z,46,9.523809523809524,General,Description
sv4Vb90-0os,지방간,말랐는데 지방간이라고? #shorts,아인파인,1883,3,2025-05-26T08:31:12Z,53,14.92537313432836,General,Description
dJIvQvvp2AM,지방간,"""이음식""매일 먹다간 간이 망가집니다 #지방간 #간수치 #간망가짐",1분이슈,946,5,2025-09-03T23:00:50Z,30,10.638297872340424,General,Description
_dHYPi4JrMU,지방간,"무서운 지방간, 피하려면 바꿔야 할 6가지 습관  #지방간 #간건강 #생활습관개선 #건강상식 #건강정보",지식이와지혜,1912,5,2025-07-28T23:00:42Z,6,11.235955056179776,General,Description
Bw7sAXzvr90,지방간,지방간 방치하면 어디까지 망가질까?,힐링마을 - 작은 습관이 만드는 큰 건강,1312,11,2025-12-14T05:00:27Z,70,13.80952380952381,General,Description
me7m5YBd0Ow,지방간,"지방간, 이렇게 생깁니다.",건강보감,1271,4,2025-07-26T02:00:53Z,11,29.41176470588235,General,Description
MxHmiCx7ZFw,지방간,"시간제한 식사, 간 건강에 효과? 지방간까지 개선! | 팩트체크",팩트라인 (FactLine),1228,2,2025-07-28T03:00:32Z,61,4.11522633744856,General,Description
FLcAqZVjY7U,지방간,배만 나온 줄 알았죠? 지방간일 수 있습니다[지방간][간건강][간경화예방],주치의처럼 - 50대부터 꼭 알아야 할 건강정보,1147,8,2025-08-11T23:38:42Z,16,11.976047904191615,General,Description
QYHEWk07mkk,비만,‘초고도비만’ 아들의 밝혀지는 비만의 원인!ㅣ순간포착 세상에 이런 일이(Instant Capture)ㅣSBS Story,SBS STORY,3904943,17416,2013-11-14T13:31:15Z,310,12.552301255230123,General,Description
JNS2daJ-P_I,비만,"""밥까지 말아 먹어야죠"" 남편은 30kg, 아내는 20kg, 입맛 잘맞는 부부에게 비극이 찾아왔다｜잘못된 식습관 때문에 온몸이 망가지고 있는 사람들｜만성염증｜귀하신 몸｜#골라듄다큐",EBSDocumentary (EBS 다큐),2789061,9282,2024-08-02T05:00:11Z,1175,9.345794392523365,General,Description
tg1JZ0frJg0,비만,비만의 원인...,퀵선동,2646581,22069,2025-12-04T01:30:57Z,60,3.8314176245210727,General,Description
BPgRNtYiFfM,비만,6년간의 고도비만 다이어트 프로젝트 종료,곽튜브,965219,14176,2025-10-24T10:00:11Z,1578,1.4619883040935673,General,Description
xafwITwhbrY,비만,한달 -10kg 감량하기 #다이어트 #오운완 #홈트 #홈트레이닝,윤보통,2034808,13932,2025-02-24T12:12:32Z,10,1.4587892049598834,General,Description
TCwM1BcNdOo,비만,국물 없이 밥을 어떻게 먹어? 🍚 나트륨이 비만에 미치는 영향 | 복부비만 | 올바른 다이어트 방법,EBS 컬렉션 - 사이언스,755035,3679,2023-08-12T11:30:11Z,698,4.329004329004329,General,Description
noNs-zmSCH8,비만,[#건강다큐] 인생 최대 몸무게 185kg 초고도 비만으로 고통받는 그녀! 원인은 무너진 장 건강 때문이다?,채널아하: 채널A Health & Asset,476101,2070,2024-11-20T13:00:56Z,2575,5.617977528089888,General,Description
kRVJf_crI1k,비만,"""관리하려고 탄수화물 최소화했는데.."" 다이어트에 좋을 줄 알고 했던 '이 행동' 오히려 복부비만 키운 충격적 이유였다│명의│#EBS건강",EBS 건강,371040,3138,2025-08-16T10:35:11Z,1904,6.787330316742081,General,Description
G8okoThwDWg,비만,[#밥친구] 🧀스모 선수급 식단🍷 140kg 초고도 비만 김정은의 건강 상태가 위험하다?!💥🔥🤫 | #이제만나러갑니다 686회,채널A WORLD,334724,2647,2025-03-02T13:00:29Z,3253,2.2831050228310503,General,Description
JyQFXp1Clis,비만,고도비만 아내가 운동을 못하는 황당한 이유 | MAKE ME Girl,닥터프리즘,576178,2920,2025-05-13T02:30:10Z,38,18.633540372670808,Medical Pro,Description
DeB8kIQkitc,비만,"몸무게 빼봤자 소용없다! 비만 전문 교수가 말하는 진짜 살 빼는 법 | 박용우 가정의학과 전문의, 강북삼성병원 건강의학본부 교수",세바시 강연 Sebasi Talk,312478,4250,2025-06-18T09:00:18Z,1173,1.25,General,Description
27i9Fey1Iyo,비만,"[#건강다큐] 아침부터 아귀찜 大자에 피자 2판 시켜 먹는 초고도비만의 식욕🔥 급격하게 찐 살, 혈관 건강은 괜찮을까?",채널아하: 채널A Health & Asset,296905,2583,2024-10-13T11:00:02Z,2534,5.882352941176471,General,Description
PzysO1kNGBs,비만,남친 위해 한 달 만에 굶어서 15kg를 뺀 여자 ㄷㄷ｜MAKE ME Girl,닥터프리즘,474118,2711,2025-01-17T08:55:19Z,25,23.121387283236995,Medical Pro,Description
V4LlJN7NTHo,비만,꿈의 비만치료제 '위고비'의 작동원리 #glp1 #유사체 #위고비 #삭센다,서울부민병원,405040,2027,2023-12-21T19:55:33Z,50,87.71929824561404,Medical Pro,Description
VKhiLazD1jY,비만,[#건강다큐] 건강에 켜진 적신호🚨 몸무게 85kg 허리둘레 44인치! 고도비만 그녀의 쉽지 않은 다이어트,채널아하: 채널A Health & Asset,239370,1379,2024-10-09T13:00:38Z,2383,7.194244604316546,General,Description
ST7Ku5YXB60,비만,복부비만의 직.격.타 ‘술살’이란 말이 존재하는 이유 | 다이어트할 때 절대 입에 대면 안되는 1순위 | 술과 비만의 상관관계 | 귀하신 몸 | #골라듄다큐,EBSDocumentary (EBS 다큐),190855,1406,2023-07-07T11:00:31Z,961,3.717472118959108,General,Description
qwnoqDB5OIo,비만,"[잘못된 밥상] 당뇨, 고지혈증, 고혈압에 갇힌 한국인 과연 비만에서 빠져나올 수 있을까?",MBN Entertainment,165955,1094,2024-04-01T06:32:28Z,2481,36.69724770642202,General,Description
Pfc_uyTFb0E,비만,허리 둘레 측정 불가♨ 246kg 빠지지 않는 살 때문에 괴로운 초고도비만 남성이 살 빼기 어려운 이유,채널아하: 채널A Health & Asset,126207,1015,2024-08-21T13:00:23Z,2435,5.58659217877095,General,Description
U8nQOMeGjNA,비만,위고비보다 센 '마운자로' 풀린다...비만치료 경쟁 격화 / YTN, YTN,115199,524,2025-08-16T20:52:53Z,134,2.6156433978132885,General,Description
8wVllhBzEAc,비만,"비만으로 인한 가속노화, 주범은 '00지방'?!",병원접수,110093,634,2025-05-16T03:00:16Z,553,41.0958904109589,Medical Pro,Description
aYk1cF5bH8k,비만,다이어트 성공이 불러온 예상치 못한 결과 | 기린성형외과,기린성형외과 Girin Plastic Surgery Korea,95837,449,2024-11-22T09:00:01Z,32,12.295081967213116,General,Description
fGNFk3BwxP4,비만,"""겉보기엔 괜찮은데"" 팔다리는 얇은데 배만 볼록 나온 마른 비만이 무서운 이유｜당뇨, 고혈압 유발하는 내장비만｜효과적으로 살 빼는 법｜명의｜#EBS건강",EBS 건강,59524,626,2025-08-23T09:00:57Z,2196,13.143483023001096,General,Description
p6LHSFX3VgY,비만,"살이 쭉쭉 빠지는 약? 위고비, 마운자로 한달 현실 후기 💉(부작용 • 효과 차이 • 싸게 사는법)",옌마드Yenmad,66481,1308,2026-01-04T05:21:17Z,915,6.369426751592357,General,Description
-garSE7ZWrU,비만,"소아과 의사가 밝히는, 비만에 대한 ""거짓말들"".",산소형제TV,57597,609,2025-07-01T12:00:01Z,835,4.419889502762431,Medical Pro,Description
BtFm9N-6iSc,비만,"수유 중인 통통한 우리 아기, 혹시 비만..? 수유양 줄여야하나?",산소형제TV,53196,536,2025-07-11T12:00:33Z,841,4.1450777202072535,Medical Pro,Description
QfCmJxz9izg,비만,50대 비만남성 코골이 수술후기 - 코골이가 너무 심했는데 수술 후 기구 사용도 없었습니다.,"BS코아이비인후과(서울점, 인천점)",189573,63,2023-03-14T00:21:35Z,462,7.84313725490196,General,Description
ghb4dpT4WXk,비만,"""위 절제 수술 후, 인생이 달라졌습니다"" 비만대사수술로 1년 만에 60kg 감량, 요요를 이긴 사람들의 변화│명의│#EBS건강",EBS 건강,41719,312,2025-08-09T10:00:58Z,1388,4.694835680751174,General,Description
B3Afa5kJTSU,비만,비만 치료만 25년! 다이어트 명의가 알려주는 내장 지방 쏙 빠지는 아침 공복 1위 음식! 살 빠지고 당뇨 해결! 약도 아닌데 기가 막힙니다ㅣ비만 전문의 이진복 원장 전체 몰아보기,의사친[의사사람친구],39754,534,2025-07-19T11:00:16Z,4153,6.756756756756757,Medical Pro,Description
NafKF2niD0E,비만,뚱뚱해진 대한민국…성인 남성은 46%가 비만 [9시 뉴스] / KBS  2023.03.03.,KBS News,37685,307,2023-03-03T12:59:24Z,153,1.7123287671232876,General,Description
TExymdTJ2Oc,비만,"전, 송편…😋 명절 앞두고 왕성해진 식욕의 결말은 비만 진단💥 | 다큐 플러스 365회 | JTBC 251005 방송",JTBC Life,36642,271,2025-10-05T01:32:26Z,618,10.309278350515465,General,Description
_b7U0areUVs,비만,고도비만 치료⚡️ 위 소매 절제술,고대병원,86742,462,2025-10-24T05:30:18Z,33,69.76744186046511,Medical Pro,Description
iKkLDYWy2pc,비만,"[팩트추적 예고] 비만인들의 '꿈의 비만치료제', '위고비' 열풍 속 부작용의 그늘 / YTN", YTN,30952,56,2025-09-16T06:32:38Z,66,4.345794392523365,General,Description
2bWqz7eFd9U,골다공증,골다공증 환자의 인생을 바꾼 '이 운동' 꼭 하세요!,내 몸의 호르몬 밸런스,4253046,66679,2022-01-05T11:00:01Z,942,7.422360248447205,General,Description
0W3ePojHA_Q,골다공증,상추 이것과 같이 드세요! 골다공증에 최고입니다. 골다공증에 좋은 음식 상추 효능 #골다공증 #상추,효초TV,2013056,33644,2024-06-14T21:00:00Z,60,19.607843137254903,Medical Pro,Description
WFUdHlILSoU,골다공증,골다공증에 좋은 음식이 옥수수? 뼈 튼튼하게 만드는 옥수수 먹는 법!,바른건강,1486751,18490,2022-09-16T07:47:25Z,942,3.367003367003367,General,Description
Da41W6s97gM,골다공증,자칫하면 생명까지 위협하는 골다공증의 위험│의외로 많이 간단한 골다공증 낫는 법?│집에서 가능한 골다공증 낫는 습관│귀하신 몸│#EBS건강,EBS 건강,1009495,13043,2024-02-26T07:00:06Z,1993,7.272727272727272,General,Description
tah6p2WzbXY,골다공증,구멍난 뼈를 채워주는 골다공증에 좋은 음식 3가지 #shorts #건강정보 #골다공증,몬스테라_건강정보,791355,12644,2023-06-21T06:58:08Z,60,7.722007722007722,General,Description
sVHynlLoAqk,골다공증,"뼈를 단단하게 채워주는 필수 영양소,  갱년기 골다공증에 필수 영양제를 안내드립니다.",약사가 들려주는 약 이야기,612252,11964,2022-08-26T10:00:38Z,642,6.451612903225806,Medical Pro,Description
UOxZhG3YZ6I,골다공증,골다공증에 칼슘보다 효과 좋은 이것!,진약사톡,593133,17411,2024-09-25T09:00:33Z,59,43.47826086956522,Medical Pro,Description
0fz8YariPcA,골다공증,[바른 리플레이🔁] 골다공증 '약' 없이 일상에서 골다공증 극복기!,바른건강,509390,7238,2023-03-25T03:00:00Z,3579,8.241758241758241,General,Description
2dBGOWA-nlU,골다공증,뼈가 비어 갑니다… 이 음식 안 먹으면 늦습니다! [골다공증 예방 음식 3가지],건강한걸,795604,17402,2025-04-09T22:55:00Z,59,7.936507936507937,General,Description
zy54rjgkjOQ,골다공증,"골다공증 탈출, 필수 4가지 음식을 소개합니다. 네 가지 음식으로 골다공증 고민 끝~~ [한의학박사 김순렬]",김순렬TV,438391,12175,2024-06-24T22:00:47Z,562,7.280701754385966,Medical Pro,Description
7dG2sA_VJ0I,골다공증,골다공증 주사 맞다가 1년 동안 끊었더니 충격적인 골밀도 수치가 나왔다,기능의학의사 김원장,394207,5751,2025-01-08T11:00:18Z,1125,27.190332326283983,Medical Pro,Description
g96uZM7KZGY,골다공증,"[Full] 귀하신 몸 -  16화 구멍난 뼈 건강, 습관이 약이다 골다공증",EBSDocumentary (EBS 다큐),370523,5514,2023-09-08T17:00:24Z,2819,3.703703703703704,General,Description
85nGsQnG3FU,골다공증,치명적인 골다공증 뼈건강을 위한 필수 지식,진약사톡,260436,7356,2023-11-23T09:30:01Z,1626,11.204481792717086,Medical Pro,Description
sxurVuSoeuE,골다공증,골다공증 직전인데 어떻게 관리해야 할까요? #Shorts,여에스더의 에스더TV,260209,4498,2022-04-13T07:35:15Z,55,4.149377593360996,Medical Pro,Description
Tmfv4JUKYEQ,골다공증,"미친효과! 골밀도 3배 높이는 골다공증에 좋은 운동| 골밀도증가, 골다공증예방| 이교수의 힐링가이드",일지의 브레인TV,301066,6028,2023-03-29T11:00:26Z,60,12.269938650306749,Medical Pro,Description
LYq492sKEKg,골다공증,골다공증 운동 “매일 3분”으로 골밀도 높이는 방법 알려드려요.(골다공증에 좋은 운동),건강되찾기 프로젝트 | EMS 근력PT,204246,6295,2025-02-01T01:00:14Z,645,6.884681583476764,General,Description
vhGiCFyBdpM,골다공증,"골다공증, 의료보험으로 똑똑하게 치료받자! - 골다공증 치료 A to Z",마디세상병원,192933,4766,2022-08-01T09:44:39Z,1267,19.54397394136808,Medical Pro,Description
LNBgX5Xyrvg,골다공증,"[건강강좌​]골다공증, 어떻게 진단되고 치료하나요?(22.10.13) 내분비대사내과 공성혜 교수",분당서울대학교병원,188731,3879,2022-11-14T00:00:39Z,3270,8.403361344537815,Medical Pro,Description
IE3ZE1W8YiI,골다공증,"우유보다 10배 강했습니다! 뼈를 무너뜨리는 골다공증, 이 5가지 음식이 살립니다!| 70세의 건강 | 건강 정보 | 건강한 하루",건강한 하루,142517,5571,2025-12-19T09:22:23Z,2160,5.931198102016608,General,Description
1C3Gm5UUEaM,골다공증,비타민C로 골다공증을 치료한다고?!! 아무나 모르는 놀라운 이야기,진약사톡,138994,4636,2025-10-03T09:00:02Z,1191,10.135135135135137,Medical Pro,Description
XNk2imNlfSA,골다공증,"""멸치 대신 이걸 드세요"" 골다공증 있을 때 인생을 바꾼 습관과 음식 모두가 이미 늦었다고 할 때 이렇게 뼈 고밀도 올렸어요!",건나물TV,126946,3023,2025-12-12T08:00:46Z,545,9.041591320072332,Medical Pro,Description
YfMOU1-8tI4,골다공증,골다공증이면 골밀도보다 이것을 올려야 합니다. 약과 주사로 골밀도만 올리면 망합니다.,기능의학의사 김원장,126742,3320,2025-10-27T11:01:08Z,1733,30.4,Medical Pro,Description
xhaNVIbheOE,골다공증,"골다공증은 영양 질환?! 골다공증에 좋은 음식과 영양제 [정진희쇼, 우리 시대 최고의 스페셜리스트를 찾아서] / 가천대 길병원 가정의학과 서희선",의학채널 비온뒤,126071,2536,2024-09-04T12:59:42Z,6037,2.738853503184714,General,Description
haVz6uNV3EA,골다공증,"70대, 골다공증 무릎통증? '이것' 1스푼 드세요! 부러진 뼈가 붙고, 관절통증까지 사라졌습니다!ㅣ시니어 건강",실버라디오_노후건강_시니어정보_노후지혜,121427,4075,2025-09-20T10:21:03Z,1610,17.152658662092623,General,Description
zZqV3oZ8RdE,골다공증,영양사가 60세 이후 절대 권하는 뼈 건강 음식 6가지｜골다공증 예방,황금기 지혜,444362,902,2025-09-28T08:30:29Z,6,4.925373134328359,General,Description
2AsUcqnD3iA,골다공증,"[본방 종합] 증상과 통증 없이 어느새 몸을 무너뜨리는 골다공증, 예방부터 치료·회복까지 AtoZ I 뼈가 무너지면 몸도 무너진다, 골다공증 I KBS 250305 방송",KBS 생로병사의 비밀,112486,1592,2025-03-19T12:00:02Z,2289,14.455252918287936,General,Description
xcpSgVca4bM,골다공증,골다공증의 진단과 치료,서울아산병원,104772,1616,2018-10-19T07:56:50Z,2736,22.950819672131143,Medical Pro,Description
FbG8J0FSwLs,골다공증,"골다공증 A to Z, 이것만 알아두세요!",의학채널 비온뒤,87194,1485,2022-10-26T22:00:07Z,760,10.569620253164558,General,Description
6F9IUvfmFzU,골다공증,"골절 후에야 알게되는 골다공증, 당신도 위험하다 (KBS 20230118 방송)",KBS 생로병사의 비밀,86960,1133,2023-01-26T09:00:08Z,569,1.1919504643962853,General,Description
SjBfmBiQ33E,골다공증,골다공증 뼛속 꽉꽉 채워주는 음식 4가지만 기억하세요! #골다공증 #칼슘 #건강,으른건강,128056,2696,2025-02-20T09:00:35Z,59,9.174311926605505,General,Description
zAGe9yFT-EI,골다공증,[PEOPLE in 세브란스] 골다공증에 걸리는 사람 유형 세 가지~,세브란스,79006,1615,2020-02-13T08:05:52Z,285,9.705882352941176,General,Description
r1qgUUgadqo,골다공증,골다공증에 좋은 운동,박미경TV,92676,1552,2024-12-07T22:00:26Z,59,4.184100418410042,Medical Pro,Description
aHC50w_TOmE,골다공증,골다공증 치료 주사 맞다가 끊으면 골밀도가 확 나빠진다?? #골다공증주사부작용 #골다공증주사 #shorts,기능의학의사 김원장,98829,1700,2025-01-22T08:00:00Z,46,28.846153846153847,Medical Pro,Description
HNAD8TrkmAo,골다공증,칼슘 보다도 골다공증에 좋은 음식 4가지,건강한한국인 건강정보,127568,3089,2025-11-26T23:00:32Z,36,6.462035541195476,General,Description
kvIdaHxzDnc,골다공증,골다공증 초고위험군 진단 4년 만에 골밀도 개선에 성공한 운동,바른건강,59816,745,2025-08-25T01:00:41Z,965,6.622516556291391,General,Description
DuZPMtwTdsI,골다공증,골다공증 예방 운동💪 #골다공증 #뼈 #건강 #운동 #홈트 #헬스 #근육 #생활정보 #shorts #KBS #무엇이든물어보세요 | KBS 230901 방송,에헤라 티비 : KBS LIFE,64691,791,2023-09-15T02:00:04Z,43,11.627906976744184,General,Description
8iE3AIHYPz4,골다공증,"💊골다공증,구멍난 뼈를 채워주는 음식 세 가지#건강비법 #건강상식 #건강정보#약선#40대#여성#50代 #60代 #70代 #80代#지혜 #힐링#공감#버스#지하철 #출근 #퇴근 #산책",행운의 신,115663,4776,2025-12-08T03:00:10Z,74,3.08641975308642,General,Description
QBrfcKg_jpM,골다공증,골다공증! 걱정하고 계신가요? 서울대병원 교수가 알려주는 골다공증에 대해서!!,서울대학교병원 강남센터,376685,6424,2020-09-21T23:30:02Z,567,11.428571428571429,Medical Pro,Description
0Zy4DHK6uo8,골다공증,골다공증 있어도 오래 잘 사는 특급 비법 [유병장수],분당서울대학교병원,370704,6876,2024-11-14T07:15:01Z,1030,16.89189189189189,Medical Pro,Description
ZyD0XhqvmF4,골다공증,[#박현아교수] 골다공증 치료의 골든타임 | 생로병사의 비밀 - FULL 인터뷰,KBS 생로병사의 비밀,56126,929,2023-02-01T08:00:25Z,443,9.634146341463415,General,Description
nuM29nhAvEg,골다공증,약이 좋을까 주사가 좋을까? 골다공증 치료 효과는! #골다공증 #치료방법 #shorts,마디세상병원,101316,1296,2024-02-14T01:20:42Z,44,19.704433497536947,Medical Pro,Description
tt7YNRezyKo,골다공증,"효도하고 싶다면 주목! 골다공증에 좋은 습관, 나쁜 습관 - 세브란스병원 내분비내과 이유미 교수",랜선진료소,58017,815,2025-10-10T01:49:34Z,752,11.764705882352942,General,Description
Xz-SFX1BlPs,골다공증,골다공증 치료는 이렇게 합니다!😎 l 골다공증의 치료방법을 알아보자! #shorts [강북연세TV],강북연세병원,68085,1014,2024-01-18T08:02:00Z,58,18.404907975460123,Medical Pro,Description
ZDanp0i6oQY,골다공증,구멍난 뼛속 꽉 채우는 음식 7가지🦴 - 골다공증에 좋은 음식 7가지,알유건강 - 건강정보,79020,1543,2024-08-08T11:07:00Z,58,8.658008658008658,General,Description
56UYbEHTngU,골다공증,"골다공증, 생각지도 못한 곳에 답이 있습니다. 위산이 부족하면 골다공증이 온다고? 골다공증 예방 및 치료법!",진액보충 김상태 원장,49239,2143,2025-10-27T21:00:07Z,807,15.189873417721518,General,Description
eG6-Ls2NP38,골다공증,"골다공증, 그냥 두면 암만큼 위험하다 | 운동법, 저염방지, 명의 Q&A",EBS,48450,775,2023-02-09T10:00:23Z,546,3.4305317324185247,General,Description
u4fG54Mjbzc,골다공증,⚠️ 골밀도 낮다면? 골다공증 예방 체조🕺 집에서 10분씩만 하세요,이정표의 레그웰,101489,1707,2025-07-15T10:01:25Z,27,11.363636363636363,General,Description
JOiSPBZDC04,골다공증,나도 모르게 찾아오는 골다공증ㅣ건강플러스,서울아산병원,45289,536,2021-06-09T01:29:12Z,292,18.42105263157895,Medical Pro,Description
2s3Nc2dbeNI,골다공증,증상이 없어서 더 무섭다! 소리 없이 뼈 녹이는 '시한폭탄' 골다공증의 정체 I KBS 20181128 방송,KBS 생로병사의 비밀,41287,749,2025-12-19T13:00:06Z,2225,6.781011781011781,General,Description
VWYnJ-bLadQ,골다공증,"약 말고, 뼈 살리는 운동법 3가지! 60대 골다공증 예방 비법 #골다공증 #뼈건강 #60대운동 #골밀도 #칼슘흡수 #골절예방 #근력운동",든든시니어튜브,81398,2108,2025-06-25T07:57:46Z,39,9.25925925925926,General,Description
qgBAl4Gsy9s,골다공증,의심해야 하는 골다공증 증상 3가지 [숫자로 보는 건강],분당서울대학교병원,34960,508,2022-12-20T07:15:04Z,530,24.81389578163772,Medical Pro,Description
6Pa35OByIwM,골다공증,골밀도 수치 집착에서 벗어나야 합니다. 오히려 뼈가 더 잘 부러질수 있습니다. #골다공증약부작용 #골다공증치료 #골다공증,기능의학의사 김원장,50437,865,2025-03-12T12:15:01Z,42,17.094017094017094,Medical Pro,Description
rLP0yJJqfLU,골다공증,"""골다공증 '이것' 많은 여성이 걸려요"" 골밀도 높은 뼈건강 척도는 치아(이빨) 건강! 임플란트 했다면 칼슘 영양제,주사,약 부작용 없이 뼈에 좋은 음식 vs 치아에 안좋은 음식",루이빈치과 류지헌,62812,1416,2025-06-11T02:00:04Z,70,5.923000987166831,General,Description
Jt-SB1RMzso,골다공증,"""황금보다 귀한 골다공증 음식 정보"" 우유 멸치 칼슘 영양제 아닙니다. 갱년기 뼈건강에 골밀도  쑥! 굽은 등 허리 통증, 골절, 피로 싹! 나이들면 키 작아지는 불상사 사라집니다",루이빈치과 류지헌,46526,1273,2025-11-27T01:15:01Z,63,12.195121951219512,General,Description
9_wSPeY-X0s,골다공증,[비법공개] 당신만 몰랐던 골다공증 환자를 위한 뼈 강화 영양제 - 골다공증이 도무지 개선되지 않을 때 반드시 섭취해야 할 3가지!,칼슘박사 SEAN LEE TV,23810,782,2024-03-26T04:55:13Z,724,6.633499170812604,Medical Pro,Description
ZY2YOl7X4Ag,골다공증,뼈에 구멍이 생긴다?! 골다공증 치료약,고대병원,26200,500,2024-07-21T12:30:18Z,55,19.607843137254903,Medical Pro,Description
6ilQmINkYSM,골다공증,골밀도 높이는 운동 뼈가 약해지기 쉬운 중장년층을 위한 골다공증 운동법,물리치료사 pt종환,21009,327,2024-03-04T10:00:03Z,1502,13.513513513513514,General,Description
BQuL4vtGlgk,골다공증,골다공증 운동 “매일 3분”으로 골밀도 높이는 방법 알려드려요.(골다공증에 좋은 운동),건강되찾기 프로젝트 | EMS 근력PT,26925,378,2025-02-03T12:37:30Z,27,4.716981132075472,General,Description
J4oY5wjRW7I,골다공증,골다공증에 좋은 영양제 #shorts,분당서울대학교병원,24755,299,2024-12-06T07:15:00Z,58,22.831050228310502,Medical Pro,Description
QsjlgfaKnQg,골다공증,골다공증에 진짜 좋은 3가지 음식: 우유는 아닙니다 [골다공증 시리즈 *3],닥터 살루스,15476,330,2025-07-21T09:45:04Z,522,8.752735229759299,Medical Pro,Description
1a7kf-nc814,골다공증,골다공증은 왜 생길까?(골다공증의 원인과 예방+치료법),김범수교수의 발편한세상,13240,748,2024-05-17T22:00:01Z,523,4.926108374384237,General,Description
raLwuFTjaWI,골다공증,골다공증약 이게 문제다,칼슘박사 SEAN LEE TV,12396,370,2024-05-29T21:13:57Z,59,5.46448087431694,Medical Pro,Description
rHLbpd6Ek0g,골다공증,"[생로병사의 비밀] 라이브Q&A - 골다공증 약, 평생 먹어야 하나요?",KBS 생로병사의 비밀,8772,78,2019-05-02T03:00:05Z,67,8.071895424836601,General,Description
rTvQO-RPSBM,골다공증,골다공증 치료제! 먹는 약? 주사? 이 영상으로 확실히 알려드리겠습니다!,더서울병원TV 관절건강채널,7849,69,2023-11-02T07:26:28Z,167,24.69135802469136,Medical Pro,Description
MeM5RfdCi2s,골다공증,가짜골다공증에 속지마세요!! #골다공증치료 #가짜골다공증 #골다공증,기능의학의사 김원장,14894,338,2025-10-12T08:00:33Z,46,19.23076923076923,Medical Pro,Description
jhne4wrx-kU,골다공증,"매일 약대신 이것 한스푼 드시면 뼈가 단단해집니다! 골다공증 예방하는 필수적인 음식5가지,나쁜 음식과 골다공증 치료에 도움되는 생활습관ㅣ골다공증에좋은운동ㅣ뼈건강 ㅣ골다공증치료방법ㅣ",건강 똑순이,7256,205,2025-02-14T19:15:04Z,803,19.047619047619047,General,Description
oWBRfGjel9Q,골다공증,골다공증 '전단계'인 골감소증! 절대 방치하면 안되는 이유! #허리디스크 #허리통증 #골다공증,척추관절 바른TV-연세바른병원,9801,99,2024-09-21T22:00:26Z,60,8.064516129032258,Medical Pro,Description
7PHWdVPKwqU,골다공증,골다공증 치료 🦴 골든타임 놓치지 마라! ⏰ [무엇이든 물어보세요] | KBS 방송,에헤라 티비 : KBS LIFE,11344,127,2024-08-14T08:47:24Z,60,3.3222591362126246,General,Description
ZdwMTSRxKOI,골다공증,골다공증 치료제의 오해와 진실ㅣ백세수업,서울아산병원,6739,115,2023-08-22T03:41:44Z,240,38.75968992248062,Medical Pro,Description
vkazlsTqQiQ,골다공증,칼슘 & 비타민 D 말고 골다공증에 진짜 좋은 2가지 영양제,닥터 살루스,6208,185,2025-07-17T09:45:07Z,318,5.649717514124294,Medical Pro,Description
nEXEQ7qwOBI,골다공증,걱정되는 골다공증약 부작용! 그렇다면 '이걸' 잘 드셔야합니다!,척추관절 바른TV-연세바른병원,5834,78,2024-05-12T04:00:26Z,243,33.557046979865774,Medical Pro,Description
DdWfpvaXoo0,골다공증,골다공증 예방에 좋은 칼슘 폭탄 음식 20가지 | 뼈 건강 챙기세요 #칼슘 #골다공증 #건강음식,늘봄이야기,22613,82,2025-09-18T22:00:13Z,6,6.825938566552901,General,Description
yTR1tL_gfjE,골다공증,밥 대신 이것 안 먹으면 뼈가 부러집니다 #노인건강 #골다공증,솔바나,18758,109,2026-01-04T19:15:08Z,7,4.405286343612334,General,Description
x-MTD9IYmz8,골다공증,"골다공증 치료제, 6개월에 한 번만 맞는 주사가 있다!💉 #shorts",내귀에닥터,9731,82,2025-07-08T08:45:05Z,50,26.39296187683285,Medical Pro,Description
P75h9xK-p28,골다공증,자두는 이것과 같이 드세요! 골다공증에 최고입니다.,용미TV,11212,176,2025-08-20T05:00:25Z,24,3.793103448275861,Medical Pro,Description
ElJvaFb68KA,골다공증,된장국에 이것을 넣어 먹으면 골다공증 싹 사라집니다. 쿰쿰한 맛도 없애줍니다. #골다공증 #뼈건강 #된장국,효초TV,4915,195,2026-01-09T21:00:14Z,204,32.78688524590164,Medical Pro,Description
ADl98qt3drQ,골다공증,골다공증 걱정된다면 두부 먹을 때 '이것' 한 스푼 꼭 뿌리세요! 뼈 구멍 꽉 채우는 '칼슘 제왕'의 정체,당신을살릴식사,13825,177,2025-11-18T12:24:37Z,24,4.197271773347325,General,Description
sKzdiURJDFs,골다공증,"[닥튜브] 골다공증, 어떤 사람이 주의해야 할까?",세브란스,4512,69,2023-07-14T09:30:16Z,270,28.76106194690265,General,Description
n0KT_O8xG8I,골다공증,생고구 이건 약 입니#중장년건강 #골다공증 #치매예방,건강중개소,10776,228,2025-11-17T06:26:28Z,19,4.504504504504505,General,Description
HVMPNkO1T38,골다공증,"골다공증, 왜 생기고 어떻게 치료할까? 뼈를 다시 만드는 최신 치료제 정리",배석철의 비타민B3 LAB,4485,317,2026-01-06T07:28:36Z,1339,8.152173913043478,General,Description
mJS09-gS_H0,골다공증,골다공증 필수 영양소! 칼슘보다 '이것'이 더 중요합니다!,마디세상병원,4512,21,2026-01-08T02:00:59Z,690,11.11111111111111,Medical Pro,Description
gINa2rweU0Y,골다공증,"골다공증 탈출법, 뼈 마름을 막아라 | 엄지의 제왕",MBN Entertainment,11451,23,2025-08-21T00:23:30Z,21,1.3291139240506329,General,Description
8-o08sbsI50,골다공증,💀 뼈가 녹는다! 커피와 먹으면 골다공증 위험 커지는 '최악의 음식' (feat. 칼슘 도둑),시니어_오늘도청춘TV,10072,368,2025-10-08T21:45:01Z,25,1.893939393939394,Medical Pro,Description
J68o_EDbbaE,골다공증,깻잎 '이렇게' 먹으면 골다공증 사라져요 깻잎의 효능 깻잎과 함께 먹으면 보약이 되는 음식 치매 예방 깻잎과 상극인 음식 신장 폐 살리려면 깻잎 이렇게 드세요 건강정보,한국인의 건강,3669,128,2026-01-06T10:00:35Z,2875,1.6279069767441854,General,Description
p1XP9ScBjTU,골다공증,골다공증 막는 뼈 튼튼해지는 음식 10가지,지혜로운쉼터,13728,76,2025-12-24T00:22:35Z,6,6.764705882352942,General,Description
ZDwVTnOlNC0,골다공증,한달만에 골밀도 개선! 콩나물과 이것 같이드세요. 골다공증 멈추고 뼈 건강 개선됩니다! “시너지 효과로 골다공증 완화하는 방법” #골다공증 #골밀도 #뼈건강,효초TV,2980,102,2025-09-21T21:00:35Z,486,6.622516556291391,Medical Pro,Description
33YD2n8s50o,골다공증,"골다공증 막는 음식, 우유 말고 이것 드세요! #시니어건강",건강이 먼저다,5681,124,2025-09-03T12:21:20Z,60,19.607843137254903,General,Description
I20aozNrAPo,골다공증,의사도 놀란 약없이 골다공증 극복한 80대 비결 #건강 #음식 #60대 #당뇨 #건강한중년 #골다공증,건강하랑,7612,92,2026-01-01T23:38:30Z,22,35.714285714285715,General,Description
BeDMqQgnB0c,골다공증,위험군에 따라 다른 골다공증 치료방법_분당차병원 가정의학과 김용환 교수#골다공증,분당차병원_CHA Bundang Medical Center,3044,52,2025-06-10T01:30:52Z,1295,50.66666666666666,Medical Pro,Description
-zfQhE-C83E,골다공증,골다공증의 숨은 원인! 육식이 오히려 칼슘을 빼앗아 간다?! #골다공증 #뼈건강,하늘마을 힐링센터 TV,6194,147,2025-09-08T22:00:01Z,98,5.181347150259067,Medical Pro,Description
3YPMtV9o5kI,골다공증,"실제 방송에서 깜짝 놀란 골다공증 판정, 75세 쉬지 않고 일하시다 결국 고관절 골절되고 나서 알게 된 김용필 어머니 상태",바른건강,2606,34,2025-05-29T03:00:09Z,1923,6.289308176100629,General,Description
bMAWL3GGFuM,골다공증,갱년기 여성 필독! 골다공증 꽉 잡는 6가지 특급 예방법 #골다공증 #뼈건강,행복마당,7298,35,2026-01-05T22:00:42Z,6,8.547008547008547,General,Description
KR8yJD2h0Ds,골다공증,노인정형외과: 골다공증 “부러질 것인가 vs 버틸 것인가” 強骨로 살아가기 / 석병원 이기석,의학채널 비온뒤,1995,71,2025-10-26T18:55:27Z,3066,25.38071065989848,General,Description
2BYgN6BN7Rc,골다공증,골다공증 I 치과 치료 괜찮을까요? #임플란트 #부작용,에이스병원TV,2932,41,2024-09-12T07:15:00Z,41,17.73049645390071,Medical Pro,Description
15ale7BQu6A,골다공증,한의사가 추천하는 70세 이상 꼭 먹어야 할 골다공증 예방 음식 7가지👍매일 '이것'만 챙겨먹어도 뼈 건강 걱정없어요!#시니어건강 #골다공증 #골다공증예방 #백세건강 #건강정보,시니어백세팔팔,5231,84,2025-08-29T10:34:25Z,28,20.0,General,Description
VA1m52-B1xc,골다공증,"골다공증 심할 때, 약보다 먼저 챙길 음식 #골다공증 #뼈건강음식 #중년건강",하루한알정보,6573,31,2025-12-23T03:45:04Z,6,21.50537634408602,General,Description
HkT6r9A14-I,골다공증,"건강 정보, 골다공증 예방은 좋은 식단과 올바른 생활습관이 필수 #건강 #건강정보 #건강관리 #지식 #영양식 #건강식단 #골다공증 #예방",무병장수-백세시대에 건강하게 사는법,5282,84,2025-08-31T09:00:20Z,59,5.714285714285714,General,Description
7aTwtL2MnN4,골다공증,"“헬리코박터 제균 치료, 여성 골다공증 예방에 효과” / KBS  2025.08.19.",KBS News,1708,7,2025-08-18T21:56:05Z,117,16.2748643761302,General,Description
FXpqE2PLZQ8,골다공증,이 음식 먹으면 뼈에서 칼슘이 빠져나간다! 골다공증에 좋은 음식!,하늘건강법,3532,108,2025-08-20T00:00:16Z,60,3.3444816053511706,General,Description
1EgSBdb7SyI,골다공증,한번만 말씀드릴께요. 골다공증  제발 이것만 피하세요~ #골다공증 #골다공증예방 #여성건강 #뼈건강 #건강 #건강정보 #여성 #시니어건강,나만 알기 아까워,3542,127,2025-11-04T22:15:00Z,26,5.309278350515465,General,Description
99Vzpd5COOw,골다공증,골다공증 부르는 나쁜 습관 5가지 🦴 조심하세요!,건강한건강,3685,19,2025-09-21T12:09:59Z,9,4.174311926605505,General,Description
V-Y43PeqWR8,골다공증,"골다공증, 소리 없는 뼈 도둑의 무서운 진실 공개!",보고듣고,2262,15,2025-10-01T22:00:38Z,51,10.09433962264151,General,Description
QE8EfDM4V6M,골다공증,"""60대 뼈건강 적신호 골다공증!"" 골다공증을 예방하는 7가지 황금수칙 #시니어#시니어건강#시니어tv#건강한중년#무악재시니어tv#노년#골다공증#골다공증예방",아시나의 아시나요?,2734,10,2025-09-08T05:57:02Z,60,7.211538461538462,General,Description
srIGQcpYQsk,골다공증,50대 필수 확인!! 골다공증 부르는 나쁜 습관 5가지 ❌,건강한건강,2829,12,2025-09-17T01:26:30Z,11,4.478672985781991,General,Description
Umy-k_HYJGc,골다공증,골다공증 위험! 뼈 건강 망치는 최악의 음식 TOP 3 #골다공증 #뼈건강 #시니어건강,시니어건강톡,2430,23,2025-08-08T21:00:37Z,38,7.874015748031496,General,Description
wexV2FqCSdk,골다공증,골다공증 예방에 좋은 채소 5가지는?,건강은,1534,34,2025-11-10T22:01:10Z,55,14.492753623188406,General,Description
ySc8rXwnWMg,골다공증,골다공증 예방에 좋은 음식 5가지 #shorts #1분건강 #골다공증 #골다공증예방 #뼈건강 #골밀도 #관절건강 #노년건강 #여성건강 #건강정보 #건강관리 #웰빙 #몸관리,하루한입 건강,1821,26,2025-12-25T10:22:23Z,53,7.434944237918216,General,Description
aJoEjMxIdfo,골다공증,"""화장실에서 미끄러졌을 뿐인데...""#골다공증, #골절, #폐경기, #골밀도, #뼈건강, #중년건강, #여성건강, #침묵의살인자, #고관절골절, #건강정보",온 건강TV,1564,11,2025-10-16T01:00:01Z,42,3.703703703703704,Medical Pro,Description
YfcsYzcEOlc,골다공증,뼈를 단단하게! 매일 챙겨 먹으면 ‘골다공증’ 걱정 없는 음식 7가지 #건강정보#골다공증#뼈건강,하루한알정보,1945,13,2025-10-05T12:06:13Z,11,14.285714285714286,General,Description
RcpLPo985t0,골다공증,아직도 골다공증 때문에 고민이신가요?#건강정보 #건강상식 #과일효능 #채소효능 #면역력강화 #혈관건강 #노화방지 #피부건강 #장건강 #소화건강 #심혈관질환 #시니어건강,생활공감,1959,25,2025-08-25T09:59:09Z,57,3.093289689034369,General,Description
ndAcSsv-jvU,골다공증,여성 흡연자에게 '골다공증'이 훨씬 빨리 오는 이유,척추발전소,1498,13,2025-10-22T11:01:36Z,69,1.492537313432836,General,Description
PvLYhH1nqFg,골다공증,골다공증이 ‘조용한 암’이라 불리는 이유,의사의건강메모,1226,10,2025-11-02T02:00:32Z,60,8.865248226950355,Medical Pro,Description
wKtatcy0a0s,골다공증,골다공증 원인부터 치료법까지! #골다공증 #골다공증예방 #칼슘비타민D #골다공증치료,서울본정형외과,1420,16,2025-09-26T03:23:20Z,71,38.75968992248062,General,Description
xBT-UlDqIEY,골다공증,#구독자 이벤트 두부 잘못 먹으면 골다공증 위험이 발생합니다.,백세건강 연구소,1705,10,2025-09-14T12:19:15Z,52,3.424657534246576,General,Description
Ob4zlTVqDqY,골다공증,"골절보다 무서운, 골다공증에 좋은 음식 3가지!",가만있자,2191,38,2025-12-31T09:45:02Z,36,8.823529411764707,General,Description
QHGjanGpLtw,골다공증,"""노년 건강 필수! 골다공증 예방 생활습관""",아무때 건강,1651,30,2025-09-20T10:15:50Z,61,10.0,General,Description
KoJafXY4-VI,골다공증,"골다공증 예방, 식탁에서 시작됩니다! 뼈 튼튼 비법 10가지 #골다공증 #골다공증예방 #뼈건강 #뼈에좋은음식",오늘정보 ON,2038,17,2025-06-29T08:45:01Z,75,26.31578947368421,General,Description
Aef1V6ooctg,골다공증,"골다공증, 시래기로 막는다",픽스팩트,1401,10,2025-09-02T13:00:31Z,51,7.8125,General,Description
qc_P7gG4GPc,골다공증,60대이후 골다공증 막는 생활습관 TOP5 #골다공증 #골다공증예방 #뼈건강,구구팔팔 시니어건강TV,2171,28,2025-09-05T10:15:09Z,66,7.272727272727272,Medical Pro,Description
K_2ViE8HZIE,골다공증,골다공증 #대한가정의학회 #건강검진 #강북삼성병원 #정현숙 #홍성우 #한병덕 #간수치 #고지혈증 #종양표지자 #골다공증 #전립선,가정의학과 의사를 말하다 [대한가정의학회],2314,6,2025-09-30T02:30:13Z,25,17.441860465116278,Medical Pro,Description
g_7u_Yskkd4,골다공증,우유는 과연 골다공증에 효과가 있을까?,THE 건강정보 TV,1171,5,2025-09-24T09:15:04Z,54,10.416666666666666,Medical Pro,Description
VwfZvM5k62A,골다공증,골다공증 #대한가정의학회 #암 #암치료 #최재경 #신진영 #한병덕 #암검진 #암표지자 #건강검진 #암관리 #골다공증 #심혈관질환 #골밀도 #빈혈 #비타민 #운동,가정의학과 의사를 말하다 [대한가정의학회],1847,9,2025-10-10T02:30:32Z,92,30.303030303030305,Medical Pro,Description
X5anRqw_6tA,골다공증,당뇨병!  시솔 손잡이쑥뜸기로 해결 #골다공증치료 #골다공증예방 #골다공증,"시솔쑥뜸TV: 얼굴에, 무릎, 허리 아플 때",1752,18,2025-12-04T11:08:52Z,30,29.41176470588235,Medical Pro,Description
h852kE3RJXc,골다공증,소리 없는 질병 ‘골다공증’ 예방하는 법 #shorts,시니어 건강 한방,1950,18,2025-09-25T10:41:46Z,39,4.375,General,Description
NgpzGCQZGpI,골다공증,골다공증에 최악의 음식과 최고의 음식 3가지,건강전도사,1816,8,2025-11-26T09:00:39Z,15,3.460207612456748,General,Description
P1P3aJUj_SA,골다공증,(1분 건강정보) 🦴 골다공증·뼈 건강 걱정되시나요? 🚫비싼 영양제 필요 없습니다.🩺 메디똑똑이 제안하는 뼈 회복 음식 3가지 #골다공증 #시니어건강 #뼈에좋은음식,메디 똑똑,1920,20,2025-12-21T08:45:03Z,82,2.6246719160104988,General,Description
trkfWKKcnZw,골다공증,"골다공증 예방, 식탁 위 비밀병기 3가지#골다공증 예방 방법#칼슘 많은 음식#골다공증 예방 음식",건강20분,2386,10,2025-10-04T00:30:47Z,33,17.54385964912281,General,Description
B16C8iZaVVA,골다공증,[골다공증 편] 골다공증 예방하는 과학적 방법 4가지 (하버드·NIH·메이요클리닉 최신 연구) #건강 #건강정보 #시니어 #시니어건강 #골다공증 #골다공증예방 #골밀도 #뼈,팔팔건강TV,1524,11,2025-09-28T10:20:04Z,61,4.478672985781991,Medical Pro,Description
n5WFaTgq_Y0,골다공증,"“조용한 뼈 도둑, 골다공증! 4명 중 1명 위험하다” #shorts #골다공증 #건강정보 #시니어건강 #골절예방 #운동효과 #비타민D #칼슘 #건강관리 #조기검진 #예방의학",보험과건강365,1395,6,2025-09-18T00:01:00Z,37,18.38235294117647,General,Description
7RRgnuY4mMc,갑상선기능저하증,갑상선약을 먹으면서 피해야 하는 음식이 있다!? | 갑상선약을 먹는 다면 꼭 알아야 할 모든 것 #씬지로이드,내 몸의 호르몬 밸런스,2237738,32677,2020-12-24T01:55:51Z,294,11.0857908847185,General,Description
SzwbuVZgfiI,갑상선기능저하증,갑상선의 모든 것 ep 3. 갑상선 기능저하증 | 내분비대사내과 정재훈 교수,삼성서울병원,305817,5526,2020-11-26T08:00:04Z,726,23.4375,Medical Pro,Description
lmgAd1PC9ZE,갑상선기능저하증,[갑상선암] 수술후 갑상선 기능 저하증 어떻게 관리해야할까요?,건강한 앨리스,278943,4543,2020-03-14T02:30:02Z,926,34.48275862068966,General,Description
fAPZ5JgWu_M,갑상선기능저하증,갑상선기능저하증의 증세와 약 복용에 대해 : 닥터U의 ' 갑상선기능저하증 완치훈련',닥터U와 함께,248996,4113,2016-04-08T00:55:56Z,504,5.05050505050505,Medical Pro,Description
TttjdiGzBxs,갑상선기능저하증,"갑상선에 좋은 음식, 좋은 영양제는 어떤 것? - 갑상선 클리닉 #04 #갑상선암 #갑상선기능저하증 #갑상선기능항진증",굿라이프,233759,3137,2023-07-10T22:00:15Z,335,12.853470437017997,General,Description
I0foKe8Rf2w,갑상선기능저하증,집에서 손쉽게 '갑상선 이상'을 판별하는 방법!,굿닥터인부산,279143,1386,2023-06-16T09:25:36Z,54,27.77777777777778,Medical Pro,Description
pBnTJ_LZdrI,갑상선기능저하증,(ENG)갑자기 살이 찌고 무기력해진다면? 갑상선기능저하증을 의심해보자!,내과전문의 닥터케이 Dr.K,206033,4278,2021-05-21T08:51:02Z,865,15.576323987538942,Medical Pro,Description
qjMRtIJTozI,갑상선기능저하증,"[갑상선 기능 저하증 : 자가면역질환] 갑자기 살빠지고. 몸에 힘 없고 피곤한 갑상선 증상 치료사례. 하지정맥류와 수족냉증, 탈모, 숨쉬기 답답할때 추천",루이빈치과 류지헌,1399785,71,2025-09-02T08:00:57Z,103,9.925558312655086,General,Description
mY65yVVci-c,갑상선기능저하증,굶어도 운동을 해도 안 빠지는 살! 갑상선 저하증이 있다면 체중감량 시 필요한 것 & 피해야 할 것 ft. 다이어트,박미경TV,188749,3822,2023-02-19T00:51:37Z,581,13.58695652173913,Medical Pro,Description
96TPzZt_y3g,갑상선기능저하증,[내 몸의 호르몬 밸런스] 5. 갑상선 기능저하증은 평생 치료해야 하나요?,대한내분비학회 Korean Endocrine Society,135235,2847,2019-12-17T07:34:25Z,637,12.38390092879257,General,Description
iKd66UO4As4,갑상선기능저하증,갑상선기능저하증 환자에게 위험한 식습관,닥터조의 건강이야기,108130,3764,2024-12-30T20:11:00Z,395,5.307855626326964,Medical Pro,Description
My6IF5L8RDw,갑상선기능저하증,갑상선기능 저하증 원인과 증상 치료법,이학민의 가슴 따뜻한 이야기,105396,1834,2021-04-19T10:00:24Z,320,4.492753623188406,General,Description
XAubYr7Z3tM,갑상선기능저하증,생로병사의 비밀 - 갑상선기능 저하증 환자 수 추이  20190123,KBS 다큐,101313,718,2019-01-23T15:01:16Z,123,35.714285714285715,General,Description
6VUHTqzfbK4,갑상선기능저하증,갑상선기능저하증에 좋은 음식!,건강특공대,91079,1443,2022-05-02T04:46:38Z,49,16.39344262295082,General,Description
20v8rUi4eSY,갑상선기능저하증,"""콩나물무침 두부 '콩' 큰일났다"" 갑상선저하증(항진증) 알레르기 호르몬 불균형 심해집니다.서리태 완두콩 대두 콩물 등 밑반찬 조심.장누수 뇌염증 쑥! 뇌 혈관에 안좋은 음식입니다",루이빈치과 류지헌,157037,3915,2025-05-02T02:58:07Z,146,5.736137667304015,General,Description
0F0qT-i_brA,갑상선기능저하증,"갑상선 기능 항진증과 저하증! 자가면역질환 1, 2위 이겨내는 방법",이비엠TV,79373,1851,2025-04-08T12:00:02Z,3675,6.485084306095979,Medical Pro,Description
kAzo_IGSd_o,갑상선기능저하증,"갑상선기능저하증 완치운동! 만성피로, 체중증가, 변비, 식욕부진 생겼으면 무조건 하세요 #갑상선증상 #갑상선저하증운동",루이빈치과 류지헌,94687,2784,2024-05-17T02:30:18Z,54,8.859357696566999,General,Description
kk_5B-ofm1E,갑상선기능저하증,갑상선기능저하증 원인?,남상근의 정밀진단,94107,1339,2023-05-30T23:30:06Z,37,47.12041884816754,General,Description
yCgr6f0vkvM,갑상선기능저하증,"혈탁, 갑상선 기능 저하, 근육부족이 수족냉증? / 냉적의 원인",김소형채널H,66271,1808,2020-12-08T22:00:09Z,580,3.3482142857142856,General,Description
ApeWxILt1qQ,갑상선기능저하증,갑상선기능저하증의 유일한 치료 방법은 이 원인을 파악하는 것,닥터조의 건강이야기,64522,2502,2024-12-26T22:30:01Z,406,5.224660397074191,Medical Pro,Description
2WflKL0Ludc,갑상선기능저하증,활력이 떨어진다면 갑상선 기능 저하증을 의심하라 | 갑상선 | 명의 | #EBS건강,EBSDocumentary (EBS 다큐),62731,471,2024-06-13T01:00:02Z,137,4.901960784313726,General,Description
qgzCDunOQ2M,갑상선기능저하증,갑상선기능저하증 이 음식 절대 먹지 마세요! ㅣ갑상선기능저하증 댓글읽기 /마음편한유외과 /자율신경기능의학 /아프지마쇼,아프지마쇼Show,59068,1380,2022-11-22T08:00:20Z,455,1.644736842105263,General,Description
yYNnYSOVtYI,갑상선기능저하증,갑상선기능저하증 증상,이비엠TV,83926,899,2024-11-01T12:01:23Z,60,25.0,Medical Pro,Description
5aul-gg2vJE,갑상선기능저하증,갑상선기능저하증 환자에게 권하는 음식 vs 금하는 음식,닥터조의 건강이야기,49057,1550,2025-01-01T23:38:11Z,309,5.307855626326964,Medical Pro,Description
MBVp6c7RA5g,갑상선기능저하증,“증상 없어도 혹시?”…중년 여성 위협 ‘갑상선기능저하증’ / KBS뉴스(News),KBS News,43362,276,2018-10-22T22:15:04Z,111,21.889400921658986,General,Description
XHbu8uvZHvo,갑상선기능저하증,갑상선항진증환자가 절대 먹지 말아야 할 음식 1편!,안양 생기가득한방병원,75660,487,2023-09-14T02:00:11Z,16,14.423076923076923,Medical Pro,Description
unLD3lUcDfk,갑상선기능저하증,[갑상선/부신피로] 닥터지노 Q&A - 갑상선 기능저하증 완치 가능할까요?,살피다 몸과 의식의 미래를 묻다 with 닥터지노,37526,857,2018-11-15T15:09:42Z,561,3.745318352059925,Medical Pro,Description
sKe-JeAmfrE,갑상선기능저하증,갑상선기능저하증 다이어트에 좋은 운동과 음식 추천,이비엠TV,36933,970,2025-04-17T12:01:37Z,1481,14.669926650366747,Medical Pro,Description
PIff7PHk13I,갑상선기능저하증,일상생활을 위협하는 갑상선기능저하증ㅣ건강플러스,서울아산병원,271792,2927,2021-10-21T04:24:00Z,407,11.556240369799692,Medical Pro,Description
a4aSRwID0qc,갑상선기능저하증,조선욱 교수's Health Talk - 갑상선 기능 항진증과 갑상선 기능 저하증 치료법,서울대병원tv,32344,421,2019-01-07T10:40:50Z,913,54.23728813559322,Medical Pro,Description
n0bhcfUHlu8,갑상선기능저하증,"갑상선 암의 원인은? 혹시 갑상선 기능 저하증, 갑상선 기능 항진증이 암으로 발전할 수 있을까요?",건강한 앨리스,31833,590,2020-01-31T23:00:08Z,497,16.129032258064516,General,Description
Z730rnwWXjc,갑상선기능저하증,갑상선 건강에 매우 안좋은 음식 4가지? - 갑상선 건강을 위해 피해야 하는 음식 - 갑상선 기능 저하증 예방 - 갑상선 저하증 증상,건강 9단 - 하루 건강 정보,48756,636,2025-01-31T11:00:48Z,60,31.6205533596838,General,Description
1XSuzWyyIdI,갑상선기능저하증,갑상선 기능 저하증이면 무조건 약 먹나요? #김종민원장 #갑상선기능저하증 #갑상선저하증,반드시 갑상선&당뇨를 잡겠습니다,59359,467,2025-01-14T23:00:03Z,43,8.695652173913043,General,Description
pL1aw-4ypG4,갑상선기능저하증,하시모토갑상선염은 갑상선의 문제가 아닙니다,닥터조의 건강이야기,28759,1068,2025-03-07T22:34:44Z,347,8.171603677221654,Medical Pro,Description
_cX2XEFuMi0,갑상선기능저하증,갑상선기능 저하증/항진증 증 #shorts,길병원TV,30332,249,2023-06-22T02:00:11Z,52,10.582010582010582,Medical Pro,Description
h6pliOimVtE,갑상선기능저하증,"운동해도 빠지지 않는 살, 나도 갑상선 기능 저하? 갑상선기능저하 다이어트 비만 자율신경 기능의학",아프지마쇼Show,26991,593,2021-04-13T08:41:10Z,614,5.181347150259067,General,Description
7egGaJkH_xg,갑상선기능저하증,갑상선기능저하증의 근본적인 치료법 공개,이비엠TV,26544,700,2025-04-10T12:00:10Z,1530,20.38043478260869,Medical Pro,Description
7VHRpmbTIjs,갑상선기능저하증,[#명의] 갑상선 환자는 미역 먹으면 안 된다? 사실은...👨‍⚕️ 해조류(요오드) 섭취 논란 종결,EBS,24998,289,2024-06-19T10:00:11Z,212,7.017543859649122,General,Description
N58jcX_ZGoM,갑상선기능저하증,"감기 몸살과 비슷한 갑상선 기능 저하증, 어떻게 하면 될까? | 자이홍의 건강극장 132화",서울대병원tv,23001,277,2023-03-09T01:00:19Z,482,31.25,Medical Pro,Description
-m-_0fTOmbA,갑상선기능저하증,[자가진단법] 거울 하나로 확인할 수 있는 '갑상선 기능 저하증' 맛있는 이야기 미라클 푸드(Miracle Food) 125회 | JTBC 210828 방송,JTBC Life,20643,53,2021-08-28T04:19:19Z,186,34.48275862068966,General,Description
qboeJdOqBvI,갑상선기능저하증,조선욱 교수's Health Talk - 갑상선 기능 항진증과 갑상선 기능 저하증,서울대병원tv,20457,288,2018-12-28T22:55:38Z,1287,5.571030640668524,Medical Pro,Description
KGQNJmxvZfU,갑상선기능저하증,[태교학교 16교시] 임신 중 갑상선 기능에 이상이 생겼다고요..? 갑상선 바로 알기!,차병원 CHA Medical Center,20552,244,2021-01-06T06:44:15Z,479,23.715415019762847,Medical Pro,Description
fslewyw_vcc,갑상선기능저하증,"갑상선기능저하증 좋은음식 , 영양제 추천",이비엠TV,19851,500,2024-11-02T12:00:57Z,966,9.389671361502348,Medical Pro,Description
F6-MC4ByL1A,갑상선기능저하증,"갑상선기능항진증vs저하증, 차이는?｜내분비대사내과 박상준 교수 #shorts",순천향대학교 서울병원 'Human Love',20242,209,2023-06-28T08:00:06Z,59,14.492753623188406,Medical Pro,Description
cINUFyjUkg8,갑상선기능저하증,갑상선기능저하증 전용 보충제,닥터조의 건강이야기,18405,676,2025-01-09T22:41:02Z,371,6.128702757916241,Medical Pro,Description
B_dwTCFZlNs,갑상선기능저하증,"갑상선 검사는 혈액vs초음파, 뭐가 더 좋을까? 갑상선 검진 방법과 수치 확인법 (갑상선 기능 저하증, 항진증 / 갑상선 결절(혹) / 갑상선 암)",차병원 CHA Medical Center,17305,162,2023-10-27T01:00:04Z,321,21.080368906455863,Medical Pro,Description
f8f505hJYBA,갑상선기능저하증,"갑상선기능저하증 운동 , 갑상선기능저하증 음식",이비엠TV,17199,385,2024-11-08T12:00:58Z,622,31.88405797101449,Medical Pro,Description
7sWU0aR1qiM,갑상선기능저하증,갑자기 불어난 체중에 다이어트를해도 오히려 찌기만 한다? | 갑상선이 몸에게 보내는 이상신호 | 갑상선기능저하증 다이어트 | 명의 | #EBS건강,EBS 건강,16852,190,2023-11-14T08:00:03Z,798,10.909090909090908,General,Description
TVS_Cz-2Jl4,갑상선기능저하증,[육아브이로그] 1개월아기 | 신생아 갑상선기능저하증 | 아기와 강아지,서정적인 하루,16501,115,2020-07-25T17:14:47Z,712,7.575757575757576,General,Description
OeA-Gg89fEc,갑상선기능저하증,갑상선 걱정? ✔ 갑상선 기능 저하증과 항진증,길병원TV,13413,134,2023-06-03T05:00:09Z,352,16.483516483516482,Medical Pro,Description
18gb-ma8f7g,갑상선기능저하증,갑상선기능저하증 증상: 자꾸 피곤하고 혀가 부어요,대전강남한의원,13353,114,2020-09-17T15:00:00Z,323,13.257575757575758,General,Description
FCAEZro1p0Y,갑상선기능저하증,갑상선기능저하증일 때 갑상선호르몬제 복용법 질문 해결,남상근의 정밀진단,16046,307,2023-08-04T06:00:05Z,60,22.3463687150838,General,Description
9YVu2cYMabo,갑상선기능저하증,"""갑상선암 꼭 수술이 답? 갑상선기능저하증,씬지로이드 부작용,결절(혹) 있다면 필수시청! 염증 없애는 식단은 계란+버터,면역력 높이는 법은 줄기세포. 수술없이 갑상선약도 이제 뚝~",루이빈치과 류지헌,23547,748,2025-05-31T02:30:11Z,99,14.071294559099435,General,Description
LkbBa75iHRo,갑상선기능저하증,"갑상선기능저하증(갑상샘저하증) 과연 어떤 질환이고, 어떻게 진단될까?",광교 휴내과의원,12465,102,2020-08-20T09:39:53Z,212,6.849315068493151,General,Description
AW1KjWaploE,갑상선기능저하증,"갑상선 호르몬제 복용법, 이것만 지키면 됩니다(신지로이드·신지록신 복용 시 꼭 알아야 할 7가지)",남상근의 정밀진단,12395,302,2023-07-16T23:31:00Z,201,23.655913978494624,General,Description
7GI45wFCr3w,갑상선기능저하증,"[친절한양약사] 갑상선 기능 저하증 개선사례2  #자가면역질환 #갑상선기능저하증 고혈압, 당뇨, 고지혈증 까지 있는 여성환자의 치료사례입니다.",친절한양약사,11401,331,2019-06-30T23:00:00Z,466,32.846715328467155,Medical Pro,Description
8H5ylF3bt2I,갑상선기능저하증,"맨발걷기 치유사례 47, 갑상선기능저하증의 치유-  안윤옥님(여, 69세) 20210925 오금공원 찾아가는 맨발강의 증언 1","박동창의 맨발강의Dong Chang Park, Ph.D",10393,450,2021-09-25T11:13:50Z,536,11.194029850746269,General,Description
yanXAWIgBAA,갑상선기능저하증,"갑상선기능저하증, 약 평생 먹어야 하나요? #shorts",미즈메디병원,11603,169,2023-05-12T00:45:22Z,49,32.78688524590164,Medical Pro,Description
NwpRVodw2Vs,갑상선기능저하증,"갑상선기능저하증+류마티스 관절염 자가치료 음식! 손가락 마디 통증, 하시모토 갑상선염 증상이 저절로 좋아집니다. 자가면역질환(건선 아토피 천식) 원인 치료, 줄기세포 건강 브이로그",루이빈치과 류지헌,17882,518,2025-06-01T22:00:23Z,121,11.752136752136751,General,Description
V2KPyZd9hDA,갑상선기능저하증,"호르몬결핍의 원인 '갑상선기능저하증'의 원인과 증상, 치료법을 관악구 종합병원 에이치플러스 양지병원 내분비내과 윤태관 과장님과 함께 알아보겠습니다.",에이치플러스양지병원,9719,104,2023-11-09T07:13:14Z,232,50.505050505050505,Medical Pro,Description
MPxAkxB46mI,갑상선기능저하증,갑상선기능저하증이란? 🦋 l 내분비내과 김경진 교수 #Short,고려대학교 안암병원,9417,124,2022-06-17T01:30:07Z,59,33.11258278145695,Medical Pro,Description
wO7ffZjz_14,갑상선기능저하증,강아지도 갑상선기능저하증이?! 수의사가 알려주는 강아지 갑상선 정보!,청담우리동물병원,8763,141,2020-02-21T13:27:11Z,382,6.600660066006601,Medical Pro,Description
AOE3n0FI8VA,갑상선기능저하증,갑상선 기능 저하증 여성이 85% 넘어 / YTN, YTN,8497,45,2015-12-27T14:10:43Z,117,13.998272884283246,General,Description
sZEPq6WOkTE,갑상선기능저하증,"""여자들의 병, 갑상선 질환에 직빵운동"" 매일1분 갑상선기능저하증과 암 예방에 특효! 몸무게 들쑥날쑥, 만성피로 최고치일때 좋고, 갑상선기능항진증 결절, 모든 갑상선 증상에 추천",루이빈치과 류지헌,17808,629,2025-07-23T02:30:43Z,55,8.2389289392379,General,Description
6hT7d-ejbBk,갑상선기능저하증,갑상선기능저하증 대표 증상과 필수적인 검사,이비엠TV,8212,230,2025-04-03T12:15:00Z,875,43.26923076923077,Medical Pro,Description
w5IueC2dctM,갑상선기능저하증,"""갑상선기능저하증에 불소치약, 난리났다"" 갑상선 수술후 씬지로이드 복용중엔 필수! 충치엔 소금치약 쓰세요. 불소는 요오드 효능 싹!갑상샘 호르몬 낮춰서 갑상선저하증 증상 심해집니다",루이빈치과 류지헌,12377,558,2025-05-19T01:01:02Z,115,13.88888888888889,General,Description
gwqG3Gze670,갑상선기능저하증,갑상선기능저하증 - 심천사혈요법 창시자 박남희선생님의 라이브특강,simcheon,7442,0,2021-06-17T23:11:38Z,2538,3.8461538461538463,General,Description
HG7GnpeU_A8,갑상선기능저하증,"갑상선 기능저하증부터 우울증 까지? 의사들도 잘 모르는 키토제닉 식단의 놀라운 건강 개선 효과! [에이미 버거 인터뷰 3부 ,다이어트, 알츠하이머, 정신건강]",이상한 다이어트,7107,293,2024-11-25T14:14:38Z,1026,7.194244604316546,General,Description
U9jd9jhprd0,갑상선기능저하증,[ENG SUB] 갑상선관리!! 어른보다 아이에게 더 중요한 이유_제 3장 선천성 갑상선 기능 저하증 congenital hypothyrodism,육아닥터 김숙자,6960,88,2019-08-30T08:43:21Z,328,3.98406374501992,Medical Pro,Description
SVVXmNKZd68,갑상선기능저하증,"""살찌는 병, 갑상선기능저하증 증상 4가지"" 불면증, 탈모, 체중증가, 변비는 갑상선 호르몬 수치 낮으면 생깁니다. 자가면역질환, 목에 결절 혹 생기는 하시모토 갑상선염 치료사례",루이빈치과 류지헌,15170,361,2025-09-12T22:00:36Z,98,9.16030534351145,General,Description
TIVNr99r-wg,갑상선기능저하증,갑상선 기능저하증에 좋은 최고의 음식 5가지,건강우체국,10218,202,2025-03-01T02:00:20Z,115,1.0905125408942202,General,Description
7UfaaZvVytc,갑상선기능저하증,갑상선기능저하증 환자들을 위한 성공적인 다이어트 방법|원장님이 추천하는 운동은??,메디컬티비,6570,72,2022-06-14T08:00:01Z,253,15.56420233463035,General,Description
8vs8EmVynRA,갑상선기능저하증,#493. 갑상선기능저하증 집에서 치료하는 법,백투에덴TV,6516,0,2022-09-04T11:48:56Z,4096,2.192982456140351,Medical Pro,Description
mUkpWptYKF4,갑상선기능저하증,갑상선기능저하증 완치 가능할까요?,이비엠TV,9746,102,2024-12-08T12:00:59Z,60,14.084507042253522,Medical Pro,Description
Lr-EembKNe4,갑상선기능저하증,갑상선기능저하증 증상들이 있다면 반드시 병원에서 검사를 받으세요!   #갑상선암 #갑상선기능저하증 #갑상선저하증 #갑상선 #갑상선질환 #갑상선기능항진증,닥터BTS의 유선방송,6702,325,2024-03-21T08:00:17Z,55,12.022838499184338,Medical Pro,Description
Zn6MVR_zVKk,갑상선기능저하증,"""뇌가 죽어가는 최악의 신호 3가지! 갑상선기능저하증,불면증,치매"" 염증수치 높을때 피부가려움증 류마티스 관절염 갑상선 증상  쑥! 자가면역질환(건선 아토피 천식)에 줄기세포 치료",루이빈치과 류지헌,13519,315,2025-06-29T22:00:39Z,115,8.34326579261025,General,Description
id24-PyAav4,갑상선기능저하증,#3 무증상 갑상선 기능 저하증(feat. 치료해야할까?),속편한내과[돈암],6255,121,2023-04-28T09:00:33Z,485,19.41747572815534,General,Description
B9v-DTyhDbk,갑상선기능저하증,갑상선기능저하증,서울배내과,6074,78,2020-10-21T16:28:06Z,202,62.5,General,Description
qtxLvYZREkw,갑상선기능저하증,갑상선기능저하증에 도움이 되는 셀레늄? 김포 연세온유외과 외과의사 남상근,남상근의 정밀진단,6012,172,2023-07-09T23:30:16Z,114,12.1580547112462,General,Description
0775pE5v4qA,갑상선기능저하증,"갑상선 기능저하증 환자라면 꼭 봐야 할 음식 5선! (쉽게 따라해보세요),건강정보",건강백서,6463,95,2023-07-02T14:21:10Z,59,4.739336492890995,General,Description
5kXLHONewDA,갑상선기능저하증,[서울성모병원] 추위 많이 타고 무기력해지면? 갑상선기능저하증 의심 - 내분비내과 임동준 교수,서울성모병원TV,5931,66,2022-05-25T02:18:45Z,192,5.0,Medical Pro,Description
slXui2z2RAU,갑상선기능저하증,"뇌경색 후유증, 편마비 재활 이야기. 구안와사 어지럼증, 전조증상 나타나면 MRI 검사해보세요. 복시, 팔다리 마비와 안면마비, 보행장애 원인, 뇌졸중 예방 정보 #갑상선기능저하증",루이빈치과 류지헌,74009,10,2025-12-30T01:16:00Z,93,9.36768149882904,General,Description
Drpibs38BaA,갑상선기능저하증,"갑상선기능저하증, 평생 약을 먹지 않아도 되는 법 [케이미래의원 조병식 원장]",조병식 TV  ,5712,101,2023-09-06T07:04:09Z,280,9.615384615384617,Medical Pro,Description
p4jD0vX-x90,갑상선기능저하증,검사는 정상인데 갑상선 기능 저하증? - 리버스 T3,살피다 몸과 의식의 미래를 묻다 with 닥터지노,5688,227,2022-12-07T02:00:21Z,424,20.0,Medical Pro,Description
xxmwIkmf8hE,갑상선기능저하증,소리없이 강아지를 죽이는 갑상선 기능 저하증의 증상,윤샘의 강아지상담소,6049,157,2024-11-11T08:00:46Z,55,13.88888888888889,General,Description
uBJwxtj_0Kk,갑상선기능저하증,갑상선기능저하증에 나쁜 음식은 무엇일까요?,장덕한방병원 갑상선센터,5308,61,2018-11-02T08:16:46Z,91,27.607361963190183,Medical Pro,Description
bWouzYW3e9E,갑상선기능저하증,임신 중 갑상선기능저하증 약을?,남상근의 정밀진단,6865,45,2023-08-30T08:26:28Z,43,47.16981132075472,General,Description
ttgw3d06kYo,갑상선기능저하증,갑작스러운 체중 증가.. 혹시 갑상선기능저하증인가요?💡 증상·진단·치료 총정리｜내분비대사내과 전자영 교수 [아주대병원TV],아주대병원TV,5206,48,2025-09-04T08:00:55Z,328,5.582034830430798,Medical Pro,Description
45CDV0ItQZQ,갑상선기능저하증,내몸이 보내는 갑상선 이상신호🚨 갑상선기능저하증·항진증 비교해보기!,건강채널 민트TV,13505,222,2024-08-09T07:00:02Z,514,26.666666666666668,Medical Pro,Description
9bozGvu25RE,갑상선기능저하증,갑상선기능저하증.. 황미진 선생님 인터뷰 [2부],닥터조의 건강이야기,4418,218,2025-06-15T21:30:05Z,314,2.9940119760479043,Medical Pro,Description
EbDuC4QUu4g,갑상선기능저하증,[친절한양약사] 갑상선 기능 저하증 개선사례3 #자기면역질환 #갑상선기능저하증  갑상선 질환은 영양치료로 치료가 가능합니다.,친절한양약사,4375,123,2019-07-07T23:00:00Z,385,30.303030303030305,Medical Pro,Description
j0OF7lTtYl0,갑상선기능저하증,임신 중 갑상선기능저하가 온다면 어떻게 해야 할까요? 김포 연세온유외과 외과의사 남상근,남상근의 정밀진단,4365,54,2023-08-14T06:00:15Z,252,18.51851851851852,General,Description
8xnDHI53Urk,갑상선기능저하증,"갑상선 기능 저하증인데 부신 기능부터 점검하라고요? '갑상선 질환, 부신 기능부터 치료해야 합니다!'",닥터매거진,4374,183,2022-08-19T12:47:57Z,642,14.438444924406047,Medical Pro,Description
8a_2DOZnFZY,갑상선기능저하증,약국에서 듣지 못한 이야기 #33 - 갑상선기능저하증,홍약사닷컴[홍약사TV],4306,0,2019-04-11T23:30:00Z,404,32.25806451612903,Medical Pro,Description
4YsvQhQVWJw,갑상선기능저하증,갑상선기능저하증 약 부작용,이비엠TV,5894,60,2024-11-17T12:00:04Z,60,86.53846153846153,Medical Pro,Description
rfkFJLqgDbY,갑상선기능저하증,갑상선기능저하증 약 신지로이드 평생 먹어야 할까요??,닥터BTS의 유선방송,4149,502,2025-12-26T08:01:09Z,392,21.818181818181817,Medical Pro,Description
ngySgoFDRRY,갑상선기능저하증,[신생아 갑상선기능저하증] 김신희 소아청소년과 교수,가톨릭대학교 인천성모병원,4113,39,2023-03-23T23:46:36Z,1083,30.53435114503817,Medical Pro,Description
jf7wSj8jJBk,갑상선기능저하증,휴지기 탈모를 유발하는 원인 갑상선 질환 / 갑상선 기능 저하증과 갑상선 기능 항진증으로 인한 탈모진행 양상,웅선의원- 홍성재 원장 탈모교실 (웅선클리닉),4051,31,2021-11-12T06:53:39Z,221,7.638446849140674,General,Description
NINhvifNx0Y,갑상선기능저하증,"갑상선기능 항진증, 저하증이 생기면 갑상선암에 잘 걸릴까? [암팩트🍄]",고대병원,5710,65,2025-01-15T09:00:33Z,42,8.620689655172415,Medical Pro,Description
V4pgMQokrnY,갑상선기능저하증,"갑상선 기능 저하증의 치료방법, 무엇일까?",국민건강보험일산병원,5603,39,2024-10-28T05:31:26Z,58,30.303030303030305,Medical Pro,Description
HaZfAS5N7lI,갑상선기능저하증,갑상선기능저하증에 과연 씬지로이드만이 정답일까? feat. 퀴노다인에스피 EP.125 고용량요오드치료,안재현약사 시즌2,3479,100,2021-03-17T10:05:22Z,367,21.00840336134453,Medical Pro,Description
YOKzBUHeHqQ,갑상선기능저하증,[내 몸의 호르몬 밸런스] 5. 갑상선 기능저하증은 평생 치료해야 하나요?,내 몸의 호르몬 밸런스,3481,113,2020-05-07T09:30:32Z,637,28.07017543859649,General,Description
reOCKhI4aBw,갑상선기능저하증,갑상선에 좋은음식 vs 피해야할 음식 3가지,남상근의 정밀진단,3430,80,2025-09-29T09:08:37Z,295,2.6761819803746656,General,Description
khL-NTZSDh8,갑상선기능저하증,"""갑자기 몸무게 10kg 쑥쑥! 갑상선기능저하증 치료"" 갑상선 질환 85%가 60대 여성, 식욕부진으로 몸에 힘이 없고 피곤, 냉증, 손 발 저림 시림에 줄기세포한 70대 치료사례",루이빈치과 류지헌,6214,87,2025-09-10T02:42:43Z,52,7.08502024291498,General,Description
T1shOg6Lz8Q,갑상선기능저하증,갑상선 기능 저하증| 아무리 운동을해도 살이 빠지지 않던 이유! 갑상선 호르몬 증진 방법!,메디컬티비,3240,32,2022-04-26T08:00:13Z,230,30.837004405286343,General,Description
JHqEKgGK_Cs,갑상선기능저하증,"갑상선 기능저하증, 이렇게 시작됩니다",지식쏙쏙,12664,13,2025-12-02T11:00:40Z,6,6.756756756756757,General,Description
Cd_LcuHcNkc,갑상선기능저하증,"TSH가 높으면 어떤 문제가 생길까요? //TSH,T3,T4 의 이해와 갑상선기능저하증 설명",갑쌤,3351,73,2025-06-13T04:06:50Z,551,17.569546120058565,General,Description
5BRwCbODdB8,갑상선기능저하증,갑상선기능저하증 치료 늦으면 위험한 이유 (feat.하시모토갑상선염),이비엠TV,4737,51,2024-12-05T12:00:06Z,57,31.57894736842105,Medical Pro,Description
FmIz9AwGgcs,갑상선기능저하증,"갑상선기능저하증 증상 및 갑상선기능저하증 원인 , 합병증",이비엠TV,3075,77,2024-10-30T12:00:15Z,566,20.361990950226243,Medical Pro,Description
n38x5AGJX3c,갑상선기능저하증,갑상선기능저하증 치료 시그널,이비엠TV,4229,31,2024-12-03T12:01:03Z,51,58.8235294117647,Medical Pro,Description
AQeopwjXp70,갑상선기능저하증,"임신중, '갑상선 기능저하증' 태아에게 미치는 영향",삼성미래여성병원TV,3006,33,2021-12-05T23:00:03Z,271,7.299270072992701,Medical Pro,Description
a46M35v-Cyk,갑상선기능저하증,갑상선 기능저하를 확인하는 방법,닥터덕 Dr Duk,6401,194,2025-05-26T15:00:00Z,64,2.155172413793104,Medical Pro,Description
hr9kqYuI-ck,갑상선기능저하증,108.강아지 갑상선기능저하증에 도움이 되는 먹거리[평생피부과동물병원],평생피부과동물병원,2794,106,2023-01-02T07:10:31Z,978,14.285714285714286,Medical Pro,Description
m0AXY5o_oC4,갑상선기능저하증,"[오.순.도.순] 갑상선기능저하증 vs 항진증｜차이점, 원인, 치료까지 한눈에!｜순천향대서울병원 내분비대사내과 박상준 교수",순천향대학교 서울병원 'Human Love',2752,27,2025-06-19T08:00:50Z,416,10.269576379974326,Medical Pro,Description
6OJcipEIODk,갑상선기능저하증,갑상선기능저하증 치료의 핵심 - 약물치료만으로는 안 된다!,이비엠TV,2944,109,2025-11-20T12:00:13Z,1778,24.417314095449505,Medical Pro,Description
Fi4HuGy6YNo,갑상선기능저하증,"갑상선 기능 저하증, 이제는 놓치지 마세요! 당신도 걸릴 수 있습니다 #shorts",건강을 전하는 아들래미,3023,35,2023-03-28T22:30:02Z,44,21.27659574468085,General,Description
46xJ4uVD8Ug,갑상선기능저하증,갑상선기능저하증의 원인 /증상/ 검사법/ 양방치료 완벽정리,갑쌤,2667,54,2020-04-10T07:24:50Z,444,21.50537634408602,General,Description
G8nhS3B-pB0,갑상선기능저하증,내분비학 개론 - 임신 중 갑상선 기능 저하증,세종성모내과 당뇨샘고고TV,2668,34,2021-03-29T07:47:59Z,265,12.987012987012989,Medical Pro,Description
pSk03l_v2TU,갑상선기능저하증,갑상선 항진증과 갑상선기능 저하증의 증상과 치료 (갑상선 위치와 갑상선 결절),헬톡멘톡,2614,34,2020-05-03T01:20:37Z,190,3.091190108191654,General,Description
Zfz0jQNVHQA,갑상선기능저하증,갑상선기능저하증 검사,이비엠TV,3836,18,2024-11-09T12:00:45Z,37,78.65168539325843,Medical Pro,Description
1GIzIDwy9Bk,갑상선기능저하증,갑상선기능저하증 다이어트 할 수 있다!! 이렇게만 하면 내 갑상샘 기능 저하증 극복!! #shorts,다이어트 꿀단지,3684,30,2023-07-27T14:00:02Z,35,17.857142857142858,General,Description
q6w4UDxy0vw,갑상선기능저하증,갑상선기능저하증 갑상선기능항진증 있을 때 혀가 더 아픈 이유,대전강남한의원,2549,31,2020-11-05T15:00:11Z,362,12.173913043478262,General,Description
uQO2rxmtMFw,갑상선기능저하증,갑상선기능저하증 임신,이비엠TV,3303,12,2024-11-11T12:01:09Z,39,23.80952380952381,Medical Pro,Description
y1oy39JxLAc,갑상선기능저하증,"불현성 갑상선 기능 저하증, 난임과 연관이 있을까요?",희망 ON AIR | 서울IVF여성의원,2422,8,2024-07-03T08:00:41Z,356,6.651884700665189,General,Description
qKU8r3oNUzo,갑상선기능저하증,"공진단, 갑상선기능저하증에 도움이 될까?!",장덕한방병원 갑상선센터,2370,58,2020-09-24T12:01:08Z,319,31.630170316301705,Medical Pro,Description
vdsf2P80Bis,갑상선기능저하증,"KNN 건강365 봉생병원, ""갑상선 기능 저하증"" 바로 알기",봉생기념병원(Bongseng Memorial Hospital),2231,11,2016-12-27T01:14:05Z,159,16.666666666666668,Medical Pro,Description
qD3iphtYekg,갑상선기능저하증,선천성 갑상선기능저하증의 원인?｜소아청소년과 이정호 교수 #shorts,순천향대학교 서울병원 'Human Love',2481,27,2023-05-25T00:59:25Z,60,38.96103896103896,Medical Pro,Description
Wo6Ot6L9Uyw,갑상선기능저하증,갑상선기능저하증이 있을 때 나타나는 확실한 증상 5가지!# #건강 #이슈 #올바른정보#shorts,건강한민영TV-건강정보 채널,4855,40,2025-05-16T15:00:59Z,43,16.077170418006432,Medical Pro,Description
Bvk9avZuRBE,갑상선기능저하증,나는 갑상선 기능 저하 때문에 피곤하고 변비가 생기는 걸까??,신의손을찾아서 ,2173,29,2024-08-04T13:00:16Z,60,30.303030303030305,General,Description
dC8L5V4gcCU,갑상선기능저하증,"갑상선기능항진증, 당신이 놓칠 수 있는 6가지 신호! #갑상선항진증 #갑상선암 #갑상선기능저하증",행복한 건강라이프,2361,23,2024-09-24T18:36:14Z,58,16.270337922403005,General,Description
7FvnpcQpc5k,갑상선기능저하증,내분비4.갑상선기능저하증,Kim nayoung,1890,42,2020-04-17T14:43:26Z,844,29.41176470588235,General,Description
PG4offPx7Ag,갑상선기능저하증,"강아지 갑상선기능저하증, 본원 치료사례💊 | 수의사가 직접 말해주는 강아지 호르몬 질환",탑스동물메디컬센터,1869,26,2023-08-15T10:30:15Z,202,36.14457831325301,General,Description
dPi8HqD379w,갑상선기능저하증,"갑상선이 안 좋을 때 증상 (갑상선기능저하, 갑상선기능항진, 내과전문의가 알려드립니다)",철수와건강,1846,85,2021-08-05T13:39:07Z,546,6.472491909385114,General,Description
hV_UAdWK1g8,갑상선기능저하증,갑상선기능저하증 임산부 약 복용 가이드라인,이비엠TV,2779,17,2024-12-07T12:00:53Z,59,38.46153846153846,Medical Pro,Description
CRPvL2tVtn8,갑상선기능저하증,갑상선기능저하증 원인,이비엠TV,2512,25,2024-11-03T12:00:12Z,60,21.27659574468085,Medical Pro,Description
pHH12F9ESw0,갑상선기능저하증,갑상선 기능저하증과 #다리시림 증상? #shorts,참하지외과 CHARM VEIN CENTER,1778,98,2023-11-29T03:00:31Z,50,34.14634146341464,General,Description
FaSJrLKqhII,갑상선기능저하증,"갑상선암, 증상? 진단 (갑상선 항진증/갑상선 기능저하증)",찐의사 tv,1731,37,2021-03-20T02:54:43Z,194,1.862396204033216,Medical Pro,Description
5_C5MsSpHhs,갑상선기능저하증,선천성 갑상선기능저하증 의심?｜소아청소년과 이정호 교수 #shorts,순천향대학교 서울병원 'Human Love',1953,29,2023-04-26T08:00:04Z,47,16.3265306122449,Medical Pro,Description
FGeCPY9C-H8,갑상선기능저하증,임신준비 중이라면 갑상선 검사해야 되는 이유 #갑상선기능저하증  #임신준비 #갑상선검사,울산대학교병원tv,2212,22,2024-05-22T02:50:05Z,39,43.47826086956522,Medical Pro,Description
vgqEgW0BbtY,갑상선기능저하증,갑상선기능저하증 영양제 효과,이비엠TV,2307,42,2024-11-26T11:01:05Z,52,13.157894736842104,Medical Pro,Description
FLRlvOYlWQQ,갑상선기능저하증,"몸이 멈춘 것처럼 느려질 때, 갑상선 기능저하증",유앤미 [부산 24시UN동물의료센터],1647,1,2025-11-16T08:40:39Z,125,18.181818181818183,General,Description
jW1CAcntO_A,갑상선기능저하증,이유 없이 자꾸 살이 찐다면 갑상선 기능 저하증을 의심해보세요!,안양 생기가득한방병원,1711,25,2023-04-04T22:52:42Z,52,14.545454545454543,Medical Pro,Description
knQaOTWveLA,갑상선기능저하증,#갑상선기능저하증#하시모토갑상선염,송도 이레한의원 ,5010,30,2025-05-13T14:05:29Z,111,17.877094972067038,General,Description
WGDtj544TIE,갑상선기능저하증,갑상선 기능 저하증 다이어트 한약 먹는다고 살 빠질까?,슬림핏한의원 [슬림핏TV],1525,19,2022-03-18T09:46:57Z,118,20.0,Medical Pro,Description
1Ld_BdqCkyg,갑상선기능저하증,갑상선기능저하증 약,이비엠TV,1993,22,2024-11-15T12:00:02Z,59,74.07407407407408,Medical Pro,Description
U7oPU9iWvP8,갑상선기능저하증,"갑상선 기능 저하증 원인과 치료방법 , Causes and Treatment of Hypothyroidism",여행은맛집,1499,2,2024-08-16T09:15:01Z,126,41.23711340206186,General,Description
wspuSAx5gPE,갑상선기능저하증,(359)갑상선 기능저하증은 몸의 대사를 조절하는 갑상선 호르몬이 부족해지면서 생기는 질환이다. [[노후에 꼭 알아두면 좋은정보시리즈]],"정말의 유쾌,상쾌,통쾌",6193,28,2025-12-10T05:20:20Z,6,6.111111111111111,General,Description
hxkowOmd7rA,빈혈,생리혈로 보는 건강신호,필약사,2182817,21998,2025-09-26T12:47:00Z,49,9.00900900900901,Medical Pro,Description
NAE7Zc2-xO0,빈혈,"""평범한 노년을 보내고 싶었는데"" 자주 피곤하고 빈혈 있어서 병원 갔더니 혈액암｜중장년을 노리는 급성골수성백혈병｜조혈모세포이식과 치료 과정｜명의｜#EBS건강",EBS 건강,807891,6823,2024-09-02T08:00:19Z,1747,15.306122448979592,General,Description
0-90FuV7Po8,빈혈,"박소현 빈혈치료 시급, '백혈병' 전조증상?  힐링의품격 16회",JTBC Entertainment,102261,507,2015-11-22T03:44:56Z,119,28.571428571428573,General,Description
KOhV28r3Vlc,빈혈,빈혈을 벗어나는 음식 6가지!! (feat. 철 결핍성 빈혈에 좋은 음식),내과식당,102441,1703,2023-02-10T10:00:10Z,388,4.225352112676056,General,Description
Ds_LhnWO8qA,빈혈,철분제보다 좋은 빈혈에 좋은 음식 4가지 #shorts #건강정보 #빈혈 #건강식단,몬스테라_건강정보,91908,1560,2023-07-30T14:02:29Z,59,4.878048780487805,General,Description
tK9LJyejv5c,빈혈,빈혈은 왜 생기는가,기역,71908,1524,2019-04-26T09:00:07Z,476,23.80952380952381,General,Description
4IPYkUa6wf0,빈혈,"빈혈, 이것 매일 드세요 [방태환 원장의 5분 건강정보]",나음힐링센터 방태환원장,44948,1845,2023-02-13T10:25:30Z,401,2.004008016032064,General,Description
7Ly_7cGE7Wo,빈혈,[노약사의 건강채널 DNA] ep1. 철결핍성빈혈을 치료하는 간단한 방법,노약사의 건강채널 DNA,40901,846,2021-08-27T11:33:17Z,581,35.97122302158273,Medical Pro,Description
uTmoC3DI6qs,빈혈,[닥튜버] 동네의사 송태호의 빈혈 1부 - 송내과의원 송태호 원장,의학채널 비온뒤,38824,815,2019-06-20T13:38:29Z,3768,6.447453255963894,General,Description
KiIlPblidyY,빈혈,빈혈이 있을때 철분제 어떤게 좋을까? 햄철vs비햄철  [약사용설명서],건강의 벗,35852,333,2022-11-16T08:00:16Z,338,10.471204188481677,General,Description
tCp7LISKb2A,빈혈,시금치 이것과 같이 드세요! 노인 넘어짐 1위 빈혈에 최고입니다!  빈혈에 좋은 음식~ #빈혈 #빈혈예방 #시금치 #시금치효능,효초TV,32541,1277,2024-04-18T21:00:35Z,52,12.195121951219512,Medical Pro,Description
wujKUYyr7dw,빈혈,피곤하다! 빈혈의 증상은?ㅣ상계백병원 혈액종양내과 유영진 교수,인제대학교 백병원,47562,573,2024-06-07T02:33:15Z,57,51.54639175257732,Medical Pro,Description
jw4psQGB35Q,빈혈,"| 리틀약사[빈혈2] 빈혈은 왜 생기는 걸까? 다양한 원인이 있다고? 철결핍성 빈혈부터 골수문제, 비타민 결핍, 만성염증, 알코올, 스트레스, 중금속까지 모두 원인일 수 있다?",리틀약사,32171,529,2019-03-28T06:08:04Z,524,11.655011655011656,Medical Pro,Description
uxmT3ph-wck,빈혈,"커피를 이렇게 마시면 악성 빈혈에 걸립니다. 커피 마시는 법, 커피 마시는 시간 #커피 #커피마시는법 #커피마시는시간 #빈혈 #악성빈혈",효초TV,31394,871,2024-05-20T21:00:38Z,57,6.980802792321117,Medical Pro,Description
nP3a-dcvywE,빈혈,나는 빈혈일까? ‘빈혈 자가 진단법’ [광화문의 아침] 444회 20170320,TVCHOSUN - TV조선,28169,161,2017-03-20T06:00:56Z,125,7.092198581560283,Medical Pro,Description
g7EpMAYxCDw,빈혈,빈혈이 싹 사라지는 기적의음식 4가지,건강보약,37438,1662,2025-01-09T23:00:30Z,104,23.529411764705884,General,Description
YXnTc0KfVhM,빈혈,"빈혈에 좋은 방법 3가지, 팩트체크🔍 | 자이홍의 건강극장 ep.72",서울대병원tv,26646,278,2021-12-28T07:00:07Z,303,27.491408934707906,Medical Pro,Description
hPFQeiVt-8k,빈혈,빈혈 예방에 좋은 철분이 많은 음식 5가지!,나는 건강인이다,33618,459,2024-04-16T04:15:01Z,44,13.88888888888889,General,Description
97EdP2sQ0_E,빈혈,방치하면 위험한 빈혈🩸 빈혈에 좋은 성분/원인질환/빈혈검사수치 알아보기!,건강채널 민트TV,22262,32,2024-01-23T08:02:51Z,122,26.17801047120419,Medical Pro,Description
0P_auH22NZs,빈혈,빈혈이 있을 때 철분 보충만 하면 안 되는 이유 / 세종충남대병원 혈액종양내과 백승우,의학채널 비온뒤,65216,49,2025-12-11T23:00:02Z,593,12.307692307692308,General,Description
FtC_1fSTduQ,빈혈,혈액종양내과 전문의가 알려주는 철결핍성 빈혈 낫지 않는 이유는? - 내과사용설명서,"성누가병원 -정형외과, 치과, 내과, 한방과",18242,362,2022-07-22T05:35:15Z,490,13.636363636363637,Medical Pro,Description
qS_heDBVupM,빈혈,‘괜찮겠지 하다가…’ 빈혈 놔두면 급성 심정지 위험 높인다 / KBS뉴스(News),KBS News,17121,127,2018-10-03T13:03:29Z,104,7.853403141361256,General,Description
nx8SCvz-bXc,빈혈,빈혈에 좋은 음식 3가지 - 50대 중년 이후 필수 건강 관리 방법,건강을 전하는 아들래미,28119,279,2024-06-22T11:45:02Z,48,6.802721088435374,General,Description
pUwQEcmAMaA,빈혈,[철분 결핍성 빈혈] 에 좋은 영양제 추천,뉴리TV Nuri TV,16008,189,2022-08-10T00:00:27Z,1013,4.448398576512456,Medical Pro,Description
gJBIndRdh5A,빈혈,"[웨비나] 빈혈 알아보기! 빈혈의 이해와 치료 / 빈혈 원인, 빈혈 증상,  빈혈 어지럼증, 빈혈 검사,  빈혈 식품, 빈혈 수혈, 빈혈치료 (삼성서울병원 장준호 교수)",KBDCA 한국혈액암협회,15340,303,2024-05-29T08:16:21Z,2398,9.803921568627452,General,Description
TTxmzX_Qiuc,빈혈,[김대영의 혈액사랑] 철결핍성빈혈의 치료-주사약,김대영의 혈액사랑,14566,340,2021-04-28T08:51:24Z,721,16.52892561983471,General,Description
IhdVHmE91kQ,빈혈,빈혈의 척도? 헤모글로빈,친절한 의사,12610,191,2022-09-06T06:00:04Z,316,6.993006993006993,Medical Pro,Description
Glydd7KCgco,빈혈,고기 안 먹어도 철분 충분! 빈혈 막는 채소 4가지   #철분 #칼슘 #건강정보 #건강관리 #시니어건강 #시니어 #빈혈,금빛인생,32853,1035,2025-08-13T06:10:59Z,19,4.065040650406504,General,Description
a4Bg6I4QP6M,빈혈,신장병으로 인한 빈혈: 빈혈도 다 같은 빈혈이 아닐수 있다,조동혁의100세 건강시대,10321,571,2024-04-30T23:33:51Z,840,33.333333333333336,General,Description
ym3MQ_S4xxM,빈혈,빈혈 쉽게 보지마세요 - 대구파티마병원 혈액종양내과 이상환 과장,대구파티마병원,9717,133,2021-11-30T06:58:55Z,1489,15.904572564612328,Medical Pro,Description
gh0NbFubzmo,빈혈,어지럼증 원인과 빈혈 진단을 받는 이유!,닥터김 능인테라피 Neung-in Therapie,9433,227,2023-08-11T01:13:14Z,55,3.076923076923077,Medical Pro,Description
oYcptvcvbBk,빈혈,"어지러우면 빈혈? '어지럼증', 원인을 알아야 낫는다! - 어지럼증 완치설명서 #01 #어지럼증 #빈혈",굿라이프,8095,207,2023-03-13T08:00:18Z,490,10.683760683760685,General,Description
U0293_4jmKQ,빈혈,철분 결핍성 빈혈을 극복하게 해준 비책,MBN News,7963,26,2013-12-13T02:11:55Z,193,4.048582995951417,General,Description
3SFh1QuLVRc,빈혈,[빈혈/수혈] 강아지·고양이 빈혈에 대한 모든 것👩🏻‍⚕️수혈이 필요한 응급 상황은? 강아지와 고양이도 혈액형이 있을까? #강아지수혈 #고양이수혈,24시 루시드동물메디컬센터,7584,57,2025-06-25T09:15:00Z,275,4.550264550264551,General,Description
rizhKr2JS8M,치질,치질에 걸리는 과정 애니메이션/How Hemorrhoids Happen | Human Body Explained (Animated),끼르마,4159209,11613,2025-02-04T09:00:59Z,195,1.5552099533437014,General,Description
0ZXkC3ODjQM,치질,"[치센 2025 TV-CF] 먹는 치질약 치센, 그 차이를 경험해보세요. (이성민)",동국제약,3063271,48,2025-09-22T00:48:36Z,16,16.666666666666668,General,Description
E0d_eSOTLd4,치질,"치핵, 외치질, 내치질 절대로 수술하지 마세요 : 닥터U의 ' 치질 완치훈련 '",닥터U와 함께,1199298,22375,2016-06-09T23:08:42Z,920,6.289308176100629,Medical Pro,Description
MhV6iFTL8z4,치질,[몰카] ENG/CN) 같은날 치질수술 포경수술한 부랄친구를 본다면? ㅋㅋㅋ 영상 안보고 웃긴건 무엇?! ㅋㅋ 이건 반칙이지! 거의 웃참용 제목이잖아! ㅋㅋ,낄낄상회,962152,25738,2020-12-25T05:00:05Z,330,20.6896551724138,General,Description
yT8YuDEFdiM,치질,치질을 수술 없이 극복할 수 있는 치질약 2가지 꿀 조합이 있습니다~ (혈관을 보호하고 강화시키는 치질 예방 핵심 성분은??),약사가 들려주는 약 이야기,906111,14668,2022-10-21T10:00:43Z,696,22.488755622188904,Medical Pro,Description
4NaeaFGk8aA,치질,딸기 팝콘(?)이 가득했던 가인이의 치질 수술 썰,예랑가랑,895621,10102,2022-11-05T03:26:48Z,1452,4.158004158004158,General,Description
p1EFOK9V81I,치질,"강남, 10년을 기다려온 치질과 이별의 순간! | 동상이몽2 - 너는 내 운명 | SBS Enter.",SBS Entertainment,858049,2976,2020-01-13T15:31:43Z,197,3.154574132492113,General,Description
uP2VYIdmaQ0,치질,변의를 느끼면 바로 화장실에 가야 하는 이유는? 명의가 알려주는 치질,EBS 컬렉션 - 사이언스,684605,2665,2022-03-18T11:00:40Z,449,8.0,General,Description
wWCVMfu5IOQ,치질,치질: 집에서 할수있는 간단히 예방과 치료법,조동혁의100세 건강시대,609603,11574,2018-09-26T07:48:59Z,592,14.018691588785046,General,Description
tIC_AB7koFs,치질,"먹는 치질약 치센, 과연 효과있을까?🤔 (+ 치핵 관리 꿀팁 대방출) - [광분하는 의사들 13화]",나는의사다,496936,3552,2020-12-09T10:00:14Z,428,11.737089201877934,Medical Pro,Description
D6kEQfGCEWM,치질,치질과 구별되는 직장암 증상,상쾌한항외과,344644,1588,2020-09-08T03:24:14Z,248,19.00237529691212,General,Description
eyKZzgJEr5c,치질,치질약 총 정리 + 정약사의 치질 셀프치료 후기 공유합니다.,정세운약사의 건강나눔,338081,7286,2021-05-01T03:48:43Z,544,25.16778523489933,Medical Pro,Description
Nl3ul7nXINE,치질,"강남, 10년간 수술하기 두려워서 묵혔던 치질 | 동상이몽2 - 너는 내 운명 | SBS Enter.",SBS Entertainment,317000,1175,2020-01-13T15:22:23Z,159,5.797101449275362,General,Description
WbrWIVVGh_8,치질,치질수술 리얼후기...14일간의 기록 (수술비 / 통증 / 치핵3기),누룽지nooroonggee,282703,0,2023-03-19T01:17:13Z,1985,1.1111111111111107,General,Description
aPFMm1wBTuM,치질,"[LIVE] 홍혜걸, 치질수술 생생후기 대공개!",의학채널 비온뒤,228335,5934,2021-12-04T06:44:14Z,5798,8.018018018018019,General,Description
iiCEhVtW4Eg,치질,"치질 없애는 방법| 치질, 변비 사라지고 엉덩이 피부까지 매끈해지는 과학적 힐링법|브레인트레이너 이교수의 힐링가이드",일지의 브레인TV,219634,4729,2023-09-13T23:45:09Z,284,6.279434850863423,Medical Pro,Description
XIXS4rIRcMc,치질,극한의 고통 치질수술 후기 | 멈추지 않는 먹방 | 수술 비용 | 실손 보험,폭간트,210582,3245,2022-11-02T10:30:07Z,1443,12.456359102244388,General,Description
kOR4mNlfEWg,치질,치질(치핵) 간단한 자가치료 방법. (+치센 쓰면 안 되는 이유) #shorts,정세운약사의 건강나눔,257210,3366,2023-03-30T03:45:52Z,47,8.281573498964804,Medical Pro,Description
bB_ZqDJ6ing,치질,국민 절반 이상이 겪는 '치질' 속 시원한 해결법 달콤한 정보쇼 꿀단지 15회,JTBC Entertainment,164031,391,2014-07-17T02:16:04Z,340,16.233766233766232,General,Description
v5jeM7AltaY,치질,나의 치핵은 어느 단계일까?,의사TV,154185,493,2020-03-13T05:00:29Z,158,30.136986301369863,Medical Pro,Description
quMHNEwKrts,치질,혈변이 생길 때 대장암과 치질 쉽게 구분하기 #shorts #대장암 #치질,굿닥터인부산,225039,1507,2024-05-17T05:33:54Z,43,4.184397163120567,Medical Pro,Description
MlmoUUl5st0,치질,치질 자연치료 꿀팁,어디아파?,179241,0,2023-08-01T07:21:07Z,55,73.17073170731707,General,Description
KhWOsRVuE8U,치질,생활 습관만으로 치질을 치료 할 수 있다?! 약이 되는 정보 꿀단지 32회,JTBC Entertainment,152549,873,2014-11-22T12:14:21Z,119,7.220216606498194,General,Description
b7tPeA7UIe0,치질,항문에 혹같이 뭔가 만져져요! 치핵 치질 증상 단계별 치료법?,뉴고려병원공식유튜브,152269,627,2019-06-24T05:18:18Z,146,14.705882352941176,Medical Pro,Description
dBk5bOtXeUA,치질,"치질 수술 안 하고, 그냥 살면 안 되나요?",대항병원,243937,728,2023-07-31T01:37:41Z,29,53.38078291814946,Medical Pro,Description
N8sA6q3Sr80,치질,치질수술 후 올바른 관리법,centum중앙항외과,126029,1591,2022-06-17T08:00:11Z,434,64.22018348623853,General,Description
70nVb8-MvYA,치질,"치질 / 함익병피부과 함익병, 서울양병원 대장항문외과 양형규",의학채널 비온뒤,125388,3081,2023-08-12T14:05:28Z,7121,10.703933747412009,General,Description
ZCIWr-JhJpg,치질,#치질수술 꼭 해야 하는 이유 (feat. 그림),서울지에스항외과,127404,488,2023-04-27T03:32:33Z,45,14.705882352941176,General,Description
a6XR1TziOSo,치질,치질 환자를 위한 한 가지 노하우(홍혜걸 박사),의학채널 비온뒤,115651,1692,2021-12-11T03:00:01Z,280,9.753086419753084,General,Description
qIe25rVJRcM,치질,[엉덩이대장] 의사가 말하는 치질 수술 시기 (크기가 큰 치핵도 수술하지 않아도 된다고?!) #shorts,엉덩이대장,127209,692,2023-01-30T09:00:22Z,29,31.25,General,Description
PXmSTwtNtSE,치질,치질수술 꼭 해야 하나요? / 치질 방치 괜찮은가? / 치질 치료 시기는?,의사TV,106029,567,2019-04-26T07:52:41Z,204,25.89641434262948,Medical Pro,Description
OJU4zny_t08,치질,항문 비누로 씻으세요? #1분건강,서울대병원tv,3065373,31144,2024-04-30T22:45:00Z,30,24.69135802469136,Medical Pro,Description
jrCaQTwEHcA,치질,"치질(치핵), 자연치유가 가능할까? OX퀴즈로 알아보는 ‘치핵‘!",한림대학교의료원,274146,1012,2021-08-10T01:58:47Z,241,28.571428571428573,General,Description
NxpJ4Jn6sFU,치질,꼭! 수술이 필요한 치핵&치질 종류ㅣ아이패드 그림으로 알아봐요!ㅣ서울GS항외과,서울지에스항외과,97807,599,2022-12-02T08:19:49Z,288,19.91150442477876,General,Description
_yfaTPjFgsw,치질,치질(치핵) 꼭 수술해야한다? / YTN (Yes! Top News), YTN,97097,289,2017-02-13T00:15:48Z,149,17.508038585209004,General,Description
7P4MfSCu-Oo,치질,"치질 수술 주의사항? 입원, 수술 후 관리 치질수술에 대한 모든 것! 강동구 치질수술, 강동구 거상치질수술, 강동구 치질병원, 거상치질수술",세상을 바꾸는 지식,96042,597,2021-07-30T06:28:55Z,223,41.86046511627907,General,Description
aMD9zvyrGWY,치질,요즘에는 치질 수술을 어떻게 하나요? 최신 치질 수술법,건강의학전문채널 하이닥,95179,566,2020-12-02T07:34:07Z,444,13.72549019607843,General,Description
MzARRkh_KRk,치질,치질.. 진작에 이렇게 할걸. 이 영상 안보면 치질 평생 갑니다 [식이섬유 15부],닥터쓰리 - 한미일의사의 쉬운 의학,91869,5723,2025-10-22T06:00:30Z,594,3.285870755750274,Medical Pro,Description
aorQsrsU4oA,치질,"74_치질약, 좌약이 좋을까? 연고가 좋을까? I 치질약 선택법 l 약먹을시간",약먹을시간,90921,878,2020-02-20T09:00:01Z,509,32.88490284005979,General,Description
NoM7SR-Xqik,치질,"치질, 항문 수술 후 관리 및 주의사항 롱~~버전!! [식사편] 치질수술 후 술, 고기, 커피 등등... 먹어도 될까요?",엉덩이대장,91353,1273,2022-05-04T22:00:14Z,510,1.3960113960113958,General,Description
_a8MX_Vu9AA,치질,"[치질약] 치핵 치질증상, 치질치료법, 치질연고 - 꼭 봐야할 약사 설명 - 치센, 푸레파인, 헤모렉스, 렉센",약사설명 약짱TV,89064,1305,2021-04-10T22:50:44Z,773,21.05263157894737,Medical Pro,Description
lWIDX4vMVCM,치질,[치핵] 치질에 대한 오해와 진실 | 치질수술 생각보다 안 아픕니다,"대장항문전문병원, 한솔병원TV",87441,723,2023-05-16T02:30:18Z,387,54.42176870748299,Medical Pro,Description
Jd7OK9Z07VY,치질,치질 수술 웬만하면 안 하시는 게 좋습니다. #shorts #치질 #치질수술,엉덩이대장,133493,671,2024-02-28T10:30:15Z,36,1.9267822736030829,General,Description
FFAkpd49-zk,치질,말 못할 고통 치질! 치질약은 어떤 걸 먹어야 할까? [약사용설명서],건강의 벗,72436,1368,2022-07-13T08:00:05Z,316,25.17985611510792,General,Description
Vaf_QTnLXwQ,치질,치질 수술을 하면 항문에서 벌어지는 일들 | 관리법과 항문에서 고슴도치가 나온다고 느껴지는 이유,응꼬형,72613,1293,2023-09-03T07:00:11Z,585,22.6243093922652,General,Description
f1SD7NTQfnU,치질,"""치질, 재발 걱정 끝!"" l 명의가 알려주는 확실한 치료법 l 치핵·치루·치열 완전 정복! l 대항병원 김도선 원장""",대항병원,65375,903,2025-02-13T02:56:51Z,1933,13.520499108734402,Medical Pro,Description
CzJ1Nu2bVjQ,치질,골반저근 키우고 치질 예방하자! 집에서 쉽게 따라 하는 '케겔 운동'   | 행복한 아침 972 회,play 채널A,61524,633,2022-11-18T04:26:10Z,219,10.989010989010987,General,Description
4WBOuUlSlVU,치질,치핵? 치열? 치루? 항문질환의 종류와 수술법 | 치질 수술을 하면 괄약근이 약해지나요..?😨-[나는의사다 990회],나는의사다,60767,481,2022-07-07T10:00:04Z,742,27.88844621513944,Medical Pro,Description
5JRBetku5qw,치질,"치질 수술 후 ""통증"" 주의사항 롱~~ 버전! [통증편]  치질수술 후 통증에 대한 두려움! 이젠 안녕~",엉덩이대장,59580,824,2022-04-02T22:00:01Z,866,4.22475106685633,General,Description
Tiz771v_iLY,치질,치질 수술 후 상처 회복 기간 !! | 청주항문외과,외과의사오세헌TV (서울아산항외과),59847,482,2022-12-15T05:00:09Z,266,19.02748414376321,Medical Pro,Description
UqhjsXOfkec,치질,항문 지키는 올바른 비데 사용법 #1분건강,서울대병원tv,66070,701,2024-04-30T10:15:30Z,55,24.09638554216868,Medical Pro,Description
lt0BHOi_LZU,치질,치질로 항문외과 방문하면 이런 검사가 진행됩니다.,어디아파?,58006,89,2023-04-12T09:00:23Z,112,29.895366218236173,General,Description
HegQ3TDjlWw,치질,"치질 수술 꼭 해야 할까 고민이라면, 이런 분은 수술 하지 마세요!",응꼬형,57149,999,2024-01-21T07:00:07Z,389,5.75268817204301,General,Description
qyn7aliDWWk,치질,"치질, 수술해야 하나요?",건강의학전문채널 하이닥,55991,361,2020-10-23T07:00:06Z,318,15.54794520547945,General,Description
V14rjIDYWCQ,치질,치질수술 절대 함부로 하지마세요. 치질을 수술없이 극복하는 방법. 치질 있다면 꼭 봐야할 영상.,교육하는 의사! 이동환TV,55819,744,2023-07-07T11:00:25Z,1022,4.2024539877300615,Medical Pro,Description
ZEurkeheW60,치질,치질 수술은 아프다?,EBS 건강,81522,455,2024-12-17T23:00:23Z,56,10.526315789473683,General,Description
-T7IWDvJ2lE,치질,"치질, 치핵, 치루 있다면 꼭 보세요!ㅣNo광고 No협찬ㅣ치센정, 치쏙정, 디오맥스정",시기월드,54284,924,2021-08-09T02:17:53Z,334,9.084507042253522,General,Description
i4TrzlZ5H_c,치질,치질! 항문질환! 좌욕은 어떻게 해야되나요?【feat.건대성모외과】,하이닥터장 Hi Dr. CHANG,54047,324,2022-10-06T00:59:44Z,166,17.75147928994083,Medical Pro,Description
02KPmPkZNQs,치질,비타민 - 문제적 항문 질환 치질의 정확한 증상들.20160519,KBS Entertain,54494,148,2016-05-19T12:53:51Z,89,47.61904761904762,General,Description
f2bkzLjM-Hw,치질,치질..이 방법으로 완치도 가능해요! 꼭 해보세요!,닥터 윌리엄 킴 Dr.William Kim ,64338,806,2023-06-30T15:40:18Z,57,22.55639097744361,Medical Pro,Description
Ss8DqEnAhEA,치질,"'말할 수 없는 비밀, 치질이란? | 항문질환 | 치질 | 치열 | 치핵 | 치루 | 명의 | #EBS건강",EBSDocumentary (EBS 다큐),48288,250,2024-12-11T01:00:18Z,255,21.27659574468085,General,Description
ZMCf48tpExg,치질,"치핵, 치루, 치열이란? / 항문질환의 종류와 치료법은?",의사TV,47044,359,2019-04-19T01:42:56Z,244,24.344569288389515,Medical Pro,Description
oVrNtVSvFLk,치질,"치질, 치핵, 치루, 치열 어떻게 다를까? [의사결정] #shorts",CBS 경제연구실,73521,294,2024-04-27T00:00:31Z,40,5.432098765432098,General,Description
Jk2o8SLZmxc,치질,나는 치질(치핵) 몇 단계일까? 치질 자가진단 해보기!,TV웰니스,50331,299,2022-08-09T00:04:24Z,58,32.25806451612903,Medical Pro,Description
pwO3vO8kl98,치질,치질수술과정살펴보기,어디아파?,73163,0,2023-11-10T09:33:00Z,33,62.5,General,Description
6lzcQZN9RkY,치질,어느 정도 피가 나와야 혈변이라고 하나요?,대항병원,58164,340,2023-05-25T06:31:32Z,52,28.80658436213992,Medical Pro,Description
Ya_36p4eXxQ,치질,"치질, 무조건 수술해야 하나요? | 홍혜걸의 인사이트 인터뷰 요약 (기쁨병원 강윤식 원장)",의학채널 비온뒤,40345,696,2021-09-14T21:00:12Z,705,2.4223602484472053,General,Description
GsiNuVgS1jo,치질,치질좌약 변비좌약 제대로 넣는 법 확실히 정리해 드립니다.,초꼬약사 TV,40470,238,2022-08-07T12:02:45Z,671,21.27659574468085,Medical Pro,Description
5v7e3hNjMKU,치질,항문에서 피가?  치질?치열? 대장암?,centum중앙항외과,35755,347,2022-08-05T08:30:02Z,371,12.34567901234568,General,Description
CW6Rrzr7Vkw,치질,혹시 나도 치질? 가장 흔한 치질 증상들 알려드립니다. #shorts #치질 #증상,엉덩이대장,50459,241,2024-02-16T10:00:07Z,33,1.9723865877712032,General,Description
yGWR2a3gZv4,치질,치질 수술 얼마인지 항문외과 의사가 직접 알려드려요! ㅣ 병원마다 수술 비용이 다른 이유,응꼬형,35038,613,2024-04-07T08:00:26Z,480,22.6243093922652,General,Description
4ifj1hiCzJc,치질,고통스러운 치질 수술 후기(약 2주일간 과정),은근 관리하는 남자,34664,296,2023-08-14T03:00:02Z,1122,9.803921568627452,General,Description
ku6be90JRxg,치질,"치루 수술 후 관리와 증상, 치질과 다른 점은? 치루 수술 후 운동법 소개",의사TV,33978,172,2019-10-31T06:21:07Z,128,28.571428571428573,Medical Pro,Description
5Gv4otvxVuQ,치질,항문에서 무언가 튀어나왔나요? 치핵의 대표 증상 알아보기! #shorts,순천향대학교 서울병원 'Human Love',47164,177,2024-12-16T08:00:04Z,42,47.61904761904762,Medical Pro,Description
S3NrZeQsQ3c,치질,"치질 좌약, 치질 연고 사용법, 그것이 알고싶다!",치질대장,33768,333,2023-04-19T08:27:24Z,501,30.65134099616858,General,Description
xM8RbyK1v5E,치질,올바른 좌욕 방법 #좌욕 #치질 #치핵,365일 내 몸 정비소,37902,239,2023-12-14T05:16:56Z,60,45.11278195488722,General,Description
NVWSj4LMATI,치질,요가마님 [ 치질 요가 ] [ 치질 완화 요가 ] 골반 혈액 순환ㅣ항문 탄력ㅣ배변 개선ㅣ장기 마사지,이안요가,33126,708,2021-04-09T09:49:33Z,569,8.379888268156424,General,Description
jeIiYcUW2zY,치질,치질약 치센! 우리가 몰랐던 3가지 사실,약드라이브,32547,311,2022-08-24T10:00:28Z,423,45.45454545454545,General,Description
B_dSeEu4b0w,치질,"#치질연고 어떻게 발라요?, #항문연고 종류와 사용법",365일 내 몸 정비소,32026,418,2024-01-03T00:23:11Z,719,19.148936170212767,General,Description
K5Md5UBaq_I,치질,치질에 좋은 음식은? / 변비에 좋은 음식 / 장 건강을 도와주는 식품,의사TV,28915,316,2019-04-19T07:23:39Z,126,7.776049766718507,Medical Pro,Description
msP6mU3qa4U,치질,"치질의 원인, ‘이것’만 고치면 된다고?",한림대학교의료원,28663,196,2021-05-14T01:54:46Z,205,18.181818181818183,General,Description
Msv4RYwdSgg,치질,출산 후 치질 수술 2박3일 입원❤️‍🩹 | 면도칼 싸는 느낌🥵 | 응꼬에서 불나요🔥,wanda show,28029,468,2025-01-22T07:00:16Z,1143,5.416666666666666,General,Description
dgMWREl3prg,치질,치질 수술! 이 영상 보기전엔 하지 마세요! l 항문외과 의사가 알려주는 나에게 맞는 치질 수술법!,응꼬형,28106,446,2024-02-18T10:53:03Z,399,12.391304347826086,General,Description
sdgEI2FObAM,치질,🔥필수시청🔥아이패드 그림으로 보는 치질수술방법 | 항문질환 수술 어떻게 하나요? | 서울GS항외과,서울지에스항외과,27975,236,2021-12-29T05:19:55Z,257,20.40816326530612,General,Description
wGVGa6tMRpA,치질,[#밥친구] 일급 비밀 발각됨🚨 치질 때문에 극심한 고통 받은 정조의 X구멍까지 보게 된 치질 전문 의사ㅋㅋㅋ | 천일야사 189 회,채널A WORLD,27872,186,2024-06-19T08:00:30Z,3365,5.9523809523809526,General,Description
9ciS3rbMGPE,치질,[푸레파인] 푸레파인 올바른 사용방법,일동제약 그룹,27455,130,2023-03-15T09:00:52Z,176,38.70967741935484,General,Description
AJk9llKjc3k,치질,치질=도넛방석은 국룰이다? #shorts,봄날의외과,31783,167,2021-08-24T07:10:33Z,25,35.08771929824562,General,Description
DW2Y4GOy_-g,치질,(난이도 매우 쉬움) 치질 좌욕 이대로 3분만 투자하세요,생활건강 연구소,28670,111,2024-07-24T08:34:38Z,59,16.348773841961854,General,Description
Hpl1IxcboHk,치질,"추운 날씨에 심해지는 치질…""화장실서 스마트폰 피해야"" [MBN 뉴스센터]",MBN News,23555,69,2023-02-11T11:34:36Z,125,3.498583569405099,General,Description
RbUcUcoJOfE,치질,치질수술 하면 변실금이 생길까? ｜치열수술 후 변실금 발생 연관성은?,의사TV,22358,127,2019-07-16T08:58:48Z,197,18.484288354898336,Medical Pro,Description
2H_t_WymBls,치질,방치하지 말자! 치질의 치료법과 예방법은? / YTN (Yes! Top News), YTN,21239,70,2016-09-17T02:13:35Z,160,11.773162939297125,General,Description
yOa2te7LBmc,치질,치질에 좋은 운동,치질보는 한의학박사 모사언원장,24880,306,2023-05-11T02:00:20Z,60,27.77777777777778,General,Description
VYxrNFcfzJ0,치질,"[수원항외과] 치질수술 가격, 비용?💵 정확히 알려드립니다!",우리동네 외과의사,21161,236,2023-01-31T06:00:10Z,164,28.391167192429023,Medical Pro,Description
sI9a5gInNss,치질,항문에서 피가?! - 1편,백발백중_닥터신,33545,179,2023-10-21T08:04:00Z,60,7.142857142857143,Medical Pro,Description
UGWJOFpWx04,치질,30대 남자 치질 수술. 2박 3일 입원 후기.,로이투데이 RoyToday,20474,138,2024-10-12T01:00:25Z,667,13.633540372670808,General,Description
vCzGQ4oZTYc,치질,치질약 디오스민은 왜 점심 저녁때 한 알씩 먹어야 할까?,약사 이진수💊,31130,146,2024-07-17T15:05:31Z,53,115.3846153846154,Medical Pro,Description
JKuzGcKEYkQ,치질,치질 수술 후 거즈교환하는 방법❗ #대항병원 #치질수술 #치질명의,대항병원,33968,161,2025-04-09T02:46:13Z,56,25.76112412177985,Medical Pro,Description
PG__UMb8JG4,치질,혈변이 나오는데 치질? 대장암? 구분하기 #shorts,삼성서울병원,37878,118,2025-03-31T06:00:23Z,58,64.51612903225806,Medical Pro,Description
lZkkFHS0U6A,치질,치질 수술 후 도넛 방석 사용 필수 인가요... 도와주세요 선생님!!,봄날의외과,19539,74,2021-07-30T05:35:22Z,134,17.793594306049823,General,Description
9oTjFKyBxz0,치질,치질이 잘 생기는 사람 특징은? l 치핵을 예방하는 방법,의사TV,18860,162,2020-02-07T08:19:07Z,142,22.14022140221402,Medical Pro,Description
LMVCcIcox1o,치질,3년간 달고 산 치질수술 Real 후기 #치질수술 #치핵,365일 내 몸 정비소,18846,118,2024-03-13T08:47:19Z,529,40.16722408026756,General,Description
Y1Lsol1FltQ,치질,[엄마약방] 치질!!수술없이 약으로 완치하기 #치질 #치센,엄마약방 Mom's Pharmacy,24877,133,2024-02-21T09:30:10Z,36,57.142857142857146,General,Description
OOSl81GsRhc,치질,치질 수술 후 이렇게 관리하셔야 합니다. #shorts #치질,엉덩이대장,28988,180,2024-04-03T10:00:30Z,57,1.941747572815534,General,Description
EbBLh_spe64,치질,치질 수술 재발 없이 고통 끝내는 가장 확실한 관리 방법!! #치질수술 #치질재발 #치질합병증,응꼬형,17771,385,2023-12-31T10:00:13Z,449,16.164021164021165,General,Description
vJsKhj_7p6k,치질,"치질(치루, 치열, 치핵)에 좋은 것과 나쁜 것 | 자이홍의 건강극장 102화",서울대병원tv,17376,246,2022-08-23T02:32:37Z,470,28.49002849002849,Medical Pro,Description
daYx_AM7rkU,치질,치질 자연치유 치료법ㅣ 의사들도 알려주지 않는 자가 치료 방법 그 원리를 파헤쳐 드립니다.,실버피디아,29573,195,2024-06-20T23:15:02Z,39,47.97047970479705,General,Description
pm7xmuWXPiQ,치질,치질 재발 잦은 이유는 무엇일까?│치질 재발 막는 수술법 공개,의사TV,17116,107,2020-03-30T00:57:33Z,141,34.05572755417957,Medical Pro,Description
kKs8VWaKE8c,치질,[엉덩이대장] 의사가 말하는 치질수술에 대해서 #shorts,엉덩이대장,17992,132,2023-01-31T09:00:21Z,25,47.61904761904762,General,Description
FdQE-2cja8I,치질,치질의 전조증상,어디아파?,21280,0,2023-07-07T15:00:11Z,46,34.48275862068966,General,Description
YBpNcI6C6ik,치질,공포의 화장실🔥 | 치질 100만 시대🤦🏻‍♀️  | 응꼬 부어서 못걸음... 살려줘😔,wanda show,16862,359,2025-01-30T12:16:49Z,858,9.25925925925926,General,Description
DTkLmhbS7B8,치질,[엄마약방] 심각한 치질~수술없이 치료가능한 치질약 꿀조합 추천!! / 치센만으로도 잘 안 낫는다면?,엄마약방 Mom's Pharmacy,16356,250,2022-11-24T23:15:00Z,285,25.0,General,Description
hGvjnlDsm6A,치질,"[오.순.도.순] 남 몰래 아파하던 고통, 항문 질환 ""치질-치핵""에 대한 모든 것!｜순천향대서울병원 외과 송영민 교수",순천향대학교 서울병원 'Human Love',16433,39,2024-12-05T08:00:28Z,320,20.887728459530027,Medical Pro,Description
O5mFDenq4YQ,치질,"치질검사, 항문외과 처음가면 어떻게 진행될까?",어디아파?,16271,58,2022-12-05T05:42:03Z,127,20.887728459530027,General,Description
Lio4enY5Wt4,치질,치질 자연치유가 가능할까? 3분만 ㅣ수지항외과,수지항외과,16279,89,2023-03-20T15:00:20Z,156,8.528784648187633,General,Description
vM2yzqGyLQk,치질,치질 수술 후 대변 보는게 무섭습니다 ! ㅣ청주 서울아산항외과,외과의사오세헌TV (서울아산항외과),16081,112,2023-04-17T15:00:45Z,252,20.242914979757085,Medical Pro,Description
xF3AIqBC85c,치질,좌약 넣는 꿀팁 1분컷! #치질 #약사 #좌약넣는법 #꿀팁,초꼬약사 TV,31102,113,2025-07-04T03:49:41Z,41,29.53586497890296,Medical Pro,Description
MUjnrNMczLI,치질,대장항문병원 문전약국 약사가 추천하는 치질약은 다를까? #shorts,초꼬약사 TV,22340,110,2024-04-04T13:41:00Z,49,37.03703703703704,Medical Pro,Description
2AUQqfQe-bY,치질,항문출혈 치질이원인? 대장암이원인?,상쾌한항외과,15106,75,2021-09-01T07:46:57Z,197,3.211991434689508,General,Description
gbBUX0C9zsM,치질,안아픈 치질수술은 없나요? 모형으로 보여드립니다^^ #shorts,하이닥터장 Hi Dr. CHANG,17433,88,2023-05-12T10:00:27Z,38,8.19672131147541,Medical Pro,Description
OPe-N6EYEoY,치질,병원에서 자세히 안 알려주는 치질 수술방법! 외과의사가 직접 알려드려요!,응꼬형,14952,300,2024-02-25T10:53:11Z,381,24.239766081871345,General,Description
hQJVPkvr4vA,치질,[2022 엉덩이대장 명장면] '대장VS마왕' 치질수술 해?! 하지마?! #shorts,엉덩이대장,15163,88,2022-12-29T04:23:21Z,56,24.793388429752067,General,Description
l85d1021t8A,치질,"항문 주위 고름, 치루의 증상일까?😲😮 #치루 #치루수술 #치루란 #치루증상 #치질치루 #치핵치루",기쁨병원,28180,77,2025-04-03T07:45:06Z,44,52.63157894736842,Medical Pro,Description
Zw1pcoMGhwI,치질,[서울송도병원]황도연 부원장님 인터뷰_치질이라는 질병의 엄밀한 정의는? 항문 통증을 없애는 세 가지 요인은?,서울송도병원,14835,165,2020-01-21T06:38:28Z,329,39.37007874015748,Medical Pro,Description
K9wCP8ixApk,치질,치질 수술 하기 전에 꼭 보세요..!!️(치질/항문질환 수술 전 주의사항),대장내시경은 역시 서울항외과의원,14108,82,2023-08-08T02:36:58Z,157,18.51851851851852,General,Description
52JSG2FgbVs,치질,항문은 제발 이렇게 씻으세요. 치질 걱정 끝! 항문 건강 지키는 올바른 씻는 법 #건강 #건강정보,건강넘치게,35992,465,2025-06-27T06:00:08Z,20,7.413509060955519,General,Description
z6vuEo6arUE,치질,"임산부 치질, 어떻게 해야할까? 관리와 치질수술에 대하여ㅣ임산부 꿀팁!",의사TV,14088,103,2020-01-22T05:19:33Z,229,7.232415902140673,Medical Pro,Description
dUcY6P6fH6M,치질,치질 안 걸리는 비데 사용법 [의사결정] #shorts,CBS 경제연구실,19322,62,2024-05-02T06:34:22Z,33,4.285714285714287,General,Description
KCGz2RjSojg,치질,치질수술 꼭 해야할까?,어디아파?,15995,0,2023-07-24T15:00:14Z,58,47.61904761904762,General,Description
mRd70_xmb2E,치질,치질과 헷갈리기 쉬운 직장암! 이 증상이 있다면 의심해보세요!,서울대 보라매병원,16300,79,2024-06-26T10:30:15Z,53,37.9746835443038,Medical Pro,Description
hGzDmcfSZwM,치질,"리얼 치질 수술 후기(3일차~5일차 브이로그)운동금지6일째, 안아프다면서!!!hemorrhoids surgery review day ,No exercise on day 6",연변마델,12876,68,2024-02-18T10:15:02Z,608,3.426966292134832,General,Description
KlMk9Sj3ODI,치질,약국에서 살 수 있는 치질 치료약! 치지래과립!,꼬기약사TV,18701,72,2024-03-23T07:10:22Z,30,45.60260586319218,Medical Pro,Description
ATb629UXm3M,치질,이 자세 10초면 치질 탈출할 수 있어요,백세역전,17846,161,2023-08-25T07:00:06Z,44,4.166666666666667,General,Description
CdkYqIyyYCw,치질,⭕️치질 고민 이제 끝!!!⭕️,강남맘약사,20600,143,2025-01-14T04:56:53Z,18,16.025641025641026,Medical Pro,Description
mg5nEtrZLFM,치질,#치질수술 후 변의가 올라오는 데 변을 보지 못하는 이유..!!,방외과,11152,36,2023-03-03T09:52:58Z,43,2.100840336134454,General,Description
eAQbJsx2XUI,치질,안 아픈 치질 수술은 없는 걸까? #shorts,하이닥터장 Hi Dr. CHANG,16408,75,2023-08-25T10:00:40Z,38,16.129032258064516,Medical Pro,Description
93iGsbEjY1E,치질,치질 수술 후 빨리 회복하려면? - 2편,어디아파?,14293,91,2023-04-09T09:00:04Z,58,28.95322939866369,General,Description
qh2oDXH98A4,치질,PPH 수술? 잘 알아보고 수술 받으세요 #치질 #치질수술 #치핵 #치핵수술 #치질증상,TV웰니스,15099,62,2024-08-07T05:44:12Z,49,16.438356164383563,Medical Pro,Description
yc2cOjhIIGg,치질,치질 수술 전후: 실질적인 변화 확인하기,서울지에스항외과,16831,29,2024-12-02T01:23:29Z,22,30.805687203791468,General,Description
hqnGDv4AvUc,치질,치질수술 더 편하고 빠르게 하고싶은 사람~ 리가슈어 수술방에서 제대로 한번 보여줄게! #치칠 #치질수술 #혈변 #항문 #리가슈어,봄날의외과,10317,69,2021-04-23T04:53:38Z,152,13.651877133105804,General,Description
PBm7o67DYzY,치질,직장탈출증 치질과 어떻게 다를까?,장튼위튼병원,10144,80,2022-08-01T09:00:11Z,453,18.12688821752266,Medical Pro,Description
EZaPlEKsam8,치질,항문으로 뭔가 나왔다? 치질이 아닐 수 있습니다,서울대 보라매병원,16268,62,2025-07-28T22:00:21Z,53,16.260162601626018,Medical Pro,Description
GnsWzgqV8QY,치질,"문재완, 아찔한 치질 정밀검사에 영혼 가출♨ㅣ동상이몽2 - 너는 내 운명(Dong Sang 2)ㅣSBS ENTER.",SBS Entertainment,9713,30,2021-11-15T15:00:54Z,182,2.0876826722338206,General,Description
ctjghEA-B04,치질,치질 수술 리얼 후기 6-9일차..vlog..운동은 언제쯤...Day 6-9 of hemorrhoids surgery. vlog..When will you work out...,연변마델,9723,54,2024-02-22T10:15:02Z,648,1.230529595015576,General,Description
hnJNtsjVmlE,치질,치질과 직장탈출증 어떻게 다른가요?,대장내시경은 역시 서울항외과의원,9346,58,2023-07-18T01:56:51Z,129,8.130081300813009,General,Description
YxjGBaf3uE0,치질,치질 통증 심하다면 주목!,서울지에스항외과,11794,24,2023-12-01T06:21:38Z,27,29.95391705069125,General,Description
HreBtv3JwQY,치질,[임산부 치질]임신했는데 기존 치질이 심해지거나 없던 치질이 생겼을때 놀라지 마세요!!!,더끌림산부인과,9221,32,2022-12-15T11:00:21Z,357,11.627906976744184,General,Description
G2m4i2-pIXY,치질,치질병원에서 알려주는 항문 청결법은?,서울지에스항외과,8601,42,2020-03-12T01:40:01Z,39,19.851116625310173,General,Description
xap3-WVVRB8,치질,항문에서 피가 난다? 치핵 의심! #장튼위튼병원 #치핵 #항문출혈,장튼위튼병원,14686,38,2024-05-06T23:00:34Z,31,10.416666666666666,Medical Pro,Description
g9bavPu20oA,치질,[똥꼬보는 간호사 2편]치질수술 후 배변 통증 겪은 후기,"아플땐, 여기요!",8550,35,2023-06-14T01:39:04Z,132,28.69757174392936,General,Description
MvbuomC3Z3o,치질,치질수술 없이 집에서 자가치료 가능할까?,어디아파?,8608,60,2022-11-02T07:36:40Z,50,36.58536585365854,General,Description
8SMGpV5nkL8,치질,치질환자는 이럴 때 좌욕을 쉬십시오(feat.좌욕부작용) #youtubeshorts,Ko원장의 우리동네클리닉,11215,25,2024-06-14T08:19:15Z,40,5.571030640668524,General,Description
g4E_wYy7yes,치질,항문질환 치질 궁금하다면?!,서울지에스항외과,10187,34,2023-10-23T07:08:26Z,29,25.31645569620253,General,Description
Ix-MyvGePHI,치질,대장항문외과 전문의가 척추 마취를 하지 않는 이유 #shorts #치질,엉덩이대장,12422,65,2024-02-24T10:00:17Z,38,1.9569471624266144,General,Description
meVu7d6GMAo,치질,치질수술 늦게 하면 통증이 더 심한가?,어디아파?,9436,55,2023-01-29T09:00:23Z,60,27.52293577981652,General,Description
-XqGTUXUsoc,치질,"튀어나온 치질, 아프지 않다고 놔두면? 이럴 땐 참아도 되지만…",응꼬형,8389,200,2025-06-01T06:00:01Z,682,9.851485148514852,General,Description
12U7AwZ247I,치질,치질약 주세요...제껀 아니고 아빠 심부름이에요^^; #어떤약사 #약사 #약국 #약국템 #약국템추천 #치질 #치질약 #디오스민 #정맥순환제 #치질약추천,어떤약사,12765,77,2025-01-10T11:47:44Z,51,20.169851380042463,Medical Pro,Description
DAFtjyeDh4w,치질,"치질연고 효과, 제대로 알려드립니다! #치질 #효과 #약사 #꿀팁",초꼬약사 TV,18526,46,2025-07-10T03:58:15Z,15,35.714285714285715,Medical Pro,Description
GOBhbC49AVg,치질,"치질 수술 후 대변이 안 나와 관장을 고민한다면, 영상을 먼저 시청하세요!",방외과,7798,33,2023-10-26T09:18:46Z,88,5.504587155963303,General,Description
in6KwfJST1g,치질,[#EBS평생학교] 1강 치질│윤상민의 친절한 주치의 - 대장·항문 질환,EBS 평생학교,7516,139,2024-02-12T05:35:20Z,799,10.909090909090908,General,Description
DiAoO-tk8Zk,치질,"치질수술 후기 | 치질수술 브이로그 | 치질수술4,5,6일차 | 퇴원 후 준비물",프리로와,7280,57,2022-10-06T10:22:41Z,138,62.727272727272734,General,Description
h0r0Uw5pxPc,치질,치질수술 후 배변 통증 정도!,"아플땐, 여기요!",9851,19,2023-08-02T01:20:46Z,55,80.0,General,Description
UpcdUq8PD-A,치질,항문이 찢어지는 치열😱 #대항병원 #치질명의 #EBS명의,대항병원,14378,47,2025-08-05T01:48:25Z,77,27.184466019417474,Medical Pro,Description
ZGDo7HLDTD4,치질,"‘엉덩이 중증 4년째’ 슬리피, 치질 치료 안 받는 이유♨",SBS Entertainment,6089,47,2025-04-14T13:57:44Z,88,2.1881838074398248,General,Description
kprdCuryzfo,치질,"치질, 꼬리뼈 통증? 방석 하나로 해결해요! #치질방석 #꼬리뼈통증 #치질쿠션",나디로 Nadiro,12182,39,2025-06-06T16:21:05Z,19,5.9171597633136095,General,Description
tfI8Eg_RduI,만성신부전,신장이 안 좋으면 나타나는 증상 및 만성신부전을 막기 위한 팁 [숫자로 보는 건강],분당서울대학교병원,3159993,32667,2023-03-21T07:15:01Z,820,6.564551422319475,Medical Pro,Description
JQztw5kxLXk,만성신부전,신장이 망가질 때 나타나는 6가지 전조증상,김순렬TV,2131436,36748,2022-06-06T00:10:15Z,56,45.45454545454545,Medical Pro,Description
fCq3BrYh0BY,만성신부전,[짤방] 만성콩팥병 환자들이 조심해야할 약물 4가지-삼성서울병원 신장내과 김대중 교수,의학채널 비온뒤,1462550,21707,2021-05-27T21:00:11Z,288,7.241379310344829,General,Description
6hdOOO4vhIo,만성신부전,"만성신부전 자연치유, 식이법",임기동TV,985302,19416,2017-11-13T06:38:24Z,2195,16.181229773462782,Medical Pro,Description
Rfew14FtlTM,만성신부전,콩팥 녹이는 최악의 과일 4가지 vs 죽어가는 신장 살리는 기적의 과일 4가지! 30년 신장내과 명의의 밥상 공개 | 만성신부전 식단 |신장 | 신장건강 | 노후건강 | 건강 팁,노인 건강습관,622187,22062,2025-11-22T10:01:33Z,1576,3.3594624860022395,General,Description
xGwDUIakoPk,만성신부전,신장이 망가집니다. 의사들도 절대 먹지 않는 음식 4가지,건강한한국인 건강정보,896458,19434,2025-07-04T21:01:05Z,60,4.264392324093817,General,Description
MWi_hdYDEbo,만성신부전,신장이 깨끗해집니다. 의사들도 매일먹는 음식 4가지,건강한한국인 건강정보,527619,17080,2025-08-08T11:00:43Z,59,7.109004739336493,General,Description
oOHthO1EC8I,만성신부전,콩팥 녹이는 최악의 견과류 5가지 vs 죽어가는 신장 살리는 기적의 견과류 4가지! 30년 신장내과 명의의 밥상 공개 | 만성신부전 식단 | 신장 | 신장건강 | 노후건강,의사 박성호 TV,248718,7588,2025-12-12T10:01:07Z,2379,6.65335994677312,Medical Pro,Description
KBQAFj8vIjw,만성신부전,콩팥을 무너뜨리는 ‘죽음의 과일 3가지’ vs 다시 살리는 ‘기적의 과일 3가지’!30년 신장내과 명의의 진짜 식단 공개 | 만성신부전 | 신장건강 | 노후건강  시니어건강,내과 의사,115240,2536,2025-12-04T13:04:03Z,1353,10.893246187363834,Medical Pro,Description
8P83fCgVjIE,만성신부전,고양이 만성 신부전의 원인과 정의 그리고 각 단계별 증상,윤샘의 마이펫상담소-Pet Clinic,83787,2127,2020-10-15T09:00:02Z,449,5.235602094240837,General,Description
1Yh5KZC5iSI,만성신부전,신장을 떼어주고 싶은 남편과 미안해서 받을 수 없는 아내 | 산골마을에서 버스타러 가는데만 1시간 | 만성 신부전증에 걸린 아내의 곁을 지킨 남편 | 메디컬다큐 | 감동다큐,EBS 컬렉션 - 사이언스,70739,562,2024-04-07T11:30:02Z,1037,4.219409282700422,General,Description
ugJ040Ev1bg,만성신부전,검은콩을 ‘이 세 가지 음식’과 함께 드신다면? 신부전 위험이 예상보다 훨씬 높아집니다! 내과 의사가 밝힌 충격적인 경고 | 신장건강 | 시니어건강 | 노인건강습관 | 건강정보,시니어 가이드,75171,4048,2026-01-03T09:32:00Z,2897,4.340277777777778,General,Description
bjgYajxbIow,만성신부전,[닥터4가지] 만성 신부전 - 만성 콩팥병 원인 ✔ 진단 ✔ 치료방법,길병원TV,59853,890,2021-12-08T07:30:10Z,423,19.27710843373494,Medical Pro,Description
kiuodGQzV8k,만성신부전,"""저염? 저단백?"" 신부전증 식단, 이렇게 드세요!",내귀에닥터,58717,844,2022-06-10T09:00:19Z,268,39.1566265060241,Medical Pro,Description
hreoURePJQA,전립선비대증,전립선비대증 환자가 절대 하지 말아야 할 3가지,이준호 교수의 전립선TV,1862416,24285,2020-10-01T04:19:00Z,269,6.289308176100629,Medical Pro,Description
IKaGkPNX2xY,전립선비대증,"205. 전립선 비대증에 좋은 운동, 지압점, 빈뇨, 야간뇨 | 한의학박사, 침구과전문의, 산청김, 김경태원장ㅣ ft 부부한의사",부부한의사,1070885,14951,2023-04-19T11:17:00Z,398,11.25703564727955,Medical Pro,Description
DxHIskgmsZ0,전립선비대증,일반약으로 전립선비대증 치료? 시장 판도 바뀌나 / 머니투데이방송 (뉴스),MTN 머니투데이방송,636056,4027,2022-08-25T08:59:09Z,138,11.363636363636363,General,Description
7TVRqcp_XHA,전립선비대증,"전립선 비대증으로 인한 하부요로 폐색 증상, 아이틴드(iTind) 시스템으로 몸에 남는 장치 없이 간단하게!",Olympus Corporation,750088,11,2025-11-20T14:02:28Z,57,2.541296060991105,General,Description
YKWLGMoMYFU,전립선비대증,[전립선비대증] 경증비대증부터 거대전립선까지! 추천 치료법 모두 정리해봤습니다!,유웰의 쾌뇨드림,2390392,43,2024-11-08T07:32:36Z,290,44.11764705882353,General,Description
fiK0XxqkUg4,전립선비대증,"전립선비대증, 잘 안 낫고 밤에 자꾸 깰 수 밖에 없는 이유? OO개선을 같이 하셔야 합니다!👩🏼‍⚕️",이지약사tv,410096,1577,2025-05-06T07:55:07Z,633,3.802281368821293,Medical Pro,Description
xZEZejGHbT4,전립선비대증,전립선약 계속 드시나요? 소변 시원하게 보고 싶다면 꼭 보세요. 전립선 비대증 해결 방법.,교육하는 의사! 이동환TV,357044,3418,2024-11-27T11:01:09Z,931,3.468595624558928,Medical Pro,Description
_pb78mk7qIM,전립선비대증,전립선비대증의 증상과 치료법  / YTN 사이언스,YTN 사이언스,315034,972,2017-04-19T06:27:01Z,192,17.045454545454547,General,Description
hhYayChfqRY,전립선비대증,"211. 전립선 비대증, 야간뇨에 효과 좋은 운동 l ft 부부한의사",부부한의사,343789,7490,2023-04-30T10:17:00Z,52,19.8019801980198,Medical Pro,Description
4CjyoDnV0tc,전립선비대증,"전립선 비대증 치료 이제는 색전술! (비수술, 당일 퇴원)",휴먼영상의학센터,291639,282,2024-05-27T07:33:01Z,234,50.0,General,Description
k7qvd9GU_fQ,전립선비대증,"전립선, 야간뇨, 비대증 완치 사례 리얼 인터뷰, 압구정 한강한의원",압구정 한강 한의원,248671,601,2025-07-22T05:33:16Z,1419,18.59799713876967,General,Description
xkU7xU2WNi8,전립선비대증,[건강강좌​]전립선비대증과 과민성방광(22.10.21) 비뇨의학과 정성진 교수,분당서울대학교병원,203851,3084,2022-11-14T00:08:21Z,3651,8.566978193146417,Medical Pro,Description
tmwL0RA_dXY,전립선비대증,전립선 비대증 치료제 종류는 다양하다? (어떤 경우에 어떤 치료제를 사용할까?),비정상토크,159902,2309,2021-12-06T10:15:02Z,767,23.64066193853428,General,Description
iwMgkZhZmCw,전립선비대증,#전립선비대증 총정리!(원인/증상/치료법) 화장실이 두려운 중년남성 Click!👨🏻👴🏻💦,건강채널 민트TV,156936,2017,2020-11-10T01:51:56Z,204,25.97402597402597,Medical Pro,Description
dS6fIZsxM08,전립선비대증,대학병원 아쿠아블레이션 수술만 n년차!  📢 전립선비대증 환자들 주목!! | 국소치료학회 강의,건전한 비뇨기과 김교수,168149,42,2024-12-18T08:00:33Z,826,15.95744680851064,General,Description
O9e5mNCN8_0,전립선비대증,전립선 비대증 수술! 홀렙수술 후 주의해야할 점은?,비정상토크,216488,537,2023-04-21T12:00:17Z,354,19.607843137254903,General,Description
8ng3ed7RdWk,전립선비대증,전립선비대증 약물치료 부작용!!-전립선비대증이 있다면 꼭 봐야할 영상!,비정상토크,230077,857,2020-03-24T05:49:22Z,220,32.58655804480652,General,Description
wrauz8a1kDs,전립선비대증,화장실만 들락날락... 전립선 비대증의 원인과 치료 방법 (KBS 20230215 방송),KBS 생로병사의 비밀,121388,946,2023-02-23T09:00:11Z,567,10.67398119122257,General,Description
jw_8Hlo6Prc,전립선비대증,"전립선비대증에 의한 배뇨장애, 약국 판매 일반의약품 효과는? | 이게뭐약",헬스조선 Health Chosun,118391,1145,2022-11-04T05:47:49Z,594,10.0,General,Description
c3JRCmkYA5E,전립선비대증,#전립선비대증 예방꿀팁! 이것만은 No No~⚠️ 피해야 할 음식·운동·약물?!,건강채널 민트TV,105441,1257,2021-04-21T07:16:37Z,228,20.83333333333333,Medical Pro,Description
xfkG93NBotM,전립선비대증,전립선비대증 증상과 치료법 [숫자로 보는 건강],분당서울대학교병원,102620,1067,2023-11-30T07:16:45Z,500,39.38730853391685,Medical Pro,Description
Joa7bTBXXC4,전립선비대증,전립선 비대증약 언제까지 먹어야 하나요?😥,비정상토크,135870,1592,2023-03-13T04:00:07Z,58,40.0,General,Description
ghvox7kOtEY,전립선비대증,[PEOPLE in 세브란스] 몸이 보내는 전립선비대증 신호 세 가지!,세브란스,97819,918,2020-11-16T08:00:11Z,172,13.867924528301888,General,Description
Zip8BbOCARM,전립선비대증,"비뇨기과 교수가 알려주는 고가의 전립선비대증 수술 절대 실패하지 않는 방법 (5분 투자하고 1,000만원 넘는 수술비 아끼자!)",건전한 비뇨기과 김교수,94654,90,2024-02-12T10:17:14Z,372,16.304347826086957,General,Description
5tDzYJtzfUI,전립선비대증,"전립선비대증, 이런 경우엔 무조건 수술해야 합니다!!",건전한 비뇨기과 김교수,118474,41,2025-07-31T07:00:05Z,399,2.1730515191545585,General,Description
2fbXP7qahDA,전립선비대증,"화장실이 두려운 중년남성, 전립선비대증ㅣ건강플러스",서울아산병원,92904,643,2019-05-09T08:06:02Z,204,28.6181520850368,Medical Pro,Description
f7VZkrhoyDA,전립선비대증,[명의보감] 겨울철에 심해지는 전립선 비대증 치료법은? / 연합뉴스 (Yonhapnews),연합뉴스 Yonhapnews,89236,737,2020-01-11T23:20:32Z,683,9.276437847866418,General,Description
8yOmY8W3tWQ,전립선비대증,"전립선비대증, 무조건 치료가 필요한가요??",건전한 비뇨기과 김교수,115005,79,2025-07-15T07:00:07Z,378,2.740981667652278,General,Description
1G7wp0jU078,전립선비대증,전립선비대증으로 병원을 다니고 있지만 효과가 없어요.. 어떻게 해야 하나요?,건전한 비뇨기과 김교수,121448,106,2025-08-07T06:00:01Z,363,2.744705208929595,General,Description
xABnrXG3kxs,전립선비대증,637. 전립선 비대증 '이것만' 하면 다시 젊어진다!! | ft 부부한의사,부부한의사,78554,1610,2025-04-03T11:01:26Z,506,13.317191283292978,Medical Pro,Description
8ILmPOTW_Rk,전립선비대증,"전립선 비대증, 이 3가지만 조심하세요! / 이대서울병원 비뇨의학과 윤하나",의학채널 비온뒤,73006,804,2023-08-02T14:30:02Z,373,5.075376884422111,General,Description
MXylx07sbQ4,전립선비대증,전립선비대증 수술하면 약 안 먹어도 될까요? 🤔💊,비정상토크,70146,1012,2023-01-04T05:00:07Z,310,29.032258064516128,General,Description
zfhxS0gyAqM,전립선비대증,"전립선 비대증, 고민 한 번에 해결해드립니다.",비정상토크,68798,1199,2023-04-27T12:00:45Z,786,17.204301075268816,General,Description
NZK3AZhRJ8w,전립선비대증,마취 문제로 홀렙수술 못하시는 분들 주목!! (전립선비대증 수술 마취는 어떻게?),비정상토크,203141,51,2025-01-16T08:00:17Z,336,10.943912448700411,General,Description
ffDvamj9XKU,전립선비대증,"중년 남성의 말 못할 고통, 부작용 없는 치료제 찾았다 / YTN 사이언스",YTN 사이언스 투데이,64112,271,2023-09-11T03:22:30Z,129,12.195121951219512,General,Description
AElI6lcZxSw,전립선비대증,[전립선설명회] 전립선비대증 수술 권하지 않는 이유는?,유웰의 쾌뇨드림,59684,579,2024-08-07T21:15:00Z,192,17.80415430267062,General,Description
7IYRMN50BcY,전립선비대증,"전립선 비대증, 수술 부작용 걱정된다면 시술 고려 '수증기 이용한 전립선 축소술'이란? | 슬기로운 건강토크",헬스조선 Health Chosun,57985,859,2023-12-27T08:30:02Z,1130,30.17832647462277,General,Description
aYEN2Mfezto,전립선비대증,전립선비대증 수술은 언제? 수술 시기-서울대 전문의,닥터곰의 비뇨의학,54746,555,2022-06-08T00:38:35Z,217,3.9720558882235526,Medical Pro,Description
fzJCaLwKiLA,전립선비대증,"전립선 건강, 오해와 진실 ⑦전립선비대증 약물치료 | 메디컬 약손",대구MBC뉴스,53522,353,2023-03-24T01:00:24Z,269,12.658227848101266,General,Description
bKUipO7xGd4,전립선비대증,"전립선 비대증, 이 수술만큼은 꼭 아셔야합니다! 홀렙수술 오해 바로잡기 #류경호원장",비정상토크,99003,112,2025-09-04T11:16:30Z,1028,34.97615262321145,General,Description
yd0Nu67Glf0,전립선비대증,[명의 의학백과📖] 전립선 비대증 치료,고대병원,52879,269,2023-10-18T23:48:30Z,103,2.364066193853428,Medical Pro,Description
QSvQz7I7_Q0,전립선비대증,전립선 비대증 있는 분들이 절대 하지 말아야할 것들,건전한 비뇨기과 김교수,1190234,24123,2023-01-11T11:26:03Z,397,15.625,General,Description
81q2J2BRqLY,전립선비대증,"남성들의 고민❓ 전립선 비대증, 발기부전 해결법 ✔",진약사톡,52596,1574,2025-08-12T10:00:14Z,1087,5.9523809523809526,Medical Pro,Description
NwRQQ1suS44,전립선비대증,전립선비대증 치료제면 해결될까요? 70%가 잘못하고 있는 결정적인 실수,교수출신 지안비뇨의학,51131,622,2025-11-17T09:30:24Z,666,30.057803468208093,General,Description
Bp11xUAFnGg,전립선비대증,"전립선비대증 해결법 3가지, 팩트체크🔍| 자이홍의 건강극장 ep.66",서울대병원tv,45443,392,2021-11-16T09:01:16Z,303,21.08433734939759,Medical Pro,Description
R1L9r705ASE,전립선비대증,전립선비대증 치료제 총정리! Treatment for prostatic hyperplasia,비정상토크,45229,813,2020-03-17T08:56:22Z,265,20.949720670391063,General,Description
jp6IX2Cfucc,전립선비대증,수술이 필요한 전립선 크기는? 전립선비대증,닥터곰의 비뇨의학,42494,553,2020-05-03T06:30:50Z,234,12.195121951219512,Medical Pro,Description
vWNR9qzBXNQ,전립선비대증,전립선 비대증 수술의 유행이 바뀌고 있다? 현재 가장 표준인 비대증 수술법은? - 쉬편한세상 #27 #전립샘 #전립선비대증 #홀렙수술,굿라이프,41808,593,2023-08-28T08:00:32Z,319,31.94888178913738,General,Description
_x2YPAuIMx4,전립선비대증,전립선비대증이 의심되는 증상,보건부대통령,94866,961,2025-12-10T08:01:01Z,25,5.813953488372093,General,Description
UOrw7wnZJKI,전립선비대증,전립선염 vs 전립선비대증 증상이 다르다고?,가톨릭대학교 은평성모병원,63564,280,2023-09-27T04:06:52Z,49,34.285714285714285,Medical Pro,Description
0jkrKllDHfQ,전립선비대증,전립선비대증수술! 3년만에 새로운수술 업데이트영상! 워터젯로봇수술? 홀렙수술?,비정상토크,37906,643,2023-07-07T08:00:02Z,569,24.013722126929675,General,Description
kiZQukswkQU,전립선비대증,전립선 비대증과 전립선 암의 증상 차이는? #shots,헬스조선명의,59754,417,2023-08-10T08:00:25Z,60,5.882352941176471,General,Description
z0Y2yWMj9gM,전립선비대증,전립선비대증 약보다 더 중요한 게 있습니다! #지켜보다,서울대병원tv,65171,459,2025-05-26T23:45:10Z,40,13.513513513513514,Medical Pro,Description
BC0_fjDypkI,전립선비대증,전립선에 좋은 음식 best6 | 전립선 비대증 #shorts,Life-CuraTV,43072,538,2023-05-23T10:56:15Z,58,6.578947368421052,Medical Pro,Description
n4hlquWeVSI,전립선비대증,집에서 혼자 전립선 마사지를? 충격!! 전립선 비대증을 완화하는 민간요법?!,스탠탑비뇨의학과의원,30111,82,2025-03-14T11:01:15Z,256,8.928571428571429,General,Description
QUFNdZ8b3Fc,전립선비대증,전립선 비대증 수술이 고민이라면? - 쉬편한세상 #24,굿라이프,26790,442,2022-09-05T22:00:10Z,462,39.09465020576132,General,Description
CsnryS1o1Bs,전립선비대증,전립선에 좋은 운동과 습관 5가지  #전립선 #전립선강화 #남성건강 #전립선건강 #케겔운동 #전립선비대증 #요가브리지 #야간뇨 #전립선염 #중년건강 #노년건강,오늘도 건강해요,37265,1039,2025-06-22T22:00:11Z,69,3.676470588235294,General,Description
auHsgHsnAKE,전립선비대증,"전립선 건강, 오해와 진실 ⑧전립선비대증 수술 | 메디컬 약손",대구MBC뉴스,23739,133,2023-03-25T01:00:01Z,277,6.818181818181818,General,Description
G5irvpBJCMM,전립선비대증,양성 전립선 비대증 치료는? 약물치료 VS 수술치료 | 오승준 교수,서울대병원tv,23677,295,2023-07-20T07:00:05Z,455,33.69434416365824,Medical Pro,Description
YEz59iPJUXA,전립선비대증,[전립선비대증] 이런 분들은 홀렙수술 하세요!,유웰의 쾌뇨드림,22437,233,2024-11-06T06:58:13Z,197,19.8019801980198,General,Description
I6D0oivQ5CE,전립선비대증,"전립선비대증 약 언제까지 먹어야 될까요? 수술하면 약 안먹어도 될까요? - 닥터스탠탑 비뇨기과, 어디까지 알고 있니? #6",메디맵,22069,357,2024-01-18T08:00:08Z,346,19.51951951951952,General,Description
YKiG6QzKgXw,전립선비대증,전립선 비대증으로 '허리 통증'이 생길 수 있을까? - 쉬편한세상 #26,굿라이프,20542,362,2022-09-19T22:00:18Z,419,2.792207792207792,General,Description
nVZNOcZwXS0,전립선비대증,"평생 먹는 전립선비대증약, 제대로 알고 먹자!/알파차단제(박동수 분당차병원 비뇨의학과 교수)",한국전립선-배뇨관리협회,19461,254,2024-07-08T02:02:16Z,368,21.3903743315508,General,Description
ni3KwDCYvjU,전립선비대증,전립선약 평생 먹어야 한다?  전립선비대증 약 끊는 방법.  수술해야 할 시기.,교육하는 의사! 이동환TV,18950,503,2023-12-04T11:00:48Z,734,6.149825783972126,Medical Pro,Description
N1aGkgkXnks,전립선비대증,"전립선 비대증, 가장 완벽한 수술법은 ?",비정상토크,27807,289,2023-10-18T08:00:19Z,51,9.345794392523365,General,Description
InGSCKe7f54,전립선비대증,전립선비대증 약물 치료의 한계점,서울베스트비뇨의학과,55086,12,2025-12-07T02:00:31Z,46,15.569620253164558,General,Description
8Sb1552D5Es,전립선비대증,전립선비대증 수술 안해도 된다? (Surgery is not a must of BPH!),휴먼영상의학센터,17086,124,2020-05-27T06:40:25Z,118,26.31578947368421,General,Description
3cMzF4tNWdE,전립선비대증,"수증기를 이용해 전립선 비대증을 치료하는 리줌 시술, 실제 시술 영상과 함께 설명해드립니다!",비정상토크,13929,212,2024-07-26T08:08:12Z,412,3.0395136778115504,General,Description
xJgc3HjYqZM,전립선비대증,"전립선비대증 예방하는 저속노화 식습관, '이 것' 섭취는 피하세요  | 남성 건강의 모든 것",헬스조선 Health Chosun,14654,61,2025-06-30T10:01:28Z,473,10.542168674698797,General,Description
cjjv5K0kg78,전립선비대증,전립선 비대증? 매일 이 운동을 하면 어떻게 될까요? | 시니어 | 건강 | 운동,즐거운인생,11800,312,2025-09-18T21:00:44Z,1305,9.192139737991264,General,Description
I6By2novLu0,전립선비대증,"전립선비대증 약제,시술로 발생하는 역행성 사정! 진실은? #역행성사정",서울리더스 비뇨의학,11877,348,2024-04-05T05:53:01Z,320,7.889546351084813,General,Description
2nVIm3-Vs5Y,전립선비대증,전립선 비대증약을 먹었더니 탈모가 개선됐다? 이유는 바로 '남성호르몬'! - 고제익의 비아그라보다 달리기 #42,굿라이프,11141,183,2024-10-09T08:00:02Z,639,28.42377260981912,General,Description
RZDN4rJIlBk,전립선비대증,"리줌이 비싼 이유, 사실 따로 있었다?! 최신 전립선 비대증 치료법, 리줌 시술 비용의 진실! [메가비뇨의학과 강서마곡점]",조시완의 비뇨상식,11312,154,2024-08-12T08:00:15Z,309,19.148936170212767,General,Description
4gbjN6IHUPs,전립선비대증,미리보는 홀렙 (전립선비대증 표준수술법) 수술설명서&회복기간(feat.부작용),서울리더스 비뇨의학,11049,406,2024-08-13T09:28:16Z,467,24.25876010781672,General,Description
zl5dwWxDFhI,전립선비대증,591. 야간뇨&전립선비대증 효과적인 마사지법 ft 부부한의사,부부한의사,16834,239,2024-09-17T10:01:03Z,58,10.135135135135137,Medical Pro,Description
pzE-_BgF4uQ,전립선비대증,"약물이 잘 듣지 않는 전립선 비대증, 수술로 치료할 수 있습니다.",서울아산병원,10692,149,2024-10-29T19:00:07Z,350,54.054054054054056,Medical Pro,Description
6Gigs863FoE,전립선비대증,전립선비대증] 제발 이런 병원 가지마세요! 나에게 맞는 치료는 정해져있습니다,유웰의 쾌뇨드림,10976,180,2025-03-25T08:22:55Z,459,33.898305084745765,General,Description
G8fWYW3uQBo,전립선비대증,"전립선비대증 약,  나에게 가장 적절한 약물은?",유웰의 쾌뇨드림,10070,138,2025-01-07T07:51:31Z,602,6.085192697768763,General,Description
m4pnUzADZg8,전립선비대증,"야간뇨, 요실금, 전립선비대증 해결! 케겔 운동 황금 루틴 3가지",부부한의사,27555,407,2025-09-29T11:01:31Z,60,48.38709677419355,Medical Pro,Description
RFeRFPyZoL4,전립선비대증,"남성, 전립선 비대증 때문에 발기부전까지?! - 교육위원회 시즌2-11회",JTBC Entertainment,9746,30,2013-06-16T06:48:05Z,101,5.747126436781609,General,Description
TaW6ciYN2SU,전립선비대증,"229. 전립선 비대증, 야간뇨로 고생한다면 이곳을 꼭 치료하세요 | 한의학박사, 침구과전문의, 산청김, 김경태원장 ㅣft 부부한의사",부부한의사,9363,211,2023-05-31T10:17:00Z,214,28.24858757062147,Medical Pro,Description
_DxF_YafTaw,전립선비대증,"전립선비대증, 리줌 수술의 특장점/단점???(김태진 일산차병원 비뇨의학과 교수)",한국전립선-배뇨관리협회,8971,114,2024-06-03T00:56:43Z,248,32.6797385620915,General,Description
X1FVpFRwKI8,전립선비대증,전립선비대증! 유로리프트(전립선결찰술) 함부로 받으면 안 되는 이유!,톡투건강TV,10532,164,2024-05-21T08:00:16Z,643,7.751937984496124,Medical Pro,Description
ukrXG-5MMak,전립선비대증,[전립선설명회] 전립선비대증 치료 리줌? 평가해볼게요,유웰의 쾌뇨드림,8667,107,2024-09-25T06:37:20Z,157,19.469026548672566,General,Description
auCgP29Wfb4,전립선비대증,비뇨의학과 전립선 비대증 검사 총정리!,비정상토크,8605,100,2023-04-12T04:00:03Z,273,27.58620689655172,General,Description
cLy2MqfPaGw,전립선비대증,전립선비대증 약물치료 제대로 하기!-서울대 전문의,닥터곰의 비뇨의학,7564,83,2023-11-07T03:10:44Z,236,4.265335235378032,Medical Pro,Description
mtPpNAzv5qo,전립선비대증,"[전립선설명회] 전립선비대증 워터젯로봇수술, 솔직하게 평가해볼게요!",유웰의 쾌뇨드림,7531,73,2024-09-25T03:06:53Z,276,23.64864864864865,General,Description
5TvD_b4rECQ,전립선비대증,"수증기로 전립선 크기 줄이는 전립선 축소술, 리줌이란? 전립선비대증 치료법 I 남성 건강의 모든 것",헬스조선 Health Chosun,6896,93,2024-01-09T04:00:03Z,708,33.333333333333336,General,Description
u09sKvr7VC4,전립선비대증,전립선 비대증 수술이 궁금하신 분들 보세요! 한번에 정리 끝내드립니다!,비정상토크,6855,123,2024-06-19T08:00:35Z,709,17.36613603473227,General,Description
pA6iBlHzUG4,전립선비대증,💡 건강 UP데이트 EP.04 전립선 비대증편,한국보훈복지의료공단,10884,13,2025-09-25T23:18:41Z,60,18.867924528301888,General,Description
S2uACG2N05E,전립선비대증,전립선비대증과 커피(카페인)와의 관계.          경상국립대병원 현재석교수, 경상국립대병원 현재석 교수,6673,115,2025-04-09T02:49:31Z,361,13.043478260869565,Medical Pro,Description
k6PE8T8IBuI,전립선비대증,전립선 비대증에 걸리면 어떤 증상이 있을까??   걸리면 엄청 아픔ㄷㄷ,좋은병원들(은성의료재단),15738,129,2023-11-29T02:30:17Z,33,5.037593984962406,Medical Pro,Description
ZwM6bw5nRxU,전립선비대증,알고보니 전립선비대증이 아니었다니!!!😖,비정상토크,6969,64,2023-03-20T09:00:31Z,53,42.5531914893617,General,Description
tOFKOfpyPDU,전립선비대증,"로봇수술은 어떻게 사정능력을 보존할까? 전립선 비대증 치료, 워터젯 로봇수술로 사정능력을 보존하는 방법은?",비정상토크,8506,33,2025-04-09T08:00:53Z,435,26.687598116169543,General,Description
wXzamBoQvJQ,전립선비대증,"전립선비대증 환자 99%가 모르는 사실ㅣ수술, 끝이 아닐 수 있습니다",유웰의 쾌뇨드림,5784,81,2025-04-16T01:03:56Z,244,31.83023872679045,General,Description
qxtJn7nBETE,전립선비대증,[전립선설명회] 가장 간단하게 전립선비대증 치료하는 방법?,유웰의 쾌뇨드림,5759,49,2024-09-05T08:14:57Z,181,8.1799591002045,General,Description
UbbBX0csJ1E,전립선비대증,"전립선비대증 개선을 위한 리줌 수술, 어떤 치료일까요? [ 부산으뜸비뇨의학과 ㅣ 리줌수술 ㅣ 전립선 수술 ㅣ 전립선비대증 ]",부산으뜸비뇨의학과,17877,1,2025-12-10T07:02:52Z,113,4.0,General,Description
HNCW5_Qcj8E,전립선비대증,감기약 먹었더니 이런 증상이? 전립선비대증 겨울철 관리와 치료법 I 공감닥터,헬스조선 Health Chosun,6089,106,2024-01-31T05:09:09Z,603,23.37662337662337,General,Description
RDSMCMZHQ4g,전립선비대증,부작용 없는 전립선비대증 스텐트 치료 아이틴드 국내 최초 도입!,강동성심병원,5291,81,2025-03-17T07:00:30Z,307,30.303030303030305,Medical Pro,Description
VOl2UNtzpzI,전립선비대증,⭐️전립선비대증 스텐트 치료 iTind 시술 국내 도입⭐️  | 전립선비대증 새로운 치료법 등장 | 아이틴드,퍼펙트비뇨의학과,5249,127,2025-03-17T11:28:24Z,522,16.701461377870565,General,Description
KpynuFwXd00,전립선비대증,전립선 비대증이 생기는 원인은? 치료와 예방은 어떻게 해야 할까? (일산차병원 비뇨의학과 김태진 교수),차병원 CHA Medical Center,4845,42,2023-04-20T00:06:33Z,256,22.727272727272727,Medical Pro,Description
LR-azc2WN-w,전립선비대증,혈압 낮으면 특히 주의! 전립선비대증약 먹으면 어지러운 이유? - 고제익의 비아그라보다 달리기 #50,굿라이프,4687,90,2025-04-03T22:00:16Z,523,25.58139534883721,General,Description
uXfWERTpPSg,전립선비대증,🧠💡 건강 UP데이트 EP.04 | 전립선 비대증 편,한국보훈복지의료공단,7860,2,2025-09-25T23:18:52Z,47,49.79253112033195,General,Description
EpSy6EmAkkw,전립선비대증,"서울대병원, 전립선비대증 ‘리줌’ 시술 도입한 이유는?",퍼펙트비뇨의학과,4195,104,2025-06-04T08:00:28Z,752,17.10843373493976,General,Description
Ic7ri-zBkEc,전립선비대증,전립선비대증 약물 총정리ㅣ전립선약.. 내성 생기나요?/ 알파차단제 효과와 부작용/ 과민성 방광 약물은?,유웰의 쾌뇨드림,4211,64,2025-05-22T06:23:51Z,846,34.285714285714285,General,Description
oOcs6J-ditY,전립선비대증,수증기로 전립선비대증 치료...사정장애 줄였다 [건강팁스터]/한국경제TV뉴스,한국경제TV뉴스,4101,49,2025-01-10T09:28:44Z,145,3.666666666666668,Medical Pro,Description
Soy_1_zavmQ,전립선비대증,전립선비대증 수술 후 주의사항,유웰의 쾌뇨드림,4072,63,2025-01-24T05:36:02Z,413,11.594202898550725,General,Description
nFA3OMsi1bE,전립선비대증,"전립선 비대증 치료 완벽 정리 : 증상, 원인, 수술 방법",고려대학교 안암병원,3836,64,2024-11-26T08:00:39Z,706,35.703839122486286,Medical Pro,Description
PwUn7HKIabY,전립선비대증,"홀렙과 다빈치 로봇수술의 차이, 당신에게 맞는 전립선비대증 수술은?",퍼펙트비뇨의학과,3754,104,2025-07-23T08:30:19Z,1067,19.182879377431902,General,Description
yIMDa7Tj1yc,전립선비대증,#전립선비대증 사정을 못한다고?!😱 부작용없고 효과좋은 치료법은? 약 vs 색전술 vs 수술 비교!,건강채널 민트TV,4973,267,2023-10-18T05:01:39Z,410,35.50295857988166,Medical Pro,Description
X4lzEvXc1B0,전립선비대증,전립선비대증 의사도 놀란 회복 비결! 매일 이것만 먹었더니 전립선이 살아났습니다.,쉬가쉬워지는동신TV,3502,91,2025-11-27T09:15:08Z,410,8.88888888888889,Medical Pro,Description
DiWhVL7XPUg,전립선비대증,전립선비대증 수술의 기준? 전립선 크기만 보고 수술하진 않습니다,퍼펙트비뇨의학과,3405,92,2025-05-28T08:00:30Z,492,8.71101871101871,General,Description
UOL-Hc1waHI,전립선비대증,[전립선비대증] 의사들이 홀렙보다 리줌을 추천하는이유?,유웰의 쾌뇨드림,3343,54,2025-03-20T08:07:18Z,160,18.134715025906736,General,Description
N5DuyptM5Mk,전립선비대증,전립선비대증 홀렙수술 점수 메겨봤습니다 ㅣ 100점 만점에 몇점?,유웰의 쾌뇨드림,3399,61,2025-04-22T03:47:52Z,395,50.80213903743316,General,Description
rfbGRHfCmgE,전립선비대증,[전립선비대증] 알파차단제 복용시 주의사항,유웰의 쾌뇨드림,3298,49,2025-02-04T05:25:04Z,284,16.0857908847185,General,Description
hAiiMpjgjkk,전립선비대증,전립선비대증치료에 좋은 운동 3가지 #shorts #전립선비대증관리법,나인비뇨의학과,6154,43,2025-10-17T02:08:12Z,48,6.309148264984227,General,Description
jkekHd4Y5eM,전립선비대증,의사 경고: 매일 자위하면서 전립선의 이상 변화를 모른다면 끔찍한 결과가 올 수 있습니다,60세 이후의 사랑,3180,57,2025-09-06T00:53:53Z,1302,4.316770186335404,General,Description
0OLhyiazu_8,전립선비대증,[수술로그] 아이틴드/ 전립선비대증 치료! 시대가 변했습니다,유웰의 쾌뇨드림,3033,53,2025-06-04T09:43:55Z,171,34.48275862068966,General,Description
2Rb3Kx3qsIk,전립선비대증,전립선비대증 증상 소변자주마려움 전립선에좋은음식 7가지(건강보감[2]),박지영박사의 건강돋보기TV,3064,100,2024-02-16T09:30:00Z,452,3.4482758620689653,Medical Pro,Description
0itdHh6Hf4I,전립선비대증,[대한비뇨의학회] 다양한 전립선비대증 수술 / 서울베스트비뇨의학과 안치현,의학채널 비온뒤,2937,61,2025-07-20T00:02:21Z,2972,2.7986348122866893,General,Description
yK2u56YxW-s,전립선비대증,"명의와 함께 알아보는, 전립선비대증&성기능 개선 솔루션",톡투건강TV,3027,50,2025-06-26T08:00:59Z,870,4.149377593360996,Medical Pro,Description
cZ4zy6HzblU,전립선비대증,전립선비대증약 먹으면 사정량💦이 주는 이유,존슨쌤과 닥터J,2773,35,2025-01-14T11:00:56Z,351,8.356545961002785,Medical Pro,Description
FkjAHj2j5z4,전립선비대증,전립선 비대증과 과민성 방광(25.11.14) 비뇨의학과 정성진 교수,분당서울대학교병원,2751,68,2025-11-14T06:15:40Z,3956,24.59016393442623,Medical Pro,Description
PQI6ewpyDW4,전립선비대증,"전립선비대증 약, 평생 먹어야 할까 [경희대병원 이정우 교수] #shorts #전립선비대증 #약물치료 #전립선수술",경희의료원,3215,17,2024-09-24T03:00:17Z,46,15.454545454545451,General,Description
IZdPyzsN_ik,전립선비대증,[전립선설명회] 전립선비대증 수술 후 성생활이 변했다?,유웰의 쾌뇨드림,2585,17,2024-08-23T03:28:25Z,198,11.884550084889645,General,Description
VMZrY3LU6rU,전립선비대증,"전립선비대증, 리줌과 전립선결찰술(유로리프트) 중 고민 중이시라면 여기서 종결해드립니다!",비정상토크,2485,40,2024-08-16T08:00:24Z,271,2.9411764705882355,General,Description
8LP-A0af6AI,전립선비대증,[전립선설명회] 가장 완벽한 전립선비대증 수술은 워터젯로봇수술?,유웰의 쾌뇨드림,2437,35,2024-09-24T02:44:51Z,171,19.32367149758454,General,Description
rGdBa4Zygjo,전립선비대증,전립선비대증에 대한 모든 것 / 서울리더스비뇨기과 목동점 윤지환,의학채널 비온뒤,2220,73,2025-12-07T23:55:08Z,3070,21.47239263803681,General,Description
5cV17u_vFCY,전립선비대증,"[대한비뇨의학회] 전립선비대증, 약? 시술? 수술? : 나에게 맞는 치료법은? / 퍼펙트비뇨의학과의원 한병규, 고대안산병원 비뇨의학과 박재영",의학채널 비온뒤,2186,34,2025-06-08T00:01:15Z,3441,6.022620169651272,General,Description
sWw56Weh6mc,전립선비대증,수술 없이 증상 완화! iTind 시술로 보는 전립선비대증 치료의 미래,서울베스트비뇨의학과,2253,33,2025-07-21T08:30:29Z,293,22.428571428571427,General,Description
MNFJ4V3a3Lo,전립선비대증,#소변장애 #전립선비대증 바로알고 쉬~원하게 해결하세요!🚽🧑🏻‍⚕️(증상/수술없이치료/PSA/영양제효과),건강채널 민트TV,2077,31,2022-09-13T05:01:32Z,253,17.699115044247787,Medical Pro,Description
J2nr5AHYs-8,전립선비대증,[전립선비대증] 홀렙수술VS워터젯로봇수술ㅣ 이제 고민을 끝내자! 선택기준은?,유웰의 쾌뇨드림,2032,33,2024-12-05T06:44:26Z,191,4.150943396226415,General,Description
N56CH_foXLo,전립선비대증,"전립선 비대증 새로운 치료 패러다임 '아이틴드 완전정복' 풀영상 [조정호원장님, 류경호 원장님의 아이틴드 총정리]",비정상토크,2088,59,2025-09-08T08:30:21Z,2253,12.919896640826874,General,Description
utzBRE5shz8,전립선비대증,"전립선비대증 치료의 신(新)기술, 수술 없이 해결! 추천하는 경우는?",유웰의 쾌뇨드림,1944,43,2025-05-26T02:31:34Z,220,29.288702928870293,General,Description
lWaJDe-k05k,전립선비대증,전립선비대증 1타 강사! 8분만에 예방부터 치료까지 모두!  솔직하게..,유웰의 쾌뇨드림,2721,27,2025-04-03T05:35:03Z,503,28.225806451612904,General,Description
xIbhp3u5JWI,전립선비대증,전립선비대증 수술 없이 해결하는 방법,건전한 비뇨기과 김교수,1813,122,2024-09-04T09:00:51Z,544,8.583690987124463,General,Description
vbJQN4dKHJE,전립선비대증,"역사정 10분 정리, 전립선비대증 수술 후 꼭 알아야 할 진실",퍼펙트비뇨의학과,1860,75,2025-10-01T08:30:30Z,514,12.18700475435816,General,Description
dpMswMZD1VQ,전립선비대증,[전립선비대증] 홀렙수술과 워터젯로봇수술의 차이? 명확해!,유웰의 쾌뇨드림,1886,21,2025-02-12T07:22:01Z,249,41.37931034482759,General,Description
M9_YzVZ6H2M,전립선비대증,"밤에 소변이 안 나와요..🚽 골치아픈 전립선비대증 ""수술없이"" 해결하는 방법!",건강채널 민트TV,1749,13,2025-05-12T07:30:15Z,346,59.23344947735192,Medical Pro,Description
ValvLYXGxQg,전립선비대증,"절개, 레이저도 필요없다? 전립선 비대증 수증기로 해결! (리줌시술)",비정상토크,1758,17,2025-02-27T08:30:11Z,279,5.763688760806916,General,Description
uO92LRv3Wwo,전립선비대증,"‘전립선비대증 보험 100% 가능’ 이 말, 믿으셨나요? 진짜 수술비 공개합니다",유웰의 쾌뇨드림,1822,51,2025-11-11T03:26:01Z,446,28.708133971291865,General,Description
yG-Cx-ohYRQ,전립선비대증,전립선비대증 약도 부작용이 있다??,유웰의 쾌뇨드림,2679,23,2024-09-23T03:34:40Z,55,28.571428571428573,General,Description
ArdZu06Gx20,전립선비대증,전립선비대증! 수술vs시술? 홀렙수술과 유로리프트 전격비교!,유웰의 쾌뇨드림,1559,21,2024-10-14T03:04:15Z,254,23.37228714524207,General,Description
SQ3IH8uFalE,전립선비대증,"최신 전립선비대증 시술 리줌 VS 아이틴드 ""이것이 더 최고?👍🏻”",유웰의 쾌뇨드림,1502,25,2025-09-01T03:08:47Z,217,13.25581395348837,General,Description
2tlDgkZlRBI,전립선비대증,"비아그라, 시알리스를 전립선비대증 치료제로? 진짜일까?",퍼펙트비뇨의학과,1436,40,2025-08-06T09:00:03Z,468,16.548672566371682,General,Description
Hz0cgJiekgw,전립선비대증,전립선비대증 환자가 직접 말해주는 전립선비대증 증상 #shorts,메디맵,1461,17,2023-08-16T07:00:08Z,50,11.7096018735363,General,Description
uRDVJUqI-J8,전립선비대증,전립선 비대증 딱 7분만 투자하세요,서면엘비뇨의학과의원,1292,16,2024-10-16T08:00:43Z,254,11.673151750972762,General,Description
vkYgD0yqjN0,전립선비대증,"전립선비대증 약, 사정에 어떤 영향을 줄까? | 역행성 사정 EP.04",퍼펙트비뇨의학과,1296,19,2025-03-10T08:30:21Z,386,28.96103896103896,General,Description
4pRmePa8Lu0,전립선비대증,"“60세 넘으면 자위도 바꿔야 합니다”ㅣ비뇨기과 의사의 솔직한 조언, 이 자위법 몰랐다면 지금이라도 바꾸세요ㅣ노년의성ㅣ노후지혜ㅣ노후행복ㅣ시니어성건강ㅣ삶의철학ㅣ인생이야기ㅣ오디오북",노인 건강생활,1370,9,2025-10-23T08:31:23Z,1455,3.4904013961605584,General,Description
jxdqZinu_4s,전립선비대증,"전립선 건강, 오해와 진실 ⑥전립선비대증 진단법 | 메디컬 약손",대구MBC뉴스,1240,9,2023-03-23T01:00:12Z,208,4.464285714285714,General,Description
P81zZQt_JE0,전립선비대증,전립선비대증 수술은 언제? 최적의 타이밍 알려드릴게요!,유웰의 쾌뇨드림,1251,22,2025-04-28T05:36:42Z,241,36.82170542635659,General,Description
6fKI4cT0bFo,전립선비대증,전립선 비대증으로 리줌 시술 전에 이 영상을 꼭 보셔야합니다!🔥ㅣ이한솔 비뇨의학과 전문의,메디팩트,1228,13,2025-09-26T06:24:29Z,452,5.385996409335728,General,Description
JMDSRs2H_90,전립선비대증,전립선 비대증 약 복용하고 계신 분들 주목! 언제 수술을 결정해야할지 알려드립니다! [전립선비대증 수술결정 시기 1편],비정상토크,1402,23,2025-08-14T08:00:20Z,390,36.3901018922853,General,Description
nLlLW9YFZ18,전립선비대증,"전립선 비대증, 약물 치료",고려대학교 안암병원,2332,18,2025-04-07T09:30:19Z,45,81.9672131147541,Medical Pro,Description
wYfq_ssXHl4,전립선비대증,8분만에 총정리하는 2025 전립선비대증 치료법,유웰의 쾌뇨드림,1228,28,2025-08-25T05:35:58Z,461,24.24657534246576,General,Description
bw1bAfiXMqQ,전립선비대증,"전립선티처) 전립선비대증 약 1탄 – 알파차단제, 효과 좋지만 혈압 낮은 분은 조심하세요!",유웰의 쾌뇨드림,1194,24,2025-04-24T02:04:16Z,337,39.64757709251101,General,Description
n-pWZ9gzO5c,전립선비대증,"""전립선비대증 검사는 이렇게 진행됩니다” – 검진 시기와 방법 총정리",서울베스트비뇨의학과,1155,25,2025-07-07T08:30:33Z,233,8.084994753410282,General,Description
PRTTcmOLxmo,전립선비대증,"전립선비대증 약물치료, 치료의 첫걸음",서울베스트비뇨의학과,1156,14,2025-10-13T01:00:31Z,375,28.776867963152505,General,Description
F9s1FOyGwek,전립선비대증,전립선비대증이면 꼭 봐야 할 영상~!! (치료 종류 총정리),건전한 비뇨기과 김교수,1092,52,2025-07-08T06:15:00Z,649,3.1363352095059405,General,Description
Ou5BSQnQozM,전립선비대증,9초만에 끝내는 전립선 비대증 수술 (리줌) #전주 #비뇨의학과 #비뇨기과 #전북대병원 #스마트 #전립샘 #소변 #화장실 #빈뇨 #약뇨 #세뇨 #절박뇨 #요실금 #시술,전주 스마트 비뇨의학과,3169,27,2025-07-12T22:40:01Z,76,19.23076923076923,General,Description
83zEBc1ZavA,전립선비대증,"전립선 건강, 오해와 진실 ②전립선비대증의 원인 | 메디컬 약손",대구MBC뉴스,1104,7,2023-03-19T01:00:04Z,127,9.1324200913242,General,Description
BOX4hxSgVzI,전립선비대증,이런 치료법도 있구나! [전립선비대증],유웰의 쾌뇨드림,3284,13,2025-08-27T01:31:46Z,54,33.70786516853933,General,Description
DHshDQrXatg,전립선비대증,10분만에 끝! 전립선 비대증 수술,고려대학교 안암병원,1939,14,2025-04-08T09:00:14Z,42,46.51162790697674,Medical Pro,Description
jeENLnzNHI0,전립선비대증,전립선비대증 실비보험 100% 적용 가능!,전립선케어클리닉,1456,14,2025-08-22T07:53:12Z,20,12.658227848101266,General,Description
7juJL9Lvruw,전립선비대증,"전립선비대증 아이틴드, 치료효과에 대한 솔직한 평가⁉️",유웰의 쾌뇨드림,1063,25,2025-08-18T03:26:07Z,249,12.641509433962264,General,Description
Tey7jMYPZcs,전립선비대증,"전립선비대증치료술, 유로리프트 한계는? #shorts #전립선비대증치료 #프로게이터",나인비뇨의학과,1669,5,2025-11-28T07:56:29Z,67,3.333333333333333,General,Description
7pSLrZnyc9g,전립선비대증,"전립선비대증, 당뇨 환자는 치료 접근이 다릅니다",서울베스트비뇨의학과,993,16,2025-11-10T04:25:39Z,176,15.87912087912088,General,Description
O_1U0veFNB4,전립선비대증,방광염 전립선 비대증 즉시효과 지압자리 ..,구본강 원장의 대체의학 연구소™,1398,40,2025-03-19T14:57:20Z,162,7.361111111111111,General,Description
DzRL2sZdEU0,전립선비대증,"배뇨증상, 조루증상 뭐 먼저 치료하나요? : 전립선비대증 약 알파차단제로 하부요로 증상/ 조루증 동반 치료",비뇨의학 TV- 이웅희,942,27,2024-04-02T10:04:05Z,230,20.169851380042463,Medical Pro,Description
LkP3LjOXWSU,전립선비대증,"초거대 전립선 비대증, 로봇수술이나 절개하지 않고 내시경으로도 충분히 수술이 가능하다? 홀렙수술로 해결?",비정상토크,888,19,2025-08-27T09:00:47Z,509,20.023557126030624,General,Description
60z251DWT58,전립선비대증,전립선비대증 자가진단법! 중년 남성이라면 무조건 봐야 할 영상,조시완의 비뇨상식,880,22,2025-03-19T10:43:02Z,188,2.1621621621621614,General,Description
4QyXHE3MzdI,전립선비대증,전립선비대증의 약물 치료는 어떻게 하나요? 또 치료 기간은 보통 얼마나 걸리나요?,건전한 비뇨기과 김교수,884,39,2025-08-23T01:00:09Z,716,8.124357656731757,General,Description
UKOPAK_RV-U,전립선비대증,꿈의 전립선비대증 치료법! 아쿠아블레이션 로봇수술!,성랩,860,16,2023-05-05T08:30:06Z,203,22.35772357723577,General,Description
Ft9HPwdF6ds,전립선비대증,"전립선 비대증 수술, 치료 효과는 비슷한데 결정적 차이는 사정기능에 있다?!",비정상토크,919,30,2025-08-29T08:00:23Z,598,26.722925457102672,General,Description
vFlUZIeXf1U,전립선비대증,"전립선비대증 수술, 뭘로 할지 고민 중이세요?(김태진 일산차병원 비뇨의학과 교수)",한국전립선-배뇨관리협회,888,16,2024-05-27T01:59:59Z,302,29.585798816568047,General,Description
cSlYo644BpY,전립선비대증,"전립선비대증 로봇수술 대 워터젯, 비싼 수술 중 최강자는?",퍼펙트비뇨의학과,2047,9,2025-09-23T09:17:51Z,56,28.571428571428573,General,Description
edkA_fUhLWc,전립선비대증,"전립선비대증 수술, 어떤 마취해야 할까? #조정호원장 #골드만비뇨의학과 #전립선비대증수술",비정상토크,1292,12,2025-01-19T08:00:36Z,40,6.726457399103139,General,Description
rd9A126wviM,전립선비대증,전립선 비대증 약물로도 해결이 안된다? PSA가 높다? 이런 경우 전립선 비대증 수술 결정하셔야 합니다! [전립선비대증 수술결정 시기 2편],비정상토크,790,20,2025-08-22T11:01:28Z,483,33.60215053763441,General,Description
buuDt6ZdUrU,전립선비대증,60세 이후 전립선을 지키는 비결ㅣ 노년의성 | 건강 | 노후건강,김수진 박사 – 시니어 건강 TV,741,13,2025-07-30T10:12:56Z,2581,3.6752136752136746,Medical Pro,Description
5SpNkYFfnz0,전립선비대증,전립선 비대증 초기증상...병원은 언제?,유웰의 쾌뇨드림,751,9,2024-10-28T08:45:00Z,145,7.936507936507937,General,Description
oimI41hSYzg,전립선비대증,"전립선 비대증 수술, 왜 아쿠아블레이션인가?",서면엘비뇨의학과의원,2511,5,2025-09-28T23:30:30Z,38,12.82051282051282,General,Description
aaiCC405lGQ,전립선비대증,"전립선비대증 응급상황, 급성요폐 주의!  #shorts #전립선비대증 #요폐",나인비뇨의학과,1848,7,2025-07-04T08:14:59Z,41,5.780346820809249,General,Description
iusb_GukbkE,전립선비대증,화장실이 불편해지기 시작했다면… 30대 전립선비대증 이야기,서울베스트비뇨의학과,725,6,2025-12-29T09:01:09Z,431,10.469613259668508,General,Description
sS2xQj-pod0,전립선비대증,1분이면 끝나는 전립선비대증 자가진단 7문항｜3개 이상이면 병원 가셔야 합니다!,조시완의 비뇨상식,2213,2,2025-12-09T10:22:42Z,177,2.7404295051353884,General,Description
gWgle5ClxoU,전립선비대증,전립선 비대증 - 대구파티마병원 비뇨의학과 허경재 과장,대구파티마병원,724,6,2023-10-31T07:40:32Z,1653,22.68431001890359,Medical Pro,Description
hROTHpbES0U,전립선비대증,전립선비대증 나이탓이 아닙니다! 방치하면 생기는 충격적인 결과,쉬가쉬워지는동신TV,761,21,2025-11-12T09:00:59Z,623,10.94890510948905,Medical Pro,Description
MNP1vreYGBo,전립선비대증,전립선 비대증 최신 수술치료 워터젯 로봇 수술(아쿠아블레이션)#shorts,헬스조선 Health Chosun,923,14,2024-09-23T05:00:20Z,36,28.571428571428573,General,Description
g9XObsg3uxU,전립선비대증,"전립선비대증 치료, 한번에 해결하고 싶다면 반드시 이런 병원 가세요!",조시완의 비뇨상식,705,20,2025-08-01T09:01:08Z,186,13.329798515376456,General,Description
QO9B9PSMtbA,전립선비대증,"""남자라면 필독!"", ""전립선 비대증 왜 커질까?""",시니어플러스,4866,10,2025-10-22T23:00:23Z,176,6.149116064565718,General,Description
sdYivPJXVXA,전립선비대증,수술 말고 ‘약’으로 끝낼 수 있는 전립선비대증의 진실,비뇨정보 | 메가 UDT ,735,13,2025-12-11T09:01:24Z,257,12.77777777777778,General,Description
O-iMT08VG_s,전립선비대증,전립선비대증약 먹었더니 사정량이 줄어들었다? #shorts #전립선비대증 #전립선비대증치료,나인비뇨의학과,2321,7,2025-06-26T07:39:47Z,65,24.0,General,Description
SkX-rvizAv4,전립선비대증,"리줌 수술, 병원 고르는 법~! #shorts #리줌 #전립선비대증 #리줌수술 #전립선치료 #비뇨기과 #건강정보 #남성건강",건전한 비뇨기과 김교수,2393,8,2025-09-11T21:00:34Z,56,19.43844492440605,General,Description
4UKNorihe2w,전립선비대증,발전하는 비뇨의학? 전립선비대증 신기술 설명회,유웰의 쾌뇨드림,640,14,2025-10-27T02:35:47Z,344,9.444444444444445,General,Description
PEC7WgZf1-c,전립선비대증,"전립선비대증 수술 후 재발… 해결 방법, 있습니다 ✅",퍼펙트비뇨의학과,673,28,2025-11-05T08:30:16Z,406,18.41918294849023,General,Description
_WQ96-Ysl6E,전립선비대증,"[희망ON EP04] 참고 버텨온 시간, 전립선비대증 홀렙수술 그 이후...",유웰의 쾌뇨드림,654,28,2025-12-22T05:53:05Z,1421,34.0632603406326,General,Description
rCDreMjchF4,전립선비대증,전립선비대증 수술 이후로 심해진 절박뇨? '이것' 해결해주면 치료 가능합니다. #전립선비대증 #절박뇨 #절박성요실금,경희열린한의원,2376,6,2025-12-26T10:56:50Z,105,18.95734597156398,General,Description
_WFj3GQ1z7U,전립선비대증,"이 혈액 수치, 그냥 넘기면 안 됩니다 | PSA로 보는 전립선암 신호",서울베스트비뇨의학과,1331,20,2026-01-07T09:00:56Z,295,14.11589008363202,General,Description
hMCK6opcMeQ,전립선비대증,홍삼 오일에 이런 효과가?...전립선 비대증 완화 / YTN 사이언스,YTN 사이언스 투데이,590,5,2023-03-27T04:34:08Z,107,8.307372793354102,General,Description
knig-0qdTJI,전립선비대증,"최신 전립선비대증 시술, 리줌과 유로리프트의 장단점 비교",강남성모비뇨의학과,625,9,2025-09-29T09:01:07Z,455,19.27710843373494,General,Description
882O3t02n0s,전립선비대증,전립선비대증... '이 약'은 가능한 피하세요...,유웰의 쾌뇨드림,633,15,2025-09-15T06:03:55Z,361,23.474178403755868,General,Description
LSsyj6zVEFo,전립선비대증,#전립선비대증치료 필요한 분들 꼭 보세요.,나인비뇨의학과,2106,2,2025-12-24T07:01:17Z,55,6.309148264984227,General,Description
2fKfTO_VpoQ,전립선비대증,"소변 줄기가 약해졌다면... 전립선비대증 신호 7가지  남편, 아버지 건강 꼭 챙기세요! #시니어 #시니어건강 #백세습관",생활건강TV,1755,20,2025-12-13T23:55:31Z,49,7.317073170731708,Medical Pro,Description
hTkpgnUHL6k,전립선비대증,약물로 버티면 방광이 망가진다? 100세 시대의 전립선비대증 치료,유웰의 쾌뇨드림,536,10,2025-12-01T03:01:00Z,442,33.149171270718234,General,Description
qlVu0V6bbMo,갱년기,갱년기 증상 무시하면 안되는 갱년기 신호 5가지,김소형채널H,2403648,19453,2020-06-21T20:00:07Z,526,2.34192037470726,General,Description
qCE45vEyqcs,갱년기,호르몬으로 인한 갱년기증후군의 증상과 치료 방법 (KBS 20221228 방송),KBS 생로병사의 비밀,1199186,5760,2023-01-05T09:00:06Z,697,10.151515151515152,General,Description
piHvm6BDUFg,갱년기,혹시 내가 갱년기? 폐경기? 알려드릴게요 #폐경기 #갱년기 #조기폐경,Begin Again 강남세란의원 (Seran Clinic),1033386,6575,2025-05-07T07:09:37Z,273,4.11522633744856,General,Description
lXOK5PbomCU,갱년기,갱년기 여성에게 꼭 필요한 영양제 조합을 추천드립니다,약사가 들려주는 약 이야기,973999,16577,2019-08-01T09:00:08Z,539,17.964071856287426,Medical Pro,Description
KUwsidSep2A,갱년기,"갱년기가 오면 모든 통증이 더 심해집니다, 이유와 대처법을 알려드려요!",여의사의 산부인과 이야기.,741171,0,2024-05-02T09:00:21Z,591,9.695901278096075,Medical Pro,Description
YvYJkg8rjvg,갱년기,"우울증,갱년기,불안~ 정신과 의사들이 알려주는 중년우울 극복하는 최고의 방법은? (정신건강 통합) #이시형 #김병후 #이광민 #우울증 #불안 #갱년기",셀코TV / 잘 먹고 잘 사는 방법,682965,8203,2024-07-19T21:00:27Z,2764,5.46448087431694,Medical Pro,Description
OChBxSgatwA,갱년기,갱년기 어떻게 대처해야 할까?,EBS 컬렉션 - 사이언스,656294,4056,2021-10-16T11:07:49Z,496,11.1731843575419,General,Description
0vYQUs5H5dU,갱년기,저녁대신 토마토랑 두부를 이렇게 드세요! 갱년기에 좋은 10분만에 간단하고 맛있는 다이어트 레시피👍다이어트 식단,루다 테이블 Luda Table,607455,6230,2025-03-21T13:20:03Z,195,3.885003885003885,General,Description
8yn8mcXexms,갱년기,중년 여성 건강을 위협하는 갱년기 증상들│슬기롭게 갱년기를 극복하는 방법│폐경이후 여성 건강 관리법│귀하신 몸│#EBS건강,EBS 건강,498388,4183,2024-07-16T05:00:05Z,2670,10.230179028132993,General,Description
PZ6abUIJ-ek,갱년기,갱년기 시작과 험께 터지는 '뱃살'의 진실?!,다이트TV,2188531,3867,2025-07-09T06:23:33Z,37,5.695187165775401,Medical Pro,Description
v9O9efYALbM,갱년기,"사춘기 vs 갱년기, 엄마가 두렵다는 연우?? #내아이의사생활 #02hby",두부우,964894,12873,2026-01-08T04:00:55Z,59,10.0,General,Description
8Hy9dBpJzhM,갱년기,"여성 갱년기 고민별 맞춤 솔루션! 건강하게 갱년기 관리하는 법 (이소플라본, 여성호르몬, 불면증, 홍조, 우울증, 요실금, 골다공증)",여에스더의 에스더TV,407246,6032,2022-03-04T02:52:10Z,850,4.123711340206185,Medical Pro,Description
bWGJClsaWgU,갱년기,갱년기 다이어트에 꼭 필요한 이것! #shorts,여에스더의 에스더TV,408168,5541,2022-07-18T01:10:29Z,60,5.076142131979696,Medical Pro,Description
mAl-KWw_Ir4,갱년기,갱년기에는 무조건 여성호르몬제를 먹어야 하나요? #shorts,여에스더의 에스더TV,426975,3851,2022-06-24T01:40:11Z,57,24.84472049689441,Medical Pro,Description
POGbU6rwX7M,갱년기,🏆의사쌤도 극찬한 갱년기 관리법,지남쌤 스타일 Jinamssam style,403604,4751,2024-05-16T23:29:00Z,34,5.964214711729622,General,Description
VaBUUYs6_pU,갱년기,갱년기 증상이 더 심해지는 잘못된 생활 습관😢 | 다큐초이스 44회 | JTBC 240217 방송,JTBC Life,277444,1263,2024-02-17T06:53:28Z,351,7.142857142857143,General,Description
KeYH0MQ2b34,갱년기,"[Full] 갱년기 증상이 있다면? 이 영상을 꼭 보세요ㅣ귀하신 몸ㅣ60화 갱년기,왜 나는 아플까?",EBSDocumentary (EBS 다큐),254861,2742,2024-07-12T17:00:16Z,2604,8.0,General,Description
rtFUMIFJ2-M,갱년기,갱년기 땀인 줄 알았는데... '암' 신호일 수 있습니다! 🚨,마음건강톡톡,458648,3816,2025-12-17T23:01:17Z,36,15.151515151515152,General,Description
rmgKDlAwLF0,갱년기,"갱년기 증상별 최적의 영양제 구성하기 (홍조, 땀, 춥고 열나고, 수면장애, 두근거림, 우울감, 과민증 등등)",약사가 들려주는 약 이야기,225932,3891,2019-09-16T09:00:08Z,676,16.80672268907563,Medical Pro,Description
cLL-xu0USVU,갱년기,"갱년기에 생긴다는 홍조, 대부분이 홍조가 아니라 이것이라고?",오만스토리,484876,2520,2025-10-04T08:30:17Z,52,26.455026455026456,General,Description
WzN9wP5WR2I,갱년기,갱년기 치료제 리비알? 자세히 알려드리겠습니다,의학채널 비온뒤,219060,2857,2022-02-10T21:00:26Z,271,3.888888888888889,General,Description
c_KhB8nt0so,갱년기,[PEOPLE in 세브란스] 몸이 보내는 갱년기 신호 5가지!,세브란스,985886,8868,2020-05-04T08:00:12Z,273,14.417475728155338,General,Description
7pJiFzmRfSA,갱년기,30년 경력 산부인과 원장. 여성갱년기 특효 해결법. 다른 데 돈 쓰지 마시고 여성호르몬으로 이렇게 치료하세요.,교육하는 의사! 이동환TV,536216,5168,2023-05-01T11:00:06Z,781,1.0565275908479137,Medical Pro,Description
9xHOb-Q1Itk,갱년기,갱년기만 되면 나도 모르게 달라지는 몸의 변화 4가지 | 의사가 알려주는 갱년기의 모든 것,암 찾는 의사 이원경,210639,2961,2025-10-03T08:09:03Z,774,11.494252873563218,Medical Pro,Description
2cHI6um29ug,갱년기,"갱년기 다이어트가 더 어렵다?! 여에스더의 갱년기 고민타파 2편 (이소플라본, 여성호르몬, 갱년기 다이어트, 남성 갱년기)",여에스더의 에스더TV,173691,2928,2022-03-08T10:00:14Z,491,4.739336492890995,Medical Pro,Description
uuWr_bic77I,갱년기,"""갱년기만 되면 왜 이렇게 아플까?"" 의사가 알려주는 갱년기의 모든 것 | 갱년기, 폐경기",암 찾는 의사 이원경,166964,3198,2024-10-11T08:04:47Z,678,3.793103448275861,Medical Pro,Description
KBMqru9Jw-Y,갱년기,갱년기 여성 수면유지장애 불면증 진짜 이유와 개선 방법 (통합본),이음여성한의원 김우성 원장,153830,1814,2025-11-12T05:44:47Z,1225,8.379888268156424,General,Description
3sUvnAlQye4,갱년기,50세 갱년기 한고은 최근 건강상태 본 미국한의사가 깜짝놀란 이유ㅣ고은손님 EP.4,고은언니 한고은,151639,3490,2025-12-25T09:00:04Z,1676,13.623978201634875,General,Description
k0yTD8_W0EU,갱년기,"갱년기 극복을 도와줄 네 가지 음식!ㅣ폐경과 호르몬치료 [산부인과 조시현, 추성필 교수]",강남세브란스병원,135634,1306,2021-04-19T08:29:15Z,466,8.072289156626507,Medical Pro,Description
I3ycwbx8280,갱년기,"무조건 참겠다고?...여성 갱년기, 방치하면 다른 병으로 이어져 / YTN", YTN,117349,574,2019-11-30T20:47:50Z,160,10.508328546812177,General,Description
xPDpNue1PjU,갱년기,혹시 나도 갱년기? 갱년기 어떻게 극복할까?,서울대학교병원 강남센터,103791,872,2020-08-18T05:39:02Z,469,16.455026455026456,Medical Pro,Description
_odf5oPEZO4,갱년기,"갱년기 증상이 순서대로 나타난다구요? (초기, 중기, 후기)",이음여성한의원 김우성 원장,100047,675,2023-03-24T07:47:55Z,264,4.219409282700422,General,Description
gLBqDwzcX8M,갱년기,"[폐경기 호르몬 치료 명의] ""폐경 후 35년, 덜 힘들게 살고 싶다면…""",헬스조선명의,103621,1416,2023-12-29T00:25:10Z,798,2.816901408450704,General,Description
CcU-8N6H3hs,갱년기,폐경 후 갱년기 호르몬 치료 오히려 유방암을 부른다? 오해 가득한 호르몬제의 진실 | 갱년기 호르몬제 치료 | 명의 | EBS 건강,EBS 건강,99801,1064,2023-09-06T08:00:15Z,2026,20.86677367576244,General,Description
FCDwLKpW1Nc,갱년기,갱년기 극복을 위한 추천템!｜여성 갱년기 영양제  BEST 3 추천ㅣ몸짱약사 민재원이 직접 먹어보고 알려주는 바로 이거약👍🏻,몸짱 약사 민재원,97500,863,2021-06-18T09:00:05Z,341,16.129032258064516,Medical Pro,Description
Px3DvRVCdq0,갱년기,"이것만 알아도 갱년기가 편해집니다! 갱년기 증상의 원인과 대처 방법 | 복부비만, 안면홍조, 불면증, 호르몬 치료, 프로게스테론",다이어트 과학자 최겸 Gyum Choi,95622,1541,2025-07-03T09:44:47Z,2807,10.570824524312895,General,Description
ANzfz3OLq8A,갱년기,갑상선 질환과 혼동되는 여성 갱년기 증상,고대병원,179501,1763,2024-12-28T05:30:04Z,36,14.285714285714286,Medical Pro,Description
DedKjRNjXfQ,갱년기,갱년기 증상 심한데… 건강기능식품 효과 있을까?,헬스조선명의,93000,586,2022-12-29T01:40:53Z,531,20.40816326530612,General,Description
QyoLss3JSGA,갱년기,결혼은 해도 안해도 이해 못한다 #나는갱년기다 #YfumW,시네로제,173935,934,2026-01-03T01:00:40Z,39,4.464285714285714,General,Description
Rk2_cGm0MRI,갱년기,오락가락 갱년기 감정 기복은 참고 견뎌야 하나? #shorts,여에스더의 에스더TV,88681,1558,2022-06-22T08:53:42Z,59,5.649717514124294,Medical Pro,Description
PUqF0dgsW_g,갱년기,"폐경 늦추고 싶다면? 드셔야 할 것, 하셔야 할 것! #폐경기 #갱년기",Begin Again 강남세란의원 (Seran Clinic),88573,1272,2025-05-14T09:52:18Z,386,5.454545454545454,General,Description
zJLXsmog1kA,갱년기,여성 갱년기 힘든 이유와 덜 아플 수 있는 방법 #shorts,피부해결사 퓨린언니,123061,1313,2023-06-04T08:00:24Z,45,9.615384615384617,General,Description
F35dpW5bohY,갱년기,"""나 갱년기 아니야!!"" 갱년기 물음에 발끈한 52세 미나!",바른건강,86078,551,2023-03-02T10:44:43Z,946,18.65671641791045,General,Description
MSHwMPFKWDE,갱년기,폐경기와 갱년기의 차이 #shorts,오상신경외과의원,92540,1211,2023-08-19T03:00:18Z,36,15.151515151515152,General,Description
wM-g111fRrY,갱년기,"갱년기 호르몬제 추천하지 않는다는 함익병, 왜?",오만스토리,149808,1852,2025-09-28T01:56:00Z,64,29.62962962962963,General,Description
_p35wdmA_Xo,갱년기,갱년기 증상 차이를 만드는 진짜 원인 4가지,이음여성한의원 김우성 원장,70085,1104,2025-09-01T03:12:57Z,429,16.44736842105263,General,Description
LxRKY9WyUo8,갱년기,🏆갱년기 가볍게 지나가는 법,지남쌤 스타일 Jinamssam style,67234,1098,2024-06-09T23:20:00Z,37,9.107468123861567,General,Description
omOBZVx2xZc,갱년기,"호르몬 감소로 아파지는 폐경기 여성…""이것 먹으면 좋아"" 과학적 근거 마련",OBS뉴스,66267,555,2026-01-04T11:24:00Z,144,1.029285099052541,General,Description
lSOdp9UuwbE,갱년기,갱년기가 오면 나타나는 증상 설마 나도?!,산부인과TV,151557,1318,2025-10-22T00:34:44Z,28,2.6525198938992043,Medical Pro,Description
sbQDDyQRorg,갱년기,😋갱년기 만성염증 아침 한끼 이렇게 드세요🥗!#갱년기 #갱년기다이어트 #갱년기탈출 #마음과몸이심신활가 #약념연구소,심신활가,52862,743,2024-04-10T02:07:39Z,46,5.012531328320802,General,Description
4bn5YrpZFMs,갱년기,"진짜 징한 갱년기, 언제 끝날까? #shorts",여에스더의 에스더TV,51071,940,2022-06-22T08:04:21Z,59,19.48051948051948,Medical Pro,Description
OU1LQdQbDWs,갱년기,갱년기! 호르몬제 없이 ✔ 가뿐히 넘어가기,진약사톡,50554,1323,2025-08-15T09:00:37Z,1053,10.75268817204301,Medical Pro,Description
RvmU398nIXQ,갱년기,"갱년기, 시작은 알아도 끝은 없다? 70대에도 올 수 있는 갱년기의 모든 것! 폐경 예상 나이까지?",바른건강,43318,324,2022-03-22T01:59:24Z,505,6.172839506172839,General,Description
eYDOaUWt6Ao,갱년기,이런 증상 있다면 남성 갱년기 의심!,고대병원,48460,892,2024-05-14T05:00:30Z,57,30.303030303030305,Medical Pro,Description
vScu4aXhv90,갱년기,갱년기 여성에게 좋은 음식 3가지! 여성건강에 좋은 음식 #shorts #여성건강 #갱년기,몬스테라_건강정보,42458,596,2023-07-11T14:48:39Z,60,5.617977528089888,General,Description
NQNvT7kOKzA,갱년기,함익병이 갱년기 호르몬제 먹지 말라고 한 이유,고운얼굴,80320,996,2025-10-17T08:19:34Z,33,8.333333333333334,General,Description
UJjBocHLNds,갱년기,이유 없이 온몸이 아팠다?! 중년 여성을 괴롭히는 갱년기🤒 몸이 보내는 갱년기 증상들은?｜유쾌한 상담소｜JTBC 220419 방송,JTBC Life,39263,262,2022-05-07T07:00:14Z,598,3.474576271186441,General,Description
MWQ-iCozyqQ,갱년기,"갱년기에 유방암, 난소암 안 걸리려면 호르몬 치료 대신 '이것'을 먹어라!? [유사의학 vs 분당서울대병원]",분당서울대학교병원,38832,437,2023-07-11T07:15:00Z,827,25.134649910233392,Medical Pro,Description
B1U1fIBmfXg,갱년기,"갱년기 여성, 새벽에 깨는 진짜 이유 5가지 (자다 깨는 불면의 정체)",이음여성한의원 김우성 원장,38686,532,2025-10-18T01:15:06Z,641,5.338078291814947,General,Description
WQTwWPEekpU,갱년기,1년동안 간헐적 단식하면서 내가 이룬것 #50대 #갱년기 #간헐적단식,비타.성유,67708,120,2025-08-18T12:39:04Z,16,3.1645569620253164,General,Description
Nj82eoIQDxY,갱년기,'산부인과 의사'가 갱년기를 극복하는 방법!🧐 - [노노산부인과 ep220],나는의사다,94662,36,2026-01-09T06:45:43Z,651,20.33271719038817,Medical Pro,Description
wfcxN4LIXUU,갱년기,[#강동우교수] 갱년기 우울증의 원인과 극복 방법 | 생로병사의 비밀 - FULL 인터뷰,KBS 생로병사의 비밀,30944,245,2023-01-04T03:00:22Z,258,6.461318051575931,General,Description
hAWGzNWHIUM,갱년기,조기 폐경 후 찾아온 갱년기 증상 도대체 언제 끝날까? 16년 째 온몸이 아픈 60대 여성 | 갱년기에 좋은 식단과 운동법 | 귀하신 몸,EBS 컬렉션 - 사이언스,30582,253,2024-08-23T11:30:26Z,1010,15.945330296127562,General,Description
9-ffZqQtajo,갱년기,갱년기에는 어떤 게 좋을까? 서양승마 추출물 vs 백수오 [약사용설명서],건강의 벗,28440,1935,2022-11-02T08:00:02Z,387,10.0,General,Description
mf9juvdf4Ok,갱년기,※의사도 피할 수 없는 갱년기※ 건강한 줄만 알았는데 여성호르몬이 나오지 않는다? | 나는 몸신이다 437 회,play 채널A,27755,139,2023-05-26T11:43:26Z,377,9.615384615384617,General,Description
uEnNq9Dqyds,갱년기,갱년기에 살찌고 몸이 아픈 이유 | 풀버전 영상은 바로 위 ▶️를 클릭해 주세요,살빠체 : 살빠지는 체질,56094,543,2026-01-02T08:21:37Z,46,4.484304932735426,General,Description
1xkaOe0uOJQ,갱년기,홍조 등 갱년기 증상+편두통 장기 지속되면 심뇌혈관질환 주의 #shorts,오상신경외과의원,27132,562,2024-04-06T10:30:02Z,58,21.73913043478261,General,Description
MXR9bdPm_vo,갱년기,"Dr. 毛王 참닥터, 여성 갱년기 탈모, 풍성 촘촘 빼곡 가능한가요?",Dr. 毛王 참닥터의원,84830,936,2025-09-11T10:00:39Z,194,22.06896551724138,Medical Pro,Description
44OLX4daSB4,갱년기,"갱년기 안면홍조 개선에 도움되는 루바브! 외국에선 오래 전부터 써왔다는데, 그 효과는? #유료광고포함",김소형채널H,24532,729,2022-09-12T23:00:03Z,521,5.676442762535478,General,Description
DFY1f4rTZHo,갱년기,"갱년기 부부관계 시 질건조증 통증을 줄이는 방법은? (영양제, 음식, 외용제 총정리)",이음여성한의원 김우성 원장,24796,228,2024-10-28T08:30:55Z,578,8.333333333333334,General,Description
GRsMsDGm-vg,갱년기,#갱년기 #무릎통증 치료를 받으신 환자 치료 #줄기세포무릎주사 #줄기세포치료,Begin Again 강남세란의원 (Seran Clinic),43434,116,2025-05-26T07:03:18Z,32,3.076923076923077,General,Description
b1v045M9Ofg,갱년기,🍛갱년기 몸보신 삼계탕 10분 만에 만들수 있는거 모르시죠?#갱년기레시피 #갱년기 #쌍화차 #쌍화삼계탕 #라면보다쉬운요리 #심신활가 #나를챙기는시간#갱년기영양제  #나#여성건강,심신활가,23843,356,2024-04-15T05:57:06Z,34,3.886010362694301,General,Description
iAdaz9qHYN0,갱년기,"갈수록 심해지는 갱년기 증상, 어떻게 치료해야 하나요? / 갱년기 극복 / 갱년기 치료 / 자율신경 치료 /갱년기 2편",오상신경외과의원,18078,529,2023-08-11T11:40:05Z,561,10.650887573964496,General,Description
DrcRoQaIjd4,갱년기,갱년기 증상 완화를 돕는 효녀 유산균🙋🏻 '갱년기 유산균 YT1' TV정보쇼 알짜왕(alzzaking) 193회 | JTBC 201029 방송,JTBC Life,17588,126,2020-10-29T04:29:43Z,199,16.666666666666668,General,Description
4002INuLEYk,갱년기,혈관과 피부 갱년기에 바로 이것!! 베스트 진약사 식품!,진약사톡,17558,727,2025-05-24T09:00:05Z,1206,13.513513513513514,Medical Pro,Description
Z0H4jFcp654,갱년기,갱년기에 나타나는 증상,메디컬티비,26458,167,2024-11-12T22:00:17Z,37,9.803921568627452,General,Description
Nx1GKbhZ-nY,갱년기,갱년기가 너무 힘들다면 이것이 이유일 수 있습니다 / 갱년기 증상 / 자율신경실조증 / 갱년기 1편,오상신경외과의원,16987,510,2023-08-10T11:19:36Z,498,10.526315789473683,General,Description
UOYTncMUhI0,갱년기,"13년째 계속되는 갱년기, 부작용으로 15kg 쪘다? 일상을 망친 갱년기 증상들",바른건강,16649,122,2024-12-20T03:00:31Z,1381,17.75147928994083,General,Description
6XvJClZMP20,갱년기,갱년기에 좋은 음식 5가지,넘버원실버TV,19103,157,2023-04-01T03:00:03Z,30,18.181818181818183,Medical Pro,Description
5YR7uiYC3sw,갱년기,🚨중년 여성들 주목🚨 『갱년기 증상』 3가지 ✓ TV CHOSUN 20210513 방송  | [알콩달콩] 81회 | TV조선,TVCHOSUN - TV조선,15373,93,2021-05-13T10:59:06Z,235,1.7340067340067344,Medical Pro,Description
nGfjgGjdj88,갱년기,약 없이 스스로 갱년기 이기는 비결| 정세연의 라이프연구소,정세연의 라이프연구소,38211,407,2025-12-26T10:01:17Z,137,12.195121951219512,General,Description
LXYQGK0-6uM,갱년기,폐경 완경되면 혈압이 높아진다? #완경 #폐경 #갱년기 #갱년기증상 #갱년기호르몬 #갱년기치료,Begin Again 강남세란의원 (Seran Clinic),34354,199,2025-05-13T08:01:05Z,42,5.291005291005291,General,Description
4_5v5eWjPnk,갱년기,[명의 의학백과📖] 갱년기와 호르몬 치료,고대병원,12207,163,2025-02-02T11:00:05Z,121,15.723270440251572,Medical Pro,Description
fe7TOBpJjdY,갱년기,산부인과 명의가 알려주는 갱년기 호르몬제 |  #EBS건강,EBS 건강,11357,146,2025-08-20T01:00:48Z,359,13.157894736842104,General,Description
TOAFjrqgSZY,갱년기,갱년기라 얼굴 열나고 당기는 줄 알았죠? 함익병 원장이 말하는 반전 원인 😮,마음건강톡톡,26528,250,2025-12-29T08:00:44Z,30,16.33986928104575,General,Description
cvgBb6skfoY,갱년기,갱년기 극복 이 3가지만 기억하세요!! #갱년기 #갱년기다이어트,"맞춤주치의, 닥터JM",18760,173,2024-01-12T23:00:19Z,47,14.084507042253522,Medical Pro,Description
zjn3JMWDNrM,갱년기,무릎통증과 갱년기 치료 진행 스토리 #무릎통증 #무릎퇴행성관절염 #무릎줄기세포치료 #갱년기,Begin Again 강남세란의원 (Seran Clinic),23111,42,2025-05-10T02:54:06Z,17,5.1020408163265305,General,Description
0Xu8u_n6vMw,갱년기,"갱년기 호르몬제만 네 번 바꾸며 깨달은 것 (페모스톤 콘티, 안젤릭, 리비알, 프로베라)",산소약사 TV ,16549,173,2025-06-20T08:45:00Z,119,6.055045871559631,Medical Pro,Description
xJt7DdKSROc,갱년기,국민 애처가도 피할 수 없었던 갱년기😶 하희라 당황하게 한 최수종의 한 마디는?! | 미운 우리 새끼 | SBS,SBS ,43080,240,2026-01-12T02:30:58Z,122,6.024096385542169,General,Description
NMHXBXONi6o,갱년기,원장님이 먹고 있는 갱년기 호르몬제 전격공개!,트리니티 TV,8910,17,2024-11-15T09:00:31Z,427,4.3478260869565215,Medical Pro,Description
M5ZsNL8ER9s,갱년기,"여성 갱년기, 방치한다면 돌이킬 수 없는 만성질환이 됩니다 #shorts #갱년기 #폐경",모형진 의학박사의 여성의학_포도여성의원,8638,273,2025-01-06T06:38:54Z,57,9.615384615384617,General,Description
39al4nt_0nc,갱년기,갱년기 남성에게 좋은 영양제 3대장 알려드립니다. [약사용설명서],건강의 벗,8392,1115,2023-06-07T08:00:02Z,376,4.587155963302752,General,Description
yljnZ0WBG94,갱년기,폐경기 갱년기 쉽게 이해하기 #shorts,여성미한의원 조선화 원장,11477,76,2024-08-06T10:01:01Z,59,5.2493438320209975,General,Description
MguuIO4Sk1A,갱년기,"[산부인과TV ] 갱년기 출혈의 솔루션, 노바슈어 자궁내막 소작술",산부인과TV,19265,221,2026-01-09T03:00:29Z,70,2.489626556016597,Medical Pro,Description
8IVziqKY52M,갱년기,"여성 갱년기, 절대 하면 안 되는 행동 7가지ㅣ이 습관이 증상을 악화시킵니다",실버밀리언,31270,119,2025-06-19T05:30:07Z,6,10.526315789473683,General,Description
DBSWbB6uWns,갱년기,갱년기 건강 크게 예민한 띠 VS 갱년기를 지혜롭게 넘기는 띠,띠별로그,27238,283,2025-12-09T10:00:19Z,5,2.061855670103093,General,Description
KWfh6wtLQO8,갱년기,11.갱년기 증상이 있다면 이 습관은 그만!#여자인한의원#갱년기증상#갱년기극복,공감진료실 여자인한의원,12922,112,2025-04-19T00:38:40Z,60,32.78688524590164,General,Description
xZpGyrqUUOs,갱년기,30대에 갱년기? 에겐남 남성호르몬 수치 올리기ㅋㅋㅋ #해품장팔팔장어미음나루점,광자,13935,266,2026-01-05T07:00:49Z,68,9.090909090909092,General,Description
rszSNKBmn9c,요실금,"요통, 요실금 그리고 정력에도 좋은 골반저근 운동!",이경희 TV,193575,4082,2023-02-19T22:00:16Z,499,13.0718954248366,Medical Pro,Description
ysTY1NGHRUQ,요실금,"요실금 예방, 치료에 언제 어디서나 케겔운동 #shorts",여에스더의 에스더TV,196934,2587,2022-10-26T10:00:48Z,55,9.9009900990099,Medical Pro,Description
jPvVJvf_bX4,요실금,그대로 따라하는 요실금 예방운동! 비뇨의학과 전문의가 알려드려요 | 서울아산병원,서울아산병원,103615,2062,2023-05-08T06:00:12Z,391,14.625228519195613,Medical Pro,Description
ompv7jTg5dw,요실금,"소변이 자꾸 새는 요실금 치료법, 딱 2가지만 알려드립니다! / 그랜드비뇨의학과 황진철",의학채널 비온뒤,89780,1197,2023-12-29T14:30:22Z,285,2.987012987012987,General,Description
YVmx_34dZag,요실금,요실금 치료방법 3가지!! 요실금 증상부터 치료까지 | 여성건강 채널No.1_우리동네 산부인과,"우리동네산부인과, 우리동산",75432,1103,2022-08-27T11:54:46Z,1208,9.611398963730569,General,Description
ciaX-LhBd9I,요실금,가족들한테도 말 못 하는 요실금! 방광 꽉 잠그는 '밸브 운동'으로 완치하자(ft.필라테스) | 나는 몸신이다 393 회,채널아하: 채널A Health & Asset,74370,1085,2022-07-24T13:08:52Z,580,4.901960784313726,General,Description
pxSwUv8JV7s,요실금,무엇이든 물어보세요 - 과민성 방광과 요실금을 치료하는 운동 20180202,KBS 교양,56287,595,2018-02-02T07:38:25Z,222,23.80952380952381,General,Description
67FwKOx_V9E,요실금,#요실금 증상에 따라 치료방법이 다르다!,내귀에닥터,54957,764,2021-03-09T02:44:16Z,389,2.244897959183673,Medical Pro,Description
qBTISSEiTlI,요실금,요실금 막고 괄약근 강화시키는 골반 근육 운동!,바른건강,53888,685,2023-07-19T01:00:30Z,766,12.048192771084338,General,Description
qREc0Ckjl4U,요실금,전문의 3인방이 말하는 요실금의 모든 것! 약이 되는 정보 꿀단지 26회,JTBC Entertainment,39511,263,2014-10-11T05:45:18Z,259,7.547169811320755,General,Description
fxM2qPSiG-I,요실금,"나도 모르게 소변이 '찔끔' 새는 요실금,  '이 운동' 해야합니다 #shorts",서울아산병원,40253,1139,2023-05-08T06:15:03Z,55,11.627906976744184,Medical Pro,Description
hf_9csErppU,요실금,"요실금 수술의 종류와 부작용, 속 시원하게 알려드립니다(이소연 명지병원 비뇨의학과 교수)",한국전립선-배뇨관리협회,31419,361,2023-06-12T04:10:34Z,450,29.940119760479043,General,Description
JMDZ8eg5Xuo,요실금,"복압성 요실금 치료법, 테이프 수술 - (20121027_433회 방송)_말 못할 고민 - 배뇨장애",KBS 생로병사의 비밀,30845,122,2020-07-11T09:00:05Z,34,2.1556350626118066,General,Description
6GwxkXjloNw,요실금,요실금 수술은 어디서? 산부인과vs비뇨의학과 - 서울대 전문의,닥터곰의 비뇨의학,30314,242,2020-08-17T07:58:54Z,150,6.369426751592357,Medical Pro,Description
L1h_QO_cqSg,요실금,요실금의 원인과 주요 증상 3가지! | [동산닥터스] 비뇨의학과 변혜진,계명대학교 동산병원,27087,295,2020-09-03T07:19:44Z,218,9.25925925925926,Medical Pro,Description
8ULnTpITE1s,요실금,"요역동학 검사, 1분 안에 정리해드립니다! #shorts",서울아산병원,29259,197,2023-08-10T03:00:08Z,60,95.23809523809524,Medical Pro,Description
MTXvFKh90SM,요실금,[명의 의학백과📖] 복압성 요실금 수술,고대병원,15325,77,2023-10-18T23:48:30Z,79,11.655011655011656,Medical Pro,Description
RVnwqxOiSlY,요실금,외출할 때도 잠잘 때도 불쑥 찾아오는 고통. 의지와 상관없이 소변이 새는 ‘요실금’과 증상에 따라 달라지는 치료방법 (KBS 20230215 방송),KBS 생로병사의 비밀,14726,151,2023-02-23T09:00:08Z,463,4.287925696594428,General,Description
0Fy1RickQJE,요실금,"해보지 않으면 모르는 질레이저 효과, 수술 안 하는 요실금 치료는?",트리니티 TV,13915,56,2024-09-27T09:00:00Z,328,6.711409395973154,Medical Pro,Description
etFOGLYnKkQ,요실금,요실금 수술하지 않고 좋아질 수 있을까요?#요실금치료 #비비브,프린세스산부인과,19240,116,2023-09-23T10:24:04Z,39,29.761904761904763,General,Description
IPIe9IFA-IE,요실금,요실금치료기 에디케어 www.eddyjoa.com 02-547-8279,에디케어공식사이트,11019,15,2022-08-08T02:01:47Z,427,48.68913857677903,General,Description
uopciYOZa2o,요실금,"전립선암 수술 후 요실금, 발기장애, 사정장애 해결은?(박성열 한양대병원 비뇨의학과 교수)",한국전립선-배뇨관리협회,11117,164,2025-05-26T01:31:31Z,339,29.85074626865672,General,Description
tmjYe3jShaw,요실금,케겔운동 쉽게하는 꿀팁 #케겔운동 #요실금 #과민성방광,배꼽한의사TV,26124,164,2024-09-12T13:09:22Z,24,5.082592121982211,Medical Pro,Description
6xHbsXZbKxE,요실금,요실금 자가진단,비정상토크,9128,53,2023-04-28T03:00:07Z,54,55.55555555555556,General,Description
_OuHiOhvqYE,요실금,요실금 수술 전에 주의해야 할 점  '5가지',유로진W,7245,69,2024-01-26T04:00:27Z,199,34.53947368421053,General,Description
X-LRFw8USsI,요실금,절박성 요실금 치료 수술 받지 마세요 제발!! #shorts #요실금 #절박성요실금,포웰 비뇨의학과 소성민 박사,8911,91,2023-07-20T04:07:30Z,53,37.03703703703704,General,Description
HJm_iYNdIg0,요실금,[명의 의학백과📖] 복압성 요실금 검사,고대병원,5815,28,2023-10-18T23:48:30Z,48,4.662004662004662,Medical Pro,Description
AFBDrNOseBE,요실금,✨ 건강 UP데이트 EP.07. 요실금 Q&A,한국보훈복지의료공단,19699,24,2025-11-07T07:18:30Z,44,29.166666666666668,General,Description
-APZ0SP1PUg,요실금,기침할 때 소변 찔끔? 복압성 요실금 수술,고대병원,288405,3513,2024-02-22T04:00:00Z,59,76.92307692307692,Medical Pro,Description
MKShJTXeHk8,요실금,"나도 모르게 소변이 '찔끔', 요실금 제대로 다스리는 방법! | 서울아산병원",서울아산병원,70349,1154,2023-05-08T06:00:06Z,372,21.487603305785125,Medical Pro,Description
VTlq1miwQOY,요실금,👵👴 건강 UP데이트 EP.07. 요실금 Q&A,한국보훈복지의료공단,20904,18,2025-11-07T07:20:27Z,53,14.150943396226417,General,Description
yBuVLBbdmBQ,요실금,비뇨기과에서 시행하는 요실금수술(TOT수술),유웰의 쾌뇨드림,6901,42,2023-04-10T09:17:28Z,204,21.12676056338028,General,Description
AuQNkddozzU,요실금,요실금 수술 절대 하지 마세요.,아나프게,4129,40,2024-05-04T04:07:35Z,58,40.32258064516129,General,Description
__B-D18zUio,요실금,요실금 치료 수술 회복기간 차이가 없다!? #shorts #요실금 #요실금치료,포웰 비뇨의학과 소성민 박사,4465,52,2023-07-21T08:22:29Z,60,62.5,General,Description
gi8gGkS-p4A,요실금,"전립선 수술 후 요실금이 고민이라면, 인공요도괄약근 삽입술",서울아산병원,4021,65,2024-12-30T07:00:31Z,567,84.6774193548387,Medical Pro,Description
JE7rntkxacg,요실금,요실금수술 진짜 아픈가요?,트리니티 TV,8421,26,2025-05-26T08:49:47Z,24,9.345794392523365,Medical Pro,Description
x8HWoc_XAZU,요실금,요실금의 원인과 종류!! 그에 따른 치료방법 / 명지병원 비뇨의학과 이소연 교수,명지병원-MYONGJI HOSPITAL,3825,59,2019-10-21T07:44:41Z,307,35.714285714285715,Medical Pro,Description
CMLvN32w8JE,요실금,요실금수술 부작용 피하고 싶다면!? 꼭보세요!! #shorts,포웰 비뇨의학과 소성민 박사,3676,42,2023-06-26T05:36:06Z,59,68.4931506849315,General,Description
O5sZxH5-moY,요실금,"요실금수술, 얼마나 아플까요?",유웰의 쾌뇨드림,3513,35,2024-12-31T04:47:46Z,172,2.785515320334262,General,Description
yWlcilHrcXs,요실금,"요실금, 잦은 소변에 좋은 최고의 운동 2가지!! 폼롤러 하나로 해결 하세요!!",몸이편안하니 ,3304,0,2023-06-09T09:45:03Z,171,4.310344827586207,General,Description
Wic_yi9lw_A,요실금,수술 없이 요실금 치료 가능?,광안자모병원,3728,36,2023-08-21T08:00:12Z,60,8.771929824561404,Medical Pro,Description
Jd02NZR3AxU,요실금,👵👴 건강 UP데이트 EP.07. 요실금 예방을 위한 골반 근력 스트레칭,한국보훈복지의료공단,20345,33,2025-11-07T07:24:51Z,59,17.54385964912281,General,Description
RTrDP97cCgg,요실금,[명의 의학백과📖] 배뇨와 요실금,고대병원,2800,23,2023-10-18T23:48:30Z,46,7.042253521126761,Medical Pro,Description
SHufc6ngg3A,요실금,소변이 샌다면... 이 운동 해보세요 (ft. 요실금 운동),성장인(강남여성병원),3632,70,2025-01-31T09:00:23Z,345,2.3260073260073257,Medical Pro,Description
6sS2nZQy1g0,요실금,"소변찔끔 요실금, 괄약근 운동법으로 해결 #요실금 #소변찔끔 #괄약근운동",울산대학교병원tv,3789,40,2024-10-16T02:00:04Z,41,31.25,Medical Pro,Description
INUQ4tC6c8I,요실금,요실금 검사 부터 수술까지 얼마나 걸릴까? #shorts #요실금 #요실금검사 #요실금수술,포웰 비뇨의학과 소성민 박사,3566,41,2023-07-26T10:22:51Z,60,68.62745098039215,General,Description
e8xjZlNSqQw,요실금,요실금 어떻게 사라졌나고요?,뚝딱간호사,2700,6,2025-01-09T03:20:58Z,22,2.0964360587002098,General,Description
TDgX7lQIC0I,요실금,요실금수술 20년 저에게 수술 받은 환자분이 요실금 재발해 찾아왔습니다 #shorts #요실금수술,포웰 비뇨의학과 소성민 박사,2981,30,2023-07-19T09:56:22Z,23,76.92307692307692,General,Description
ZUsTSlLjKvA,요실금,복압성 요실금 수술이 꼭 필요한 경우 #shorts,서울미즈메디컬TV,4052,22,2024-05-31T01:00:28Z,57,35.50295857988166,Medical Pro,Description
zxGjpETTuEE,요실금,복압성 요실금은 수술이 정답입니다,유웰의 쾌뇨드림,2341,29,2024-12-10T07:45:54Z,200,3.1746031746031744,General,Description
2YsIYw-c2lU,요실금,#질레이저 #비비브 ? #요실금 수술?? 나에게 맞는 복압성 #요실금치료 방법!,와이미즈,5612,16,2025-04-15T08:43:04Z,42,50.0,General,Description
fY4qK69M7pw,요실금,"요실금에 좋은 음식 5가지, 지금 꼭 챙겨 드세요! #시니어건강 #건강궁합 #건강상식#요실금",시니어 건강 카드,6651,68,2025-06-30T01:00:45Z,14,13.636363636363637,General,Description
IeBmde46u78,요실금,"요실금, 야간뇨 빈뇨, 절박뇨 증상 완화하는 루틴 #요실금 #강남여성병원 #성장인",성장인(강남여성병원),3298,38,2025-02-03T09:00:27Z,37,37.03703703703704,Medical Pro,Description
qpJefCGgF04,요실금,허리건강과 요실금 한번에 잡기,물치맨,7741,126,2025-09-29T08:05:22Z,32,21.0727969348659,General,Description
V15f6LtkLac,요실금,"무작정 수술 받지 마세요! 요실금 비수술적 치료의 모든것 l 소중한 나를 위해, 헤스티아여성의원",헤스티아 여성의원,2112,28,2022-06-17T09:56:01Z,321,21.630170316301705,General,Description
exFm4qZw7GQ,요실금,못 참고 지리는..절박성 #요실금 치료 방법! #산부인과 #요실금치료,와이미즈,6563,22,2025-04-10T08:40:29Z,39,90.9090909090909,General,Description
2dsCTP2SXNg,요실금,다 같은 요실금이 아닙니다! 증상별 요실금 총정리 #요실금 #배뇨장애 #굿닥터인부산,굿닥터인부산,4443,20,2025-04-03T09:00:06Z,55,3.574660633484162,Medical Pro,Description
feuQyHrjom8,요실금,전자기장 요실금치료기 '에디케어 www.eddyjoa.com,에디케어공식사이트,1783,12,2022-08-04T07:56:40Z,26,41.32231404958678,General,Description
4AY9iYp27Cc,요실금,소변이 찔끔 요실금이 생기는 근본적인 이유 #shorts,서울미즈메디컬TV,2209,23,2024-05-18T01:00:02Z,58,21.05263157894737,Medical Pro,Description
0YRRSYLOKxE,요실금,약물로 치료가 가능한 요실금 #절박성요실금 #요실금치료,미즈메디병원,4039,12,2025-07-29T09:00:03Z,28,107.14285714285714,Medical Pro,Description
pHjO3gdY6jk,요실금,요실금 잡는 음식 5가지! #요실금에좋은음식,라이프스케치,3725,31,2025-04-17T04:15:51Z,76,15.463917525773196,General,Description
VSuyku7ZNfw,요실금,요실금 극복한 84세 할머니의 '단 하나' 운동!  #요실금 #건강쇼츠 #유튜브쇼츠,웰컴건강,3656,33,2026-01-10T09:01:00Z,58,4.254385964912281,General,Description
LBNjMpH5ag8,요실금,요실금 있다면 이 음식 조심! 소변 찔끔 새는 요실금을 악화시키는 음식과 생활 습관  [서울미즈병원],서울미즈메디컬TV,1256,18,2024-04-26T01:00:13Z,518,15.037593984962406,Medical Pro,Description
wuMHEnfkIDA,요실금,최신 요실금 수술법 미니슬링 들어보셨나요?,나를위한산부인과 Naweclinic Nawe Clinic Global,6693,14,2025-05-22T08:45:59Z,64,10.309278350515465,General,Description
JpCzbjl95l8,요실금,"요실금 약, 똑똑하게 챙겨 먹는 법!(이신영 서울의료원 비뇨의학과 과장)",한국전립선-배뇨관리협회,1128,18,2024-05-06T00:00:12Z,311,7.042253521126761,General,Description
WSD1Rb2SfzI,요실금,요실금 의심되면 달려가야 하는 곳은? #shorts,그레이트온 greEAT_on,988,16,2022-09-19T07:00:10Z,60,13.986013986013988,General,Description
legOPtkuv-4,요실금,요실금 있으면 이것 절대 먹지 마세요! 요실금 증상 악화시키는 음식 #shorts,서울미즈메디컬TV,1842,8,2024-04-27T01:00:22Z,53,17.857142857142858,Medical Pro,Description
x0esnJ_pRQo,요실금,#요실금 갑자기 새서 당황했어요..,아나프게,2699,2,2025-04-08T10:48:02Z,28,80.0,General,Description
tq3i8bsjGzw,요실금,요실금 왜 생기는 걸까?,나를위한산부인과 Naweclinic Nawe Clinic Global,4033,5,2025-05-19T08:45:49Z,59,7.874015748031496,General,Description
cMtH6_ztO1I,요실금,요실금 걱정이신 분들 주목! 케겔운동 효과 제대로 보는 올바른 방법 알려드립니다,희망 ON AIR | 서울IVF여성의원,2076,10,2025-07-11T23:00:44Z,61,11.887072808320951,General,Description
8KwQVQbngtE,요실금,요실금 증상이 보인다면 언제 병원에 찾아가야 할까?! #shorts,아인병원TV,832,9,2023-11-01T05:29:31Z,44,34.18803418803419,Medical Pro,Description
pZ6XQINnH7g,요실금,출산 후에 요실금이 잘 생긴다?! #shorts #요실금 #출산,산뜻의사,1008,10,2024-03-21T09:15:05Z,34,11.27659574468085,Medical Pro,Description
q-GpZ3jVJwU,요실금,남자 요실금? 해결하는 방법,아나프게,769,7,2024-05-20T02:56:31Z,59,32.78688524590164,General,Description
X5wqnyye81o,요실금,"요실금 치료, 웃다가 소변이 샌다면?",산부인과 닥터 샛별쌤,1645,9,2025-08-25T09:31:10Z,60,19.8019801980198,Medical Pro,Description
or-tKRecScQ,요실금,(슬기로운 방광tv) 요실금 수술의 오해와 진실  #강남비뇨기과#타워여성비뇨기과#타워여성비뇨의학과#타워비뇨기과#비뇨기과#여성비뇨기과#요실금#TOT#서초동비뇨기과#방광염,슬기로운 방광 tv,2152,20,2025-11-26T03:12:44Z,30,3.2872928176795586,Medical Pro,Description
WMZN6MtNyrs,요실금,"절박성요실금, 참지 말고 '이것'! #절박뇨 #요실금 #절박성요실금",경희열린한의원,1764,8,2025-04-05T10:51:43Z,59,4.962779156327543,General,Description
qPl58vmeeuI,요실금,요실금 증상에 따라 치료법이 다르다고? 복압성/절박성/복합성 요실금의 효과적인 치료법 [서울미즈병원 박연이 병원장님],서울미즈메디컬TV,634,7,2024-05-17T01:00:23Z,336,33.67875647668394,Medical Pro,Description
OY5gxUyAUUw,요실금,재채기만 해도 찔끔!  복압성 요실금 치료는 어떻게 해야 할까? #shorts,서울미즈메디컬TV,879,6,2024-05-13T01:00:17Z,59,22.058823529411764,Medical Pro,Description
J1QzMUe0pBw,요실금,요실금 있으면 '이 시간 이후' 물 끊으세요 #시니어건강 #질병예방 #한국시니어 #건강 # 질병 예방 #생활습관,의사쌤,1967,13,2025-12-01T05:17:25Z,44,12.57861635220126,Medical Pro,Description
GCJbSySK2H0,요실금,요실금 개선 효과 입증된 슈퍼푸드 3가지! #요실금,3 PICK HEALTH,1281,15,2025-10-25T23:00:28Z,83,9.293680297397769,General,Description
RCL3PwVocfg,요실금,병원가야하는 요실금 경고등 3가지 #시니어건강 #질병예방 #한국시니어 #건강 # 질병 예방 #생활습관,의사쌤,2025,8,2025-12-04T06:09:16Z,46,19.68503937007874,Medical Pro,Description
729qeYqXtLE,요실금,서서 볼일 봤다면 이미 요실금은...,별거아닌지식,1315,3,2025-12-16T22:00:16Z,32,10.526315789473683,General,Description
tahdNrg2wjE,요실금,60대 건강 관리 요실금에 좋은 음식 요실금#요실금 #방광건강 #의사추천 #겨울건강 #60대건강 #골반근강화 #건강음식,백세청춘,1513,30,2025-12-12T11:45:13Z,89,23.80952380952381,General,Description
bFXUarqrk9Y,요실금,출산하고 요실금이 자꾸만 있을때 치료방법은? #산부인과 #shorts,산부인과 최쌤,2042,2,2025-10-21T08:00:44Z,62,43.01075268817204,General,Description
jPBYNRG2rBA,요실금,"요실금 부끄러워 하지 말고 간단한 방법으로 예방, 관리해요! #100세시대 #건강 #건강정보 #요실금",새로나다,1595,14,2025-11-01T10:07:03Z,52,23.25581395348837,General,Description
slbU_UNDq3M,요실금,"요실금, 대다수는 걸리는 증상입니다. 부끄러워하지 마십시오.",시니어 건강 라이프TV ,1717,10,2025-09-30T09:01:00Z,32,9.9009900990099,Medical Pro,Description
_aSlJSm-gxA,요실금,웃다가 '찔끔' 했다면? 단 1분 투자로 요실금 꽉 잡는 법! #shorts #건강한중년 #건강정보,정보사랑 스튜디오,1511,12,2025-08-23T04:45:06Z,59,16.84532924961715,General,Description
La_tSmR8Sig,요실금,"요실금 있는 분, 이 음식만큼은 피하세요 #요실금  #요실금식단  #요실금개선  #요실금예방  #요실금없애는법  #방광건강  #방광약화  #배뇨장애  #50대건강",건강한삶,1774,10,2025-04-21T00:15:02Z,89,9.336917562724016,General,Description
06PYtGHaK0w,요실금,[똑똑!한 진료실] 부끄러움이 아닌 치료의 시작 '요실금'#국민건강보험일산병원 #요실금,국민건강보험일산병원,559,133,2025-02-24T01:14:41Z,60,40.81632653061224,Medical Pro,Description
xx4FqG5fjQc,요실금,앉아서 회춘하는 비밀?! 아무도 모르게 강해지는 법 #요실금 #전립선 #전립선건강 #회춘 #케겔운동 #운동하는남자 #운동하는여자 #건강관리 #건강정보  #이슈 #50세,슬기로운 시니어 라이프,4688,3,2026-01-02T05:30:36Z,57,10.1010101010101,General,Description
oTHQZsl_11o,요실금,"전립선, 요실금 이겨내 봅시다",물리치료사,480,22,2024-09-12T21:53:09Z,294,9.803921568627452,General,Description
9UcbqDnpXEY,요실금,요실금 종류! 알고 있는 것이 전부가 아닙니다!,유웰의 쾌뇨드림,590,235,2024-03-25T09:01:00Z,56,7.042253521126761,General,Description
UcfJ9loN3uk,요실금,#요실금 수술 절대 하지말라는 이유,건강정보,489,0,2024-12-20T01:42:04Z,31,43.85964912280702,General,Description
zt1nIWjjfuw,요실금,"남성 전립선에 좋은 항문 조이기 운동 (케겔) ㅣ치질,요실금 개선에도 탁월한 루틴",Rich Healing Fit (리치 힐링핏),1800,13,2025-11-04T02:11:24Z,7,4.901960784313726,General,Description
zsW5XOOTV7U,요실금,"소변이 찔끔, 나도 요실금일까?",이경숙 원장의 속사정,1353,4,2025-04-01T04:13:16Z,59,30.76923076923077,General,Description
7pODz5-IgAo,요실금,혹시 나도 요실금 증상 5가지 확인하세요  #요실금 #중년건강 #시니어정보 #여성건강 #남성건강 #배뇨장애 #건강상식 #건강정보 #요실금증상 #노년기건강 #중장년정보 #재채기소변,노련한 정보통,1432,9,2025-07-01T10:24:19Z,38,6.5359477124183005,General,Description
5IKxMlIAidA,요실금,“속옷이 자주 젖는다면?” #요실금 #방광건강 #시니어건강#소변문제 #골반저근운동#배뇨관리 #SeniorHealth #HealthyAging,의사쌤,677,8,2025-12-17T08:00:06Z,52,43.47826086956522,Medical Pro,Description
B2Hm6D60aFk,요실금,"둘째 분만 후 소변이 새는 증상이 있어요! 산후 요실금, 정상인가요? #shorts  #w여성병원  #인천w여성병원 #인천산부인과 #요실금 #함경렬대표원장",W여성병원,984,45,2025-07-17T02:08:50Z,25,50.505050505050505,Medical Pro,Description
K3kcTg54MMU,요실금,바이오피드백 치료 Biofeedback #변실금  #요실금 #요실금치료 #만성변비 #배뇨장애  #부산제2항운병원,부산제2항운병원,584,3,2024-04-19T02:04:17Z,23,14.336917562724016,Medical Pro,Description
EIKaKE_xSho,요실금,[오·순·도·순] 절박성 요실금 vs 복압성 요실금 치료 방법? #shorts,순천향대학교 서울병원 'Human Love',536,14,2025-03-05T08:00:18Z,52,31.446540880503143,Medical Pro,Description
7gf74ceOOSk,요실금,"요실금 수술 이후에도 남아있는 빈뇨, 5시간만에 화장실 가게 된 비결? #요실금 #요실금치료 #요실금수술 #빈뇨",경희열린한의원,395,3,2024-12-01T05:30:31Z,47,20.120724346076457,General,Description
NeKyOADqvHs,요실금,요실금은 노화 때문만이 아닙니다 (의외의 원인) #요실금#시니어건강#노화오해#배뇨건강#골반저근#중년건강#SeniorHealth#Incontinence#건강정보#의사쌤,의사쌤,1433,10,2025-12-13T04:12:07Z,49,25.806451612903224,Medical Pro,Description
XIVi2qwAZBE,요실금,"방광염, 요실금, 과민성 방광을 막는 방법 3가지#방광염 #방광 #요실금",건강박사,1052,11,2025-10-02T10:36:40Z,35,5.033557046979865,General,Description
LdxohkA2yxo,요실금,노인이 많이 겪지만 ‘말 못 하는’ 증상 TOP 1 #요실금 #노인건강#말못하는증상 #시니어건강#골반저근 #방광건강#삶의질 #건강인식#SeniorHealth #의사쌤,의사쌤,854,8,2025-12-20T10:00:40Z,56,27.58620689655172,Medical Pro,Description
LtvuvrBab60,요실금,[TIP] 혹시 나도? 요실금 자가 진단법 [무엇이든 물어보세요] 20190514,KBS 교양,350,4,2019-05-14T07:34:37Z,240,22.22222222222222,General,Description
KFwut0Jiwy0,요실금,"샤워할 때 소변 보는 습관, 요실금 걸린다? #유튜브쇼츠 #건강정보 #건강",건강과 생활정보 | 시간 모자이크,980,8,2026-01-03T23:33:57Z,22,7.067137809187279,General,Description
v9R5lJp4JEE,요실금,기침할 때 찔끔? 방광 나이 10년 젋게! 요실금 3분 루틴 #시니어건강 #시니어 #건강한중년 #건강 #건강정보 #건강관리 #요실금 #방광염 #50대건강 #60대건강 #음식,건강영양연구소,587,10,2025-10-27T03:01:04Z,155,8.23045267489712,General,Description
HQtxzxMUX48,요실금,요실금 완화하는 음식 4가지,항상건강TV,1298,13,2025-08-24T22:00:28Z,59,9.615384615384617,Medical Pro,Description
ltOrtmXW5Sk,요실금,요실금 악화시키는 음식 Top 5 🚫,아프지맙시다,1060,4,2025-08-30T02:00:50Z,97,10.416666666666666,General,Description
wuF4CZeosmE,요실금,웃을 때 찔끔? 요실금 걱정 덜어주는 방광 튼튼 꿀팁 3가지 🚽,장수정보통,941,5,2025-12-01T22:01:11Z,62,5.9171597633136095,General,Description
in47XTKzZnk,요실금,"[오·순·도·순] 요실금 검사, 어떻게 진행되나요? #shorts",순천향대학교 서울병원 'Human Love',441,9,2025-03-02T11:30:31Z,43,39.47368421052632,Medical Pro,Description
ulyC9Fq4xUE,요실금,재채기 때 새요 ㅠㅠ 요실금!,joojoo_world,756,9,2025-11-03T01:53:31Z,56,10.362694300518134,General,Description
ZPrWL0igKt4,요실금,[닥터스] 쉬쉬하던 그 이야기 요실금ㅣ박주영 원장(산부인과 전문의)｜삼성리한여성의원 (부산광역시 해운대구 좌동)｜ ☎️ 051) 929-0100,캐내네 메디컬,285,2,2025-10-29T11:01:17Z,1292,28.80658436213992,General,Description
ruVC-gE69bE,요실금,요실금 치료는 시기가 중요해요.,유로진W,1203,7,2025-07-17T09:01:20Z,33,12.307692307692308,General,Description
1g_Ch_ONxxM,요실금,갑자기 샌다면  #요실금,건강정보,210,2,2025-03-17T11:33:55Z,23,55.55555555555556,General,Description
wv6XBDwdVdY,요실금,요실금에 케겔운동 정확하게 하는 방법,건강정보,224,1,2024-05-21T02:45:26Z,59,24.390243902439025,General,Description
N-48OZ6VpMI,요실금,기침하다 오줌 샐 때 😫 20분 컷 요실금수술 TOT 당일퇴원 #요실금수술 #요실금 #TOT수술 #요실금치료 #여성요실금,이경숙 원장의 속사정,411,3,2025-10-02T05:38:48Z,57,20.338983050847457,General,Description
YORQIOmTT5g,요실금,케겔운동 잘못하다가 허리나가요! #요실금 #케겔운동,아나프게,196,3,2024-03-28T02:23:33Z,59,21.27659574468085,General,Description
g2sL_pItI-0,요실금,미니슬링 요실금수술 과정 #산부인과,산부인과 최쌤,388,5,2025-02-27T08:06:00Z,20,24.793388429752067,General,Description
WMJmAeDfJhg,요실금,폐경 후 요실금,이윤정 산부인과,194,7,2025-02-04T03:31:32Z,85,10.869565217391305,General,Description
OTrrleZgDzk,요실금,요실금 병원부터 오지 마세요- 당신만 모르는 요실금 자가 관리법. 요실금 남자도 흔합니다.,쉬가쉬워지는동신TV,150,9,2025-11-14T10:00:15Z,441,21.08433734939759,Medical Pro,Description
ZfJfI2liLHs,요실금,"요실금, 내가 혹시? 대표적인 검사 2가지 #shorts #요실금 #갱년기",모형진 의학박사의 여성의학_포도여성의원,510,9,2025-04-02T07:00:25Z,45,16.431924882629108,General,Description
Tl1YS_DpZqA,역류성식도염,역류성식도염 스스로 고치는 법을 대방출합니다. 이대로만 해보세요.,이재성 박사의 식탁보감,2158098,53195,2020-01-07T03:20:33Z,485,2.65017667844523,General,Description
19buFp9pVQg,역류성식도염,"역류성식도염 스스로 해결 한꺼번에 몰아보기, 원인부터 식이요법, 호흡법까지",이재성 박사의 식탁보감,1958416,54634,2021-02-14T00:00:01Z,2650,4.45859872611465,General,Description
C9jYrWpF9f4,역류성식도염,"역류성 식도염에 좋은 음식과 나쁜 음식, 역류성 식도염 고치는 방법 4가지",닥터이승남TV,1523911,21298,2022-05-22T21:00:06Z,1246,13.274111675126903,Medical Pro,Description
fiup-1L4W90,역류성식도염,역류성식도염 완치법 유일한 하나 공개,김소형채널H,1333401,22550,2022-11-14T23:00:33Z,893,3.257328990228013,General,Description
5Jkx7zJBPX4,역류성식도염,역류성식도염의 증상과 치료 #식도염 #역류성식도염 증상 #역류성식도염 치료,속편한TV,1284620,31951,2019-12-02T10:43:28Z,786,4.032258064516129,Medical Pro,Description
10Uu6kg2DOk,역류성식도염,역류성 식도염 고치는 법 이것만큼은 꼭 해보세요.,건나물TV,1239530,24363,2020-12-08T23:00:01Z,483,14.83679525222552,Medical Pro,Description
JCBLqM5HNXo,역류성식도염,이것을 매일 먹으면 역류성식도염이 싹~ 사라진다. [한의학박사 김순렬],김순렬TV,1220310,23495,2022-03-12T22:00:06Z,419,12.738853503184714,Medical Pro,Description
YVJSku2GaAM,역류성식도염,역류성식도염 제발 이 음식 먹지 마세요! 위식도 역류질환 악화시키는 음식 9분류,김소형채널H,1106510,18607,2021-08-01T22:00:09Z,598,1.1160714285714286,General,Description
CIOmoVvLqTo,역류성식도염,스스로 역류성식도염 사라지는 방법 이대로만 하세요~,건나물TV,942177,11567,2022-12-13T23:00:13Z,585,10.273972602739724,Medical Pro,Description
ff6Hn41DU-Q,역류성식도염,밥 먹고 누워도 역류성 식도염 걱정 없는 자세?! 의사한테 직접 물어봄 / 스브스뉴스,스브스뉴스 SUBUSUNEWS,888734,10686,2022-11-04T11:15:01Z,413,5.025125628140704,General,Description
fdJQueq479s,역류성식도염,역류성 식도염을 스스로 고친 꿀팁 방출 합니다. 이렇게만 하시면 역류성 식도염을 고칠수가 있습니다,약사가 들려주는 약 이야기,882034,14624,2022-09-03T10:00:31Z,688,12.88244766505636,Medical Pro,Description
4rTmAzI6gMQ,역류성식도염,잘 낫지 않는 역류성 식도염 치료 #식도염 #역류성식도염 #위식도역류질환,속편한TV,809079,18675,2019-12-10T11:12:28Z,885,2.1645021645021645,Medical Pro,Description
ONq61BfGLsA,역류성식도염,이것을 매일 마시면 역류성식도염이 싹 사라진다.[한의학박사 김순렬] CNC한의원,김순렬TV,772540,13813,2023-05-28T22:00:10Z,504,6.734006734006734,Medical Pro,Description
dGqkB5s8d8k,역류성식도염,역류성식도염에좋은음식 속편한 음식 약초,김소형채널H,513330,9388,2022-03-15T22:00:14Z,594,3.2017075773746,General,Description
HeFAXK8aVew,역류성식도염,역류성식도염은 왜 생길까?,고대병원,345998,6179,2024-02-27T03:30:10Z,49,33.333333333333336,Medical Pro,Description
6Xgr178OKyg,역류성식도염,이런 증상 검사 안해도 무조건 역류성 식도염?,친절한 의사,346091,3398,2023-06-08T02:00:02Z,41,40.98360655737705,Medical Pro,Description
MpuhJQ6rhso,역류성식도염,역류성식도염과 잦은 트림을 고치는 특별한 호흡법을 알려드릴게요,이재성 박사의 식탁보감,247157,8214,2020-11-14T22:00:02Z,580,1.3333333333333333,General,Description
1GWBWttlWqE,역류성식도염,역류성식도염의 최신 치료법! 스트레타 시술,고대병원,260738,3805,2024-04-07T05:00:00Z,28,28.571428571428573,Medical Pro,Description
3dpJafIgHqo,역류성식도염,"'역류성 식도염, 깔끔히 해결해드립니다' (서울백병원 가정의학과 박현아 교수)",의학채널 비온뒤,234648,3455,2022-06-19T09:00:02Z,833,4.792899408284024,General,Description
xiMdnDsgycg,역류성식도염,"""역류성 식도염, 안걸려요"" 밥먹고 졸리면 바로 누워도 되는 이유",아프지마쇼Show,224606,4397,2025-08-08T05:53:48Z,628,6.868131868131868,General,Description
Dl_Em8dHCNA,역류성식도염,(ENG/CN)속이 쓰리고 아플 때.. 역류성 식도염의 치료 방법은 무엇일까?,내과전문의 닥터케이 Dr.K,210625,4528,2020-06-26T09:00:04Z,941,15.306122448979592,Medical Pro,Description
-avhna6-KzA,역류성식도염,"#9. 역류성식도염 약, 계속 먹어도 될까요? [왔다, 박교수! 시즌3] (서울백병원 가정의학과 박현아 교수)",의학채널 비온뒤,202820,4229,2022-06-06T12:56:00Z,3087,1.673151750972762,General,Description
cDbNp2U978M,역류성식도염,"만성 위염, 역류성 식도염에 ""이걸"" 드시면 극적으로 개선되고 병원약을 끊게 됩니다.",약사가 들려주는 약 이야기,196677,4635,2024-10-22T10:00:45Z,732,14.084507042253522,Medical Pro,Description
oi1iccOvWP4,역류성식도염,재발하는 역류성식도염 약 없이 완치하려면? 음식? 운동? 한국인 치료법 따로 있다,진액보충 김상태 원장,163254,4486,2025-01-09T21:00:36Z,1167,9.25925925925926,General,Description
7HRxlqDjlg0,역류성식도염,(ENG/CN)내가 역류성 식도염? 역류성 식도염의 원인 증상!,내과전문의 닥터케이 Dr.K,148552,2632,2020-06-19T09:00:03Z,945,10.526315789473683,Medical Pro,Description
oGBIe-ssDk0,역류성식도염,"역류성식도염 치료, 만족스러우신가요? 역류의 원인별 대책을 알아봅니다.",이재성 박사의 식탁보감,139611,5323,2019-12-30T07:09:54Z,605,3.5650623885918,General,Description
XY4tag1AHJI,역류성식도염,"역류성식도염, 음식만 잘 먹어도 호전된다?",장튼위튼병원,130942,1354,2020-05-19T05:50:20Z,181,13.043478260869565,Medical Pro,Description
loVc-MFXM5k,역류성식도염,참기 힘든 역류성 식도염! 증상과 치료 / 가천대 길병원 소화기센터 김경오 교수,길병원TV,125155,1330,2020-07-30T00:55:13Z,212,22.3463687150838,Medical Pro,Description
4XoY5kVTa2s,역류성식도염,역류성 식도염에 좋은 음식 #shorts,메디맵,134753,1647,2023-02-17T08:00:02Z,46,16.06425702811245,General,Description
nNxVOPBB-ZE,역류성식도염,역류성 식도염 방치하면 식도암 발병률 30~40배 높이는 ‘이것’ 생긴다! - 전정현의 위장 클리닉 #4ㅣ역류성 식도염 치료 수술 시술 바렛식도 수면내시경 위암검진 헬리코박터,굿라이프,119486,1582,2023-06-23T08:00:30Z,499,19.7682119205298,General,Description
YjTmhlerSlU,역류성식도염,스트레스 해소& 역류성 식도염 예방까지?! 머리 숙이기 운동! [내 몸 사용설명서] 228회 20181123,TVCHOSUN - TV조선,110380,989,2018-11-23T11:00:06Z,100,6.622516556291391,Medical Pro,Description
DIe6Xh-rn58,역류성식도염,역류성식도염 완치를 위한 초간단 운동법! #한의사김상태 #shorts,진액보충 김상태 원장,132207,4364,2023-05-30T12:00:08Z,59,8.368200836820083,General,Description
DIvpvZDvNY0,역류성식도염,무엇이든 물어보세요 - 역류성 식도염 증상 20180206,KBS 교양,93143,494,2018-02-06T05:49:33Z,136,31.25,General,Description
9iTSXwWsnmU,역류성식도염,역류성식도염 - 의사들도 간과하는 원인과 치료,닥터조의 건강이야기,89680,3213,2021-02-07T22:00:01Z,913,9.1324200913242,Medical Pro,Description
Xl8KyDMT9a4,역류성식도염,역류성 식도염 재발 없이 완치가 가능할까? 위식도역류질환의 관리와 치료방법 | 소화기내과 김연지 교수,용인세브란스병원,91161,800,2024-01-25T04:28:53Z,262,16.598272138228943,Medical Pro,Description
thmjfjpZn0o,역류성식도염,역류성 식도염 l 위산 차단제 안 먹고 치료하는 방법 l 역류성 식도염의 생활습관 교정 l 닥터딩요,닥터딩요,1503712,32238,2020-04-02T09:00:21Z,599,10.60070671378092,Medical Pro,Description
WMa7cMTujT4,역류성식도염,"역류성식도염 치료, 꼭 약을 장기간 복용해야 하나요?",한국보건의료연구원 NECA,86989,771,2022-05-25T04:08:20Z,571,25.94033722438392,General,Description
eCE-8y8amlk,역류성식도염,역류성 식도염 환자가 먹지말아야 할 음식은~,헬스케어투데이,100476,600,2016-03-21T22:54:43Z,22,12.56281407035176,General,Description
oQBS48Dr7SY,역류성식도염,[명의] 명의가 알려주는 역류성 식도염 증상 | 식도염은 왜 생기고 어디가 아플까? | 타는 듯한 가슴 통증 - 식도가 보내는 SOS,EBS,82354,421,2023-01-06T10:00:24Z,135,11.940298507462687,General,Description
Q9hHLOTktGo,역류성식도염,역류성식도염 완치를 위한 간단한 체조 운동법!,진액보충 김상태 원장,74614,3135,2023-05-27T12:00:19Z,482,13.422818791946307,General,Description
SYdm3b6fGA0,역류성식도염,[Full] 귀하신 몸 - 31화 ''국민병'' 역류성 식도염 해방일지,EBSDocumentary (EBS 다큐),70379,775,2023-12-22T17:00:23Z,2845,13.6986301369863,General,Description
jraFdarbfvg,역류성식도염,"15. 역류성식도염,소화불량,불면증을 고치는 특별한 호흡법, 횡격막호흡법 안내 ㅣ한의학박사 서울김 ㅣ ft 부부한의사",부부한의사,69083,2017,2021-02-23T13:19:45Z,522,8.298755186721992,Medical Pro,Description
JG5eJqzynEQ,역류성식도염,"역류성 식도염, 약 먹어도 안 낫는다면 이건 식도염이 아닙니다!! (서울백병원 박현아) #shorts",의학채널 비온뒤,75840,900,2022-07-11T02:00:03Z,54,10.0,General,Description
K12O-aZRym4,역류성식도염,위산이 식도를 넘어 후두까지 역류한다! '역류성 후두염',건강의학전문채널 하이닥,64517,860,2020-12-31T01:26:26Z,333,8.818342151675486,General,Description
HmHdXCtlqvw,역류성식도염,약 먹었는데도 고통스러운 역류성 식도염 / SBS,SBS 뉴스,61214,187,2017-12-09T13:58:31Z,117,2.7220077220077217,General,Description
zYfL8EHsOtc,역류성식도염,역류성 식도염의 대표 증상은? [무엇이든 물어보세요] 20190806,KBS 교양,57920,292,2019-08-06T07:45:15Z,219,26.31578947368421,General,Description
s1xwByKVrBY,역류성식도염,역류성 식도염을 의심할 수 있는 증상 확인법✏️ 맛있는 이야기 미라클 푸드(Miracle Food) 72회,JTBC Life,56186,220,2020-10-21T03:51:54Z,180,34.48275862068966,General,Description
Ke9NmImHScY,역류성식도염,역류성 식도염 내시경 고주파로 치료 / YTN, YTN,55836,284,2019-09-21T20:46:59Z,116,11.806722689075633,General,Description
kHjn8UMetCY,역류성식도염,역류성 식도염으로 고생하는 분은 꼭 아셔야 합니다! 역류성 식도염 증상과 원인 - 전정현의 위장 클리닉 #3ㅣ역류성 식도염 카페인 커피 초콜릿 혈압약 위내시경 위암검진,굿라이프,55290,747,2023-06-16T08:00:28Z,530,14.197080291970805,General,Description
MZ2UD1TBHww,역류성식도염,"역류성 식도염과 협심증의 공통적인 증상 가슴 통증, 구별할 수 있을까?｜#명의",EBS,59383,254,2024-11-29T10:00:23Z,80,16.431924882629108,General,Description
4xPKxOzfK-s,역류성식도염,역류성 식도염에 먹으면 좋은 음식 TOP5,건강장인TV,51237,980,2023-04-12T23:00:02Z,60,6.12676056338028,Medical Pro,Description
Oao106H6OiY,역류성식도염,위식도역류. 위식도가 불타고 있어요 (역류성식도염) [닥터트루스] 슬기로운 심장생활 21,삼성서울병원,48719,1020,2021-01-22T08:00:04Z,400,9.418604651162791,Medical Pro,Description
5P6_EthOflM,역류성식도염,[#비디오헬스] 콜록콜록! 마른 기침! 역류성 식도염의 증상?!,서울대병원tv,48190,394,2020-09-21T04:00:03Z,194,14.88095238095238,Medical Pro,Description
Ifp9AI-onzk,역류성식도염,역류성 식도염에 좋은 음식과 피해야 할 음식은?...내과 김동석 원장,건강의학전문채널 하이닥,46433,461,2021-08-06T22:00:04Z,208,11.566771819137749,General,Description
PkXWIkRI-io,역류성식도염,"목이물감, 역류성식도염 치료를 받아도 사라지지 않는다면? 이것을 의심하세요! 자율신경 실조증 목이물감! #shorts #목이물감 #자율신경",자하연TV,67567,886,2024-06-26T06:28:26Z,60,14.92537313432836,Medical Pro,Description
zb3oUv_Kx20,역류성식도염,"역류성식도염, 위염, 소화불량 등 위 영양제 이거 하나만 드셔도 충분합니다. 내 증상에 딱 맞는 최고의 선택은? 매스틱검 vs 징크카르노신 vs DGL",영양과학자 양과자,37801,988,2025-03-25T05:01:58Z,481,5.319148936170213,General,Description
-YjHz5w71pM,역류성식도염,"역류성식도염 증상, 원인, 예방법 모두 공개 #Shorts",위담한방병원,46540,0,2024-06-04T20:00:00Z,55,31.00775193798449,Medical Pro,Description
WpeB1x9_BIk,역류성식도염,역류성 식도염 빨리 완치되는 방법 6가지!｜역류성 식도염편 [G1 홈닥터 13회 미방영분],성지병원TV,36125,278,2022-06-07T03:47:32Z,303,32.25806451612903,Medical Pro,Description
ZCretMci-AI,역류성식도염,"성가신 역류성 식도염😔, 과민성대장증후군🤦‍ , 효과적인 관리 방법은? 🏥 소화기 질환 편│궁금하닥",헬스피디아,35464,1266,2023-03-17T03:00:20Z,346,2.092198581560284,General,Description
fNz_PQOBe54,역류성식도염,"역류성 식도염, 잘 먹기만 해도 된다?!",필한방TV:필한방병원,35423,360,2020-07-31T02:16:22Z,106,18.01801801801802,Medical Pro,Description
c7edHKD2PEY,역류성식도염,역류성 식도염 이 행동은 꼭 고치세요 #shorts,삼성서울병원,43686,365,2024-06-20T06:00:13Z,43,24.390243902439025,Medical Pro,Description
FshSTerw5dQ,역류성식도염,역류성 식도염의 증상과 치료방법은?...내과 전문의 이병호 원장,건강의학전문채널 하이닥,34451,260,2021-07-08T22:00:16Z,148,14.409221902017292,General,Description
bE-sjEtUayI,역류성식도염,"양배추 보다 효과적인 위장 영양제 DGL 1등 추천. 역류성식도염, 구내염, 헬리코박터, 위궤양 [영양제리뷰55]",영양과학자 양과자,33630,686,2025-02-20T03:27:00Z,510,9.75609756097561,General,Description
ZH-RDocYPGk,역류성식도염,약 없이 역류성 식도염 낫는 방법,러브에코Love Echo,49513,620,2023-09-01T04:47:12Z,60,15.68627450980392,General,Description
L2_ptDfbb-s,역류성식도염,"위염, 역류성 식도염이 낫지 않는 이유 #Shorts",위담한방병원,32621,0,2024-04-18T07:20:40Z,53,15.810276679841897,Medical Pro,Description
qKWk_gMD5bc,역류성식도염,위에 좋은 운동법! 역류성식도염 완치 운동! 소화가 잘되고 가슴답답함도 편안해집니다.,진액보충 김상태 원장,28027,1125,2024-03-01T07:00:21Z,669,6.666666666666667,General,Description
tEH8mNqnviQ,역류성식도염,"3분 만에 역류성식도염 파헤치기, 역류성식도염 증상부터 원인, 치료방법까지 알려드립니다. 역류성식도염 의심된다면 바로 시청하세요 [위담 건강지식인]",위담한방병원,26069,0,2020-12-04T04:01:23Z,192,22.988505747126435,Medical Pro,Description
xZQKCqxL2yI,역류성식도염,"""설마 나도 역류성식도염?"" Check !",위강한의원,55101,198,2025-07-24T09:17:04Z,12,7.092198581560283,General,Description
5bQgQX6MBAs,역류성식도염,역류성 식도염을 유발하는 나쁜 음식 3가지 #shorts #건강정보 #역류성식도염,몬스테라_건강정보,21111,286,2023-06-29T13:54:47Z,60,4.694835680751174,General,Description
S_-IVG2mBq8,역류성식도염,역류성식도염의 모든 것 제 2탄! 느슨해진 위식도괄약근? 원인 지목부터가 잘못됐으니 치료가 안되죠,우리 모두 튼튼,20392,914,2024-10-24T04:46:56Z,903,7.905138339920948,General,Description
RnpvrYYVBf0,역류성식도염,잘 안낫는 역류성식도염 이것 2가지만 드세요~~#역류성식도염 #점막회복 #위산과다,조약사의 건강비책,20820,332,2023-03-20T03:30:08Z,57,31.746031746031747,Medical Pro,Description
tFcihg0tBKU,역류성식도염,"역류성 식도염, 난치성 염증성 장염 극복 방법!",진약사톡,19270,806,2024-07-26T09:00:48Z,1499,3.745318352059925,Medical Pro,Description
wL7YGilRw00,역류성식도염,역류성식도염 있을 때 수면 자세만 바꿔도 좋아집니다!,위담한방병원,18737,0,2023-02-13T08:53:09Z,210,20.737327188940093,Medical Pro,Description
IdFiTqL_79o,역류성식도염,역류성 식도염 어떻게 치료할까? | 닥Q멘터리 EP.48 역류성 식도염 치료방법,보령,17737,45,2023-03-03T01:50:30Z,250,25.13966480446928,General,Description
UUtMTaLUh4M,역류성식도염,역류성 식도염인데 왜 숨차고 두근두근?,닥터스 체인지,16876,0,2023-04-18T11:07:50Z,161,30.76923076923077,Medical Pro,Description
N_w9F2Mhrx4,역류성식도염,무엇이든 물어보세요 - 가슴통증의 원인 - 역류성 식도염 20180206,KBS 교양,16041,71,2018-02-06T05:49:33Z,194,50.0,General,Description
CLtziVi5Ijw,역류성식도염,생로병사의 비밀 - 4년 전 역류성식도염 진단 받은 백경진 씨  20181226,KBS 다큐,16008,64,2018-12-26T14:12:09Z,169,29.41176470588235,General,Description
6WKZc0Yrff4,역류성식도염,"역류성식도염, 역류성후두염 치료에 좋은 한약",모커리 근육신경재활TV,15248,197,2022-07-08T08:28:35Z,369,24.15458937198068,Medical Pro,Description
Urb3svCuMtE,역류성식도염,속 쓰린 역류성식도염 있을 때 양배추 먹으면 도움 되나요?😕 #shorts,화홍병원 - 건강화홍TV,21237,73,2023-02-16T06:04:16Z,27,23.64864864864865,Medical Pro,Description
QEscMb9kfWA,역류성식도염,역류성식도염 때문에 기침이 자꾸 나올때는 여기를 눌러주세요.,강한뇌,19782,259,2023-11-22T07:28:27Z,61,13.333333333333334,General,Description
j566AHk_7V8,역류성식도염,'역류성식도염의 모든 것' 영상 보고 찾아오신 분 이야기 들어보시죠! 느슨해진 식도 괄약근 치료를 위해 안해본 것이 없다는..,우리 모두 튼튼,14106,614,2024-11-01T05:41:11Z,859,10.95290251916758,General,Description
6iwqfmEAKxA,역류성식도염,역류성식도염의 치료에 비타민c가 도움이 될까요? 위산억제제의 부작용,동네의사 닥터윤,13500,191,2021-08-07T03:45:02Z,368,17.54385964912281,Medical Pro,Description
z9GouB5NVWo,역류성식도염,[Full] ( ? )을 찾는 게 중요합니다! #비염 #천식 #역류성식도염ㅣ귀하신 몸ㅣ92화 당신의 기침이 낫지 않는 이유,EBSDocumentary (EBS 다큐),12094,145,2025-02-28T17:01:23Z,2743,8.968609865470851,General,Description
1rdOmwwd3CU,역류성식도염,"위식도괄약근이 약해지는 진짜 이유, 역류성식도염 완치하려면",진액보충 김상태 원장,19807,453,2025-02-04T04:00:02Z,60,27.027027027027028,General,Description
zF3BaPsxqQ8,역류성식도염,"후비루, 역류성식도염 구분 치료",상쾌한의사 김성찬 ,15024,147,2024-03-14T22:00:36Z,59,11.764705882352942,Medical Pro,Description
UE3j3mXc7HI,역류성식도염,"역류성식도염 장상피화생, 진액을 보충하면 이 정도로 좋아질 수 있습니다. 치료 안된다는 말에 낙담하지 마세요.",우리 모두 튼튼,10136,529,2024-12-03T05:00:31Z,418,12.455516014234876,General,Description
xeIOgHxcOD0,역류성식도염,"역류성식도염, 위산분비 억제하면 절대 안 낫습니다. 역류성식도염 완치를 위한 필수시청영상! #장상피화생",진액보충 김상태 원장,10049,577,2023-10-25T22:00:34Z,628,11.922503725782414,General,Description
_mWn27G-OPo,역류성식도염,역류성 식도염 환자가 커피 마실 수 있는 방법,저속노화,21851,29,2025-09-26T10:30:36Z,24,37.03703703703704,General,Description
34UOSvrJcY8,역류성식도염,"고통스러운 역류성 식도염, 가슴쓰림.. 원인은 따로 있어요",진약사톡,8563,446,2025-03-19T09:00:05Z,701,4.672897196261682,Medical Pro,Description
iA41PIZ5vgo,역류성식도염,[명의 의학백과📖] 역류성 식도염 치료제,고대병원,8515,105,2023-09-14T01:30:17Z,92,10.0,Medical Pro,Description
qpASOcm4gGw,역류성식도염,재발하는 역류성후두염 여기가 문제입니다 #역류성후두염 #역류성식도염 #식도염,두청한의원 김도환 한의사,9007,66,2024-12-23T10:30:21Z,54,3.3444816053511706,Medical Pro,Description
FTot2Uu0Rfo,역류성식도염,"역류성식도염 약은 소금이다  #소화불량, 만성기침, 가슴통증, 내시경",알고싶은 건강 이야기,7688,81,2023-06-11T12:28:40Z,39,9.26612305411416,General,Description
WVqLUAwbRqY,역류성식도염,의사들이 말하는 역류성 식도염에 안좋은 음식 5가지 - 50대 중년 이후 필수 건강 관리 방법,건강을 전하는 아들래미,8355,86,2024-06-10T11:45:02Z,36,12.5,General,Description
xoHjNU0bm6A,역류성식도염,#소화불량#역류성식도염#입냄새#제산제 🔴속 뻣뻣하고 소화 불량·식도염.. 고통스러운 이런 위장질환들 약 안먹고 낫는 해결책 알려준다! [이지향 약사의 무엇이든 물어보약 13화],한국불교 대표방송 BTN,6812,185,2023-10-06T05:00:10Z,2619,2.40694789081886,General,Description
_-lFfsyshzY,역류성식도염,"역류성 식도염, 간염! 진약사 체험 사례. 이렇게 했더니 쉬웠어요 [몰아보기]",진약사톡,6532,327,2026-01-03T09:00:53Z,1506,7.84313725490196,Medical Pro,Description
2MICJ5bbh-o,역류성식도염,역류성식도염 방지 베개의 숨겨진 활용법 발견!? ※#신경외과전문의 의사가 직접 써봤습니다※,연세하나병원,7765,58,2024-10-18T01:24:54Z,43,8.595988538681949,Medical Pro,Description
H_MA1sFJklY,역류성식도염,[이러면 낫는다] 역류성 식도염 있으신 분은 '이렇게' 누워 주무세요 #shorts,조선일보 의학·건강,12661,46,2025-06-11T03:00:29Z,29,5.037593984962406,General,Description
YKfV3xdyjIw,역류성식도염,[닥터소확행 8화] 역류성 식도염 약 (PPI) 오래 복용하면 뼈가 약해진다고요? 부작용이 걱정되요!  위식도역류질환 약 장기 복용할 때 이렇게 하세요. 안전한 장기복용법!!!,닥터 소확행,6166,141,2022-08-26T10:00:18Z,649,27.243947858473,Medical Pro,Description
sdwk-c8oUM0,역류성식도염,너무나도 괴로운 역류성 식도염 끝짱내기,칼슘박사 SEAN LEE TV,5646,351,2024-06-10T00:12:04Z,579,9.45179584120983,Medical Pro,Description
1Oyi2TUAedM,역류성식도염,역류성 식도염에 좋은 음식 10가지,이안한방병원,4974,34,2024-07-26T05:22:46Z,139,12.12121212121212,Medical Pro,Description
4lhz8FnG3oQ,역류성식도염,역류성식도염 물 먹는 4가지 방법,걷는 청년,4782,137,2023-10-29T04:30:32Z,242,9.70873786407767,General,Description
som5frsTDjM,역류성식도염,역류성식도염에 위산차단제? 오히려 그 반대로 해야 합니다,진액보충 김상태 원장,4694,275,2025-12-24T21:01:04Z,1046,2.183406113537118,General,Description
7k0-js5Aor0,역류성식도염,역류성식도염 계속 안 낫는다면? 자율신경 실조가 원인입니다. #역류성식도염,자하연TV,6546,168,2024-08-21T08:18:28Z,60,63.29113924050633,Medical Pro,Description
Q-R4KTA2dzQ,역류성식도염,"""역류성 식도염 딱! 낫는법"" 소화안될때, 위산(신물)이 올라올때 식도가 타는 느낌에 약도 소용없다? 명치통증,속쓰림,등통증,기침,입냄새 증상에 좋은음식과 줄기세포 주사 치료 병원",루이빈치과 류지헌,7321,232,2025-06-09T22:00:27Z,122,8.256880733944953,General,Description
myPrvBBWBlk,역류성식도염,가슴이 아픈데 역류성 식도염? 역류성 식도염 증상 알아보기 / 위식도 EP.10-2 [명의가 답하다],의학채널 명답,9522,13,2025-10-07T01:00:49Z,529,13.333333333333334,General,Description
_GF0PxCjKkM,역류성식도염,"역류성식도염, 위산과다증 때문이 아닙니다. 이것이 문제입니다",진액보충 김상태 원장,6083,132,2025-01-16T06:40:14Z,60,6.25,General,Description
ePObJy37YVc,역류성식도염,"기침, 트림, 속쓰림 싹~ 역류성식도염, 위식도역류질환에 효과적인 횡격막 호흡 마사지법",박미경TV,3923,194,2025-01-04T22:00:28Z,634,12.048192771084338,Medical Pro,Description
EWXyH8pxfVA,역류성식도염,4가지 역류성 식도염 환자 간식,걷는 청년,3483,83,2023-04-21T08:00:06Z,311,36.14457831325301,General,Description
UhGe_2DpZkg,역류성식도염,"가슴 통증, 역류성 식도염이 아니라 협심증일 수 있다?｜참포도나무병원 심장내과 박중일 원장",참포도나무병원,3427,51,2024-07-03T06:17:59Z,515,5.53864168618267,Medical Pro,Description
JK5qstegiNw,역류성식도염,"133화. 잠 방해하는 ""역류성 식도염"" 없애는  3가지 자가치료법",SLEEP Dr. 신원철 꿀잠튜브,3312,100,2023-07-26T10:00:22Z,310,6.493506493506493,Medical Pro,Description
X7FGVUx5BcE,역류성식도염,"#광고 끔찍했던 역류성 식도염, 위염 탈출 후기😭#역류성식도염 #위염",담백씨의 건강레시피,4892,35,2025-02-09T14:55:40Z,51,3.086150490730644,General,Description
OlmlBDEeA6E,역류성식도염,"역류성식도염 약, 🔥 평생 먹어야 한다고? 약사가 알려주는 마법 식단! 🥗 l 항생제 덜 먹기🌿 l 위식도 역류질환 ㅣ 소화불량 ㅣ 속쓰림 ㅣ 위산역류 ㅣ 역류성식도염 음식 ㅣ",나의약사 ㅣ 현명한 건강습관,14161,83,2025-05-12T05:53:40Z,175,28.75399361022364,Medical Pro,Description
2WxLyv3yL3g,역류성식도염,[임직원 요청 리뷰 3탄] 역류성 식도염 VS 척추 건강│역류성 식도염 방지 베개 리얼 리뷰 │※#신경외과전문의 의사가 직접 써봤습니다👨‍⚕️※,연세하나병원,3020,29,2024-10-15T05:00:01Z,318,10.025062656641603,Medical Pro,Description
MYoWWKvSHoU,역류성식도염,30대 직장인 역류성 식도염으로 1년동안 이렇게 살았습니다,걷는 청년,2903,89,2023-05-05T09:21:52Z,901,47.61904761904762,General,Description
63PqM5mJ0xE,역류성식도염,"위염, 역류성 식도염 완치를 위한 2주 챌린지! 도전자 3명의 결과는?",바른건강,2907,69,2024-03-06T03:00:03Z,1114,13.79310344827586,General,Description
GQN3Aq-uQzs,역류성식도염,'이것'만 지키면 역류성 식도염 예방할 수 있습니다!...내과 태재웅 원장,건강의학전문채널 하이닥,2850,38,2021-11-09T08:00:08Z,236,9.045226130653266,General,Description
Bm5BCP3PMII,역류성식도염,역류성식도염 있는 사람들은 잘 때도 그냥 자면 안 된다고요?,신규철 TV,7581,36,2025-04-16T02:00:10Z,25,17.094017094017094,Medical Pro,Description
ok2OlchyeLM,역류성식도염,"신물이 계속 올라오는 증상, 위산이 역류하는 역류성 식도염이란? #Shorts",위담한방병원,6587,0,2025-04-20T02:00:57Z,86,5.9523809523809526,Medical Pro,Description
gHPWmJZrP04,역류성식도염,위염 부르는 아침 습관 4가지 #공복음식 #위염주의#역류성식도염 #아침습관#위건강 #소화건강#빈속주의 #시니어건강,건강동행365,6043,96,2025-12-28T01:39:03Z,48,10.75268817204301,General,Description
Hg1zAWLKmV8,역류성식도염,"역류성식도염, 심해지면 식도암까지?!",한양대학교병원,2500,30,2023-08-08T08:44:53Z,491,25.0,Medical Pro,Description
06tqTgAMzt8,역류성식도염,역류성 식도염 있으면 이렇게 주무세요 #불면증,잠박사TV 허정원,5746,32,2025-05-09T01:16:09Z,59,4.651162790697675,Medical Pro,Description
o_mEWeAssfA,역류성식도염,역류성식도염과 영양요법...,천약사의건강과 약이야기,2477,288,2026-01-10T00:46:36Z,319,12.76595744680851,Medical Pro,Description
tVmNKZQales,역류성식도염,역류성 식도염으로 고생이시면 무화과를 드세요 #시니어건강 #정보 #뉴스 #꿀팁 #건강 #역류성식도염 #식이섬유 #무화과 #과일,지금부터라도 건강하게,8374,1197,2025-08-02T21:00:51Z,47,1.3176895306859209,General,Description
rMFWuUe2Ijo,역류성식도염,"역류성 식도염 증상과 발생 원인, 나도 혹시 역류성 식도염?😖",기쁨병원,4241,24,2025-03-27T06:44:21Z,43,36.36363636363637,Medical Pro,Description
LdLMc7ZVmMI,역류성식도염,헷갈리기 쉬운 역류성 식도염과 후두염,#랩이비인후과,4100,25,2025-08-04T06:44:53Z,67,28.49002849002849,General,Description
udmmh3vOb00,역류성식도염,[숀리의 스페셜 리포트] 역류성 식도염의 진짜 원인과 대책,칼슘박사 SEAN LEE TV,2077,139,2024-11-04T00:09:01Z,1280,6.172839506172839,Medical Pro,Description
JH9lpQVAazE,역류성식도염,역류성 식도염에는 옥시회사에서 나온 개비스콘말고 이것드세요!!!,도해한의원-건강의모든것,2760,20,2023-08-07T06:11:01Z,48,28.98550724637681,General,Description
EkZiKGPVShk,역류성식도염,역류성 식도염과 부정맥 Gastroesophageal Reflux Disease(GERD) AND Cardiac Arrhythmias Dr. & Prof. Rho,노태호의심장이야기,2015,88,2024-06-02T15:00:21Z,3439,11.299435028248588,General,Description
EwHk3i2Qi3Q,역류성식도염,딱 1분: 역류성 식도염(GERD) 핵심 정리,IMRN♡위아너스_김명애TV,4299,69,2025-12-30T07:29:34Z,60,3.3928571428571423,Medical Pro,Description
Hf6eBTfNVu8,역류성식도염,"당신이 모르는 역류성 식도염의 진실 | 역류성식도염증상, 소화불량, 역류성식도염약, 역류성식도염음식, 역류성식도염치료",에이스처방_A's prescription,1955,51,2025-08-27T05:56:42Z,426,15.625,General,Description
k_psf3Hj8wU,역류성식도염,이런 증상 있으신 분들은 역류성 식도염입니다 (증상 원인),남양주백병원(NDBTV),2002,14,2024-08-22T11:34:24Z,494,11.419249592169658,Medical Pro,Description
nqo5NwUpkhA,역류성식도염,[건강선생] 역류성 식도염 증상 개선하려면,건강선생,6806,32,2025-06-05T06:00:48Z,6,14.184397163120568,General,Description
goO4NtOdFhY,역류성식도염,"스트레스가 위염, 역류성 식도염의 주된 원인? 대표적인 스트레스성 질환 알아보기!",여섯시의 진료실,2448,25,2024-04-26T09:00:37Z,60,3.257328990228013,General,Description
91iwundq7fU,역류성식도염,"역류성식도염 증상, 가슴답답 호흡곤란, 심장문제",위편장쾌한의원 서울용산점 /건대입구점,1611,14,2024-02-10T05:00:07Z,104,16.87116564417178,General,Description
f7JUl2PCycg,역류성식도염,"역류성 식도염, “피해야 할 음식 vs 도움 되는 음식""",건강의학전문채널 하이닥,3148,13,2025-11-21T10:01:11Z,27,5.736137667304015,General,Description
nR4XMenJ3wo,역류성식도염,중증 역류성식도염과 소화불량 원인은? 노현민 원장,세상을 바꾸는 지식,1283,16,2022-03-03T07:06:23Z,634,54.26356589147287,General,Description
xjSWCGkpb2M,역류성식도염,"담즙 역류성 위염, 치료 안 하면 어떻게 될까요?",친절한 외과전문의 송쌤&김쌤,1282,14,2025-07-15T07:39:01Z,165,7.590132827324478,General,Description
D6J8lP1--V8,역류성식도염,"역류성식도염 및 위장질환 원인, 담적! 치료방법은? 노현민 원장",세상을 바꾸는 지식,1206,15,2019-12-26T09:00:12Z,763,80.8080808080808,General,Description
_NDRd7hsldE,역류성식도염,"잦은 위장병, 역류성식도염 원인은? 위담한방병원 노현민 원장",세상을 바꾸는 지식,1205,23,2020-10-05T08:37:27Z,686,28.40909090909091,General,Description
FShTxBcOzoA,역류성식도염,역류성 식도염인데 비타민 C 먹어도 될까요?,닥터한스 ZIP,2198,10,2025-06-28T10:31:21Z,63,1.658374792703151,Medical Pro,Description
xHQS-4A4DHM,과민성대장증후군,315. 배에 가스가 많이 찬다면 피해야 할 음식5 ㅣft 부부한의사,부부한의사,3285462,41150,2023-09-28T10:17:00Z,59,16.574585635359117,Medical Pro,Description
bibrNRWRz8k,과민성대장증후군,"의사들이 경고하는 대장암 위험 신호! 이런 증상 있다면 바로 병원으로 가세요! | 대장암, 대장암 전조증상, 과민성대장증후군",암 찾는 의사 이원경,896669,9110,2023-06-27T08:14:29Z,916,10.253164556962028,Medical Pro,Description
PR4eUe9HIJM,과민성대장증후군,"만성 변비, 설사, 복부팽만 소화불량의 원인인 '과민성 대장증후군'에 '이 영양제'를 드시면 해결됩니다 (과민성 대장증후군의 원인을 치료해야 합니다!)",약사가 들려주는 약 이야기,565951,11119,2024-01-05T10:00:16Z,748,20.304568527918786,Medical Pro,Description
cRmD1IrL-tg,과민성대장증후군,(ENG/CN)약 먹지 않고 과민성 대장 증후군을 치료하는 방법이 있다?,내과전문의 닥터케이 Dr.K,370142,7338,2020-07-10T09:00:21Z,707,14.492753623188406,Medical Pro,Description
6KeXLLiQ20k,과민성대장증후군,왜 나만 배에 가스가 찰까? 검사와 치료 방법! #과민성대장증후군 가스형 치료,아프지마쇼Show,317554,4324,2021-03-23T08:00:04Z,1168,13.79310344827586,General,Description
yEV19hY82sg,과민성대장증후군,"배가 꾸루룩, 트림/방귀가 자주 나오는 이유? 과민성대장증후군 가스형일 수 있습니다 자율신경 기능의학",아프지마쇼Show,290879,3757,2021-03-19T09:00:35Z,833,3.571428571428572,General,Description
Vn-orGdsHl0,과민성대장증후군,먹었다 하면 배아프고 설사하고.. 지긋지긋한 과민성 대장 증후군! #Shorts,내과전문의 닥터케이 Dr.K,332617,4502,2022-04-21T08:50:02Z,60,10.638297872340424,Medical Pro,Description
4Upugzd6gg8,과민성대장증후군,이것을 매일 마시면 과민성대장증후군이 싹~사라진다. 30일만에 과민성대장 탈출하기 [한의학박사 김순렬],김순렬TV,233644,5046,2022-04-17T22:00:01Z,431,2.487562189054726,Medical Pro,Description
o18YHABZl2Q,과민성대장증후군,과민성대장증후군과 궤양성대장염의 공통원인. 장누수증후군(새는장증후군) 있을 때 반드시 해야할 3가지 원칙 [한의학박사 김순렬],김순렬TV,234393,466,2025-03-01T22:52:20Z,649,3.8339222614841,Medical Pro,Description
o5-kqAGiaRA,과민성대장증후군,"간헐적단식으로 8개월간 13kg 빠졌어요 (+위경련, 과민성대장증후군 치료)",다이어트 과학자 최겸 Gyum Choi,180693,3507,2023-07-20T08:59:22Z,3134,4.056795131845842,General,Description
yGIx98X7d-c,과민성대장증후군,복부 팽만과 복부 가스가 생긴다면 바로 이 기능에 문제가 생긴 건 아닌지 확인해보세요. *복부팽만감 원인 / 복부가스 차는 이유*,숲속과민,241086,1377,2024-06-03T13:09:28Z,42,4.219409282700422,General,Description
QmC65-sdoWw,과민성대장증후군,"묽은 변, 풀어지는 변, 잦은 설사, 장염, 과민성대장증후군. 더 이상 참지마세요. 확실한 치료법이 드디어 나왔습니다.[한의학박사 김순렬]",김순렬TV,145103,556,2025-09-06T01:52:06Z,559,2.385524372230428,Medical Pro,Description
LzwVg31bd2c,과민성대장증후군,"복부팽만증 3단계 치료법. 과민성대장증후군, 부글부글 차는 가스 없애고 싶다면? [한의학박사 김순렬]",김순렬TV,115808,3368,2019-11-12T04:40:38Z,389,3.236245954692557,Medical Pro,Description
E8kJKYPE0Uk,과민성대장증후군,"[한성우 원장] 자주 가스차고, 과민성대장증후군 달고 사시는 분들! 칼프로텍틴검사 들어보셨나요? 아주 간단합니다!","맞춤주치의, 닥터JM",103097,19,2024-02-16T09:00:20Z,210,14.814814814814817,Medical Pro,Description
EchRDnSXBm4,과민성대장증후군,#배가아픈이유 무조건 #과민성대장증후군 일까? #배아플때 꼭 봐야할 영상,아프지마쇼Show,97854,1175,2020-08-21T15:13:50Z,621,8.174386920980927,General,Description
hy5-PxWwhLo,과민성대장증후군,"[Full] 귀하신 몸 - 4부 많이 가는 남자, 적게 가는 여자",EBSDocumentary (EBS 다큐),96436,1288,2023-06-13T05:03:14Z,2737,8.032128514056225,General,Description
SmBDhINqELE,과민성대장증후군,과민대장증후군으로 고생이라면? #Shorts,여에스더의 에스더TV,104234,1894,2022-05-17T02:55:21Z,40,4.098360655737705,Medical Pro,Description
l5RzmTqCnYg,과민성대장증후군,잦은 복통·설사 '과민성 장 증후군'...원인·치료법에 한 걸음 더! / YTN, YTN,89486,882,2024-02-19T19:23:03Z,179,4.469696969696969,General,Description
3ibSlhKJ_WI,과민성대장증후군,"새벽감성, 과민성 대장 증후군, 과민성 두통, 스트레스, 어깨 뭉침, 자율신경계 고장, 평소에 걱정이 많은 신청자는 어떻게 물리치료를 받고 어떤 운동을 해주는 게 좋을까?",올라운더 장박사 ,79527,745,2024-05-16T08:00:05Z,717,7.194244604316546,General,Description
t5nSCDJalYQ,과민성대장증후군,"과민성대장, 과민한 장, 예민한 장으로 인한 설사 이 유산균으로 잡을 수 있습니다. [아이허브, 쿠팡파트너스 광고 활동 포함]",영양과학자 양과자,79533,1590,2024-07-01T22:00:37Z,421,7.092198581560283,General,Description
wHUy3Mu1YZA,과민성대장증후군,과민성대장증후군은 무엇일까?,우리 모두 튼튼,71608,535,2018-09-03T05:52:37Z,233,3.636363636363636,General,Description
XHikA8ol9mk,과민성대장증후군,[변한의원] 과민성대장증후군의 위험성과 치료법 (평화방송),변한의원,65138,717,2017-02-16T04:32:10Z,2808,14.414414414414416,General,Description
NgXdL38G9Ko,과민성대장증후군,"설사, 심한 복통의 과민성대장증후군 예방법 #shorts",위담한방병원,74580,0,2022-10-31T08:55:59Z,57,11.049723756906078,Medical Pro,Description
80zH-DieFsM,과민성대장증후군,"과민성장증후군 증상, 진단 #과민성장증후군 #과민성대장증후군",속편한TV,57813,2030,2019-12-17T14:28:12Z,954,17.167381974248926,Medical Pro,Description
uuMchaeuCa8,과민성대장증후군,‘과민성대장증후군’을 스스로 조절하는 방법은? [굿모닝 정보세상] 86회 20191015,TVCHOSUN - TV조선,56326,288,2019-10-15T07:36:02Z,142,20.0,Medical Pro,Description
dwm4X8DszMA,과민성대장증후군,[#건강강좌] 과민성 대장 증후군 원인부터 예방까지,서울대학교병원 강남센터,50253,752,2021-09-23T00:00:09Z,1066,3.1926121372031666,Medical Pro,Description
Lz2zawiYX4Q,과민성대장증후군,"경련성 복통, 배변장애, 복부팽만감… 과민성대장증후군의 새로운 치료법 _ 위담 유튜브 강의 프로젝트 [10강]",위담한방병원,42997,0,2019-08-13T06:22:26Z,1129,26.239067055393587,Medical Pro,Description
tIiPD0DczUI,과민성대장증후군,"시도때도 없이 꾸르륵! 복통,설사 과민성대장증후군 원인은 무엇일까?",변한의원,39627,0,2021-02-24T09:49:40Z,309,12.73148148148148,General,Description
w74rWzDaN1E,과민성대장증후군,유산균제품이 과민성대장증후군에 도움이 될까?,우리 모두 튼튼,37597,215,2018-09-03T01:16:07Z,164,3.53356890459364,General,Description
dzz07dc2gmE,과민성대장증후군,이렇게 관리하면 부글거리는 내 대장도 편~안!😆 | 과민성대장증후군으로 스트레스 받는 사람 여기 여기 모여라! - [나는의사다 1012회],나는의사다,36202,454,2022-12-15T10:00:31Z,566,14.5985401459854,Medical Pro,Description
T8i7dGVodLI,과민성대장증후군,화장실을 자주 가는 그녀 - 과민성대장증후군,우리 모두 튼튼,36032,147,2019-04-16T04:50:55Z,47,4.878048780487805,General,Description
BdANdRVM-b8,과민성대장증후군,방귀를 껴라?! 과민성대장증후군 확 좋아지게 하는 필수 관리법,송현희의 건강ON,33467,469,2023-03-26T22:00:04Z,468,12.71186440677966,General,Description
p2osg12gb4w,과민성대장증후군,"위궤양, 변비와 치질, 과민성대장증후군까지 고생없이 한번에 해결! [#위궤양 #변비에좋은음식 #치질에좋은음식 #과민성대장증후군]",하늘마을 힐링센터 TV,32817,1504,2021-10-31T21:00:30Z,1880,3.289473684210526,Medical Pro,Description
ISbSmQgAziw,과민성대장증후군,"과민성대장증후군에 김치, 된장, 등.. 발효 음식 먹어도 괜찮을까? #shorts",내과전문의 닥터케이 Dr.K,32215,567,2023-02-21T09:00:08Z,60,3.0395136778115504,Medical Pro,Description
LCoZsGXcBmA,과민성대장증후군,"과민성대장증후군, 면역이 떨어진 분들을 위한 유산균",서약사 사랑의서약,26583,398,2021-09-29T13:52:19Z,319,3.787878787878788,Medical Pro,Description
38bypyyEYds,과민성대장증후군,과민성대장 재발하지 않기 위한 생활습관 3가지 [밝은빛한의원],지엔케어,25449,438,2019-10-25T01:32:35Z,261,13.513513513513514,General,Description
NFUfhgQn1rQ,과민성대장증후군,과민성 대장증후군의 증상과 진단 기준 - 1 #ebs건강 #명의,EBS 건강,46145,421,2025-06-24T02:28:46Z,60,64.51612903225806,General,Description
TSRmam_NjzA,과민성대장증후군,"과민성 장 증후군 환자와 불안, 우울증😱 - 722회(20.01.15) 사람 잡는 건강 걱정, 건강염려증",KBS 생로병사의 비밀,24809,307,2020-01-16T03:30:01Z,111,11.695906432748538,General,Description
hB_uNsIlUfc,과민성대장증후군,담적병 과민성대장증후군 복통 설사 복부팽만 가스에 좋은 혈자리 5개(담적보감[65]),박지영박사의 건강돋보기TV,24194,1001,2024-10-04T09:30:17Z,331,3.3112582781456954,Medical Pro,Description
d_Das9jfUR0,과민성대장증후군,과민성 대장 증후군을 약 없이 치료하는 방법! #Shorts,내과전문의 닥터케이 Dr.K,26179,384,2022-05-16T09:00:26Z,59,8.849557522123893,Medical Pro,Description
in55qbZInM8,과민성대장증후군,"[과민성대장증후군증상] 설사,복통 등이 계속 반복 되시나요?",건나물TV,22597,524,2020-08-10T23:00:05Z,534,11.267605633802816,Medical Pro,Description
gsmekZteRpo,과민성대장증후군,스스로 진단해보는 과민성 대장증후군 TEST! [60초 셀프체크 2화],HIRA건강보험심사평가원,22783,95,2022-12-16T01:58:25Z,244,3.215434083601286,General,Description
3rtnGMFb7nM,과민성대장증후군,의사가 알려주는 과민성 대장 증후군의 모든 것,위비앙TV,33087,370,2025-04-03T06:38:19Z,419,3.774104683195592,Medical Pro,Description
OS21vWl6c0k,과민성대장증후군,배에서 꼬르륵 소리 해결법 (과민성 대장증후군),사람이다,21765,412,2020-10-18T10:50:09Z,31,8.474576271186441,General,Description
Vk3ONgjKxtk,과민성대장증후군,과민성대장증후군의 근본적인 치료 방법?,오만스토리,57093,1038,2025-12-27T23:00:39Z,21,30.120481927710845,General,Description
FYj4WHbmtBU,과민성대장증후군,어느날 점액변을 본다면?#대변 #과민성대장증후군,변한의원,29016,0,2025-03-06T08:40:27Z,57,53.57142857142857,General,Description
T6b12SYTfPA,과민성대장증후군,과민성대장증후군에 좋은 '이질풀',김소형채널H,17755,334,2018-10-16T01:00:02Z,228,13.6986301369863,General,Description
jRaEtAcOmQc,과민성대장증후군,과민성대장증후군 치료는 자율신경치료가 중요! (위장벽의 신경세포의 문제) - 과민성대장 1편,오상신경외과의원,17487,337,2022-05-20T04:53:07Z,469,10.92896174863388,General,Description
_P0VQB-trUg,과민성대장증후군,"과민성 대장 증후군과 궤양성 대장염의 차이는?! | 건강함의 시작, 몸의 대화 body talk EP.2",tvN Joy,16636,93,2020-05-18T12:07:32Z,123,15.151515151515152,Medical Pro,Description
GaeuEoT_HS0,과민성대장증후군,"과민성 대장 증후군 환자가 가장 자주하는 질문, 오늘 풀어드립니다.",성지병원TV,16496,284,2021-07-07T06:12:16Z,1493,18.91891891891892,Medical Pro,Description
TPJYaEJV5TQ,과민성대장증후군,"""요구르트(야쿠르트), 변비에 매일아침 1병?"" 과민성대장증후군 장건강 디톡스하려다 뇌가 박살!그냥 변비에 좋은 음식 식이섬유 영양제,유산균 프로바이오틱스 프락토 올리고당 드세요",루이빈치과 류지헌,25795,846,2025-04-30T02:10:49Z,111,5.399568034557236,General,Description
uoBN6QHNoPQ,과민성대장증후군,"장건강 포뮬러 1 ㅣ과민성대장증후군ㅣ헬리코박터 억제ㅣ프로바이오틱스ㅣ프리바이오틱스ㅣ락토바실러스 아시도필루스ㅣ비피도박테리움 비피덤,락티스,롱검ㅣ항상제에도 살아남는 유산균",몸마음주파수,15871,209,2021-05-13T08:21:28Z,916,3.3548387096774195,General,Description
__iw5GIyFzo,과민성대장증후군,과민성대장증후군이 사라지고 치매가 예방되는 장이 좋아지는 5가지 습관. [한의학박사 김순렬],김순렬TV,15509,1158,2024-05-18T22:00:14Z,603,4.943181818181818,Medical Pro,Description
qCDzZPVFAfk,과민성대장증후군,무엇이든 물어보세요 - 과민성 대장 증후군(신경성 장 질환) 원인 20160629,KBS 교양,15419,81,2016-06-29T02:42:14Z,201,22.22222222222222,General,Description
75FGzDzNhEU,과민성대장증후군,과민성대장증후군 증상과 치료 유산균 효과,삼십초 상식,15149,2093,2024-02-08T12:45:00Z,57,56.17977528089887,General,Description
QEsNvwdQXd8,과민성대장증후군,주변에서 쉽게 구할 수 있는 과민성 대장 증후군/ 소화불량에 좋은 본초인 '황련'과 그 주요 성분인 '베르베린(berberine)',숲속과민,14526,429,2021-11-10T14:01:36Z,745,9.118541033434653,General,Description
dJtRj3wQe8U,과민성대장증후군,과민성대장증후군으로 오래 고통받으신 분들 주목! 근본적인 원인과 치료 방법 정리해드리겠습니다 [힐링 알고리즘 바로잡기 18부] 자율신경 기능의학,아프지마쇼Show,14191,250,2022-02-18T09:00:30Z,581,9.118541033434653,General,Description
w57xzOTeR7E,과민성대장증후군,"왜 나만 배에 가스가 찰까? 배에서 꼬르륵 소리, 가스가 자주 찬다면 이 음식 절대 먹지마세요! 과민성대장증후군 가스형입니다 [한의학박사 김순렬]",김순렬TV,14533,412,2025-09-26T09:57:41Z,544,2.0796460176991154,Medical Pro,Description
PFlPbVij5k8,과민성대장증후군,"복부팽만 해결, 저절로 새는 방귀, 가스실금 과민성대장증후군과 자율신경실조증과의 관계 [한의학박사 김순렬]",김순렬TV,13780,422,2020-01-06T10:38:17Z,544,5.46448087431694,Medical Pro,Description
0-7NbbR1iIY,과민성대장증후군,SIBO(소장세균과증식) & 장누수 & 과민성대장증후군 표준 치료법 VS 명쾌한 치료법​,명쾌한 최원장,13385,468,2023-01-10T14:01:19Z,688,11.79245283018868,General,Description
AqgKQG10BQQ,과민성대장증후군,잔변감이 생기는 원인   #과민성대장증후군,숲속과민,19402,159,2024-05-29T02:28:33Z,55,10.0,General,Description
S_muzjC00Cs,과민성대장증후군,방귀녀 과민성대장증후군2,미스터윤-Mister Yoon,13086,97,2024-01-12T08:56:20Z,233,3.8314176245210727,General,Description
qpXfmHN6n9Q,과민성대장증후군,차에 화장실까지? 과민성 대장 증후군으로 고통받는 남자의 고백. 일상 속 고통과 그가 선택한 극단적 해결책│귀하신 몸│#EBS건강,EBS 건강,12809,153,2025-04-15T10:01:18Z,1567,1.639344262295082,General,Description
n3m64K9CqEk,과민성대장증후군,"변비, 설사에 고통받는 과민성대장증후군에 도움되는 홈요가 ep.29",YO&P(요앤피) 멤버십,12719,208,2019-09-02T06:12:38Z,578,2.469135802469136,General,Description
xxALw18bpqw,과민성대장증후군,"말 못할 고통, 과민성 대장 증후군이란? (수요일N스타일) @좋은아침 5184회 20171018",SBS Entertainment,12700,96,2017-10-18T07:02:56Z,171,5.376344086021505,General,Description
zqgjlOkWE_U,과민성대장증후군,과민성 대장 이렇게 해보세요! 해결됩니다👍,위키약사영양제연구소,19287,225,2024-06-30T14:20:18Z,61,2.5839793281653747,Medical Pro,Description
ZAke_BDvDgY,과민성대장증후군,#과민성대장증후군#조루증#대하증#만성설사#위장에좋은약초[약초방송],HBS약초방송,12082,594,2021-02-16T09:30:06Z,648,17.857142857142858,General,Description
TAfs0KL6Myw,과민성대장증후군,과민성대장증후군 변비형을 치료하는 바로 그 음식 [한의학박사 김순렬],김순렬TV,11030,392,2020-05-15T02:34:35Z,325,3.8314176245210727,Medical Pro,Description
eO7PsRknbSQ,과민성대장증후군,약 없이 과민성 대장 증후군 치료하는 법!? | 원인 3가지,응꼬형,10807,261,2024-11-03T07:00:19Z,527,5.1010101010101,General,Description
U9xGfskqaoA,과민성대장증후군,'약지 두 번째 마디'를 주목하라👀 혹시 나도 과민성 대장 증후군? 맛있는 이야기 미라클 푸드(Miracle Food) 132회 | JTBC 211016 방송,JTBC Life,10391,27,2021-10-16T05:24:15Z,207,31.25,General,Description
m0_-LXx7yrM,과민성대장증후군,"[의터뷰] 잦은 복통과 설사, 혹시 '이것'? | #과민성대장증후군 #과민성대장증후군치료",김해복음병원,10046,135,2024-04-12T08:00:26Z,353,24.84472049689441,Medical Pro,Description
iVir01ykzLY,과민성대장증후군,먹으면 바로 화장실로 달려가는 과민성대장증후군 환자 사례 #과민성대장증후군 #설사 #IBS,김원장네 건강해우소,15109,136,2025-01-21T05:37:02Z,72,10.0,General,Description
FV8gGmgt0Mc,과민성대장증후군,과민성대장증후군 가스형 인 것 같아요~ 어떻게 해야 치료되나요? 과민성대장증후군 가스형 | 김상진 한의사.,Doctalk,8793,34,2020-11-02T07:43:21Z,186,11.937557392102846,General,Description
iqmCEjr37yg,과민성대장증후군,갑자기 배가 아파요! 과민성 대장 증후군 !  | 닥Q멘터리 EP.86 과민 대장증후군 원인,보령,11288,112,2024-08-19T04:59:12Z,294,14.545454545454543,General,Description
Z_QZNWa0ir4,과민성대장증후군,"변비, 설사, 잔변감 등 각종 배변장애 유발하는 과민성대장증후군의 새로운 치료방법_ 위담 유튜브 강의 프로젝트 [25강]",위담한방병원,8279,0,2019-12-24T05:23:22Z,556,29.41176470588235,Medical Pro,Description
Uddzrmn4Rd0,과민성대장증후군,과민성대장증후군 증상에 좋은 유산균 추천 TOP 3,삼십초 상식,8853,235,2023-06-06T12:45:02Z,58,23.529411764705884,General,Description
YV2_azq05TI,과민성대장증후군,과민성대장증후군 해결. 묽은변 풀어지는변은 이 4가지를 딱 30일 동안 마시면 사라집니다! [한의학박사 김순렬],김순렬TV,8647,345,2025-12-29T08:25:18Z,748,9.03180542563143,Medical Pro,Description
G4m8pkoVlZk,과민성대장증후군,"48. 과민성 대장증후군, 설사, 변비의 특효약! 이질풀의 엄청난 효능과 활용법!｜건강백과",곽준수교수약초피디아,7900,280,2020-06-20T14:33:07Z,359,19.8019801980198,General,Description
8XvW69caeRk,과민성대장증후군,[변한의원] 쿠키TV 건강플러스 '과민성대장증후군' 변한의원 변기원 원장,변한의원,7585,39,2015-11-18T02:39:28Z,1347,3.091190108191654,General,Description
p7RuZ1n8pB4,과민성대장증후군,복부팽만 과민성대장증후군의 원인과 치료방법 [한의학박사 김순렬],김순렬TV,7592,264,2020-04-03T02:37:25Z,344,6.622516556291391,Medical Pro,Description
AoG3e25bt1s,과민성대장증후군,"""배가 꾸륵거려요"", ""가스가 차요"" 과민성대장증후군 때문이라고? ㅣ과민성대장증후군 댓글읽기",아프지마쇼Show,7396,160,2022-11-17T08:30:03Z,359,2.9239766081871346,General,Description
p80BLFuXl7E,과민성대장증후군,과민성 대장 증후군 최악의 음식 3가지 - 복통 - 속 메스꺼움 - 중년 필수 건강 정보 - 50대 60대 - 소화 불량 - 구역감,건강 9단 - 하루 건강 정보,8885,181,2024-10-30T12:15:08Z,60,17.857142857142858,General,Description
-zHY2pHFPzY,과민성대장증후군,과민성대장증후군의 끝판왕 '가스실금'의 경향성,숲속과민,9055,71,2024-07-26T01:03:13Z,49,15.873015873015872,General,Description
ncS932itp5k,과민성대장증후군,과민성 대장 증후군엔 저 포드맵(FODMAP) 식이 해 보세요!,내일의 의사들,6914,78,2023-12-07T12:18:17Z,449,5.58659217877095,Medical Pro,Description
QX0fN-g87fM,과민성대장증후군,과민성대장증후군 남편의 처절한 뉴욕 생존법,도보미네(Dobominee),6851,93,2023-04-28T11:40:22Z,736,4.048582995951417,General,Description
fZqjnwyX3C0,과민성대장증후군,만화로 보는 과민성대장증후군 치료,비타민한의원,6664,0,2019-01-04T02:18:34Z,503,8.333333333333334,General,Description
yh-ffgvHcIo,과민성대장증후군,과민성대장증후군 환자라면 ‘이 음식’ 조심하세요! #shorts,오상신경외과의원,13612,196,2025-07-24T03:01:04Z,102,10.909090909090908,General,Description
IbCMcWCSjjg,과민성대장증후군,과민성대장증후군 환자에게 '이런'약을 처방한다고..? #shorts #보이는라디오#나는의사다#한지민,나는의사다,6113,52,2023-01-19T06:10:52Z,47,5.434782608695652,Medical Pro,Description
APAmSeCxkjQ,과민성대장증후군,과민성 대장증후군 IBS 은 소화장애일까. 불안장애일까.,경희바른한의원,5754,71,2019-07-01T06:15:15Z,875,8.0,General,Description
1QBCGb9_7N8,과민성대장증후군,(광고❌) 과민성대장증후군 완치한 꿀팁 3가지 #과민성대장증후군,건강멘터리,5834,99,2025-10-17T06:21:22Z,489,18.46965699208443,General,Description
UrqVLFjtPwA,과민성대장증후군,과민성대장증후군의 끝판왕 같은 '가스실금'의 원인 *골반기저근(골반저근)의 과긴장* /복부 팽만과 복부 가스,숲속과민,8451,59,2024-06-17T08:48:47Z,53,9.9009900990099,General,Description
7T2PmODcdxY,과민성대장증후군,만성 복통과 설사인데 혹시 큰 병? l 염증성 장질환과 과민성 대장증후군 구분 방법 #소아청소년과 최연호 교수,삼성서울병원,5576,97,2024-09-25T06:00:03Z,632,11.969532100108816,Medical Pro,Description
GzSkAYzDpOQ,과민성대장증후군,과민성대장증후군 어떤 유산균 먹어야해?,삼십초 상식,6242,204,2023-03-03T13:00:19Z,60,5.122950819672131,General,Description
ySfb8tKFvvU,과민성대장증후군,식습관 관리로 과민성대장증후군을 치료할 수 있을까요?  [인천성모병원 10분 하와유]  최영희 소화기내과 교수,가톨릭대학교 인천성모병원,4900,23,2022-07-29T07:16:07Z,368,14.227642276422763,Medical Pro,Description
xp638mCabgs,과민성대장증후군,설사가 멈추지 않는 과민성대장증후군 의외의 원인?!,위담한방병원,4898,0,2023-01-25T09:59:02Z,417,18.69158878504673,Medical Pro,Description
qt_1zZ1qxhY,과민성대장증후군,과민성대장증후군 천년초 추출물이 해결 합니다.,한국농업기술진흥원,4834,5,2021-10-18T06:02:54Z,173,7.957559681697613,General,Description
ObHkDa6Psj8,과민성대장증후군,과민성 대장 증후군으로 나타나는 순환계 신경계 증상,송약사의 온전한 치유,4745,177,2019-04-11T02:00:16Z,475,8.658008658008658,Medical Pro,Description
dVE2Te8kUdE,과민성대장증후군,"[TJB뉴스] 과민성대장증후군 환자, 콩 커피 피해야",TJB NEWS,4646,26,2019-09-01T12:05:31Z,169,7.751937984496124,General,Description
0TKeCjam_6c,과민성대장증후군,약없이 과민성대장증후군 완치 방법! (유산균 아님),건강병원,4241,36,2023-09-21T16:59:24Z,128,14.388489208633093,Medical Pro,Description
GQuXlznRp9A,과민성대장증후군,"스트레스 받을 때 아픈 증상 흔한 부위 - 과민성 대장 증후군, 두통, 복통 (정신과전문의 강의)",정신과의사정우열,4053,111,2019-05-28T23:59:46Z,234,12.048192771084338,Medical Pro,Description
t5_UO-9A9rI,과민성대장증후군,일본 돈키호테 급똥약?! 과민성대장증후군 주목!,쇼퍼홀릭 지니,4896,38,2023-09-30T14:08:56Z,58,21.27659574468085,General,Description
RD_NcwwIM1M,과민성대장증후군,"과민성대장증후군가스형과 설사 증상 / 밝은빛한의원 Irritable bowel syndrome, diarrhea symptoms",밝은빛한의원TV - 최원장 잘잘잘톡,4023,45,2020-05-28T14:40:10Z,245,12.10287443267776,Medical Pro,Description
VM082couiEI,과민성대장증후군,과민성대장증후군인줄 알았는데 수백 개의 용종이..?😱100% 대장암으로 이어지는 가족성 선종성 용종증-[나는의사다 1006회],나는의사다,3999,63,2022-11-03T10:00:30Z,714,4.975124378109452,Medical Pro,Description
rKdvXlKQjzw,과민성대장증후군,설사하는 사람들 여기 다 모여라! (2편) #설사 #과민성대장증후군 #만성질환극복기 #건강,건강클리닉 365,3951,0,2023-08-18T19:12:11Z,926,1.5873015873015872,General,Description
s6Ec_D-cGEQ,과민성대장증후군,과민성대장증후군 증상 방치하다가는 암까지 걸린다? 치료 유산균 효과,삼십초 상식,3802,751,2024-03-11T12:00:45Z,57,48.07692307692308,General,Description
DtrmckrGM4M,과민성대장증후군,"복통, 설사, 가스로 고생할 수 있는 과민성 대장증후군에 대하여",서울베스트의료의원,3794,36,2021-12-08T06:00:03Z,196,4.893964110929853,General,Description
D4qRplnXybk,과민성대장증후군,"아토피피부염 원인, 과민성 대장증후군 동시에 치료하는 방법",청아TV-아토피를 이겨낸 한의사 임은교,4154,60,2024-02-03T07:23:43Z,21,17.02127659574468,Medical Pro,Description
UJaNn_e77xI,과민성대장증후군,꽃가루알레르기 과민성 대장증후군이  사과를 피해야 하는 이유 #shorts,서울대 별난약사 건강노트,4262,46,2023-07-05T05:20:10Z,52,11.551155115511552,Medical Pro,Description
MfB9VyiSS7Y,과민성대장증후군,"과민성대장증후군을 완치하는 치료제, 습관, 설사 변비 원인 l 배아픈이유2부",닥터이걸의학TV,3751,52,2020-07-30T04:49:12Z,436,8.23045267489712,Medical Pro,Description
4HwsUVBEGSI,과민성대장증후군,"과민성 대장 증후군!! 앗! 급똥!!  2편, 과민성 대장 증후군의 치료및 예방",야칸다,3344,98,2020-05-05T09:45:08Z,355,10.92896174863388,General,Description
D7g0qN1LAWw,과민성대장증후군,"[위장병상담톡] 수능 전 과민성대장증후군, 예방할 수 있는 꿀팁 대방출!",장덕한방병원 위장병 센터,3287,39,2020-11-04T07:49:54Z,207,8.220793140407288,Medical Pro,Description
eKuMih2Rrtc,과민성대장증후군,과민성대장증후군에 좋은음식 포드맵식단이란?(feat. 복부팽만가스 배에가스차는이유) [담적보감⑪],박지영박사의 건강돋보기TV,3282,133,2022-04-01T09:00:17Z,487,3.7593984962406015,Medical Pro,Description
MOyr-LK6pOc,과민성대장증후군,수험생 자녀의 과민성대장증후군을 완화하는 3가지 방법,하니쌤의 진료노트,6384,81,2025-04-25T08:25:15Z,60,3.3444816053511706,General,Description
o3vhjkxsQHc,과민성대장증후군,"장건강에 유산균보다 더 필요한 이것 | 예민한 장, 소금과 이것으로 살아났어요 | 과민성 대장 진짜 원인 |  장나라도 고생한 증상 | 자율신경, 냉증 | 짠맛의힘 |",고마온TV 건강자립,3053,212,2025-06-19T10:45:10Z,484,1.5174506828528074,Medical Pro,Description
qgp-M0_vwDk,과민성대장증후군,과민성대장증후군,성남정병원 Hospital Seongnam Chung,3002,26,2021-02-15T04:54:07Z,168,19.607843137254903,Medical Pro,Description
3X4SbCjbg2w,과민성대장증후군,"소음인 11편, 소음인 성격탓에~ 과민성대장증후군?",강남담온한의원,2941,114,2022-02-04T00:00:03Z,237,2.73224043715847,General,Description
CIX7YW8RQek,과민성대장증후군,과민성대장증후군 음식이 중요합니다.,친절한 외과전문의 송쌤&김쌤,2910,50,2022-07-08T09:00:13Z,186,13.157894736842104,General,Description
bo-On2mz_zw,과민성대장증후군,약안먹고 설사 변비 과민성대장증후군 셀프 극복 관리방법 공개합니다!!!,자율신경질환을 치료하는 두근두근한의원,2888,65,2023-07-07T08:30:12Z,620,9.30232558139535,General,Description
ddepWv2ew-Q,과민성대장증후군,[구미차병원] 갑자기 배 아프면 '과민성 대장 증후군'이다? 🧐실제 진단방법을 알려드립니다!_소화기내과 김태연 교수,구미차병원,2796,56,2023-04-04T00:01:35Z,338,22.388059701492537,Medical Pro,Description
7jXPmJEDJeA,과민성대장증후군,과민성대장증후군 약 먹지 않고 해결하는 방법이 있다? - 건강을 부탁해,이은아의 치매를 부탁해,2702,86,2023-06-13T06:00:02Z,275,6.920415224913495,General,Description
qOZPMfd4r5g,과민성대장증후군,복통/설사/변비/가스까지 과민성 대장 증후군은 어떻게 치료해야할까?,위강한의원,2535,32,2022-08-12T11:00:36Z,485,31.073446327683616,General,Description
w5LaUEh5Ccc,과민성대장증후군,"변비와 설사, 복통이 반복되는 과민성 대장증후군 특징 증상 _ 위강한의원 부천점",위강한의원,2467,8,2019-02-25T07:19:38Z,70,19.607843137254903,General,Description
brB-K1NIzIw,과민성대장증후군,#과민성대장증후군증상 설사와 변비 반복되면 의심해봐요 _송파구잠실인애한의원,예원TV,2404,6,2020-04-29T09:15:52Z,275,20.79002079002079,Medical Pro,Description
h76dmNfampw,과민성대장증후군,잦은 설사와 변비 과민성대장증후군인가요?｜과민성대장증후군  증상,친절한 외과전문의 송쌤&김쌤,2416,44,2022-07-01T09:00:19Z,247,65.04065040650407,General,Description
WauAI-9-Gmo,과민성대장증후군,"과민성대장증후군 가스형, 아버지에게서 유전된 걸까요? ㅣ과민성대장증후군 가스형, 최기문 한의사.",Doctalk,2275,9,2021-01-25T08:37:37Z,111,8.579599618684462,General,Description
u54dsyvv9fw,과민성대장증후군,[건강 쏙! 쏙!] ‘뱃속 불안 장애’ 과민성대장증후군…증상 개선·관리법은? / KBS  2025.08.19.,KBS뉴스 전북,2516,15,2025-08-19T11:26:06Z,420,14.44317749904979,General,Description
7skeahfRo1s,과민성대장증후군,소화와 변비 과민성대장증후군에 최고인 과일 #shortsvideo,스마트한농부,2157,42,2023-12-05T20:30:00Z,59,5.05050505050505,General,Description
avcmvSVIOqY,과민성대장증후군,과민성 대장 증후군의 대장질환과 대장내시경 검사의 모든 것…내과 김진서 원장,건강의학전문채널 하이닥,2083,20,2021-12-02T08:00:01Z,290,5.8422590068159685,General,Description
PaGxAGO3k0A,과민성대장증후군,"긴장만 하면 난리나는 과민성대장증후군, 발표,면접,소개팅까지 방해!담적병 상담소에서 싹 다 알려드릴게요~ [위담 담적병상담소]",위담한방병원,2044,0,2020-11-10T04:16:54Z,310,5.432098765432098,Medical Pro,Description
0CVF83yZepU,과민성대장증후군,[날씨한방] 시도 때도 없이 꼬르륵 ‘과민성대장증후군’,웨더뉴스,1987,14,2022-04-06T10:32:29Z,558,1.6618075801749264,General,Description
pAEdhkkJIRw,위염,"위축성위염, 장상피화생 치료 #위축성위염 치료 #장상피화생 치료",속편한TV,1976447,56450,2020-04-03T08:46:00Z,818,20.40816326530612,Medical Pro,Description
nwRfmAVpuTQ,위염,"위가 안좋으신 분은 꼭 드셔야 하는 영양제는 바로 이 것!  (위염, 위궤양, 기능성 위장장애, 위통, 소화불량, 속쓰림, 역류성 식도염 ) 건강한 위를 위한 영양제",약사가 들려주는 약 이야기,1068839,20353,2020-03-09T08:01:50Z,513,8.94454382826476,Medical Pro,Description
I5VbXMAR3Ks,위염,"272. 소화불량, 위염, 잦은 설사에 속편한 황태미역계란죽 | ft 부부한의사",부부한의사,724019,10373,2023-08-10T10:17:00Z,47,13.452914798206278,Medical Pro,Description
oqX7mq1nfW4,위염,"“70대 위처럼 너덜너덜하다고..” 이렇게 먹는 습관, 위염을 부른다. 암이 되는 소화불량 │귀하신 몸│#EBS건강",EBS 건강,496752,3447,2025-05-14T07:30:22Z,1273,3.861003861003861,General,Description
Qh5O9kDbOGA,위염,위염이 위암으로 발전되나요?,1분만에암(국가암정보센터),578794,1715,2025-07-24T23:00:28Z,39,4.926108374384237,General,Description
TIn91WH4HxY,위염,"만성위염, 위축성위염, 장상피화생에 이것이 최고의 약초입니다[약초방송]",HBS약초방송,360391,8809,2022-10-26T21:00:13Z,624,21.27659574468085,General,Description
i0WRp-zZmXY,위염,"불편한 속 이렇게 달래보세요~ 위염 관리법 총정리!! / 삼성서울병원 소화기내과 이준행 [우리 시대의 최고의 스페셜리스트를 찾아서] (위장장애, 기능성소화불량증, 과민성장증후군)",의학채널 비온뒤,337362,7619,2023-02-14T14:31:31Z,6856,2.232415902140673,General,Description
gG-NIT3PlnA,위염,"307. 소화불량, 위염이 있다면 고쳐야 할 식사습관 5가지 ㅣft 부부한의사",부부한의사,345630,7305,2023-09-20T10:17:00Z,60,17.54385964912281,Medical Pro,Description
EH-xDAwflUw,위염,위암의 원인. 헬리코박터균을 제거하라!,김순렬TV,487205,10030,2024-12-09T02:25:09Z,56,14.084507042253522,Medical Pro,Description
EiYHTKvz6VQ,위염,소화 불량 증상 위염보다 ‘이것’ 때문 #Shorts,위담한방병원,381251,0,2023-09-28T20:00:04Z,46,38.095238095238095,Medical Pro,Description
F2UmxJndh64,위염,"""도통 낫지 않는 속쓰림"" 설마설마했는데 위염 아닌 위암｜위암을 불러오는 위염의 종류｜소중한 위 건강하게 지키는 법｜명의｜#EBS건강",EBS 건강,192182,1939,2024-10-20T08:00:11Z,1464,18.867924528301888,General,Description
cF0bGA3Zt9Q,위염,"324. 소화불량, 위염, 몸이 냉하고 근육이 적다면 꼭 보세요 ㅣft 부부한의사",부부한의사,172862,3988,2023-10-07T10:17:00Z,58,18.867924528301888,Medical Pro,Description
Y9vDXod6n-c,위염,무심코 지나친 이 증상! 위암 발병률 10배 높인다? - 전정현의 위장 클리닉 #5ㅣ위염 치료 위염 증상 만성 위염 장상피화생 수면내시경 위암검진 헬리코박터,굿라이프,156540,1900,2023-06-30T08:00:15Z,574,1.1001788908765668,General,Description
Dnp8Re6qQhY,위염,위염 빨리 낫는 법,건강특공대,144502,1307,2022-05-10T12:00:07Z,58,11.11111111111111,General,Description
SJvKEdM19kY,위염,위염 위궤양 | 위 건강을 되찾는 좋은 음식 5가지 (위염 위궤양에 좋은 음식) #shorts,Life-CuraTV,139909,1758,2023-05-24T09:28:28Z,54,20.71005917159763,Medical Pro,Description
6uyfjORvvQQ,위염,"[Full] 귀하신 몸 - 35화 암이 되는 소화불량, 위염 관리법",EBSDocumentary (EBS 다큐),98326,1118,2024-01-19T17:00:04Z,2810,3.90625,General,Description
8HoCzdEAAng,위염,"380. 소화불량, 위염이 있다면 국 끓일 때 이것 꼭 넣으세요 ㅣft 부부한의사",부부한의사,97696,3473,2023-12-14T10:17:00Z,56,8.474576271186441,Medical Pro,Description
IcbiCwUQxks,위염,위염과 위암사이! 만성 위축성 위염 / 가천대 길병원 소화기센터 김경오 교수,길병원TV,78948,870,2020-08-07T01:35:53Z,208,12.437810945273633,Medical Pro,Description
1iYLpGBdcWc,위염,"위염 관리법, 이렇게 먹어야 합니다! ...내과 이근숙 원장",건강의학전문채널 하이닥,71782,711,2021-05-27T22:00:03Z,237,5.382131324004305,General,Description
7w9SPo5269o,위염,[EBS 명의] 위염은 어떻게 암이 되는가 - 위염과 조기 위암,EBS,51843,681,2020-05-25T11:15:00Z,683,3.584229390681004,General,Description
gqHLmPpfjLw,위염,소화가 안 되는 위염이 고민?... 내과 이근숙 원장,건강의학전문채널 하이닥,47714,409,2021-05-26T08:00:09Z,253,11.45475372279496,General,Description
4x_SysrrfL8,위염,"위축성 위염, 장상피화생 완치가 불가능한가요? 아니요! 약없이 치료하기",긍정닥터,225882,4931,2023-05-03T10:00:06Z,312,10.92896174863388,Medical Pro,Description
Wbio8HObSHc,위염,스트레스성 위염으로 너무 힘들어요 #Shorts,여에스더의 에스더TV,45723,696,2022-05-04T02:02:21Z,48,4.098360655737705,Medical Pro,Description
hlA9StQTuGg,위염,위염 있을 때 약 안 먹어도 되는 이유,건강의학전문채널 하이닥,44513,325,2023-09-04T00:00:14Z,53,2.044989775051125,General,Description
i80sc_6LISc,위염,"안 되는 건 없다. 장상피화생 이렇게 고치는 겁니다. (위축성 위염, 역류성식도염)",우리 모두 튼튼,35915,1279,2025-11-29T21:00:47Z,1751,5.825242718446602,General,Description
qS6ssJ_-7H0,위염,"만성위축성위염, 장상피화생에 좋은음식 5가지",박지영박사의 건강돋보기TV,69231,1180,2025-04-01T09:30:23Z,157,3.968253968253968,Medical Pro,Description
peQNL1n1t68,위염,"위염에 걸렸을 때 대처방법 3가지, 꼭 확인해 주세요! #shorts",정재면내과 - 분야별 전문의 7인 진료,37295,0,2024-08-23T06:53:32Z,44,7.092198581560283,General,Description
VrqfCFYtCsk,위염,"위 내시경 검사 결과 '미란성 위염', '표재성 위염', '위축성 위염', '장상피화생'?! 완치될 수 있고, 위암으로 이어지진 않나요? (차움 소화기내과 오하영 교수님)",차병원 CHA Medical Center,31054,351,2023-11-30T01:00:27Z,358,12.4031007751938,Medical Pro,Description
2Bu4SAiinKw,위염,위염은 어떻게 위암이 될까?,EBS 컬렉션 - 사이언스,21761,212,2021-08-08T11:05:28Z,297,19.011406844106464,General,Description
Va6gZer2lrI,위염,"296. 소화불량, 위염 있을 때 의외로 피해야 할 음식 2편(추천음식 포함) ㅣft 부부한의사",부부한의사,21738,633,2023-09-07T10:17:00Z,57,18.072289156626507,Medical Pro,Description
zP6_4vuKWrg,위염,"소화불량‣만성 위염▸위암 | 30년 간 만성 위염에 시달리다 2주 만에 호전된 사연 | 암이 되는 소화불량, 위염 관리법 | 귀하신 몸",EBS 건강,20701,442,2024-01-17T10:00:48Z,886,9.98003992015968,General,Description
Q0fgozvWjns,위염,"[알쓸신꿀] #7 현대인들이 가장 흔히 겪는 질환, 위축성위염 ㅣ 위축성위염 환자가 피해야 할 음식",장덕한방병원,19059,317,2021-03-03T02:00:03Z,229,7.262638717632551,Medical Pro,Description
NdV46EcPaZc,위염,급성위염,메디컬티비,20660,93,2024-12-16T09:00:30Z,30,16.129032258064516,General,Description
1_l_ydMwv6s,위염,[명의 의학백과📖] 위염이란?,고대병원,12453,68,2023-09-13T01:15:39Z,79,4.149377593360996,Medical Pro,Description
H4f7_pjuhx0,위염,"헬리코박터균과 위염, 전문의가 말하는 해법은?",한양대학교병원,10294,145,2024-09-09T09:27:34Z,293,18.404907975460123,Medical Pro,Description
DUe-Gw9Ud0U,위염,위염(만성위염) 줄이는 예방법ㅣ상계백병원 소화기내과 최정민 교수,인제대학교 백병원,13489,141,2024-02-06T23:37:45Z,58,52.63157894736842,Medical Pro,Description
v9FlGGcn6X4,위염,위축성 위염의 원인 3가지 #Shorts,위담한방병원,10957,0,2024-08-27T20:00:30Z,58,14.492753623188406,Medical Pro,Description
LUQ5044kDIA,위염,[명의 의학백과📖] 만성 위염이 위암이 되는 과정,고대병원,8353,66,2023-09-13T01:15:44Z,62,2.2123893805309733,Medical Pro,Description
B_NPyBjhCLE,위염,"자꾸 속이 쓰릴때 ,내시경을 보면 미란성 위염, 궤양이 발견됩니다.",닥터이걸의학TV,7921,132,2023-05-15T22:15:00Z,202,3.225806451612903,Medical Pro,Description
3ZGoq6wp05I,위염,"표재성 위염, 미란성 위염의 원인과 치료 방법 #Shorts",위담한방병원,8940,0,2024-08-27T09:15:01Z,60,19.02173913043478,Medical Pro,Description
QRiKvKuXzy0,위염,"20년 만성 위염을 잠재운 기적의 식재료 '이것' (위염, 위궤양, 역류성 식도염)",당신을살릴식사,13483,138,2025-11-03T10:40:36Z,24,6.389776357827476,General,Description
3XL_sEPXoKE,위염,약제 유발성 위염이란?,EBS 건강,5360,107,2024-10-28T00:06:14Z,52,10.309278350515465,General,Description
WpbD5M47oro,위염,위염의 두 가지 종류 #Shorts,위담한방병원,6024,0,2024-08-21T20:00:26Z,57,3.4129692832764507,Medical Pro,Description
yelSz8shYT0,위염,"위염, 위 빨리 낫게 도와주는 음식 5가지",STUDIO JJ [스튜디오 제이제이],4874,100,2024-08-14T01:03:48Z,51,21.73913043478261,General,Description
DrK7XDNWd3A,위염,"만성 위염, 위궤양 환자에게 꼭 필요한 영양제🍋 #가나다 #지식 #건강지식",ganada global,5968,34,2024-10-18T10:00:22Z,37,10.75268817204301,General,Description
mmSBYXcJVgg,위염,위염과 위궤양 뭐가 다를까?,내과식당,5614,40,2025-06-27T13:11:40Z,90,1.5873015873015872,General,Description
2CeEHvCeTHQ,위염,위장약 필요 없습니다! 소화불량 · 위염 잡는 매실보다 5배 좋은 음식 TOP5,건강지식TV,2949,119,2025-09-15T21:00:02Z,587,4.297994269340975,Medical Pro,Description
JYiE0x9BpmM,위염,암이 되는 위염? 한국인 단골질환 위염 종류와 관리법 #생활건강플러스 (박형준 교수),삼성서울병원,2385,65,2024-07-16T06:00:08Z,760,14.231499051233396,Medical Pro,Description
LFAEXEXEeMA,위염,위염의 원인은? #Shorts,위담한방병원,2368,0,2024-08-28T20:00:18Z,52,21.02102102102102,Medical Pro,Description
dQuND6JrH-k,위염,"표재성, 미란성, 위축성 위염 어떻게 다를까?",위담한방병원,2298,0,2024-08-29T08:00:21Z,453,4.032258064516129,Medical Pro,Description
0yQwqCP0HAU,위염,"식도염, 위염의 가장 좋은 약재는 두가지만 아시면 됩니다",도해한의원-건강의모든것,3703,35,2023-08-07T06:27:11Z,21,16.666666666666668,General,Description
hy0Pzp_TkPY,위염,위암 발병률 6배! 위험한 위염은? #shorts,삼성서울병원,2451,44,2024-07-17T06:00:18Z,52,26.31578947368421,Medical Pro,Description
2xIWFzfviTk,위염,"위염, 위궤양이 심해지면 위암으로 발전할 수도 있나요? [암팩트🍄]",고대병원,1987,31,2024-12-27T09:00:04Z,40,14.285714285714286,Medical Pro,Description
7chk7G5n6ZE,위염,위염 관리할 때  무심코 간과하는 ‘이것’ #shorts,삼성서울병원,1310,28,2024-07-18T06:00:05Z,56,35.714285714285715,Medical Pro,Description
gEVKHISw234,위염,"치매, 백내장, 위염, 암예방은 애호박을 드세요! 면역력 보약입니다. #애호박 #치매 #백내장 #위염 #암예방",용미TV,3039,44,2025-08-17T22:55:39Z,30,25.36231884057971,Medical Pro,Description
d78B6XTrxQk,위염,위벽을 갉아먹는 매운 음식 습관 #위염 #위궤양 #매운음식경고 #위건강주의 #소화기질환,건강속보꿀팁,3720,49,2025-08-11T01:25:21Z,16,10.989010989010987,General,Description
g0mZd1yhaek,위염,"위염에 좋은 음식 6가지, 회복을 빠르게 돕는 식단 #위염 #위염에좋은음식 #위염식단",튼튼60초,2892,38,2025-10-05T06:08:03Z,64,9.950248756218905,General,Description
Jz41rGqNVxU,위염,"""약 먹어도 속 쓰릴 때?"" 위염엔 이것이 먼저! 약보다 효과 좋은 양배추 당근 샐러드 비밀!",활력쿡,2439,64,2025-10-28T05:45:01Z,60,18.79699248120301,General,Description
vZXdtlOYf58,위염,위염을 일으키는 아홉가지 원인,칼슘박사 SEAN LEE TV,1036,46,2025-01-18T23:00:44Z,44,29.41176470588235,Medical Pro,Description
anLN3a99czc,위염,위염 완화 차 BEST 3 | 위점막 재생부터 메스꺼움까지 완화 #위염 #위염 완화차,쏭이네 생활꿀팁,2056,16,2025-10-02T00:00:06Z,32,3.695652173913043,General,Description
D-Yz4hVzOVA,위염,위염에 좋은 음식 TOP 10        #위염에좋은음식 #위건강 #위염치료 #속편한음식 #위산조절 #위염완화 #소화잘되는음식 #위장보호 #위염다이어트 #위염증상완화 #위에좋은차,세상의모든정보,1980,8,2025-04-05T11:00:15Z,63,20.83333333333333,General,Description
vhbLCuwPI1E,위염,"건강듬뿍 마늘, 독이 되게 먹는 위험한 습관 3가지. 생마늘, 위염, 건강상식",건강듬뿍,2310,46,2025-11-15T21:01:04Z,66,6.153846153846154,General,Description
3GtP3t4zvdk,위염,"위염 vs 역류성 식도염, 통증 위치가 다릅니다! #위염 #식도염 #속쓰림",하루한알정보,2946,13,2025-10-12T01:48:44Z,10,30.303030303030305,General,Description
sgO4i8UzJ4o,위염,위염에 안 좋은 음식 2#위염#건강관리#식단,건강엣지_HealthEdge,2053,3,2025-08-17T09:01:18Z,38,17.857142857142858,General,Description
eWzlCsbZFMQ,위염,"공복에 먹으면 독이 되는 음식 8가지  (ft. 속쓰림, 위염, 소화불량)",깨알건강,1547,15,2025-06-09T00:05:00Z,58,1.9157088122605364,General,Description
AimuY0cm-rg,위염,"""위염만 보고 끝? 헬리코박터를 꼭 확인해야 하는 이유!"" #헬리코박터 #위내시경 #위염 #위암예방 #건강검진 #헬리코박터제균 #의학채",주내과 건강자료실,1869,9,2025-07-04T12:14:20Z,53,19.305019305019304,General,Description
9Uyt-X56sd4,위염,단순 위염인 줄 알았는데… 위암이었습니다 | 30대 위암 조기발견,광교 휴내과의원,791,10,2025-10-20T09:22:13Z,494,11.50537634408602,General,Description
oNplaMzMvoE,위염,위염약 복용시 골다공증 예방 방법 #약국 #약사 #골다공증 #위염 #건강,유약사tv,726,6,2025-01-30T13:27:06Z,37,22.388059701492537,Medical Pro,Description
B6j1SIOALrA,위염,김치만 먹었을 뿐인데 속이 쓰립니다 | 위염일까 식도염일까? | 시니어 건강경보 | 위장질환 | 건강정보,100세비밀,1827,41,2025-07-26T02:00:11Z,61,4.545454545454546,General,Description
61QaOecamgs,위염,갑자기 소화가 안될 때 몸이 보내는 신호!     #소화불량 #건강정보 #응급처치  #역류성식도염 #위염,내 몸에,2165,11,2025-08-23T07:19:53Z,129,26.54867256637168,General,Description
ksYRJ4M_49w,위염,"명치 통증, 이 신호 무시하면 큰일 납니다 #췌장신호 #심장병 #위염",몸이 보내는 신호,1648,7,2025-12-14T11:01:23Z,37,12.641509433962264,General,Description
OcXyGzH3f9c,위염,"위염있을 때 절대 먹지 말아야 할 음식 3가지(속쓰림, 통증 더 악화돼요)",건강시네마,1406,21,2025-04-07T09:30:16Z,55,1.834319526627219,General,Description
qMlJec0-xlI,위염,"낫지 않는 위염, 앞으론 이렇게 드세요 #위염",요리하는 한의사,1981,5,2025-08-07T09:01:17Z,60,7.0772946859903385,Medical Pro,Description
MGVKepVgS4s,위염,속쓰림 위염엔 민들레 🌿 약보다 빠른 천연 위장약 │ 자연의선물약초 #민들레 #포공영 #위염,자연의 선물 약초,1898,18,2025-11-07T01:50:24Z,35,15.772870662460567,General,Description
c-qbNJp38QY,위염,속쓰림 줄이는 10초 습관! #역류성식도염 #위염 #시니어건강 #영양사 #건강정보 #오늘하나실천,건강 읽어주는 영양사,1960,7,2025-09-16T06:40:03Z,25,25.42372881355932,General,Description
Navk9en75XM,위염,이런 복통… 위염 아닙니다! #건강#노인건강 #시니어건강 #위암 #위암초기증상 #shorts #소화불량 #위염구별 #위염# 암경고신호#건강경고,시니어백년건강,2095,11,2025-11-21T11:00:48Z,51,11.594202898550725,General,Description
Qpkh6HOC8U0,위염,위장이 망가지면 나타나는 증상 5가지 #위장병#건강100세#위염,조영식 TV,1364,18,2025-09-10T22:00:33Z,51,8.04289544235925,Medical Pro,Description
7AA_KKKirno,위염,"마누카꿀 효능? 위염 있는분들 '이 등급' 아니면 효과 없습니다 (UMF MGO 차이, 먹는법)    #건강음식 #꿀 #건강",온집건강 ,1185,8,2026-01-06T21:30:01Z,44,8.791208791208792,General,Description
ybX2tKixL5g,위염,위염 잡는 음식 top 5 !,아프지맙시다,1564,24,2025-08-15T23:01:04Z,82,11.018306636155607,General,Description
th9frIFQ9R8,위염,만성 위염 이제 안녕! 50년차 명의가 추천하는 식사법 TOP 5 #위염 #위염예방 #소화불량 #위건강 #건강식사법 #50대건강 #60대건강 #시니어건강 #위산역류 #식사습관,실버알짜배기,1542,40,2025-10-17T08:45:03Z,50,7.389162561576355,General,Description
4jzsI210S1M,위염,위를 망가트리는 매운 음식 습관 #위염 #위궤양 #매운음식 #위건강 #시니어건강,스마트 건강사연,1719,14,2025-09-03T14:22:51Z,16,5.882352941176471,General,Description
cSf362Qng1g,위염,위염도 종류가 있다?! 담즙 역류성 위염이란,친절한 외과전문의 송쌤&김쌤,514,7,2025-07-08T01:54:02Z,136,16.49484536082474,General,Description
0AR-3MY0gc0,위염,위염이나 역류성 식도염을 예방하려면 ‘3·3·3 법칙’을 꼭 기억하세요.,위강한의원,1331,23,2025-08-07T09:42:29Z,31,9.67741935483871,General,Description
11yLNb4mIRE,위염,의사들도 절대 안먹는 위염 유발 음식 3가지!!! #위염 #건강 #건강정보 #건강잔치,평생건강,1351,16,2025-07-11T08:45:00Z,36,21.27659574468085,General,Description
My3qWH3jJuY,위염,“위염·위궤양에 좋은 반찬 TOP5 | 속 편한 건강 밥상” #건강식품 #다이어트 #혈압관리,밥도락,1371,18,2025-09-04T10:00:41Z,47,5.58659217877095,General,Description
lQAeajEa7yY,위염,"위암발생률 15배까지_ 위축성 위염, 장상피화생의 진단과 치료",쏙닥터 류수형,461,21,2025-09-10T10:01:23Z,433,21.27659574468085,Medical Pro,Description
CIt-DXIsEgo,위염,위축성 위염 진단받았다면? 이 치료는 절대 하셔야합니다,내과의사 황금빛,446,13,2025-09-19T07:04:11Z,426,17.964071856287426,Medical Pro,Description
Id6gjsKorWs,위염,“위염을 부르는 일상 습관 5가지｜모르고 반복하는 위험한 루틴” #위염 #위건강 #위염증상 #건강습관 #소화불량 #속쓰림 #건강정보 #중년건강 #여성건강 #건강루틴 #헬스케어,오늘도건강하게,1161,18,2025-12-13T00:00:33Z,81,7.326007326007326,General,Description
QbkZwxKNEqk,위염,"위염 있는 분, 아침에 절대 먹으면 안 되는 음식 #건강 #건강정보 #여름건강",건강꿀톡,830,18,2025-08-19T09:30:28Z,61,11.627906976744184,General,Description
CBdXrmWA-nk,위염,👉 위염·위암 예방 조합! 양배추 + 이것 레시피 #음식 #건강한중년 #위염,장수건강,1250,11,2025-09-17T00:00:21Z,21,14.285714285714286,General,Description
E2MW0sVuuKo,위염,위장약 필요 없습니다! 소화불량 · 위염 잡는 매실보다 5배 좋은 음식 TOP5,건강지식TV,407,20,2025-12-21T01:20:27Z,42899,7.653061224489796,Medical Pro,Description
HXhbeKq1CII,위염,"위염 걸리고 후회하는 생활습관, 꼭 고치세요!",건강채움플러스,1346,5,2025-06-14T08:00:15Z,41,6.134969325153374,General,Description
9qVHWnKoOzk,위염,위염과 위암 증상 구별하는법,내몸돌봄 ,1181,8,2025-07-11T22:38:10Z,36,25.0,General,Description
8Kb6l3KyIYs,위염,"하루 한끼 바꿨더니 위염이 싹! 속쓰림에 좋은, 속이 편해지는 감자스프",활력쿡,896,19,2025-11-05T21:00:14Z,56,5.1993067590987865,General,Description
MAdfWyAmYUw,위염,위염에서 위궤양으로 넘어갈때 신호#시니어건강#노인건강#어르신건강#위염#위궤양#소화불량#명치통증#위건강#건강정보,정보드림TV,944,21,2025-10-30T05:15:03Z,42,16.286644951140065,Medical Pro,Description
Dr2VJ7ERCfA,위염,"위염 예방하는 최고의 식재료, 알고 계셨나요? #위염 #건강정보",행복 돋는 건강TV,1113,4,2025-06-25T11:38:37Z,26,11.235955056179776,Medical Pro,Description
OR-3-TEELlw,위염,위염을 악화시키는 음식 3가지 #위염주의 #소화기건강 #약보다밥,약보다밥,1136,20,2025-09-19T04:00:29Z,36,13.66120218579235,General,Description
NGmbOMzv7ik,방광염,"방광염에는 '이거 한알'만 드시면 없어집니다 (방광염, 질염, 여성 질환, 영양요법, 조합방법, )",약사가 들려주는 약 이야기,2093089,33609,2022-05-21T10:00:11Z,697,6.651884700665189,Medical Pro,Description
qIP9Tc-1u4E,방광염,남편과 관계만 하면 방광염에 걸려요...,산부인과 의사언니,1448807,5731,2023-05-26T08:00:20Z,597,9.66183574879227,Medical Pro,Description
pyhGWjOF2Rg,방광염,이것을 매일 마시면 만성 방광염이 싹 사라진다.[한의학박사 김순렬] CNC한의원,김순렬TV,802539,16435,2022-05-15T22:00:30Z,481,14.78743068391867,Medical Pro,Description
vQ5LKaMCG5M,방광염,방광염 영양제 딱 3가지🌿 | 지긋지긋한 방광염 크랜베리🍒로 해결😲요도염 방광염 🇨🇦청정 캐나다 영양제 추천,뉴리TV Nuri TV,586185,5244,2019-03-12T12:43:15Z,688,7.241606319947333,Medical Pro,Description
woR1OA9hn-M,방광염,"성관계하면 방광염이 걸리는데 범인은 누구? (수강생 : 장동민, 이상준, 최혜진, 송준민)",숏부인과,447904,5661,2025-02-28T09:01:15Z,1250,8.032128514056225,General,Description
NdCTu_jgRGQ,방광염,"자꾸 재발하는 방광염, 잘 걸리는 이유부터 예방법까지 한번에 몰아보기",이재성 박사의 식탁보감,332010,10059,2021-12-19T00:00:10Z,855,2.074688796680498,General,Description
n48biMGVgzQ,방광염,방광염엔 무조건 항생제? 자연 치유력 높이는 게 우선,헬스조선 Health Chosun,271325,5262,2021-10-19T04:50:49Z,793,5.934718100890208,General,Description
E2vcGmGCb8c,방광염,방광염은 약없이 관리하고 치료 할 수 있어요! 방광을 제대로 관리하는 법 확실히 알려드립니다!,연세신통TV,205436,4676,2021-03-13T01:36:49Z,360,12.371134020618555,Medical Pro,Description
XLKHtV9XtLg,방광염,방광염! 치료해도 재발하는 이유는? - 쉬편한세상 #11 방광염치료법,굿라이프,184916,5426,2022-02-07T08:00:23Z,523,23.49869451697128,General,Description
9QvR3ntB4yk,방광염,"방광내시경 꼭 받아야 할까? (혈뇨, 통증, 배뇨장애 있다면 주목!)",비정상토크,172913,1408,2021-05-07T06:26:41Z,402,6.263048016701461,General,Description
WxQ-huwmr7E,방광염,이 증상이 있다면 '방광염'을 의심해보자!,건강의학전문채널 하이닥,145961,1155,2021-01-24T01:00:04Z,440,19.672131147540984,General,Description
ScuruyPr9rY,방광염,"방광 건강 지키기, 방광의 모든 것 [이지향약사의 무엇이든 물어보藥 2 21회]",한국시니어TV,142600,3242,2025-02-18T12:00:06Z,2891,19.17545541706616,Medical Pro,Description
1WPhqQMbWJQ,방광염,과민성 방광 자가테스트! 과민성 방광의 정확한 진단과 치료법 까지!-장진석 원장,닥터곰의 비뇨의학,136059,1950,2020-01-18T07:47:46Z,1085,12.12121212121212,Medical Pro,Description
mGfEW16l33E,방광염,방광염의 예방과 치료 (가천대 길병원 비뇨의학과 김광택),의학채널 비온뒤,125624,2529,2022-04-04T09:55:59Z,3087,1.583011583011583,General,Description
T30VcUhIRTg,방광염,보도블록 틈에서 자라는 이 풀을 절대 밟지 마세요! 방광염 잡는 마디풀의 놀라운 비밀,숏뚜기,220257,2891,2025-10-11T03:30:30Z,41,14.814814814814817,General,Description
pdGmfEErm1I,방광염,"완치도 어려운데, 너무나 흔한 고양이 특발성 방광염! 늦기 전에 보세요!",미야옹철의 냥냥펀치,99911,2877,2021-06-04T10:00:21Z,562,2.232142857142857,General,Description
smdnwtLWK_8,방광염,방광암의 2가지 치료 방법,고대병원,98399,1825,2024-03-31T05:00:25Z,54,25.64102564102564,Medical Pro,Description
QvUbqqAul2o,방광염,방광염 증상과 원인 | 여성이 잘 걸리는 이유 '이것' 때문?  +신우신염🤷‍♂️,"닥터 조혜진, 어니스트TV (Honest TV)",72899,686,2020-08-26T00:30:01Z,337,25.210084033613445,Medical Pro,Description
q3N8TeiSFEg,방광염,"야간뇨 방광염 야뇨증에 '이것' 드세요.소변줄기 쏴~전립샘비대증 빈뇨 다뇨 잔뇨감 원인 싹!오줌이 찔끔 안나올때,방광이 찌릿 아플때 튼튼하게하는법. 소변이 자주 마려운 증상에 좋아",루이빈치과 류지헌,105440,2680,2025-03-13T01:45:06Z,77,4.681647940074907,General,Description
d0XgxPnN2ME,방광염,아무리 치료를 해도 자꾸 방광염에 걸린다면?,비정상토크,92781,800,2023-05-22T12:00:33Z,52,6.5359477124183005,General,Description
YqIxJihigw8,방광염,소변 자주 마려운 이유 2가지 - 방광 건강 - 건강 상식 - 소변 자주 마려움 - 소변 자주 보는 증상 - 중년 건강 정보 - 50대 60대 - 소변 잔뇨감,건강 9단 - 하루 건강 정보,90217,713,2024-11-04T12:00:44Z,60,10.638297872340424,General,Description
58IvBLkq7u0,방광염,방광염 자꾸 재발한다면 딱 2가지만 기억하세요! 여성호르몬과 물 1.5L / 그랜드비뇨의학과 황진철,의학채널 비온뒤,54682,744,2024-02-17T14:30:02Z,307,4.749262536873156,General,Description
k1OSy0lx3cI,방광염,고양이가 방광염에 걸렸다면 어떤 행동을 보일까? 고양이 특발성 방광염의 원인과 증상 그리고 치료방법.,윤샘의 마이펫상담소-Pet Clinic,52587,1237,2023-08-28T09:00:34Z,397,10.416666666666666,General,Description
_ReHyeuxSLA,방광염,"방광염 궁금증 Q&A! 치료, 예방법까지 | 관계? 소변? 목욕탕? 케겔운동? 스타킹?🙄","닥터 조혜진, 어니스트TV (Honest TV)",40488,332,2020-09-02T07:12:23Z,391,17.167381974248926,Medical Pro,Description
takbtcngGKU,방광염,과민성방광염 원인과 치료방법! | [동산닥터스] 비뇨의학과 변혜진,계명대학교 동산병원,37833,450,2020-09-15T02:28:18Z,195,3.4722222222222223,Medical Pro,Description
NiFdN_a4n68,방광염,"방광염 증상, 급성 방광염 도대체 방광염은 무엇일까?",서울베스트의료의원,187271,3032,2021-05-11T02:37:14Z,397,9.695290858725762,General,Description
GhW161INyoQ,방광염,여성 방광염 이 영상으로 완벽정리! - 서울대 전문의#여성방광염,닥터곰의 비뇨의학,123145,888,2020-08-10T06:43:53Z,324,11.976047904191615,Medical Pro,Description
BPgTJ-OTYQI,방광염,환삼덩굴은 방광염에 좋은 약초! 요로염 방광염에 좋은 약초 #요로염 #방광염,용미TV,102670,1148,2025-05-28T11:30:19Z,16,23.07692307692308,Medical Pro,Description
8JJ1hOhrWXU,방광염,"흔하게 걸릴 수 있는 급성 방광염! 증상, 진단부터 치료, 예방법까지 모두 알려드립니다 !",비정상토크,36445,347,2023-09-13T08:02:16Z,538,18.54493580599144,General,Description
nDZoKFcGdos,방광염,방광염! 생활습관으로 타파~,시기월드,46586,578,2023-04-23T01:00:43Z,57,13.69158878504673,General,Description
wIg3HZ3CkYQ,방광염,"요로감염, 방광염등 소변이 자주 마렵고 밤잠을 자주 설친다면 이것을 드세요. (크랜베리 효능, 복용법, 제품 고르는 법)",리틀약사,34001,969,2021-12-21T10:00:24Z,420,15.625,Medical Pro,Description
wYV3YJBZ46o,방광염,#임산부방광염 #방광염혈뇨 #방광염예방법,더끌림산부인과,39743,297,2023-03-14T01:30:17Z,59,22.71028037383178,General,Description
SX_IlP18IwI,방광염,"방광염,  과민성 방광, 방광기능 강화, 생리통를 스스로 관리하는 법/ 빈뇨, 야간뇨 관리법",연세신통TV,32930,956,2023-08-29T09:00:30Z,535,8.997429305912597,Medical Pro,Description
6jBF_yY2XJ0,방광염,"방광염에 효과적인 식이요법, 이걸 무조건 드셔야합니다! - 50대 중년 이후 필수 건강 관리 방법",건강을 전하는 아들래미,44891,335,2023-03-30T09:30:03Z,37,10.1010101010101,General,Description
4YSVFfYHemU,방광염,[엄마약방] 찌릿찌릿 괴로운 방광염 ~참지 말고 바로 약국가서 이 약을 드시면 됩니다/방광염치료법,엄마약방 Mom's Pharmacy,24630,284,2022-07-04T23:00:01Z,255,38.67403314917127,General,Description
5QnP0efMlUA,방광염,여성 초기 방광염 치료원칙 3가지!   | 전립선방광TV #shorts,전립선방광TV,27178,245,2022-09-11T15:37:50Z,60,19.174041297935105,Medical Pro,Description
7RG1Duhd2DU,방광염,방광염 3총사 😣 | 몸짱약사 민재원,몸짱 약사 민재원,38074,156,2023-12-14T00:00:05Z,9,4.922644163150492,Medical Pro,Description
5eBi25-iTyk,방광염,[무엇이든물어보세요] 과민성 방광 치료에 도움이 되는 운동 #shorts | KBS 221004 방송,에헤라 티비 : KBS LIFE,25036,353,2022-10-18T09:15:00Z,59,11.764705882352942,General,Description
3HsQJRcF65U,방광염,"매일 먹으면 방광의 염증, 만성 방광염이 싹 사라지는 베스트 음식을 알려드립니다.[한의학박사 김순렬]",김순렬TV,18679,970,2024-08-03T22:00:02Z,551,3.3798882681564244,Medical Pro,Description
b6ugyuVMDXY,방광염,항생제로도 잘 낫지 않는 방광염 치료 방법은? #Shorts,위담한방병원,23459,0,2024-03-07T20:00:20Z,56,20.32520325203252,Medical Pro,Description
dZuFmQO2Qq8,방광염,방광염 진단과 치료 ✔ 8가지 방광염 종류 / 가천대 길병원 비뇨의학과 김광택 교수,길병원TV,15259,293,2023-05-16T02:00:14Z,2987,17.75147928994083,Medical Pro,Description
3lc4J27aXH8,방광염,딱 보면 바로 아는 여성 방광염 증상,신·소·애 SINSOE women's clinic,23095,117,2024-12-20T14:45:00Z,54,6.711409395973154,General,Description
wsIPbNE0FnY,방광염,"지긋지긋한 방광염😣어떻게 해야 할까?ㅣ방광염, 요도염에 도움이 되는 영양제 BEST 3💓",뉴리TV Nuri TV,13919,96,2020-02-21T03:00:11Z,647,8.035062089116144,Medical Pro,Description
difDD-SLF8k,방광염,"과민성방광염, 소변이 자주 마려울 때 [ENG SUB]",황성수힐링스쿨,13247,558,2023-01-05T06:18:15Z,280,2.857142857142857,General,Description
awvJ6NV9Sgo,방광염,여의사 비뇨기과와 방광염에 좋은 음식 TOP3 알아보기,미즈러브여성비뇨의학과MIZLOVE FEMALE UROLOGY,12915,86,2023-08-22T07:00:12Z,223,12.953367875647668,General,Description
v7ba9WF0eUQ,방광염,화장실을 너무 자주 가요! '간질성 방광염' ㅣ 비뇨의학과 김시현 교수,순천향대학교 천안병원,12207,156,2023-06-13T07:40:53Z,695,27.21088435374149,Medical Pro,Description
mbQO6y7AkfY,방광염,방광염 자꾸 걸리면 벌어지는 놀라운 일들,으랏차차 여성건강,15622,141,2023-11-17T22:00:31Z,60,27.21088435374149,General,Description
hpN9gVQLV58,방광염,[무엇이든 물어보세요] 과민성 방광😰 치료에 도움이 되는 운동법이 있다?! #shorts | KBS 220328 방송,에헤라 티비 : KBS LIFE,10767,140,2022-03-30T09:15:03Z,58,8.130081300813009,General,Description
RaFodLzbriM,방광염,"방광염으로 소변이 역류하면 생기는 질환, 알고 계셨나요?",비정상토크,10114,136,2023-01-25T08:00:09Z,297,9.933774834437086,General,Description
MRpoEqowCl8,방광염,"방광염 증상 (소변이 자주 마려워요, 소변볼 때 아파요, 잔뇨감), 병원가지 않고 해결할 수 있는 방법 BEST3!!!",아이엠닥터 임창락,17208,179,2025-02-06T09:06:43Z,51,41.66666666666666,Medical Pro,Description
_eZhNRmmeDQ,방광염,"잦은 방광염, 왜 자꾸 재발하나요?",비정상토크,9148,137,2021-10-21T09:00:14Z,294,4.962779156327543,General,Description
gYfeI5y1EjM,방광염,효과 직빵 질유산균 고르는법 #질염 #질유산균 #방광염,아는약사,14147,120,2025-08-24T13:58:03Z,55,16.949152542372882,Medical Pro,Description
HBAncJMhW9k,방광염,"항생제 없이 방광염 치료 완전정복 오줌소태, 빈뇨, 야간뇨, 야뇨증, 배뇨장애, 방광 세균감염, 요실금, 요로감염, 세균성 방광염｜차은수 원장",위담한방병원,8503,0,2024-02-29T08:55:39Z,452,25.12562814070352,Medical Pro,Description
L0SDy4ipRkY,방광염,"여자 방광염, 항생제로도 안 나을 때 꼭 챙겨 먹어야 할 것은?",이음여성한의원 김우성 원장,7516,197,2024-12-09T05:09:02Z,532,6.493506493506493,General,Description
Qd2LY-Q8xWE,방광염,절박뇨? '이것' 모르면 치료 안 돼요. #절박뇨 #과민성방광 #방광염 #전립선염 #전립선비대증,경희열린한의원,10974,108,2024-11-01T01:58:04Z,56,13.544018058690744,General,Description
-ATBvUtBr-g,방광염,#방광염 에 좋은약! #shorts #비뇨기과,강남더의원,9859,0,2023-09-11T11:13:59Z,60,7.407407407407407,General,Description
4b-of3mT2Rg,방광염,방광염에 걸린 강아지의 증상은? #shorts,유앤미 [부산 24시UN동물의료센터],6856,237,2022-07-27T01:48:32Z,26,2.8117048346055995,General,Description
MDqcspIG2aw,방광염,약 없이 과민성 방광 해결하는 방법 5가지#건강 #건강관리 #건강정보,몸쓸건강,10311,246,2025-07-22T12:32:47Z,75,12.93103448275862,General,Description
PYfrbOyr0x0,방광염,"간질성 방광염으로 고통받는 분들! 어떻게 치료해야할 지, 일상에서 주의해야할 점들 어떤 것이 있는지 확인하고 가세요! (간질성 방광염의 치료와 일상생활에서의 주의사항)",비정상토크,4937,76,2024-09-13T08:00:35Z,444,19.00237529691212,General,Description
XGQQISbmsL0,방광염,방광염! 항생제 꼭 써야하나요? - 내과사용설명서,"성누가병원 -정형외과, 치과, 내과, 한방과",4415,52,2022-04-01T06:08:39Z,309,14.018691588785046,Medical Pro,Description
nVPvGJpqNtY,방광염,"방광염 있을 때, 피해야할 것 2) 아랫배 자극되는 운동은 피하라 #shorts",윤희쌤의 자궁리셋,5842,51,2023-11-08T01:15:01Z,48,5.2631578947368425,General,Description
WLnT6-Lnjiw,방광염,"산부인과 의사들이 경고하는 최악의 '방광염, 요실금' 습관 3가지",유튜브 건강주치의,11056,287,2025-06-26T11:49:59Z,30,2.618296529968454,General,Description
hqYwAPKap-I,방광염,성관계가 방광염의 원인??#shorts,한부인과 남은영,4611,31,2023-10-03T22:00:33Z,47,7.905138339920948,General,Description
hpfzWBMUh_A,방광염,#관계 후 #방광염 잘 걸린다면? 바로 시원하게 소변 보는 것이 좋을까요?,와이미즈,5036,27,2025-02-14T14:48:15Z,46,43.47826086956522,General,Description
f9bHcewiFYI,방광염,"고양이 방광염, 이것을 꼭 체크하세요",고양이에 진심 백산동물병원,336487,429,2024-04-15T13:15:03Z,45,22.22222222222222,Medical Pro,Description
qGI9C-SOm3k,방광염,"15.방광염, 치료해야 하는 이유! #여자인한의원#방광염증상#방광염치료법#방광염빨리낫는법#방광염원인",공감진료실 여자인한의원,7622,67,2025-06-26T01:46:06Z,119,63.29113924050633,General,Description
C6VTgdFRJQM,방광염,"재발성 방광염, 최신 치료전략 총정리 / 어비뇨의학과 장훈아, 고대안산병원 박재영",의학채널 비온뒤,3708,103,2025-07-05T23:58:52Z,3264,1.162790697674419,General,Description
qqNWPnIJ-g8,방광염,관계 후 방광염 자꾸만 걸린다면?,으랏차차 여성건강,4495,40,2024-11-22T09:04:26Z,60,27.027027027027028,General,Description
YIM00Cc6t4k,방광염,여성 건강을 위한 '크랜베리'🍒 '붉은 보석'이라고 불리는 방광염에 좋은 영양소 추천!!,카포리아,3445,22,2022-05-10T13:14:03Z,300,4.043126684636119,General,Description
WtLwFXfPfOM,방광염,방광염 자주 걸린다면 꼭 체크해야하는 4가지,건강한편,3501,174,2025-03-16T07:42:00Z,60,21.73913043478261,General,Description
KPOr8YZjAxc,방광염,#shorts 재발성 방광염 예방 및 개선에 도움 되는 성분들,비정상토크,3424,31,2022-09-10T01:00:08Z,53,3.53356890459364,General,Description
u9yfOS4PPDw,방광염,"이름이 생소한 간질성 방광염, 어떤 질환일까요? (간질성 방광염의 증상과 진단)",비정상토크,2560,33,2024-09-06T08:00:40Z,502,7.915567282321899,General,Description
hvOrOJ5edMQ,방광염,"관계  후 질염, 방광염 안 걸리려면?",DR.유미의 성(性)세포들,2586,26,2024-02-15T08:45:02Z,24,8.968609865470851,Medical Pro,Description
GymY3rStYVs,방광염,간질성 방광염은 어떤 증상이 나타날까? #간질성방광염 #방광염 #골드만비뇨의학과,비정상토크,2881,26,2024-11-21T23:00:11Z,60,4.415011037527594,General,Description
Qt7i8-fzuKo,방광염,이 생활습관으로 방광염 유발될 수 있다는 사실 아시나요??,비정상토크,5657,28,2025-07-19T08:00:35Z,50,13.6986301369863,General,Description
NClxW6QDgnM,방광염,방광염을 자주걸린다면 확인,트리니티 TV,1830,10,2024-07-01T09:27:37Z,29,4.694835680751174,Medical Pro,Description
hiV-wGSu1pk,방광염,소변 자주 보는 이유 5가지 #방광건강 #방광염 #신장건강 #당뇨증상 #야간뇨 #전립선비대증 #시니어건강 #노년건강 #건강정보 #60대 #70대 #100세시대 #노후지혜,1분지혜산책,3633,94,2025-09-08T00:49:25Z,51,17.094017094017094,General,Description
ybF8KGmTeaQ,방광염,간질성방광염의 치료가 어려운 진짜 이유 #쇼츠  #일중한의원 #방광염 #간질성방광염,전립선방광TV,1914,17,2024-04-04T09:16:55Z,59,96.7741935483871,Medical Pro,Description
h94M2qESmKw,방광염,"소변거품, 소변냄새, 배뇨통, 요도염증상, 방광염 증상 있을 때 꼭 봐야할 영상!! #shorts #소변거품 #요도염 #방광염",아이엠닥터 임창락,1594,27,2025-03-10T02:57:57Z,56,37.38317757009346,Medical Pro,Description
j-zwwKAZi0E,방광염,"질염, 방광염의 올바른 관리법",지식한끼,1461,9,2022-01-21T03:00:19Z,201,9.803921568627452,General,Description
Si1oOobtbVo,방광염,방광염과 산성 음식,다민한의원- 소변시원TV,1479,29,2024-12-29T00:00:15Z,47,20.565552699228792,Medical Pro,Description
DUqXnP0KqEY,방광염,간질성방광염(방광통증증후군) 적극치료가 삶의 질은 높입니다.,미즈러브여성비뇨의학과MIZLOVE FEMALE UROLOGY,1323,14,2024-12-16T13:42:07Z,340,19.450800915331808,General,Description
3h57OERUknA,방광염,방광염 초음파 진단 방광 bladder cystitis sonography,웰니스연구소,1566,8,2024-09-10T05:12:22Z,21,13.157894736842104,General,Description
-MZLr8gFQ9s,방광염,"1분안에 알아보는 만성방광염, 과민성방광,간질성방광염 차이점 #방광염 #shorts #간질성방광염 #방광염치료법",전립선방광TV,1440,21,2024-08-21T09:56:04Z,57,25.31645569620253,Medical Pro,Description
7F6mOguTSKk,방광염,여성 방광암이 더 위험한 이유｜방광염으로 착각하면 늦게 발견됩니다,고려대학교 안암병원,3690,10,2025-12-03T08:00:20Z,41,24.390243902439025,Medical Pro,Description
WrOj69uGi-o,방광염,방광염에 좋은 음식 5가지,나의 건강은 내가 지킨다,2142,14,2025-05-18T02:00:35Z,23,4.761904761904762,General,Description
BAZ3onnJYAQ,방광염,"간질성 방광염의 또 다른 이름, 방광 통증 증후군 #간질성방광염 #방광염 #골드만비뇨의학과",비정상토크,1375,3,2024-11-19T23:00:09Z,30,4.2105263157894735,General,Description
DFw0OI5aH8w,방광염,임신🤰 중 방광염 증상 완화 및 예방법은? (#임신중방광염 #임신방광염증상완화 #임신중방광염예방),THE 프라임병원,1046,9,2025-04-15T06:00:06Z,271,30.060120240480963,Medical Pro,Description
vY8BUQPC_ig,방광염,"방광염 초기, 약국템 3가지 추천",이지약국갑시다,2232,21,2025-12-15T09:19:26Z,33,28.328611898017,General,Description
jOuksWpPKaI,방광염,지긋지긋한 방광염과 소변 때문에 걱정입니다.,칼슘박사 SEAN LEE TV,984,32,2025-01-17T22:33:39Z,141,2.4330900243309004,Medical Pro,Description
4KKYe4DVR4g,방광염,대한민국 여성 60만 명이 고통받고 있는 '간질성 방광염' l 의사도 감탄한 최신 치료법 공개! #성장인 #의학박사,성장인(강남여성병원),985,23,2025-07-31T09:00:11Z,471,16.164021164021165,Medical Pro,Description
pW2gBnZ_lm4,방광염,방광이 안 좋으면 나타나는 증상 #방광염 #방광암,건강습관,3078,35,2025-07-13T07:54:10Z,57,14.492753623188406,General,Description
s4-R8VEtzFU,방광염,10년 고생한 방광염? 스네피 치료로 깔끔하게 해결했습니다,통사 연구소(낭만닥터 성사부X노스테로닥),897,12,2025-01-29T04:03:00Z,33,21.73913043478261,Medical Pro,Description
lhspDo-TXF4,방광염,방광염 왜 여성들이 더 잘 걸리는 걸까❓방광염 원인과 증상 해결방법💯 #Shorts,뉴리TV Nuri TV,811,32,2022-03-01T14:00:15Z,332,7.050528789659224,Medical Pro,Description
Xq3uQ0EcdJo,방광염,간질성 방광염의 진단은 어떻게 해야할까요? #간질성방광염 #방광염 #골드만비뇨의학과,비정상토크,871,13,2024-11-17T23:00:32Z,59,4.761904761904762,General,Description
ZIwqZD9M6pI,방광염,"방광염은 도대체 왜 이렇게 잘 걸릴까? 내 방광 바로 알고 제대로 치료하는 법 (ft.방광내시경검사, 간질성 방광염, 재발성방광염)",신·소·애 SINSOE women's clinic,827,18,2024-12-18T09:45:01Z,481,10.135135135135137,General,Description
eWrZ08qPH5g,방광염,"방광염, 소변검사 외 00 검사를 통해 정확히 확인하는 게 중요합니다",비정상토크,2205,7,2025-07-21T08:00:41Z,37,22.22222222222222,General,Description
Bs4dsDSL3ds,방광염,"만성 방광염, 이젠 항생제는 NO!  유로박솜으로 재발 컷!",joojoo_world,1926,19,2025-10-25T02:26:32Z,60,23.29749103942652,General,Description
erFCJ163VEY,방광염,방광염 예방하기 #정자역비뇨기과 #정자역비뇨의학과 #파워비뇨의학과 #한준현 #방광예방팁 #혈뇨 #방광염 #방광염예방,파워비뇨의학과,1999,32,2025-04-30T03:04:15Z,74,20.72538860103627,General,Description
0v-k3QxxhlU,방광염,항생제 내성 없는 방광염 치료: 꼭 비뇨의학과로 오세요!(송재만 일산차병원 비뇨의학과 교수),한국전립선-배뇨관리협회,741,17,2024-09-02T01:20:46Z,303,16.39344262295082,General,Description
VCe0pEtnIlY,방광염,방광염에 좋은 혈자리 마사지 BEST3!,이안한방병원,1207,16,2025-09-01T04:44:30Z,92,41.00227790432802,Medical Pro,Description
110OvoPDgb8,방광염,"(📒정리본) 많은 여자들의 고민 #질염️, #방광염!",묘약사,2090,11,2025-09-16T06:22:44Z,20,22.922636103151863,Medical Pro,Description
SESGx9Ng66I,방광염,소변 냄새가 이상해요? 놓치지 말아야 할 건강 신호!    #방광염  #탈수 #비뇨기과,닥터핫이슈채널,2536,3,2025-05-15T01:36:55Z,128,27.3972602739726,Medical Pro,Description
rPrSUO_J5oM,방광염,방광염이 있을때 이렇게 하세요! #시니어체조 #방광염,시니어장생교실,728,15,2024-09-29T04:56:12Z,39,8.695652173913043,General,Description
bX4_Vr5Mves,방광염,방광염 재발? 내가 원인이라구..? 😨,나만의닥터,1822,10,2025-05-26T11:01:08Z,46,37.234042553191486,Medical Pro,Description
l0QPY9IVNZk,방광염,"가장 흔한 방광염 원인 '대장균', 습관부터 바꿔야합니다! #비뇨의학과 #방광염 #대장균 #요도감염 #여성방광염",비정상토크,1744,4,2025-08-10T08:00:54Z,48,6.451612903225806,General,Description
IZM-4EvVFDM,방광염,방광염으로 병원가면 하는 검사 _ 멘파워비뇨기과 #shorts #방광염 #검사,멘파워비뇨기과,2548,0,2025-05-29T22:15:00Z,52,10.714285714285714,General,Description
XlY0TULnx_A,방광염,"소변 자주 마렵고 따가우면, 🚨 방광염 신호일 수 있어요!",나리여성병원,2217,2,2025-08-18T06:27:17Z,34,23.36448598130841,Medical Pro,Description
oKZ1xzZZn0E,방광염,[예고] 여성방광염치료 - 방광염은 홀로오지않는다 #한방닥터이글스,한방닥터이글스,2516,13,2025-09-04T08:28:27Z,7,5.672358591248665,Medical Pro,Description
1rOZKpOBVoE,방광염,만성 방광염으로 인해 일상생활이 어려우신가요?,"요도질환 면역케어 전문 브랜드, 템페라스",913,7,2024-07-23T06:58:55Z,21,25.0,General,Description
Oi1Unx-SE1M,방광염,노년성 방광염과 요실금이 생기는 원인인 양기 부족 한방 치료 사례,최서우 박사의 여성건강 백서,619,12,2024-02-07T02:00:07Z,323,8.24742268041237,General,Description
SlCbas3X_BA,방광염,성관계 후 방광염? 예방법 #방광염 #밀월성방광염 #여성건강,이윤정 산부인과,1834,8,2025-12-03T12:08:01Z,52,15.384615384615383,General,Description
y_VdHIsczHI,방광염,방광염 요실금과 관계 없습니다 속지마세요 #shorts #방광염 #요실금 #shorts,포웰 비뇨의학과 소성민 박사,742,8,2023-07-13T11:33:36Z,60,48.38709677419355,General,Description
v-e60aV-QjU,방광염,그냥 두면 신장 큰일 나요!/초기 방광염 하루 만에 잡아요! #방광염 #신장 #혈뇨 #방광염 치료법 #신우신염 #Shorts,채널 JJIN,1604,2,2025-11-14T01:52:34Z,26,5.305039787798409,General,Description
WxNJLpcI4Es,방광염,"“남성 전립샘 비대증 vs 여성 방광염 혈뇨, 평생 약? 줄기세포 1회?"" 당신의 선택은? 잦은 소변, 잔뇨감, 야뇨증,수면장애 없애는법. 요실금, 다뇨, 빈뇨, 야간뇨에 필수",루이빈치과 류지헌,2575,32,2026-01-11T21:30:09Z,94,8.960573476702509,General,Description
4NOIo7_Qpkc,방광염,"방광염, '이 신호' 4가지 무시하면 만성됩니다! 🚨 (갱년기, 감기, 스트레스, 불면)",경희열린한의원,1638,16,2026-01-03T09:45:31Z,93,13.93188854489164,General,Description
p0L9dEnTdnM,방광염,#방광염 이 음식 꼭 드세요!,건강정보,576,2,2024-12-17T04:53:08Z,46,14.814814814814817,General,Description
V_IcMALLduM,방광염,소변 참지 마세요! 방광염 재발을 막는 일상 속 작은 습관들,건강생각TV,1802,8,2026-01-02T02:03:36Z,60,19.169329073482427,Medical Pro,Description
PS-FxB-A7p4,방광염,"#shorts 방광염에 좋은 음식 3가지 #방광염,#요로감염#건강 365일",건강365일k89,1252,22,2025-12-22T07:45:04Z,142,10.471204188481677,General,Description
fhTwRNzZkAI,방광염,[광고] 방광을 지키기위한 3가지노력 #shorts #시니어건강 #방광염 #방광염예방,라골라골,1449,11,2025-10-25T09:11:05Z,47,11.976047904191615,General,Description
RLBrlHikguw,방광염,한달간 항생제를 복용해도 방광염이 낫질 않아요... #shorts,네오유김원장,779,8,2022-01-28T04:06:58Z,34,36.25954198473283,General,Description
GDU5J6dPI6M,방광염,"방광염, 이렇게 예방하세요! | 파워비뇨의학과 한준현 원장",파워비뇨의학과,1854,21,2025-11-13T01:19:40Z,34,8.264462809917354,General,Description
4w_lmSMQygU,방광염,병원에선 이상 없다는데... 제 방광은 왜 이럴까요? #만성방광염 #간질성방광염 #방광통증증후군 #배뇨통,경희열린한의원,1842,15,2025-12-31T08:12:41Z,76,31.51862464183381,General,Description
GFO5WU6B4wg,방광염,"만성방광염, 하루 3리터 수분 섭취? 그러다가 방광 망가져요.",경희열린한의원,1744,9,2026-01-03T01:47:59Z,61,3.8240917782026767,General,Description
LLad3z_hzmI,방광염,"“절임반찬, 방광염·암 위험 높입니다! 식단 점검하세요”",찐건강생활,1404,4,2025-07-21T00:00:32Z,56,6.0,General,Description
o0KjK8NVuro,방광염,"잦은 소변, 남자 빈뇨, 여자 빈뇨의 원인이 다르다? 전립선? 방광염? #잦은소변 #빈뇨 #잔뇨감 #야간뇨 #전립선 #방광염",안상원 박사,1352,12,2025-09-26T12:31:09Z,177,22.471910112359552,General,Description
SOssMKVVGKY,방광염,방광염 안 걸리려면 '이 음료'는 먹지마세요 #shorts,산부인과 최쌤,1330,5,2025-08-19T08:00:24Z,52,6.666666666666667,General,Description
uuqIxqTFpNo,방광염,"지긋지긋한 방광염, 재발 막는 방법 공개! #방광염빨리낫는법 #방광염 #방광염증상 #방광염에좋은음식 #방광염치료법 #방광염원인 #방광염혈뇨 #방광염치료방법 #방광염영양제",ENF메딕스,577,16,2025-08-22T07:05:47Z,489,9.47867298578199,General,Description
wp_XYsjrSZo,방광염,크랜베리!단순히 몸에 좋은 과일이 아닙니다.#크랜베리 #야간뇨 #방광 #방광염  #방광건강 #요로감염  #시니어 #시니어건강 #노년건강 #노년건강관리 #남성건강 #여성건강 #건강,시니어건강나침반6090,1387,11,2025-12-11T10:54:40Z,109,2.178649237472767,General,Description
3TYw_Lbf4CM,방광염,"성관계 후 방광염, 성병일까…? 😥",나만의닥터,1697,8,2025-04-25T12:00:15Z,56,23.25581395348837,Medical Pro,Description
MibnoDrmCr0,방광염,간질성 방광염 안 낫는 이유? 불면증을 해결해야 합니다. #간질성방광염 #방광염 #방광염한의원 #만성방광염,경희열린한의원,555,14,2024-11-04T08:41:11Z,52,17.621145374449338,General,Description
3-0zRMJscY4,방광염,"간질성방광염, '이것' 모르면 1년 넘게 고생합니다. #간질성방광염 #만성방광염",경희열린한의원,2494,15,2025-12-24T09:12:43Z,117,19.23076923076923,General,Description
KV0FesxC9Sk,허리디스크,허리에 좋은 뒷꿈치 들기 운동 (“따라하기” 포함),정선근 TV,5789257,107091,2023-07-17T01:00:13Z,768,2.7777777777777777,Medical Pro,Description
cSwm7ziLQu4,허리디스크,'척추의 신' 정선근 교수가 알려주는 목디스크 치료 운동│어디서든 쉽게 따라 해보세요! 수술 없이 자세만 고쳤을 뿐인데 해결되는 기적 같은 방법│명의│EBS 건강,EBS 건강,5551933,82198,2023-08-18T06:07:44Z,1271,27.24795640326976,General,Description
q4_j2x_5-ns,허리디스크,🏆440만🏆허리가 아프다면? 하지 말아야 할 3가지 #허리디스크,더건강,4507049,56986,2024-04-29T07:30:59Z,59,12.987012987012989,General,Description
Nj8eRj47qeM,허리디스크,"226. 허리통증 없애고, 척추기립근 살리는 실내 걷기 운동 ㅣft 부부한의사",부부한의사,4140437,71057,2023-05-26T10:17:00Z,59,20.304568527918786,Medical Pro,Description
3Sh03Tcz-y8,허리디스크,"요통, 이럴 땐 병원 바로 가야합니다 | 서울대병원 정선근 교수",서울대병원tv,3536460,57174,2022-02-17T08:00:55Z,2086,23.88535031847134,Medical Pro,Description
QhRcs9d2Y9E,허리디스크,과학적으로 검증된 허리 스트레칭! 8분이면 그냥 끝! 허리 아프신 분들 필독!,건강의학전문채널 하이닥,2821828,30536,2021-05-31T08:00:13Z,539,4.645760743321719,General,Description
mSsrdc9H6TA,허리디스크,허리에 좋은 줄 알았더니 오히려 독이 된 운동│허리 건강을 위한 일상 속 관리법│명의│EBS 건강,EBS 건강,2796043,38858,2023-08-10T02:00:20Z,501,28.01120448179272,General,Description
PYNfFV4CHig,허리디스크,🏆340만🏆 허리 아픈 사람이 꼭 지켜야 할 3가지 #허리디스크,더건강,3428378,58279,2024-04-29T08:41:27Z,60,31.25,General,Description
jqCi349wglE,허리디스크,허리에 하지 말 것과 해야 할 것 #1분건강,서울대병원tv,2787733,42484,2024-04-18T07:30:12Z,48,29.85074626865672,Medical Pro,Description
Cr6PeWFElpU,허리디스크,🏆250만🏆 허리 아플 땐 어디서 자야할까? 방바닥 VS 침대 #허리디스크 #정선근,더건강,2571951,36674,2024-04-23T02:25:38Z,58,11.904761904761903,General,Description
kJFTn0ixr04,허리디스크,누워서 따라하는 신전 자세 #shorts,EBS 건강,2556435,56399,2023-10-25T12:00:48Z,60,28.30188679245283,General,Description
0I8PmUw6EV0,허리디스크,240. 허리디스크 통증 없애는 최고의 허리 운동ㅣft 부부한의사,부부한의사,2538947,48287,2023-06-18T10:17:00Z,59,26.200873362445414,Medical Pro,Description
5OlriqZw688,허리디스크,"허리 아플때, 퇴행성허리디스크, 척추관협착증에 좋은 운동 3가지",모커리 근육신경재활TV,1954141,24714,2021-04-20T04:00:01Z,522,21.875,Medical Pro,Description
QFLaAXPUJ6U,허리디스크,허리 디스크를 망가뜨리는 운동 2가지 #1분건강,서울대병원tv,2527825,23766,2024-04-16T22:45:01Z,24,32.967032967032964,Medical Pro,Description
eoQT-9tMQfM,허리디스크,디스크가 찢어졌을 때 증상 #1분건강,서울대병원tv,2169842,29241,2024-04-07T22:45:01Z,52,31.25,Medical Pro,Description
e_INCe-u4t4,허리디스크,허리디스크 수술은 어떻게 할까?,고대병원,2002070,20958,2024-02-05T01:57:45Z,32,34.48275862068966,Medical Pro,Description
IA_2qsFGcGo,허리디스크,누워서 매일 3분만 꼭 하세요! 1가지 운동만으로 허리통증 사라지고 병원비 아낄 수 있습니다! | 허리통증 환자가 꼭 해야하는 운동법 (이정표 원장 1부),건강구조대,1613017,29827,2024-09-14T01:00:10Z,877,5.037593984962406,General,Description
69N0NEKDQYU,허리디스크,허리를 좋게 하는 운동은? #1분건강,서울대병원tv,2094693,31975,2024-05-06T22:45:00Z,42,21.97802197802197,Medical Pro,Description
TAYYkEz5kAs,허리디스크,허리디스크 치료 진짜 핵심! #shorts,서울대병원tv,1870672,26591,2022-09-08T08:00:18Z,47,31.57894736842105,Medical Pro,Description
ZGaVCGDn0xM,허리디스크,"허리디스크, 좌골신경통? 이상근증후군!",물리치료사.PT재석,1587704,44341,2019-10-04T21:30:01Z,740,14.805675508945097,General,Description
J1bJRjHcQHg,허리디스크,허리 아픈 사람을 위한 헬스장 운동 추천 #1분건강,서울대병원tv,1953581,33303,2024-05-09T22:45:00Z,60,19.607843137254903,Medical Pro,Description
RH6vIfN7mDs,허리디스크,🏆170만🏆 ‘걷는 자세’만 바꿔도 허리가 좋아집니다 #허리디스크,더건강,1778405,37685,2024-05-06T01:00:19Z,54,9.345794392523365,General,Description
CSYfpSiu7nk,허리디스크,허리 아픈 사람들을 위한 김종국의 스쿼트 자세 코칭,1분건강톡,1604685,21610,2024-12-04T09:00:12Z,44,12.987012987012989,General,Description
ZV2fzJ0qubs,허리디스크,"허리통증스트레칭, 허리디스크 환자도 할 수 있는 쉽고 간단한 4가지 운동법",연세사랑병원,1321646,17879,2020-11-27T02:00:04Z,509,36.199095022624434,Medical Pro,Description
Rd1z6SOd0RA,허리디스크,허리 박살나는 최악의 수면 자세,문쌤재활,1560396,9021,2024-06-23T05:15:01Z,10,12.113055181695827,General,Description
XN8fCuK_nU4,허리디스크,아무도 알려주지 않던 허리디스크 치료법 (Rehab Exercise),라이프에이드,1220815,22933,2019-12-27T02:00:02Z,422,8.23045267489712,General,Description
P4XDlaPfhZs,허리디스크,3분만에 허리통증 완화시키는 방법! (feat. 폼롤러),"재활운동 물리치료사, 박PT",1416714,32025,2023-06-13T08:40:00Z,51,71.42857142857143,General,Description
yRLew4v9Z2Y,허리디스크,하루 5분 매달리면 몸에 생기는 놀라운 변화!,PT_에이더 (19년차 물리치료사),3459369,15208,2025-06-06T23:29:46Z,10,9.541984732824428,General,Description
E1kcBKn2h2o,허리디스크,🏆150만🏆허리가 아프다면 신전운동 해보세요 #신전운동,더건강,1548843,28211,2024-06-24T00:33:50Z,49,15.625,General,Description
rGCDfeAmNgI,허리디스크,허리나 엉덩이 통증이 있다면 이 스트레칭은 필수 입니다,아이덴피티 용선생,2303882,18177,2025-04-13T04:57:08Z,34,34.78260869565217,General,Description
QaFqDl7ZNNU,허리디스크,허리 통증으로 출연한 환자들 모두 수술 없이 의사의 말대로 했더니 통증이 확연히 줄어들어 모두 삶의 질 향상되었다 말해...│귀하신 몸│#EBS건강,EBS 건강,992391,11753,2024-11-19T11:00:34Z,2711,21.18893466745144,General,Description
UI6RR72x2NI,허리디스크,‘척추의 신’ 정선근 교수가 알려주는 2024 ‘목 디스크’ 핵심 꿀팁 공개│수술이나 치료 없이도 좋아지는 목디스크의 기적│명의│EBS 건강,EBS 건강,922104,22177,2024-09-27T10:00:29Z,1059,3.5169988276670576,General,Description
-QEmzFMG1A4,허리디스크,허리 협착증에 좋은운동  🚨 협착증에 꼭 해야하는 습관으로 허리 통증 99% 좋아졌어요.,건강되찾기 프로젝트 | EMS 근력PT,870760,19268,2025-03-14T14:26:58Z,686,9.523809523809524,General,Description
jJJiR7nNeqQ,허리디스크,[허리스트레칭] 허리 통증 완화에 좋은 스트레칭 모음👌🏻｜ 💥허리 아프신분들 주목💥 하루 8분이면 끝!,대찬병원,864572,12863,2022-08-31T05:41:18Z,541,20.338983050847457,Medical Pro,Description
ZBL9vMSF_eA,허리디스크,"알고하면 복근운동 1위, 모르고하면 허리디스크 (feat.AB슬라이드)",바벨라토르 홈트레이닝 BARBELLATOR,924333,20399,2023-09-24T05:00:14Z,33,1.0834236186348862,General,Description
ivq7ac5fXs0,허리디스크,갑자기 사라진 허리디스크? 비밀은... #1분건강,서울대병원tv,1035787,16665,2024-04-13T23:30:09Z,38,48.19277108433735,Medical Pro,Description
VtdrVjv6Xmo,허리디스크,자세 교정으로 좋아지는 허리통증 | 디스크 손상시키는 원인 3가지 | 정선근 교수의 수술없이 허리통증 치료하는 법 | 명의,EBS 컬렉션 - 사이언스,758303,11903,2025-04-13T11:00:52Z,1187,46.3768115942029,General,Description
FUis9KxP5HQ,허리디스크,허리디스크에 좋은 운동 #shorts,서울대병원tv,752620,12033,2022-11-21T02:00:03Z,47,28.169014084507044,Medical Pro,Description
EaC9yC3NkRk,허리디스크,허리 좋아지려면 3하고 3마라! 정선근 교수가 알려주는 허리 운동법칙 | 자이홍의 건강극장 107화,서울대병원tv,3455048,53766,2022-09-18T00:00:03Z,1133,10.676156583629894,Medical Pro,Description
aENGpIKtxG8,허리디스크,"[닥터홍선생]#20.허리디스크, 10분만에 평생 좋아지도록 해드립니다.",닥터홍선생 (OS Dr.Hong),2576662,46784,2021-07-09T23:38:38Z,758,14.285714285714286,Medical Pro,Description
EYOYpy7SOiI,허리디스크,디스크 있다면 '절대 금지' 자세 ㅣ허리디스크ㅣ디스크원인ㅣ서울대병원 재활의학과 정선근 교수 1부,더건강,726490,11153,2024-04-23T02:33:08Z,832,14.814814814814817,General,Description
qBuWRDe95Yk,허리디스크,605. 허리디스크 터지게 하는 3가지 나쁜동작 ft 부부한의사,부부한의사,971411,12284,2024-10-20T10:00:52Z,32,23.890784982935152,Medical Pro,Description
hbCWp1zFC7o,허리디스크,바른자세로 앉는법 너무 쉬움 #릴스100만뷰 #정형외과의사 #바른자세,닥터힐러 최준하,850313,18089,2023-06-05T08:12:19Z,54,30.927835051546392,Medical Pro,Description
Om-spKxd9Bw,허리디스크,"""병원에서 해드릴 건 없어요"" 국내 최고 허리 명의 정선근 교수의 수술없이 낫는 허리 목 통증, 자세만 바꿨을 뿐인데 디스크를 수술 없이 낫는다 | 명의 | #EBS건강",EBS 건강,632062,12689,2024-10-13T10:00:23Z,2357,23.20185614849188,General,Description
wxD_vUm_VLY,허리디스크,좋은 자세로 걸으면 생기는 엄청난 효과 #허리디스크,더건강,816172,19012,2024-06-24T00:37:42Z,60,45.45454545454545,General,Description
1BmcSqmmWrY,허리디스크,허리디스크 개선에 아무짝에 쓸모 없는 운동입니다. 디스크 병력 있으면 제발 하지마세요 #골반전방경사 #골반교정운동,Sports_medicine,1607408,13800,2025-09-10T08:46:43Z,22,9.70873786407767,General,Description
M4nQmvgsXEo,허리디스크,"""스스로 신경 쓰면 분명 낫습니다""｜허리 통증이 있다면 꼭 알아야 할 자세｜척추의 신 정선근 교수가 알려주는 수술 없이 허리 낫는 법｜명의｜#EBS건강",EBS 건강,597334,12586,2025-10-20T12:50:36Z,2223,33.00970873786408,General,Description
eehIfabQbE8,허리디스크,허리디스크 vs 단순 통증 구별법 / YTN 라이프,밀덕스,565280,2402,2019-01-08T09:02:36Z,124,3.8235294117647065,General,Description
GuYHAl_PTN4,허리디스크,허리 건강을 위한 올바른 수면 자세 #허리디스크,더건강,928657,8989,2024-06-17T07:07:09Z,15,17.54385964912281,General,Description
IzRcGu16qks,허리디스크,"[허리 특집] 허리디스크, 척추협착증 등 허리가 아프다면 이 운동을 10분만 따라 하세요!",모스틱 자세연구소,540796,10973,2022-12-03T22:00:09Z,754,6.849315068493151,General,Description
FsTfUvWuEFM,허리디스크,디스크 탈출의 전조증상 #백년허리 #요통 #정선근,정선근 TV,701759,11359,2024-03-23T08:00:09Z,58,12.987012987012989,Medical Pro,Description
HklHH9kHcxU,허리디스크,이렇게 아플 때 디스크 터집니다 (디스크 탈출의 두가지 전조증상),정선근 TV,525654,11596,2023-11-04T03:00:14Z,583,33.5195530726257,Medical Pro,Description
U-Q-wTeHqks,허리디스크,"최고의 허리 통증 운동, '월 힙힌지' (디스크, 협착증 필수 시청 / 중년, 시니어 강추 운동)",뼈아빠 닥터욱,1000372,15715,2025-06-23T20:30:04Z,41,24.489795918367346,Medical Pro,Description
6mNDkq3DVQQ,허리디스크,이런 허리디스크(추간판 탈출증) 증상 아니면 집에서 치료하세요 [숫자로 보는 건강],분당서울대학교병원,488786,4201,2022-10-05T07:00:01Z,425,44.50261780104712,Medical Pro,Description
43Vp7VaJl4Q,허리디스크,"허리 디스크 협착증, 요즘에는 이렇게 치료합니다. @제애정형외과 (#허리디스크 #허리디스크수술 #허리디스크운동 #디스크복원술)",제애정형외과 (구 금메달정형외과),485002,0,2024-04-06T16:18:04Z,532,22.471910112359552,General,Description
_I62p5jsu2U,허리디스크,매일 1분 30초 허리통증 씻은 듯 없어 집니다.,알쓸물치,841472,10551,2025-03-03T06:12:53Z,39,19.23076923076923,General,Description
lTDBpzOK40A,허리디스크,장시간 자주 앉아 있다면? 필수 허리 건강 운동 #허리디스크,더건강,688753,18419,2024-06-03T05:58:19Z,53,13.88888888888889,General,Description
b1PkQhPtpGQ,허리디스크,"[짧고 간단한]허리통증, 협착증, 허리디스크에 효과적인 폼롤러 셀프마사지법_[부산큰병원 물리치료]",부산큰TV,444218,5209,2020-08-04T08:17:44Z,157,24.390243902439025,Medical Pro,Description
krtpxfLECnI,허리디스크,허리 협착증에 좋은운동  🚨 협착증에 꼭 해야하는 습관으로 허리 통증 99% 좋아졌어요.,건강되찾기 프로젝트 | EMS 근력PT,816088,8517,2025-03-17T01:45:02Z,50,17.24137931034483,General,Description
J4FD_ysXFYc,허리디스크,"허리디스크, 척추관협착증에 좋은 거꾸리운동, 제대로 하는법!",모커리 근육신경재활TV,416609,5735,2019-11-08T08:34:36Z,609,10.050251256281408,Medical Pro,Description
N8_RKX5FATQ,허리디스크,구독자 분들이 효과 보장하는 허리디스크 재활운동 (댓글에 후기 많아요!),물리치료사.PT재석,395818,9566,2019-09-07T12:04:09Z,984,4.436958614051973,General,Description
kd0o_p0-oNw,허리디스크,허리디스크 있으신 분들은 이 자세로 주무세요 #shorts,미래본 TV,616126,2540,2023-05-26T06:59:08Z,35,64.51612903225806,Medical Pro,Description
ggv3BStrL6A,허리디스크,'허리디스크 vs 척추관협착증' 서로 다른 질환이 아니다? #허리디스크,더건강,456905,8761,2024-06-10T05:38:48Z,53,37.03703703703704,General,Description
v7UY7ebQV7Y,허리디스크,"딱 10분! 허리통증, 허리디스크가 있다면 이 운동 제발 하셔야 합니다! 협착증, 허리디스크,측만증,코어운동",자세요정 JSYJ,304347,7968,2022-04-13T10:15:58Z,762,6.191950464396285,General,Description
CpztB7D54ag,허리디스크,"수술없이 협착증 완치하는 3가지 운동 방법을 정형외과 전문의가 알려드립니다 (병원 망하는 협착증운동, 척추협착증, 허리협착증, 허리재활, 허리디스크)",마디탄탄 의사 이자운,313011,9802,2025-12-23T09:00:30Z,969,17.073170731707318,Medical Pro,Description
KJWaq4Euef8,허리디스크,나도 허리디스크일까? 지금 확인해보세요!,나누리병원TV,499362,2717,2023-03-31T09:00:21Z,27,47.61904761904762,Medical Pro,Description
33C8ujK5drw,허리디스크,앉아서 따라하는 허리통증 완화 스트레칭,건강특공대,382796,7940,2022-06-30T08:00:02Z,43,100.0,General,Description
50keU904EKs,허리디스크,허리에 나쁜 차 | SUV? 세단? 스포츠카? #정선근 #허리디스크,더건강,318755,2507,2024-04-23T02:23:25Z,41,22.727272727272727,General,Description
_2-hvehj7Qs,허리디스크,딱 4가지 운동으로 허리디스크에 의한 다리저림 확!! 줄여 드립니다. | 허리디스크에 의한 방사통 100% 줄이는 방법,다고침TV,278356,6054,2022-11-09T14:02:00Z,492,10.0,Medical Pro,Description
bqre4UbYFVo,허리디스크,"629. 허리디스크&협착증을 날려버리는 아침 운동 루틴(실전편), 바로 따라하세요.| 한의학박사, 침구과전문의, 산청김, 김경태원장 ㅣft 부부한의사",부부한의사,276000,5315,2025-02-06T11:01:01Z,735,12.779552715654953,Medical Pro,Description
RCDBE2kGQo8,허리디스크,"협착증 있다면 “하루 8분” 이 운동만이라도 하세요! ""스스로 신경 쓰면 분명 낫습니다"" | 허리 되찾기 프로젝트",건강되찾기 프로젝트 | EMS 근력PT,254963,11865,2025-12-08T10:00:45Z,738,10.670731707317072,General,Description
lEs6nx0n140,허리디스크,의자만 바뀌어도 허리 통증 줄일 수 있다?! #허리디스크,더건강,308172,3638,2024-04-29T07:32:22Z,50,35.2112676056338,General,Description
qby6dZPiOnE,허리디스크,허리방사통으로 인한 다리 저림 간단 없애기,문쌤재활,450234,5248,2024-12-29T05:15:04Z,28,10.606060606060606,General,Description
g2NEUbP4tTQ,허리디스크,"허리디스크, 시간 지나면 자연 치유된다? / SBS",SBS 뉴스,238063,1064,2017-08-19T12:52:51Z,130,3.0428954423592494,General,Description
BT5NBeom30g,허리디스크,"허리디스크 재활운동 중 최고의 운동, 걷기운동 제대로 하는 법!",모커리 근육신경재활TV,231180,3596,2020-04-23T01:53:37Z,442,14.018691588785046,Medical Pro,Description
NXpn7ao1rCI,허리디스크,하루 최소 '이 정도'는 걸어야 허리 건강에 좋습니다 #허리디스크,더건강,241997,5426,2024-05-06T01:00:09Z,38,11.363636363636363,General,Description
zsjtqwcYswY,허리디스크,평소에 TV 자주 본다면 주의해야 할 자세 #허리디스크,더건강,260787,4561,2024-06-17T07:13:04Z,31,27.027027027027028,General,Description
QEafYFtKFSw,허리디스크,허리엔 코어 근육이 중요하다?! #1분건강,서울대병원tv,289479,4644,2024-05-05T22:45:00Z,53,25.64102564102564,Medical Pro,Description
IAtTdqCmGFE,허리디스크,"245. 허리통증, 허리디스크를 악화시키는 최악의 동작ㅣft 부부한의사",부부한의사,201725,5090,2023-06-25T10:17:00Z,43,22.93577981651376,Medical Pro,Description
XmPpkxMUeoM,허리디스크,자고 일어나면 아침에 통증이 극심한 허리디스크 환자가 매일 꼭 해야 하는 4가지 운동,모커리 근육신경재활TV,196066,3431,2022-11-28T05:57:31Z,321,11.363636363636363,Medical Pro,Description
QjzaojF3PPs,허리디스크,허리 통증 완화! 누워서 하는 디스크 환자도 쉽게 따라 할수 있는 맞춤 운동 #허리디스크운동 #허리디스크,Rich Healing Fit (리치 힐링핏),533186,3635,2025-09-21T01:05:10Z,16,9.54653937947494,General,Description
B2uX311UTvE,허리디스크,하루 5분! 허리 근육 강화에 좋은 운동법 2가지,"통증의정석 [허리, 목]",415662,4196,2025-04-12T02:00:14Z,43,69.76744186046511,General,Description
bX9UUgKN7mo,허리디스크,치료의 방향성부터 달라진다! 허리통증 디스크인지 협착증인지 구분해야하는 이유!,바른건강,166666,2093,2023-03-31T08:04:00Z,1486,44.28044280442804,General,Description
4aiUr_71e4c,허리디스크,이렇게 앉으면 허리 디스크 걸려요! 👉자세한 내용은 여기 탭,PT_에이더 (19년차 물리치료사),397442,1675,2024-12-04T01:05:06Z,10,3.3140016570008286,General,Description
ShOLQm23EJE,허리디스크,자주 허리가 뻐근하거나 골반 위부터 엉덩이까지 아프다면 이 근육을 스트레칭하세요,아이덴피티 용선생,260505,4183,2024-08-08T22:32:46Z,34,18.404907975460123,General,Description
AJFyqAFUm7w,허리디스크,허리디스크 파열이 호전되고 있다는 4가지 신호,모커리 근육신경재활TV,141604,1488,2023-03-10T06:49:50Z,383,9.569377990430622,Medical Pro,Description
a0YOXupY8jc,허리디스크,병원 콜센터 문의가 가장 많은 질환: 척추협착증 vs 허리디스크의 차이,삼성본병원,183831,106,2025-05-26T06:00:19Z,505,31.862745098039216,Medical Pro,Description
uzEzQxOYjg4,허리디스크,10초 만에 허리디스크 확인하는 방법!!,나누리병원TV,150978,1169,2023-02-23T09:00:37Z,37,51.72413793103448,Medical Pro,Description
gWrt5W9ybcM,허리디스크,"허리디스크파열 환자가 꼭 알아야 하고, 매우 주의해야 하는 힘빠짐과 마비증상",바른세상병원,138680,1890,2021-09-02T02:30:14Z,508,29.940119760479043,Medical Pro,Description
yYqSc_ylpeM,허리디스크,[EBS 명의] 통증과의 전쟁 - 척추와 디스크 질환,EBS,138628,1561,2020-04-13T07:43:21Z,855,8.474576271186441,General,Description
Iu_jsBdXOCY,허리디스크,허리디스크가 회복되는 시간은? [털털한 털보의사],털보의사 김진균의 의학정보 & 건강상식,135565,2224,2021-05-28T08:27:05Z,277,27.58620689655172,Medical Pro,Description
w_w-RDGUlhY,허리디스크,"[환자진단] 허리디스크 마비증상 확인방법, 내가 알려줄게! #shorts",닥터발룬TV,136025,2104,2022-07-23T03:04:24Z,61,56.60377358490566,Medical Pro,Description
wU7ZkcsXMsw,허리디스크,"허리디스크, 수술이 필요한 순간은? #1분건강",서울대병원tv,206996,1752,2024-04-03T08:44:43Z,42,70.70707070707071,Medical Pro,Description
TYY1bGxl7v8,허리디스크,바르게 앉는 법 이렇게만 앉아주세요!,1분도수 | 목 전문 도수치료사,230021,3119,2025-05-07T03:00:29Z,31,12.048192771084338,General,Description
1g1iauqB7jU,허리디스크,디스크 환자에게 중요한 요소 ‘매트리스’ #목디스크,더건강,179042,1406,2024-05-20T05:44:10Z,16,30.303030303030305,General,Description
rSKBg7cVOtU,허리디스크,허리 아프면 무조건 디스크? 아닙니다,고대병원,114977,2269,2024-08-29T12:30:44Z,54,22.727272727272727,Medical Pro,Description
tSQQjxzb9G8,허리디스크,허리디스크 자연치유 실전편 2편 - 허리디스크 자연치유 회복기간 및 회복패턴 알기편,모커리 근육신경재활TV,94229,1555,2020-11-24T06:20:05Z,469,12.539184952978056,Medical Pro,Description
OuPuuRNNcww,허리디스크,감각신경이 기능을 잃어간다는 신호!  #shorts l허리디스크 수술할 필요 없습니다!,캐내네 메디컬,125350,700,2023-01-18T10:00:20Z,33,39.77272727272727,General,Description
cAoQwMuZlC0,허리디스크,허리디스크보유자의 계단운동,삶은언니,115303,1388,2024-09-24T23:30:29Z,25,2.192982456140351,General,Description
MO0W_c3nJIM,허리디스크,(ENG SUB) 허리디스크 척추관협착증인데 요통때문에 거꾸리 운동을 하신다구요? 🤸이런분들은 거꾸리 운동 XX분 이상 하시면 안됩니다🤸 우리들병원TV 이상호 박사,우리들병원TV,83427,807,2020-05-12T09:12:45Z,166,8.158508158508159,Medical Pro,Description
Jetkp9PvPvQ,허리디스크,"허리(디스크)를 낫기 위한 핵심 비법, 정선근 가라사대! | 자이홍의 건강극장 116화",서울대병원tv,82695,1448,2022-11-15T09:00:09Z,341,7.462686567164179,Medical Pro,Description
GWJH_3Lauqg,허리디스크,"허리디스크 파열, 허리디스크 터짐 왜 흡수되나요? 어떻게, 왜 흡수되는지 설명해드리겠습니다.",모커리 근육신경재활TV,80861,1164,2020-04-20T08:06:36Z,445,8.849557522123893,Medical Pro,Description
x1BgJdtdYfk,허리디스크,"최고의 허리 재활운동 월 힙힌지, 잘못하는 법",뼈아빠 닥터욱,200579,1232,2025-07-08T20:45:06Z,12,15.267175572519085,Medical Pro,Description
X8bilmGaqqE,허리디스크,의사들이 70세까지 허리 지키는 비법 7가지｜디스크 없이 사는 법,황금기 지혜,316902,833,2025-10-16T08:15:02Z,6,14.822695035460992,General,Description
u7E2Bu0bKGw,허리디스크,【Q&A】 허리디스크 마비가 아니더라도 다리에 힘 빠짐이 발생하나요? 다리 힘빠지는 분들 필수시청! 구독자Q&Aㅣ닥발TV,닥터발룬TV,80065,726,2022-10-19T08:54:00Z,239,1.764705882352942,Medical Pro,Description
Miwu4yKke7E,허리디스크,"허리디스크 환자라면 ‘이 운동’은 절대 피하세요 vs 꼭 해야 할 운동 공개 | 허리디스크, 협착증, 허리운동","통증의정석 [허리, 목]",79037,1409,2025-08-07T10:00:43Z,1394,22.76707530647986,General,Description
y0C14H3ka3Y,허리디스크,"“디스크 아닙니다” 엉덩이 통증, 다리 저림 없애주는 초간단 치료법을 정형외과 전문의가 알려드립니다.",마디탄탄 의사 이자운,79180,2435,2026-01-07T08:01:21Z,1311,28.98550724637681,Medical Pro,Description
jD6kigZGFJ8,허리디스크,허리디스크 환자에게 강력 추천하는 허리 강화 운동!,이동엽 원장의 자세혁명,78349,976,2022-05-03T08:30:14Z,568,5.670731707317072,General,Description
uuSNEH5Cyf4,허리디스크,[환자진단] 집에서 쉽게 따라하는 허리디스크 자가진단테스트! #shorts,닥터발룬TV,83870,1210,2022-08-23T09:16:12Z,60,73.17073170731707,Medical Pro,Description
sDgMV0RHyY0,허리디스크,허리디스크 파열 환자는 다리 힘 빠짐과 마비 증상을 꼭 체크해야 합니다,모커리 근육신경재활TV,77175,767,2020-09-08T01:16:16Z,351,18.248175182481752,Medical Pro,Description
8L2__cxzRWw,허리디스크,"허리디스크, 협착증 아침운동 | 하루 5분만 따라하면 통증이 기적처럼 사라집니다",척추전문 으라차차 정형외과,77401,1012,2025-09-19T10:00:16Z,290,26.200873362445414,General,Description
FF0X1m2h7XQ,허리디스크,허리디스크 환자가 절대로 하지 말아야 할 앉는 자세 6가지,모커리 근육신경재활TV,75001,910,2022-12-15T08:12:34Z,599,16.216216216216218,Medical Pro,Description
gur68BHNHxc,허리디스크,허리 건강 관리법 ‘척추 위생’ #허리디스크,더건강,78098,2431,2024-06-03T05:56:10Z,49,47.61904761904762,General,Description
8h_jvj-IBQw,허리디스크,허리 협착증 환자가 꼭 해야할 운동 4가지 핵심 루틴 (스트레칭+코어 강화),이정표의 레그웰,168331,1429,2025-09-04T10:00:12Z,25,14.285714285714286,General,Description
sGZOR9ET_MU,허리디스크,걸을수록 허리 통증이 심해진다면?! #허리디스크,더건강,70023,1768,2024-06-17T07:06:18Z,40,29.85074626865672,General,Description
Y1VjWiDj714,허리디스크,'허리 디스크 협착'이 허리통증의 원인이라고 맹신하면 안되는 이유 #좌골신경통,닥터 코뿔소 Dr. Rhino,99597,1007,2025-02-19T09:00:42Z,56,58.8235294117647,Medical Pro,Description
FKDQL0ySVBA,허리디스크,🚨허리 4번 5번 디스크 파열이 가장 많은 이유?! 내가 알려줄게!  #허리디스크4번5번 [ 디스크 번호 알기 / 디스크파열 원인 체크 ]  #shorts,닥터발룬TV,74897,650,2023-09-27T12:14:10Z,60,11.627906976744184,Medical Pro,Description
B47spSCx3oY,허리디스크,허리디스크 주요증상 6가지와 자가진단법,자생한방병원,57159,317,2021-11-10T02:37:54Z,253,26.929982046678635,Medical Pro,Description
MpiQAOyMYoM,허리디스크,"[PEOPLE in 세브란스] 허리디스크 수술, 어떤 의사에게 갈까?",세브란스,56628,787,2019-05-30T07:30:08Z,345,30.0,General,Description
sD-BPIkcIaQ,허리디스크,침대에서 일어날 때 허리가 아프다면?! #허리디스크,더건강,61401,1247,2024-05-27T05:41:45Z,36,27.027027027027028,General,Description
1DWCBgw5vyk,허리디스크,허리디스크인 의사가 추천하는 허리에 좋은 매트리스 #수면밀도 #허리디스크매트리스 #허리에좋은매트리스#매트리스 #shorts,우리동네신경외과,68382,465,2023-10-26T09:00:02Z,58,4.287925696594428,General,Description
uU_Rhgf29Rs,허리디스크,"허리디스크 수술로 2022년 절반을 날린 20대 가장...(feat.현미경후궁절제술,허리디스크 수술 브이로그)",현정민 부부,52884,277,2022-11-18T12:50:11Z,595,36.15384615384615,General,Description
BaI5pyiVHSo,허리디스크,허리디스크 수술 없이 자연치유가 가능한 두 가지 상황? 내가 알려줄게! #shorts,닥터발룬TV,61863,594,2023-02-06T08:57:24Z,60,21.27659574468085,Medical Pro,Description
yPnPVl6YQY8,허리디스크,허리디스크 신경주사치료의 모든 것! 내가 알려줄게! #shorts,닥터발룬TV,54540,646,2022-08-03T09:13:28Z,60,20.83333333333333,Medical Pro,Description
0TJ8lhy_Vcc,허리디스크,"【필수시청】📢허리디스크 장애판정기준, 내가 알려줄게! #1편ㅣ닥발TV",닥터발룬TV,49631,509,2021-07-02T07:39:26Z,467,7.5046904315197,Medical Pro,Description
i9snhkVcQ40,허리디스크,허리디스크 초기증상 치료해야 하나요?,모커리 근육신경재활TV,48506,527,2019-11-29T09:44:28Z,503,33.70786516853933,Medical Pro,Description
kw0UXYH-0po,허리디스크,허리디스크 환자가 수영을 하는 이유?!,자생한방병원,48088,183,2024-07-04T08:00:26Z,145,7.280701754385966,Medical Pro,Description
REN20FPFVG8,허리디스크,허리 디스크수술 해야하나?  MRI 판독 방법 알려드림,S서울병원,48024,697,2021-08-30T01:07:55Z,458,41.125541125541126,Medical Pro,Description
HV4mqVtoSsk,허리디스크,[유앤제이병원] #허리도수치료 #허리디스크 #척추관협착증 #허리통증,유앤제이병원TV,50193,386,2023-05-17T23:06:54Z,60,13.526148969889064,Medical Pro,Description
9VBQDBsHm1k,허리디스크,"젊은 사람의 허리 디스크병, 자연치유가 되지 않는 경우가 바로 이겁니다. 모르고 평생 참지 마세요! / 우리들병원TV",우리들병원TV,45933,507,2021-01-27T07:26:51Z,390,1.2195121951219512,Medical Pro,Description
SsrT2xJU3zw,허리디스크,대학병원이 허리수술을 미루는 진짜 이유 🏥 #shorts,이대영의 새길TV,5691465,11360,2025-03-31T07:00:40Z,38,49.01960784313726,Medical Pro,Description
ehG489YJiMk,허리디스크,허리디스크수술과 시술 . 치료의 핵심을 알면 고민해결,더자인TV,45452,479,2021-04-30T08:03:37Z,532,29.41176470588235,Medical Pro,Description
lIpulx0oij8,허리디스크,"허리디스크 환자가 꼭 해야하는 2가지 운동법 | 허리디스크, 허리통증, 허리운동, 허리근육강화","통증의정석 [허리, 목]",45326,968,2025-03-17T01:30:29Z,422,14.109347442680775,General,Description
Z3BFzvIEGtw,허리디스크,허리디스크 비현실적인 조언 사절. 디스크 2번 수술받은 의사가 허리 전문의를 모셨습니다.,교육하는 의사! 이동환TV,45268,1011,2023-05-17T11:00:26Z,510,1.7024128686327078,Medical Pro,Description
AZZJ8JadMi4,허리디스크,"갑자기 허리 아플 때, 이것만 알아도 응급실은 안 갑니다. #shorts  #허리디스크 #허리통증 #허리강화운동 #요추염좌 #장요근",업앤고,68335,835,2023-08-23T02:13:09Z,60,51.282051282051285,General,Description
shqP_pxN1kM,허리디스크,허리디스크 재발? 원인과 해결방안은 이 것! (feat.병원 고르는 꿀팁),우리들병원TV,43146,286,2022-08-12T08:00:19Z,413,16.853932584269664,Medical Pro,Description
qAHRZdHukFM,허리디스크,"내 허리디스크, 탈출, 파열된 디스크가 흡수될 확률은? 만일 흡수가 안된다면?",모커리 근육신경재활TV,41349,556,2022-05-06T08:02:29Z,546,10.6951871657754,Medical Pro,Description
ceIDzGVPO30,허리디스크,허리디스크 탈출 및 파열 후 유착을 예방하고 통증을 줄여주는 4가지 운동,모커리 근육신경재활TV,40070,669,2022-05-12T04:23:45Z,489,12.5,Medical Pro,Description
CgNDaAKVA-g,허리디스크,허리디스크 수술했는데도 왜 자꾸 재발되나요? (콕통증의학과 김환희 원장),콕선생님 (콕통증의학과),39634,262,2020-12-27T23:00:59Z,539,23.66863905325444,General,Description
-UTonVRyFf8,허리디스크,"허리 디스크, 꼭 수술해야 할까? | 허리 디스크(disc) | 척추관협착증 | 서울대병원 재활의학과 정선근 교수",더건강,38790,761,2025-04-18T06:03:54Z,396,5.444015444015443,General,Description
73XNANKgNUI,허리디스크,[명의 의학백과📖]  허리 디스크 수술 과정,고대병원,38413,186,2023-09-03T02:00:03Z,44,14.705882352941176,Medical Pro,Description
6OGJCdFEExw,허리디스크,허리디스크파열 후 운동은 회복단계별 상태에 따라 그에 맞는 운동을 해줘야 합니다,모커리 근육신경재활TV,37947,473,2022-08-30T07:50:56Z,289,5.235602094240837,Medical Pro,Description
Nw9rpVFinOM,허리디스크,허리디스크 수술 실제장면 대.공.개✨,우리들병원TV,54803,385,2024-10-01T12:00:23Z,59,51.02040816326531,Medical Pro,Description
WgGLqY5NSSc,허리디스크,허리디스크 초기!! 이렇게하고나서 일주일만에 나았습니다!! 수술없이 초기에 잡는법!!,나누리병원TV,36684,278,2022-01-13T11:00:30Z,700,8.56763925729443,Medical Pro,Description
it9RyCZ3wiE,허리디스크,허리에 전기 치료를?! 허리디스크 전침 치료법 #shorts,자생한방병원,49475,212,2023-06-30T09:00:35Z,22,33.61344537815126,Medical Pro,Description
-ebXnGIr4HY,허리디스크,"허리디스크 스테로이드 주사, 시술의 뜻밖의 부작용에 대해 알려드리겠습니다",모커리 근육신경재활TV,35672,391,2020-06-29T08:17:21Z,331,23.92344497607656,Medical Pro,Description
3t52pJF_MH8,허리디스크,"허리디스크 100%완치를 위한 골반틀어짐 교정운동 끝판왕 (골반 기울기, 높이, 회전  전부 교정해 드립니다)#골반틀어짐스트레칭#골반틀어짐운동#골반틀어짐교정운동",물리치료사 pt종환,34964,686,2023-09-24T09:30:01Z,1895,6.172839506172839,General,Description
kfJ2OHT32ac,목디스크,어깨가 아픈 줄 알았는데 알고보니 목디스크?! 자세만 바꿔도 목디스크를 고칠 수 있다는데 지금 당장 따라해 보세요. '허리의 신'  정선근 교수가 알려주는 목 디스크 치료운동!!,EBS,4509287,63996,2022-06-29T09:00:32Z,597,18.6046511627907,General,Description
suyTW9kCm88,목디스크,[Full] 귀하신 몸 - 8부 목 디스크 막는 2주의 기적,EBSDocumentary (EBS 다큐),3639791,121719,2023-07-06T17:00:38Z,2758,14.5985401459854,General,Description
CeqDDztNnZ4,목디스크,목 디스크를 부르는 운동과 스트레칭 #1분건강,서울대병원tv,3261147,49818,2024-04-25T22:45:00Z,49,30.0,Medical Pro,Description
85ZqMepT2pY,목디스크,수술 없이 이것만 했을뿐인데 목 디스크가 치료 됐다!│단 2주의 기적│간단히 집에서 따라하기 쉬운 교정 운동법│명의가 알려주는 치료법│귀하신 몸│#골라듄다큐,EBSDocumentary (EBS 다큐),2917038,54424,2023-07-09T10:00:05Z,1361,20.151133501259444,General,Description
eReIEoieQsQ,목디스크,"목디스크 운동, 이거 하나로 끝낸다! - 도리도리 운동",모커리 근육신경재활TV,2310767,32982,2019-08-29T03:25:06Z,725,9.70873786407767,Medical Pro,Description
5r8c37p7Hew,목디스크,"[목, 어깨, 등 통증 완화 운동법 20분 버전] -거북목 굽은등 라운드 숄더 디스크 완화 근골격 질환 예방!","필라테스하는 물리치료사,람PT",2075237,22261,2022-04-06T14:45:00Z,1199,11.235955056179776,General,Description
Zc4wxqciJlU,목디스크,뒷목 통증과 팔 저림 증세가 있을 때 따라해보세요 : 닥터U의 ' 목디스크 완치훈련 ',닥터U와 함께,1919105,21939,2015-09-04T08:28:33Z,1027,8.241758241758241,Medical Pro,Description
V5Z2OUyhWqQ,목디스크,수술없이 쉽게 따라하는 기적의 목디스크 교정 운동법 | 지금 당장 따라해 보세요. (권준범 원장 1부),건강구조대,1921169,35141,2024-07-05T10:34:10Z,819,1.0041265474552965,General,Description
sNQwy2E_lk0,목디스크,"""10초만 따라해보세요"" 방치하면 목디스크로 이어지는 목 통증 평소에 관리하는 법 | 재활의학과 전문의 정일영 교수의 빅퀘스천 2부 #건강 #거북목 #재활의학과",빅퀘스천 Big Questions,1910497,24231,2023-10-12T08:00:22Z,731,3.623978201634877,General,Description
EMOO4JktSHg,목디스크,"그냥 누워만 계세요. 일자목,거북목 교정 됩니다",참잘함한방병원,1881144,45933,2023-01-10T02:56:36Z,357,18.575851393188856,Medical Pro,Description
OYzPufYzDbY,목디스크,"""이제 이렇게 해도 안 아파요"" 2주 운동법으로 거북목 일자목 통증 없어졌다│귀하신 몸│#EBS건강",EBS 건강,1654087,32594,2024-11-13T10:00:25Z,2681,18.51851851851852,General,Description
mOKXg-1Mwr0,목디스크,"432. 거북목 교정운동법, 바로 효과ㅣft  부부한의사",부부한의사,1909468,48190,2024-02-22T10:00:46Z,57,19.047619047619047,Medical Pro,Description
F5Dj5DH7Vkg,목디스크,목통증 거북목 해결템? 백지영 덕분에 부활한 중소기업 목견인기,트렌드몽,3947233,17871,2026-01-03T10:52:10Z,26,37.03703703703704,General,Description
G6aA5KTOGuk,목디스크,명의가 알려주는 목 디스크 | 수술없이 자세 교정으로 좋아지는 방법!,EBS 컬렉션 - 사이언스,1131778,17080,2022-11-15T11:30:06Z,580,52.083333333333336,General,Description
UEGTQ4vLW-o,목디스크,"목디스크, 목통증이 있는 환자라면 꼭 알아야 하는 수면자세",모커리 근육신경재활TV,1081152,19785,2020-01-06T10:12:59Z,430,23.696682464454977,Medical Pro,Description
nl4jiiBCiDI,목디스크,풀영상)턱 당기기하면 오히려 안좋아요! 물리 치료사가 알려주는 목디스크에 좋은 운동 재활 | 속는셈 치고 클릭해보세요,물리치료사.PT재석,1075870,26176,2019-10-13T22:00:05Z,895,13.439522150323544,General,Description
Z4hIPQpQpMY,목디스크,척추수술하는 외과의사가 본인 병원에서 직접 목 디스크 수술 받은 후기!,대찬병원,1049839,4379,2020-06-24T01:59:44Z,337,57.90297339593114,Medical Pro,Description
kND7k6Snc9o,목디스크,거북목 교정에 효과좋은 스트레칭입니다! #거북목스트레칭 #거북목교정 #목디스크,크리스탈나우crystalnow,956288,17107,2023-06-13T12:00:36Z,19,8.695652173913043,General,Description
QH1MYPQj9Mo,목디스크,목 손상을 줄여주는 올바른 베개사용법 #목디스크,더건강,973166,11690,2024-05-20T05:45:17Z,35,47.05882352941177,General,Description
E0rugjm7gkY,목디스크,목통증운동 이거 하나로 끝! 목디스크통증 환자가 따라하면 좋은 운동법 4가지,연세사랑병원,683017,11483,2020-12-11T02:00:01Z,405,43.26923076923077,Medical Pro,Description
C2ZwnzQPvi8,목디스크,마디마디신경외과 의원 - 목 디스크를 가진 의사가 추천하는 운동,닥터 마디마디 Dr MadiMadi ,596610,12892,2022-09-16T15:00:16Z,823,5.665722379603399,Medical Pro,Description
mZMs8iZIWd4,목디스크,수술 없이도 심한 목디스크를 완치시킨 운동의 정체는? (Feat. 견인치료) - 이경석의 척추88 #36,굿라이프,592651,12237,2020-05-06T08:00:18Z,442,18.687943262411345,General,Description
clbExgZvS0M,목디스크,"목디스크 증상 완치되는 단 한가지 치료방법(목, 등, 팔 통증저림)",PAIN LAB,589222,8484,2023-02-17T09:49:08Z,278,6.339144215530904,General,Description
__kQJGOM_e0,목디스크,목디스크에 안 좋은 베개는? #shorts,서울대병원tv,604616,7312,2022-08-23T23:20:36Z,46,29.41176470588235,Medical Pro,Description
NcXlvObuuwI,목디스크,"목디스크, 가장 위험한 증상은 '이 증상' 입니다!😲 l 목디스크의 대표적인 증상들과 치료 방법에 대해 알아보자! [강북연세 TV]",강북연세병원,560205,4148,2023-12-20T08:34:11Z,335,12.422360248447204,Medical Pro,Description
0gwxQ4tcwDY,목디스크,[10분 리얼타임] 목 통증? 3가지 운동으로 끝장낸다 | 귀하신 몸 - 8부 목 디스크 막는 2주의 기적 #귀하신몸 #귀하신몸운동법,EBS,549673,23374,2023-07-01T13:20:00Z,755,11.60092807424594,General,Description
CsGuIouzPe8,목디스크,목 디스크 상처 빨리 아는 법 (백년목 기초편#1 연관통),정선근 TV,533436,11165,2020-03-21T20:00:18Z,647,6.896551724137931,Medical Pro,Description
VC6Ke40WdJ8,목디스크,오래 앉아 있는 분들에게 필수인 '목 신전 운동' #목디스크,더건강,678958,16903,2024-05-20T05:45:38Z,54,14.285714285714286,General,Description
KRry9tK5Fq8,목디스크,목디스크! 병원에 꼭 방문해야 하는 증상 3가지 / 가천대 길병원 척추센터 백종민 교수,길병원TV,456939,3541,2020-07-24T00:11:50Z,525,28.30188679245283,Medical Pro,Description
nhbjjPPKosU,목디스크,"수술 없이 디스크의 스스로 붙는 힘을 이용한 목디스크 자연치유법｜돈주고 치료 받고 베개까지 바꿔고 못 고친 목디스크, 완벽하게 낫는 법｜귀하신 몸｜#골라듄다큐",EBSDocumentary (EBS 다큐),443686,8427,2024-12-24T05:00:39Z,4428,17.677782241864204,General,Description
zEYKL6EZYGY,목디스크,3가지만 확인하세요 목디스크 자가진단법!,나누리병원TV,489096,2952,2023-05-25T09:00:40Z,42,74.07407407407408,Medical Pro,Description
t6pXemaXOKQ,목디스크,"""목 때문에 사지가 마비된다고?""  목 디스크인 줄 알았는데 더 큰것이 기다리고 있었다│회복이 불가능한 척수증 결국 수술로...│명의│#EBS건강",EBS 건강,429556,4697,2024-06-08T10:00:49Z,1912,15.61216105176664,General,Description
eDs8bC78a1k,목디스크,"목디스크, 거북목 베개 고르는 법과 베개 사용법",모커리 근육신경재활TV,405456,4005,2019-09-23T08:30:00Z,594,11.235955056179776,Medical Pro,Description
m5cy9irN9RA,목디스크,목디스크 때문에 샀던 수많은 베개?! 수건 한 장으로 꿀잠😴 자요! [찐한의사] #shorts,찐한의사,379976,4584,2022-11-16T09:00:24Z,52,19.48051948051948,Medical Pro,Description
Psw58JpYu4M,목디스크,"정승제, 목 디스크 수술 뜯어말린 홍진경이 준 '비밀병기' ㄷㄷ",그들의건강습관,996139,10222,2025-08-06T11:00:44Z,36,15.93625498007968,General,Description
lo0iU3efHfo,목디스크,목 디스크에 좋은 운동! 이 영상만 보면 해결!,필한방TV:필한방병원,363374,3279,2019-12-26T05:36:37Z,298,12.71186440677966,Medical Pro,Description
twO7NLNWUAQ,목디스크,목디스크 환자가 절대 하지 말아야 할 스트레칭 3가지와 대신할 수 있는 운동들,모커리 근육신경재활TV,334976,3357,2020-08-28T02:56:40Z,319,24.324324324324323,Medical Pro,Description
nI1dA2XAspY,목디스크,목 디스크 환자를 위한 초간단 운동법 | 목  디스크 환자가 절대 하면 안 되는 자세 #shorts,EBS,365939,5229,2022-12-06T09:00:17Z,55,15.151515151515152,General,Description
N4Cgp3u8RJo,목디스크,[10분 리얼타임] 거북목 잡고 통증 잡는 12345 마사지 | 귀하신 몸 - 8부 목 디스크 막는 2주의 기적 #귀하신몸 #귀하신몸운동법,EBS,307208,11454,2023-07-01T13:20:00Z,516,7.317073170731708,General,Description
F5QKsspcTNM,목디스크,"손, 팔 저림 증상 | 목 디스크가 아닌 '사각근 증후군'을 의심해라! | 중사각근 신경 이완법 | 스트레칭법",PAIN LAB,258509,4672,2020-11-27T10:00:04Z,410,16.645326504481435,General,Description
ce3o4JvZir0,목디스크,거북목 일자목 누워만 있어도 좋아집니다! 👉자세한 내용은 여기 탭,PT_에이더 (19년차 물리치료사),556230,4318,2024-11-24T09:12:06Z,12,8.215962441314554,General,Description
d3S15vrxEwg,목디스크,하루3분으로 목디스크통증 없애는 방법!! (시원함 주의!),"재활운동 물리치료사, 박PT",269276,4820,2023-06-08T08:52:00Z,47,34.48275862068966,General,Description
gf9rvscLaCk,목디스크,"목디스크에 좋은 운동, 도리도리 운동에 이어 딱 하나만 더! - 으쓱으쓱 운동",모커리 근육신경재활TV,222039,3292,2020-03-06T06:17:03Z,285,12.5,Medical Pro,Description
LAUwgd0pc1k,목디스크,참을 수 없는 고통 '목디스크' #목디스크,더건강,392102,4021,2024-05-13T07:23:55Z,26,31.25,General,Description
S9P8Dh66Ctw,목디스크,목 디스크 낫는 신전동작 때 아프면? - 팔이냐 목이냐?? 먼저 챙기세요,정선근 TV,219763,6194,2024-08-17T07:30:07Z,539,14.084507042253522,Medical Pro,Description
BLEfByhS9Ho,목디스크,자생한방병원이 알려주는 목디스크 원인·증상·치료법,자생한방병원,213250,359,2013-10-08T02:18:17Z,251,44.33497536945813,Medical Pro,Description
bd01dOXZPQ0,목디스크,목디스크! 이대로만 해도 낫는다(feat.서울대병원 정선근 교수) | 자이홍의 건강극장 98화,서울대병원tv,210364,3524,2022-07-20T07:00:09Z,397,18.808777429467085,Medical Pro,Description
NiPriRLQAzc,목디스크,"[자가 진단법] '목 디스크' 고개를 움직이는 것만으로도 진단 가능! 오늘, 굿데이 11회",JTBC Entertainment,201297,669,2016-12-08T10:21:01Z,175,3.1847133757961785,General,Description
hXNGdcYo_iI,목디스크,목 어깨 통증의 범인은 발 뒤꿈치입니다 목디스크 완벽주의 스트레스 일부러 세우는 몸,바른몸교수ㅣ목어깨 치료사,200445,3136,2025-10-16T10:01:19Z,417,15.67398119122257,General,Description
GNfJFQ_bnNI,목디스크,'목 디스크 치료'에 대해 올바른 이해 / TV 닥터 인사이드 부산MBC 20200114 방송,굿닥터인부산,195478,2289,2020-03-23T05:49:41Z,1898,15.384615384615383,Medical Pro,Description
_-7XI9wYmDo,목디스크,"목디스크  무조건 낫게 하는 아주 쉬운 방법 한가지(목디스크 원인, 증상, 치료)[대전우리가족한의원 류수업 원장]",한의사 류TV,164074,3445,2023-04-05T01:01:27Z,482,4.184100418410042,Medical Pro,Description
M73xMecl1io,목디스크,"고통스러운 '목디스크', 수술 필요한 경우는? #목디스크",더건강,236548,3267,2024-06-24T00:36:42Z,50,42.25352112676056,General,Description
2-CfjJyzgL4,목디스크,🚨목 디스크 환자들 주목🚨 '척추의 신'이 말하는 목 디스크 심해지는 사람들의 결정적 특징ㅣ정선근 서울대병원 재활의학과 [이러면 낫는다ㅣ목디스크],조선일보 의학·건강,142767,2709,2024-06-04T08:00:01Z,630,8.46153846153846,General,Description
gFy7Ax7KbbQ,목디스크,[목디스크] 시술? 수술? 알고 진료받으세요,신규철 TV,142427,2153,2020-01-10T00:00:04Z,880,39.47368421052632,Medical Pro,Description
Nj7UnDm2srg,목디스크,"345. 목디스크, 목통증 없애는 30초 초간단 운동법ㅣft 부부한의사",부부한의사,207247,3474,2023-10-30T10:17:00Z,58,13.468013468013469,Medical Pro,Description
sjJcIDtbX4c,목디스크,목 디스크 때문에 팔 저림이 왔다면 꼭 받아야 할 도수치료!!,필한방TV:필한방병원,138118,954,2020-03-05T08:22:05Z,452,32.72727272727273,Medical Pro,Description
VWxcplROhLk,목디스크,목 디스크 수술이 필요한 상황과 수술 방법은? (KBS 20221026 방송),KBS 생로병사의 비밀,135729,1063,2022-11-03T09:00:11Z,606,5.6761565836298935,General,Description
bdcH1niNZoU,목디스크,"목디스크증상 원인, 목디스크두통과 어깨통증이 발생할 수 있다? 신경위치에 따른 증상차이",연세사랑병원,132248,1912,2021-05-07T11:00:31Z,252,49.38271604938272,Medical Pro,Description
OFag1muiPq4,목디스크,"목 디스크! 수술만이 답은 아니다.. 목 디스크, 목 통증을 치료하는 올바른 방법은? / 부산mbc TV닥터인사이드 140711방송",굿닥터인부산,128810,1222,2022-07-22T21:00:07Z,2836,20.71672354948805,Medical Pro,Description
AIsa4Xkzd0I,목디스크,"목디스크로 인한 팔저림, 손저림 이거 모르면 안 낫습니다",건강지식in 노현우TV,125602,1745,2021-11-08T10:57:39Z,312,8.695652173913043,Medical Pro,Description
j8N318Mcg_w,목디스크,"""이 자세 하나면 없어집니다""｜목 디스크를 수술 없이 자연적으로 치료하는 방법｜명의｜#EBS건강",EBS 건강,121967,2672,2025-11-01T11:38:28Z,1250,25.821596244131456,General,Description
TOpK5qDbQUs,목디스크,가장 위험한 목디스크 신호! 집에서 일단 해보세요,우리들병원TV,158786,1271,2024-01-30T08:32:48Z,55,43.85964912280702,Medical Pro,Description
zY_YF_uNaVE,목디스크,생각지도 못한 목디스크 증상들 #1분건강,서울대병원tv,133529,2354,2024-04-23T08:22:11Z,60,46.51162790697674,Medical Pro,Description
9GJ0Ep9gkAY,목디스크,지긋지긋 목 디스크 방사통 미리 예측하기,정선근 TV,114966,3033,2025-06-05T02:00:08Z,533,15.151515151515152,Medical Pro,Description
deIOy2-tgy8,목디스크,실제 목디스크 수술을 경험한 의사가 전하는 진솔한 이야기,닥터에세이,113167,1367,2020-07-11T03:14:40Z,359,30.425963488843813,Medical Pro,Description
0bkihPq_LG0,목디스크,[선공개] 2주만에 목 통증이 없어지는 기적의 12345 마사지 | 귀하신 몸 - 목 디스크 막는 2주의 기적  #귀하신몸 #목디스크,EBS,104258,3133,2023-06-29T02:20:51Z,194,10.638297872340424,General,Description
yCzgMRakdWY,목디스크,목디스크 비수술적 치료 ✔ 약물치료ㅣ주사치료 / 가천대 길병원 척추센터 백종민 교수,길병원TV,103669,1620,2022-01-31T01:00:25Z,3349,34.72222222222222,Medical Pro,Description
dZP12W68L20,목디스크,"목 디스크에 좋은 운동 루틴 20분, 재활(목 통증 스트레칭)",물리치료사.PT재석,101785,2266,2021-08-15T00:00:13Z,1217,10.309278350515465,General,Description
RUskfIYXyRo,목디스크,목디스크(경추 추간판 탈출증) 수술하지 마라?,한양대학교병원,101000,842,2019-07-22T06:22:14Z,275,25.839793281653748,Medical Pro,Description
mWGzjOpHNEw,목디스크,목디스크로 오랫동안 지속되는 팔 저림 – 이 근육을 풀어줘야 좋아집니다,모커리 근육신경재활TV,101950,1613,2023-12-20T07:10:03Z,201,24.09638554216868,Medical Pro,Description
FTONoyQoIZw,목디스크,목 디스크로 인한 손 저림 vs 일반 손 저림의 차이점☞ 오늘， 굿데이 146회,교양 Voyage,93304,497,2019-09-20T07:07:55Z,173,15.151515151515152,General,Description
XEws9EAcg0Q,목디스크,불필요한 목 디스크 시술 피하는 법 - 이경석의 척추88 #66,굿라이프,92366,1496,2020-12-23T08:00:08Z,317,7.880215343203229,General,Description
q4wHVXix49E,목디스크,백지영도 쓰는 넥가드 목견인기... 진짜 효과 있나?,프로페셔널,174760,440,2025-05-27T03:33:27Z,23,14.184397163120568,General,Description
9DePWOcUFGs,목디스크,"목, 어깨 통증 없애는 초간단 운동법!💪 | 병원 가기 전에 따라해보세요~ | 목 디스크 예방",EBS 컬렉션 - 사이언스,86864,1615,2023-08-05T11:30:02Z,269,11.730205278592376,General,Description
zCauzmkHCuM,목디스크,'목 디스크 얼마나 알고 있니?' (마디세상병원 장수진),의학채널 비온뒤,82275,1482,2021-11-18T09:55:22Z,3021,1.363636363636363,General,Description
creD34nVP2Y,목디스크,목 디스크 위치에 따른 저림 부위,EBS 건강 아카이브,80977,493,2018-02-28T03:00:02Z,90,23.04147465437788,General,Description
IR4lDAhwsbw,목디스크,[마디마디] 내목이 맞는지 확인하는 목디스크 자가진단법😲,닥터 마디마디 Dr MadiMadi ,81213,709,2022-01-04T10:00:12Z,48,10.178117048346056,Medical Pro,Description
CY0917NVwDY,목디스크,간단하게 확인하는 목 디스크 자가진단법! 닥터의 승부 121회,JTBC Entertainment,78355,140,2014-05-04T11:45:56Z,135,10.60070671378092,General,Description
rMC9rQx-Sps,목디스크,목디스크 집에서 치료하는 방법,오상신경외과의원,90845,2390,2023-03-18T11:00:40Z,49,18.51851851851852,General,Description
8aj20NnCasw,목디스크,바른 자세인데 목 디스크 생기는 이유는? #1분건강,서울대병원tv,80727,1253,2024-04-24T08:56:55Z,34,32.608695652173914,Medical Pro,Description
zdOisy8GffQ,목디스크,목디스크가 맞을까❓ 아닐까❓ 애매~한 목디스크 증상들😰 확실하게 알려드릴게요😎📢,나누리병원TV,71405,455,2023-08-09T09:00:48Z,370,3.4033613445378155,Medical Pro,Description
RhtxGlhGNjc,목디스크,이런 목디스크 환자는 금방 좋아질 가능성이 높습니다,모커리 근육신경재활TV,66240,766,2022-11-04T07:30:04Z,330,36.26943005181347,Medical Pro,Description
DxMGxnsd2vU,목디스크,목 디스크의 진단과 치료(백년목 개정판 리뷰),정선근 TV,66198,2314,2024-08-07T01:00:09Z,661,48.78048780487805,Medical Pro,Description
2lHzlK3bOF0,목디스크,현대인의 고질병인 목 디스크,고대병원,66455,1900,2024-07-31T02:00:04Z,48,48.78048780487805,Medical Pro,Description
DfyA-4YhXe0,목디스크,목 디스크 찢는 네 가지 은근힘,정선근 TV,61529,2730,2024-09-10T04:00:06Z,432,17.094017094017094,Medical Pro,Description
Rr0hgBMbbc0,목디스크,목디스크 폼롤러 스트레칭 (하루 한번만 따라해 보세요. 99%이상 좋아집니다)#목디스크폼롤러스트레칭#폼롤러목스트레칭#목디스크스트레칭,물리치료사 pt종환,60109,1015,2022-05-13T21:00:14Z,1822,7.6923076923076925,General,Description
-s0WXlvPH_Q,목디스크,"목디스크 운동의 끝판왕, 도리도리 운동에 대해 반복되는 질문들에 답변해드립니다",모커리 근육신경재활TV,59206,986,2021-03-16T05:50:53Z,448,8.438818565400844,Medical Pro,Description
q3mayBiaVps,목디스크,목디스크 수술 요즘엔 이렇게 합니다! ㅣ최신 목디스크수술기법,가자건강TV,57273,659,2023-08-18T02:30:21Z,1695,32.154340836012864,Medical Pro,Description
Ncz8_xbIY1c,목디스크,목 디스크를 위한 올바른 운동법 大 공개! (수요일N스타일) @좋은아침 5305회 20180425,SBS Entertainment,56471,354,2018-04-25T07:20:56Z,170,5.882352941176471,General,Description
xjUdnL4FxXU,목디스크,정선근 tv 라이브: 목 디스크에 관하여...,정선근 TV,54328,2383,2025-05-14T13:45:56Z,5276,66.66666666666667,Medical Pro,Description
Ziga2dcsL3g,목디스크,목디스크 초기 증상 5가지 체크해보기!,자생한방병원,46966,121,2023-03-08T08:20:29Z,120,16.50537634408602,Medical Pro,Description
GgtP2DHup6w,목디스크,"그 어렵다는 목 디스크, 수술 결정 전 이거 하나는 꼭 확인해야!",우리들병원TV,42186,314,2022-10-28T08:00:11Z,158,8.241758241758241,Medical Pro,Description
RHvF1UnTQgU,목디스크,목디스크수술 오늘 다 알려드립니다. feat. 목디스크 MRI 사례,이동엽 원장의 자세혁명,41438,448,2022-06-14T08:45:01Z,682,15.855039637599091,General,Description
sEd6DHQtsWA,목디스크,진료실에서 허리/목디스크 환자들에게 알려주는 수면자세😴,바른세상병원,52854,389,2023-08-15T06:00:22Z,42,27.3972602739726,Medical Pro,Description
5y29i34Z3fg,목디스크,[귀하신팁] 돈 한 푼 들지 않는 특별한 목 디스크 관리법을 알려드림｜#귀하신몸,EBS,39143,1025,2024-11-09T13:30:03Z,235,7.299270072992701,General,Description
7hXWq_TQeS0,목디스크,경성 목디스크 수술 어떻게 할까?,고대병원,62678,294,2024-12-06T05:30:04Z,23,40.81632653061224,Medical Pro,Description
Y-7ykkphctM,목디스크,팔저림까지 오는 목디스크 안전하고 효과적으로 주사치료 받으려면? (콕통증의학과),콕선생님 (콕통증의학과),36575,355,2022-09-10T23:00:12Z,349,8.421052631578949,General,Description
540j_Sifz6Y,목디스크,"심한 두통으로 눈까지 아플 때, 원인은 목디스크｜자생한방병원",자생한방병원,35239,211,2020-06-02T09:06:51Z,240,24.84472049689441,Medical Pro,Description
0p1b5cfdxhU,목디스크,목디스크에 좋은 5가지 운동 완벽정리!,우리들병원TV,33564,354,2023-09-22T08:33:16Z,1457,5.1993067590987865,Medical Pro,Description
lGMSTFpRhL0,목디스크,목디스크 시술 경추 고주파 수핵감압술 목은 수술하지 마세요,닥터 마디마디 Dr MadiMadi ,33112,242,2020-09-01T01:27:35Z,575,18.80530973451328,Medical Pro,Description
fae3LJJWDtk,목디스크,(ENG) 목디스크 4년차! 저는 수술보다 운동을 선택했습니다.,르우Reu,32725,314,2020-12-27T02:38:11Z,473,12.1580547112462,General,Description
Yc6Gv3vFgTA,목디스크,"목디스크, 두통에 팔다리 마비까지…자세 이렇게만 고쳐도 낫는다 | #나영무박사의통증제로라이프 5편",중앙일보,32490,429,2023-02-17T21:00:12Z,595,8.493253373313344,General,Description
DXpC7Sa-mYs,목디스크,등 통증? 딱 10초면 해결됩니다! #등통증 #목디스크 #스트레칭,닥터홍선생 (OS Dr.Hong),60047,497,2025-05-20T09:00:31Z,47,13.333333333333334,Medical Pro,Description
Xwvwa5Uhzh4,목디스크,"목디스크 시술, 신경차단술 + 프롤로치료",하워드 통증의학과 의원,29999,76,2019-05-28T02:50:50Z,89,85.1063829787234,General,Description
I20RNtkpvD4,목디스크,이 동작만 따라하면 목디스크와 오십견인지 알 수 있다?,미래본 TV,28177,112,2023-04-12T08:30:04Z,472,15.037593984962406,Medical Pro,Description
_t92KSpb1dg,목디스크,목 디스크 수술 언제 해야할까? - 마디세상병원 척추외과 장수진 원장,의학채널 비온뒤,27625,293,2022-01-02T21:00:09Z,353,8.726591760299627,General,Description
bTW_yRf49aE,목디스크,"목디스크 치료, 시술에서 수술까지 완벽 정리✨",바른세상병원,27502,141,2023-08-04T06:00:12Z,503,15.544041450777202,Medical Pro,Description
EWioR0syCns,목디스크,나도 목디스크일까? 목디스크 자가진단법,나누리병원TV,48462,201,2024-12-25T06:00:09Z,37,23.39181286549708,Medical Pro,Description
cTrVrfoq9lk,목디스크,"목디스크 터지면 삶이 끝납니다. 고생하는분들 꼭 참고! 목디스크,목통증 치료후기, 탈출기!!!",썰푸는무니,26528,498,2021-11-20T07:53:59Z,720,12.332506203473944,General,Description
ta37ihZfPM8,목디스크,[Full] 이 자세가 편하시다고요? 그럼 이 영상을 무조건 보세요! #목디스크 ㅣ귀하신 몸ㅣ77화 돈 안 들이고 목 디스크 낫는 법,EBSDocumentary (EBS 다큐),26578,437,2024-11-15T17:00:55Z,2788,30.0,General,Description
t5lEYPpnD_Y,목디스크,이렇게 하면 목디스크 찢어집니다 #목디스크,더건강,26421,535,2024-05-27T05:43:40Z,45,69.44444444444444,General,Description
lGSLuhpYeFA,목디스크,"목 디스크 협착증 치료는 어떻게 하나요? 주사, 운동, 내시경 치료까지 완전정복",서울예스병원,24408,333,2024-01-30T02:15:47Z,1033,16.352201257861637,Medical Pro,Description
SbvBLYivtAU,목디스크,"Eng sub) 목디스크, 이제는 후유증도, 절개도 걱정하지 마세요! / 우리들병원TV",우리들병원TV,24025,278,2020-09-18T02:45:02Z,214,26.595744680851062,Medical Pro,Description
UEgu8OY4lx0,목디스크,'백년목' 정선근 교수가 알려주는 목 디스크 치료운동#목디스크#목통증,건강빚음,29945,356,2024-02-13T03:10:25Z,60,33.898305084745765,General,Description
axnBi-aizLw,목디스크,"목디스크, 목통증, 거북목 환자의 수면자세 #shorts",모커리 근육신경재활TV,24760,255,2022-09-01T01:56:22Z,57,13.333333333333334,Medical Pro,Description
ezVMJJw85zs,목디스크,목디스크 치료했는데 팔이 계속 저린다면 #1분건강,서울대병원tv,34557,184,2024-08-11T11:00:38Z,47,39.6039603960396,Medical Pro,Description
UByz3KRyCpc,목디스크,'목디스크 수술' 고민중이신 분들은 보세요. 그림으로 쉽게 설명해 드립니다.,뉴로썰전 NeuroSurgeon,22925,245,2021-07-12T16:37:52Z,278,20.83333333333333,General,Description
2KXqOKM16T4,목디스크,조기 진단이 후유증을 막는다. 목디스크의 위험 신호🚨,나누리병원TV,24013,36,2025-10-21T21:00:06Z,346,33.5195530726257,Medical Pro,Description
T8SbMSrPGyU,목디스크,"손, 팔 저림부위로 목디스크 예측 가능?! 자가진단법과 치료법까지🩺",나누리병원TV,22565,128,2024-11-15T09:17:52Z,207,18.513238289205702,Medical Pro,Description
Vg5l2DovCd0,목디스크,한의사가 추천하는 목디스크에 좋은 걷기운동,자생한방병원,20600,129,2021-05-04T09:00:15Z,135,17.647058823529413,Medical Pro,Description
jQpFhd_R8-0,목디스크,"홍진경, 정승제가 극찬한 목디스크 및 거북목 자세 교정기 카이로넥 내돈내산 리뷰 / 도수치료도 효과없던 목디스크있는 나도 이거 쓰면 목디스크 병원 안가도 되겠지???",훈남하이 김대표의 내돈내산,19870,103,2025-07-23T10:01:17Z,890,11.583011583011585,General,Description
GLcpRrQnEts,목디스크,목디스크 수술 헷갈린다면? 경추 인공디스크 수술과 경추 유합술!,달려라병원_Hospital Run,19668,115,2023-02-03T08:46:58Z,355,48.19277108433735,Medical Pro,Description
0V8rEOfAMYI,목디스크,"목디스크 수술 후 업무, 운동 복귀 시기는?",마디세상병원,19741,215,2023-03-09T23:57:34Z,169,22.78481012658228,Medical Pro,Description
takPP6eOqD4,목디스크,"목디스크 파열 시 주의해야 하는 마비, 힘빠짐, 양손 증상 체크하는 법",모커리 근육신경재활TV,19049,134,2022-12-30T08:30:35Z,268,23.474178403755868,Medical Pro,Description
6ed3YepC9As,목디스크,비수술로도 목디스크 나을 수 있습니다,주원장의 척관시,19129,332,2024-03-04T05:45:37Z,758,35.51401869158879,General,Description
PGclUU-d1zQ,목디스크,목디스크 내쫓는 컴퓨터 모니터 세팅법,관절 알려주는 의사_뼈선생,21012,201,2023-05-01T11:15:03Z,59,20.2020202020202,Medical Pro,Description
KzpTbQ38-oI,목디스크,목 디스크 수술 후 재활은 어떻게 하나요?,마디세상병원,16709,486,2024-02-14T05:05:08Z,580,8.385744234800839,Medical Pro,Description
iZzX70U14R4,목디스크,"목 디스크 협착증의 주요 증상, 구분법, 검사, 치료까지!",서울예스병원,16596,261,2024-01-17T05:42:16Z,560,13.97712833545108,Medical Pro,Description
sLkCCwh9vAc,목디스크,"5년간 고생한 목디스크, 굽은등 한번에 해결하는 딱 1가지 동작 알려드릴게요!",1분도수 | 목 전문 도수치료사,29756,594,2025-10-06T01:00:53Z,62,3.90625,General,Description
tBgDLMk9D4Y,목디스크,"목디스크, MRI 결과 폐암이라고요!? #MRI검사",이동엽 원장의 자세혁명,40643,254,2025-08-16T10:45:42Z,52,34.48275862068966,General,Description
cobFpl8qYkk,목디스크,목디스크 수술 후 집에서 하는 재활운동 - 초급편(수술 후 3달 미만),필한방TV:필한방병원,15893,156,2021-06-15T09:09:59Z,404,22.78481012658228,Medical Pro,Description
EAFHybhI9fk,목디스크,목견인기가 목디스크 증상에 도움이 될까?,나누리병원TV,20080,72,2023-08-09T10:00:21Z,60,23.529411764705884,Medical Pro,Description
OGhe2GZ_Rfk,목디스크,목 디스크로인한 경추 척수증으로 마비 온 환자 시술 하는 도중에 좋아진 케이스리포트,닥터 마디마디 Dr MadiMadi ,15498,133,2024-07-18T11:00:28Z,651,8.90207715133531,Medical Pro,Description
x8yIEGWeRZk,목디스크,"[도와줄게요] 목디스크증상? 어깨부터 손끝까지 팔저림 통증, 어떻게 치료할까??",강남YK병원,15663,126,2023-06-13T01:00:17Z,284,26.94610778443114,Medical Pro,Description
H6bTs-GRcVk,목디스크,목 디스크 수술 아직도 위험한 수술로 알고 계신가요?(ft.유명 락커000님도 성공한 목디스크수술 단일공 내시경의 모든것),닥터척추 신경외과전문의 양경훈,15474,58,2023-03-23T11:00:18Z,274,42.32804232804233,Medical Pro,Description
gIicMPOIb4g,목디스크,목디스크 치료이야기 - 신경주사만 계속 맞으신다구요?,모커리 근육신경재활TV,15475,143,2021-07-09T05:25:44Z,399,32.71028037383178,Medical Pro,Description
04xR1xC1MU0,목디스크,"역C자목, 목디스크, 아픈 허리… XXX 한 번 풀었더니 단 3분만에 해결!",바른몸교수ㅣ목어깨 치료사,23772,643,2025-07-12T05:37:04Z,168,10.344827586206897,General,Description
kodAloA2uys,목디스크,목디스크 6번 7번 증상,장형석한의원,14988,74,2018-04-11T02:49:52Z,91,16.877637130801688,General,Description
UXpYCHKY5A4,목디스크,목디스크치료방법 - 신경주사만 계속 맞으신다구요?,모커리 근육신경재활TV,14807,111,2022-07-04T08:07:04Z,193,13.88888888888889,Medical Pro,Description
zln0JEURwMc,목디스크,세상에서 가장 쉬운 목 디스크 평가와 팔저림을 줄이는 운동방법,다고침TV,14670,243,2021-12-14T05:30:24Z,188,16.949152542372882,Medical Pro,Description
0vG52X8SyrM,목디스크,"목디스크는 한방으로 어떻게 치료하고, 어떻게 좋아지는 걸까요?",모커리 근육신경재활TV,14361,152,2021-02-23T08:23:43Z,590,34.74903474903475,Medical Pro,Description
K5A-u_Tc0WE,목디스크,내가 목디스크라면? 이 증상 나타납니다,나누리병원TV,20728,92,2023-08-01T09:00:20Z,38,65.78947368421052,Medical Pro,Description
QI9YwnX5_R4,목디스크,목디스크 증상 감별 방법,바른세상병원,19361,129,2024-12-10T06:00:25Z,51,26.98145025295109,Medical Pro,Description
PFQU_d-EzdM,관절염,퇴행성 관절염의 치료법,바른세상병원,4005677,32161,2015-10-16T09:03:48Z,3411,26.54867256637168,Medical Pro,Description
8iaxec2fbmU,관절염,176. 무릎 통증 없애는 기가막힌 마사지법  | ft 부부한의사,부부한의사,3682082,60575,2023-02-16T11:17:00Z,51,23.92344497607656,Medical Pro,Description
3LQuExAmyyo,관절염,손가락관절염 / 손가락통증 집에서 이렇게만 하셔도 충분히 좋아져요!! 믿고 따라하기!!,신규철 TV,2517302,27920,2022-08-23T21:00:03Z,794,14.044943820224718,Medical Pro,Description
Nxr_1gexzhE,관절염,"123. 손가락관절염 사라지는 하루10분 초간단 치료법 (퇴행성관절염, 류마티스관절염)ㅣ 한의학박사, 침구과 전문의, 산청김, 김경태 원장 | ft 부부한의사",부부한의사,2249502,33137,2022-07-06T11:15:01Z,214,21.5633423180593,Medical Pro,Description
D6mEMzfFnBY,관절염,무릎 관절염 예방법은 의외로 간단합니다. '이렇게' 해보세요.ㅣ평촌서울나우병원 김준배 원장X에바X이주호 기자 [백년의 아침 9화 FULL],삼프로TV 3PROTV,1957767,28190,2024-08-18T06:00:07Z,2778,4.664723032069971,Medical Pro,Description
UXxGLQJRf4I,관절염,류마티스 관절염 영양제🌿 🇨🇦깨끗한 캐나다 영양제 추천,뉴리TV Nuri TV,1324442,6568,2019-06-11T12:58:15Z,801,7.570543702684102,Medical Pro,Description
4LWIp4z-v3w,관절염,무릎 관절염을 치료하는 모든 방법! - 관절리모델링 몰아보기,굿라이프,1297331,22031,2021-11-11T08:00:03Z,1701,33.13253012048193,General,Description
y5pzSew0240,관절염,"695. 손가락통증, 바로 좋아지는 운동법!!!",부부한의사,2162195,29273,2025-01-06T11:01:14Z,54,16.89189189189189,Medical Pro,Description
6cpWjdx_52o,관절염,361. 손가락통증 바로 사라지는 운동법ㅣft 부부한의사,부부한의사,1395936,23927,2023-11-16T10:17:00Z,60,13.377926421404682,Medical Pro,Description
kghyht4dBys,관절염,"[풀버전] 걷기가 이렇게 좋은 거였어? 뇌졸중,관절염,편두통을 이겨내는 걷기 운동! 도심 걷기부터 노르딕 워킹까지 | 하루 4km 걷기, 건강 일사천리! KBS 210602",KBS 생로병사의 비밀,911215,7039,2024-10-25T11:01:00Z,2785,5.887772194304858,General,Description
VL5N3NIGatQ,관절염,무릎 아프면 무조건 이거 하세요! 관절염도 OK,임피티IMPT,779912,14807,2025-03-19T11:00:45Z,356,1.1318619128466327,General,Description
s70v02y0ck4,관절염,꿀과 이것을 같이 드세요! 관절염 싹 사라집니다! #관절염 #꿀,효초TV,855253,24778,2024-05-06T21:00:27Z,60,8.080808080808081,Medical Pro,Description
Ky-tG5WUdU8,관절염,"""3주 동안 꾸준히 운동만 했더니"" 앉고 일어설 때마다 한숨부터 나왔던 출연자의 기적│퇴행성관절염 기수별 맞춤 운동과 계단 오르는 법│귀하신 몸│#EBS건강",EBS 건강,715869,9827,2024-07-03T08:00:14Z,1618,20.16806722689076,General,Description
k7ZGOT8zTk4,관절염,"손, 손가락 퇴행성관절염...손을 많이 쓰는 분들 꼭 시청하세요! #여성호르몬 #SNU서울병원 #수부전문의 #곽상호원장",SNU서울병원TV,486142,4665,2021-09-27T02:09:15Z,625,16.15798922800718,Medical Pro,Description
qJ1CuEL9tAI,관절염,"672. 손가락통증 없애는 숨겨진 '이곳', 바로 따라하세요!!!",부부한의사,866993,14521,2024-11-21T11:01:04Z,51,13.377926421404682,Medical Pro,Description
kxyXwBl1biA,관절염,"욱신욱신 손가락, 퇴행성관절염! #손가락퇴행성관절염 #수부세부전문의 #곽상호 #SNU서울병원",SNU서울병원TV,406773,3985,2021-08-25T08:56:24Z,1895,39.1566265060241,Medical Pro,Description
8e89IWVhOYs,관절염,"손가락 관절염, 알고 보면 ‘이 근육’ 때문입니다. 10분이면 통증이 사라집니다!",통증요정 김학조,380365,6018,2025-10-16T10:00:14Z,954,11.627906976744184,General,Description
Fbd6ML1YF9c,관절염,무릎 관절염의 비수술적 치료 완전 정복! - 고쳐줘NOW #01 #관절염 #무릎통증,굿라이프,376786,5129,2022-11-14T22:00:12Z,513,37.735849056603776,General,Description
ltJzkatRLx8,관절염,"손가락 관절염, 하루 10분이면 ‘수술 없이’ 좋아집니다",통증요정 김학조,345216,7832,2025-08-07T11:12:20Z,926,1.7924528301886795,General,Description
a_5bpu_d6kQ,관절염,"퇴행성 무릎 관절염, 치료 시기를 놓치지 말자! / TV닥터인사이드 부산MBC 20191223 방송",굿닥터인부산,339658,5468,2020-03-23T05:49:52Z,1901,15.625,Medical Pro,Description
v3Z4v5EfMeo,관절염,사과를 이것과 같이 먹으면 관절통증 관절염 싹 사라집니다! 관절염에 좋은 음식! #관절염 #관절통증 #사과효능,효초TV,329131,6668,2023-11-05T21:00:32Z,57,40.32258064516129,Medical Pro,Description
j69_W4FEeok,관절염,"무릎 관절염 PRP 주사치료, 효과 높이는 방법이 있다?",힘찬병원,748476,84,2025-11-21T05:00:54Z,314,60.30150753768845,Medical Pro,Description
a5c3yTqZ3cA,관절염,당신의 관절이 보내는 류마티스 관절염 신호 | 서울대병원 이은영교수,서울대병원tv,225317,2743,2022-04-28T07:30:01Z,1975,27.375201288244767,Medical Pro,Description
_QgjBWEIrtY,관절염,[유앤제이병원] #손가락관절염 #자가진단,유앤제이병원TV,190687,1622,2023-06-26T23:00:54Z,59,9.73498233215548,Medical Pro,Description
a02Thkvvdv0,관절염,퇴행성 관절염의 치료ㅣ동아아산건강강좌,서울아산병원,129654,2625,2022-07-20T09:01:00Z,2176,30.405405405405407,Medical Pro,Description
FIDjXOKJMtk,관절염,손가락 통증 환자 주목❗ 손가락 관절염 A to Z,바른세상병원,111663,1076,2023-01-20T06:00:12Z,426,30.18108651911469,Medical Pro,Description
1W2RXIqUazk,관절염,퇴행성관절염이 있다면 '이 운동'을 추천합니다!,닥터고의 쓰리고TV,219101,2061,2025-01-04T04:00:00Z,26,63.19702602230483,Medical Pro,Description
xLwDPi0pF9Q,관절염,손가락이 붓고 아프다면? '손가락 관절염'의 증상부터 치료까지!,연세건우병원,105299,1198,2022-03-07T00:54:42Z,405,19.569471624266143,Medical Pro,Description
ArNn6j9Ft08,관절염,류마티스관절염 증상 및 치료법 [숫자로 보는 건강],분당서울대학교병원,102840,1086,2022-10-31T07:15:00Z,397,30.64066852367688,Medical Pro,Description
MlsuYuVgqJI,관절염,"""무릎 뒤 통증, 관절염일까? #무릎건강 #무릎통증",닥터 코뿔소 Dr. Rhino,147577,1002,2024-08-15T08:48:14Z,33,41.66666666666666,Medical Pro,Description
eFtiGu_xAiQ,관절염,"무릎 관절염 수술 중 무릎 인공관절, 부분치환술? 절골술? 어떤 방법이 내게 맞을까?",예손병원,116784,17,2025-04-24T01:41:01Z,639,27.027027027027028,Medical Pro,Description
4AYuyCmkcWs,관절염,퇴행성 무릎관절염의 진행을 막는 7가지 방법,바른세상병원,1274198,19009,2021-04-08T08:35:34Z,445,11.152416356877325,Medical Pro,Description
bgq83wRokCI,관절염,"손가락 퇴행성 관절염 집에서 치료하기, 통증 없애는 운동법, 생활치료 l 미국류마티스학회지침 수부 골관절염 운동, 생활요법, 영양제 l 닥터딩요",닥터딩요,726154,14288,2024-08-30T11:00:41Z,1111,22.02643171806168,Medical Pro,Description
Lefgi7-oEzU,관절염,퇴행성 관절염 vs 류마티스 관절염?! #Shorts #손가락통증,의학박사 박정관의 관절연구소,111069,729,2023-01-03T03:00:13Z,53,5.830903790087463,General,Description
9B2BPOI8h2c,관절염,무릎 관절염 진단이 전부가 아니다 ✔ 퇴행성관절염 극복 방법,길병원TV,69394,934,2022-03-07T07:00:02Z,356,13.282732447817835,Medical Pro,Description
KmjgrJy8pMU,관절염,[퇴행성관절염] 좋아지는 3가지 방법!! 이렇게만 따라하세요!!,나누리병원TV,67755,1142,2022-02-03T11:30:03Z,475,6.279069767441861,Medical Pro,Description
nkF2isyp2cg,관절염,휜다리가 있으면 관절염이 발생하는 이유는? | 휜다리수술 9400례 단독집도 뉴본정형외과 임창무 원장,임창무 박사의 휜다리수술 근위경골절골술,65706,414,2025-02-22T09:01:01Z,171,2.4213075060532687,General,Description
8nqzfjkMCBY,관절염,다양한 증상이 있는 무릎 퇴행성 관절염 #shorts,서울원병원TV,107097,1302,2023-10-18T03:34:12Z,52,43.47826086956522,Medical Pro,Description
8jwxspvIUjg,관절염,"류마티스 관절염, 초기 치료를 놓치게 되는 흔한 실수는? | 서울대병원 이은영 교수",서울대병원tv,58545,602,2023-01-20T07:30:01Z,408,29.224904701397712,Medical Pro,Description
oEGwggOq_aQ,관절염,[명의 의학백과📖] 류마티스 관절염의 증상,고대병원,54193,233,2023-10-15T02:00:27Z,62,3.90625,Medical Pro,Description
f7uxhsVFHyE,관절염,[메디컬 인사이트 9회] 류마티스 관절염 증상과 치료법 / YTN, YTN,52356,722,2023-12-08T13:43:37Z,1651,2.4850299401197606,General,Description
g3y1u7Yr_SA,관절염,"무릎에 물 차고 붓고 부종이 있다면, 이것부터 하세요! #무릎통증 #유정수원장 #조인트힐병원 #나를살리는1교시 #관절염 #무릎관절염 #퇴행성관절염 #유지나 #김범도아나운서",조인트힐병원,95179,438,2024-11-28T05:20:41Z,39,27.3972602739726,Medical Pro,Description
Au7ZrH5TGBg,관절염,"관절염 1기, 2기, 3기... 대체 뭐가 다른 걸까? 무릎 관절염 단계에 대한 궁금증 완전정복! - 골통 의사 윤재웅 #42 무릎통증",굿라이프,50529,838,2022-10-27T08:00:04Z,622,16.01164483260553,General,Description
IaVxyLR7hlw,관절염,관절이 뻣뻣한데...😨 류마티스 관절염? 퇴행성 관절염? 구분하기 어렵다면 집중! 류마티스 관절염의 증상부터 진단 방법까지 총.정.리🌟 류마티스내과 서창희 교수 [아주대병원TV],아주대병원TV,49693,762,2021-02-04T08:00:02Z,407,2.953367875647668,Medical Pro,Description
PdLyYfk70vA,관절염,이게 고관절 통증이라고? 헷갈리는 증상 정리,에이스병원TV,70860,368,2025-02-13T06:15:00Z,59,14.035087719298245,Medical Pro,Description
j5eW3qksrik,관절염,무 넣고 갈면 끝이라고?🫢 살도 쑥쑥 빠지고 관절염도 사라지는 초간단 무 수프 레시피😋 #다욧팅,채널아하: 채널A Health & Asset,45700,589,2026-01-06T11:01:23Z,575,4.739336492890995,General,Description
Q-w1LThSaI8,관절염,"허리 통증, 무릎 통증에 즉각적인 통증을 없애주는 관절염 영양제 조합 (퇴행성 관절염 영양제 / 관절 영양제 조합)",약사가 들려주는 약 이야기,44072,1044,2025-01-24T09:45:02Z,1290,10.500807754442649,Medical Pro,Description
s_0YstM5ijo,관절염,[실제치료후기] 10년 가까이 시달린 통증_천장관절염의 프롤로치료_청담마디신경외과 심재현원장,청담마디신경외과,52989,51,2025-06-17T14:20:39Z,325,34.73581213307241,General,Description
eI2uK_hK1Ds,관절염,관절염의 모든 것 [이지향약사의 무엇이든 물어보藥 2 8회],한국시니어TV,41003,1046,2024-11-05T12:00:06Z,2868,16.898608349900595,Medical Pro,Description
E58pq1VsbGk,관절염,"무릎통증, 관절염이 거짓말 같이 사라져요! 무릎 관절에 좋은 음식 #shorts #건강정보 #관절염",몬스테라_건강정보,38659,629,2023-07-06T15:01:49Z,60,5.681818181818182,General,Description
zhlKQ2hWhnw,관절염,퇴행성관절염 증상부터 치료방법 생활관리법까지! 한 편으로 완전정복 ft. 운동 찜질tip,S서울병원,41368,648,2022-08-24T07:15:02Z,318,48.78048780487805,Medical Pro,Description
9r8BQCpQ53U,관절염,사돈의 퇴행성 관절염을 양파로 고쳐줬다? 관절염에 좋은 양파의 효능!,바른건강,35924,517,2025-07-14T03:00:08Z,795,18.867924528301888,General,Description
jYfVcdc_3G8,관절염,무릎 관절염 뼈 주사? 연골 주사?,고대병원,53083,537,2025-02-11T05:30:29Z,32,20.83333333333333,Medical Pro,Description
eDFWtzJMBiM,관절염,무릎 관절염 무조건 좋아집니다. 쉬운 예방법 6가지 l 무릎 골관절염 비약물 치료 강력 권고 등급 l 닥터딩요,닥터딩요,33270,1088,2024-10-18T11:00:48Z,1642,21.80685358255452,Medical Pro,Description
a4uZjElZn3s,관절염,[더서울컬럼 #4] 퇴행성 관절염에 좋은 관절 운동법! #퇴행성관절염 #무릎관절염 #더서울병원,더서울병원TV 관절건강채널,42053,408,2023-09-16T06:40:44Z,60,6.28140703517588,Medical Pro,Description
GN6KF_mk6FQ,관절염,손가락 마디에 생기는 관절염🖐️,고대병원,68658,504,2025-09-16T05:30:09Z,26,16.39344262295082,Medical Pro,Description
ZJ4gvvNmNmg,관절염,관절염 4기인데도 계단을 무리 없이 올라간다? 통증 완화하는 관절염 관리법,바른건강,29085,331,2024-12-29T01:00:22Z,838,17.142857142857142,General,Description
Q1CyX0Xr0vM,관절염,관절염에 좋은 음식은 따로 있다?!,닥터고의 쓰리고TV,30840,591,2024-01-27T04:00:11Z,32,51.02040816326531,Medical Pro,Description
K7pbDPjvk2Y,관절염,관절염일 때 신으면 안되는 신발!,바른건강,26024,243,2023-06-21T05:20:54Z,713,3.968253968253968,General,Description
G3nqAhSOHfE,관절염,류마티스 관절염 의심증상! #shorts,길병원TV,26930,271,2022-09-20T01:00:03Z,56,25.210084033613445,Medical Pro,Description
OQK4KYUSuo4,관절염,류마티스 관절염에 맨붕음식! 불면증 우울증 소화불량 심해집니다.자가면역질환(루푸스 건선 크론병 천식 등) 환자는 꼭 기억하세요.증상 치료 전에 안좋은 음식 식단 조심!건강 브이로그,루이빈치과 류지헌,46060,967,2025-04-29T21:00:18Z,83,10.224948875255624,General,Description
8j8n-LaP6Ys,관절염,"[류마티스 관절염: 자가면역질환] 퉁퉁 붓고 아픈 손가락 마디 통증에 신경차단술한 60대 여성 사례. 손,  손목, 팔, 발가락에 혹, 부종 부기, 찌릿찌릿한 저림 치료",루이빈치과 류지헌,236624,12,2025-10-28T05:14:20Z,164,17.766497461928935,General,Description
zcKLLpAQr-M,관절염,#류마티스관절염 음식! 다 드셔도 되는데... l 관절에 좋은 운동,류마티비 - 아산본 류마티스내과,24206,352,2023-09-19T09:19:08Z,47,11.904761904761903,General,Description
--YpxGZ3xZE,관절염,고양이 4마리중 한마리는 관절염이 있습니다. 고양이에게 흔한 관절염을 알아보자.,윤샘의 마이펫상담소-Pet Clinic,21229,909,2025-02-20T09:00:00Z,497,12.195121951219512,General,Description
VmCAMhVjy-w,관절염,무릎까지 아프게 만드는 ‘고관절 관절염’ 예방하는 3가지 방법 #레그웰의원,이정표의 레그웰,46375,896,2025-12-11T10:00:54Z,47,20.13422818791946,General,Description
mr6RhcQr97M,관절염,"퇴행성 무릎관절염 초기 증상과 치료법, 의사가 알려주는 관절염 관리법까지 | #건강톡톡 Ep.320",서울대병원tv,20920,304,2024-07-11T08:44:47Z,472,33.854166666666664,Medical Pro,Description
bc0dLVASVA0,관절염,류마티스 관절염 진행 단계,고대병원,28746,474,2024-07-30T12:30:24Z,60,45.45454545454545,Medical Pro,Description
CMXFZuR9SuU,관절염,퇴행성 관절염과 류마티스 관절염을 구별하는 손가락 통증 부위,류마티비 - 아산본 류마티스내과,396356,1306,2025-08-21T09:44:01Z,42,18.73536299765808,General,Description
l5Spts3yRkY,관절염,무릎 관절염에 좋은 운동 - 관절염에도 맞는 운동을 꼭 하셔야 합니다.  #관절운동 #무릎관절운동,건강캠퍼스,29248,306,2024-06-16T08:00:26Z,37,8.528784648187633,General,Description
ZppyEJfT0Ms,관절염,발목 관절염 치료법! 과상부 절골술,고대병원,22275,355,2024-06-15T05:00:17Z,43,54.054054054054056,Medical Pro,Description
rxlCt-arAv8,관절염,직접 알아보는 무릎 관절염 자가진단방법!! #퇴행성관절염,나누리병원TV,18584,225,2022-01-27T11:00:24Z,356,13.25581395348837,Medical Pro,Description
l0kNVztYkFM,관절염,관절염 고위험운동은? #관절염 #무릎 #런닝,척추박사 닥터강,38119,156,2025-11-21T03:15:05Z,40,9.174311926605505,Medical Pro,Description
1k-SRWBEOuI,관절염,류마티스관절염 음식 #류마티스관절염에좋은음식 #류마티스관절염음식 #류마티스관절염에나쁜음식 #류마티스관절염식단 #류마티스관절염,이비엠TV,24477,258,2024-07-30T12:00:01Z,53,6.849315068493151,Medical Pro,Description
J6wAWqKDyAg,관절염,"495. 골다공증, 퇴행성관절염엔 반드시!! I ft 부부한의사",부부한의사,15926,437,2024-05-06T10:00:26Z,52,17.29106628242075,Medical Pro,Description
S0mcjBFR_d8,관절염,"관절염 증상부터 영양제, 치료법, 운동, 극복한 사람들 사례까지! [관절염 정복하기]",광주MBC,15798,217,2020-03-17T05:00:04Z,777,18.92744479495268,General,Description
dEy9onOlEh4,관절염,관절염 예방하고 싶다면 무릎운동 이렇게 하세요 #shorts,메디맵,20916,255,2023-02-03T08:00:27Z,31,19.607843137254903,General,Description
HybYJDxqQDk,관절염,무릎 관절염에 안 좋은 운동 #shorts,청춘병원TV,15548,86,2022-10-07T08:55:07Z,30,31.57894736842105,Medical Pro,Description
_sg94DTSBgg,관절염,마늘쫑은 퇴행성 관절염에 좋은 음식! 관절염 예방 관절건강 #관절염,효초TV,33348,401,2025-05-09T01:00:29Z,30,10.152284263959393,Medical Pro,Description
UbOyWU26lf0,관절염,관절의 통증을 멈추는 음식?? - 관절염 잡는 5가지 음식 - 50대 중년 이후 필수 건강 관리 방법 주의사항,건강천재 - 건강정보,14031,321,2024-03-10T11:00:20Z,31,18.01801801801802,General,Description
U-aXIecSjrk,관절염,운동·작업 후 아파오는 어깨 원인은 견봉쇄골관절염?,삼성본병원,13859,38,2025-06-27T06:35:16Z,327,27.5049115913556,Medical Pro,Description
o5b_ldFwqyg,관절염,"꿀 효능! 매일 아침 꿀과 '이것' 한스푼  먹으면 관절염, 불면증, 기침가래 싹 사라집니다🐝🍯 만성염증, 독소 싹 빼주는 최고의 레시피 TOP 5!  [건강 음식 정보]",건강생활,13527,523,2026-01-03T10:15:13Z,1667,8.71313672922252,General,Description
_dlrnS2os9g,관절염,관절염 ‘이 영양제’ 드시면 됩니다! | 류마티스 영양제 추천,류마티비 - 아산본 류마티스내과,13560,498,2024-07-30T12:30:33Z,330,13.736263736263735,General,Description
KktkpzWnVYc,관절염,줄기세포로 무릎 관절염을 고친다? 과연 효과 있을까? - 제애정형외과 서희수 원장 6회  #퇴행성관절염 #줄기세포치료,굿라이프,12742,256,2024-10-17T22:00:14Z,296,11.52519893899204,General,Description
CMcwno8MTKY,관절염,[공필의정]관절염 최강 운동 누구나 할 수 있는! #척추관절병원 #관절염,연세건우병원,31705,235,2025-11-28T12:12:16Z,47,35.08771929824562,Medical Pro,Description
AZ0X0dAyuos,관절염,두릅과 함께 먹으면 관절염에 좋은 음식,건강안내,11992,130,2024-04-18T09:00:11Z,37,18.867924528301888,General,Description
9DN7-nXTjIo,관절염,류마티스관절염의 회복을 돕는 엘보(팔꿈치) 마디풀이 💪🏻,닥터김 능인테라피 Neung-in Therapie,11653,305,2024-06-28T08:08:42Z,58,28.169014084507044,Medical Pro,Description
QXr24sf0GBE,관절염,관절염을 더 키우는 최악의 생활습관 | 퇴행성 관절염에 도움이 되는 방법,김수연의 우아한 노화,21965,228,2025-09-29T06:12:59Z,38,7.8125,General,Description
x6zK2pzpCRk,관절염,"""류마티스 관절염에 줄기세포 치료법”손가락 마디 통증,엄지 발가락 혹 자가면역질환 원인 치료.허리 손목 무릎 저림 부종 증상에 염증 음식 뚝! 오메가3 양양제보다 관절 통증 싹!",루이빈치과 류지헌,21423,526,2025-04-19T02:20:37Z,89,11.185682326621924,General,Description
MIPy6IHNMtc,관절염,무릎 관절염에는 냉찜질? 온찜질?,바른세상병원,13894,63,2024-03-15T00:37:44Z,39,24.59016393442623,Medical Pro,Description
9UaUzP2E9i8,관절염,[all숨 캠페인 x 명지병원] Ep.4 관절염에는 이 운동을!,바른건강 캠페인,20151,276,2024-07-03T00:47:11Z,59,14.492753623188406,General,Description
U-OIzVYn8VI,관절염,"류마티스 관절염, 관리하는 방법 #1분건강",서울대병원tv,13539,66,2024-08-14T08:00:31Z,25,22.22222222222222,Medical Pro,Description
bbf_IlyRh4A,관절염,"🔥 #무릎관절염 4기 진실! ""수술 필요 없습니다""ㅣ#환자사례",CM병원,7736,90,2024-11-15T09:00:52Z,237,37.59398496240601,Medical Pro,Description
oiVIsU-1qKk,관절염,"무릎관절염, 지금 필요한 건 약이 아닌 근본 치료입니다. #관절염",장덕한방병원,15246,346,2025-03-31T08:44:13Z,24,59.70149253731344,Medical Pro,Description
saJOikeej_E,관절염,무릎 통증 관절염에 좋은 7가지 약초,웰빙마켓,10357,124,2024-01-07T20:30:05Z,58,34.48275862068966,General,Description
xOz-GyKkMsM,관절염,감자는 관절염과 무릎 통증에 효과적인 식품입니다. #관절염 #무릎통증,효초TV,10007,211,2024-12-08T21:00:36Z,21,34.68208092485549,Medical Pro,Description
gC1_kFwrFPA,관절염,무릎 관절염 환자는 어떤 운동을 하는 것이 좋을까요?,한국보훈복지의료공단,9269,21,2025-09-12T00:03:35Z,43,22.988505747126435,General,Description
lS3Q6RWjYsA,관절염,"지옥의 통증, 관절염 탈출하는 특급 운동법 | 엄지의 제왕",MBN Entertainment,21124,90,2025-05-16T07:32:44Z,21,15.61855670103093,General,Description
sNgwflr0Ais,관절염,팔꿈치 관절염 때문에 팔을 굽히고 펼 수 없어요,마디사랑병원,7131,5,2025-08-21T08:10:28Z,129,15.873015873015872,Medical Pro,Description
i7f7bQxpVpQ,관절염,무릎 내측 관절염 2기 상태는?,고대병원,14091,115,2025-04-18T05:30:20Z,35,18.867924528301888,Medical Pro,Description
1gaHZW4MymY,관절염,손가락 관절 변형을 예방할 수 있는 치료 방법 #관절염치료 #약물치료,류마티비 - 아산본 류마티스내과,15986,84,2025-09-17T09:00:06Z,41,29.26829268292683,General,Description
euENJN39MUM,관절염,"무릎 통증의 진짜 이유, 골관절염 초기 증상과 원인은? / 무릎관절 EP.14-1 [명의가 답하다]",의학채널 명답,11441,19,2025-12-05T08:01:03Z,855,12.82051282051282,General,Description
NIFTczgc9ds,관절염,"퇴행성 관절염도 가능한 운동 [유산소,관절,코어]  - 새길병원",이대영의 새길TV,7954,74,2023-10-06T08:09:47Z,50,17.24137931034483,Medical Pro,Description
geLP-mzshgY,관절염,관절염과 두통 치료에 이용됐다는 고대 이집트 '피카츄' - 고대 이집트 시절 물고기 치료 요법 - 고대 이집트 저주파 전기 자극 치료법 – 인디언의 영원한 보조배터리 전기뱀장어,야! 그게 말이 되냐!?,6222,41,2024-07-25T06:45:04Z,39,30.76923076923077,General,Description
oOxbEG61D9U,관절염,류마티스다발근통vs류마티스관절염vs섬유근육통,류마티비 - 아산본 류마티스내과,22072,1516,2024-05-17T03:00:34Z,50,42.85714285714285,General,Description
7lFt_DEhFRo,관절염,[퀵&퀴즈] 관절염 증상과 치료법,한국보훈복지의료공단,15068,292,2024-06-03T07:45:43Z,60,54.7945205479452,General,Description
0N2lIFSEhB8,관절염,퇴행성 무릎관절염 초기 증상은? #1분건강,서울대병원tv,7800,82,2024-06-29T22:45:00Z,42,61.224489795918366,Medical Pro,Description
CB2IgyNKaWc,관절염,지긋지긋한 관절염 이 음식 드세요  #관절염 #무릎통증 #계단오르기,MovieTalk,15024,233,2025-07-25T21:00:14Z,22,23.37662337662337,General,Description
4MPqpG5_1OA,관절염,척추박사 닥터강이 알려주는 퇴행성관절염 | 원인과 치료법에 대해 알려드립니다!,척추박사 닥터강,5394,71,2024-03-26T00:37:59Z,56,11.108179419525063,Medical Pro,Description
DAkRjjM9YPw,관절염,"🌿화살나무를 아시나요!? 류마티스 관절염 환자분들, 주목해주세요!",국립생물자원관,5818,76,2024-02-02T10:05:37Z,54,13.605442176870747,General,Description
lTcZjFAyMyo,관절염,팔만 올리면 어깨가 찌릿? '견봉쇄골관절염'과 빠르게 이별하는 법,더서울병원TV 관절건강채널,5082,59,2025-01-24T03:00:37Z,317,25.45968882602546,Medical Pro,Description
mLJnOweZyKc,관절염,JTBC GOLF 장은비 프로가 알려주는 건강 상식! / 관절염에는 도가니탕이 좋다?!,헬스중앙,5013,12,2024-12-20T07:30:14Z,59,2.192982456140351,General,Description
Gd8IycOzLt8,관절염,생강 매일 먹는다면 꼭 알아야 할 사실! 관절염 막는 생강의 놀라운 효능 #생강 #항산화 #중년건강 #건강꿀팁 #당뇨 #치매,몸튼튼365,13443,400,2025-12-04T00:51:59Z,17,6.779661016949152,General,Description
Oe47-L2s8sM,관절염,검은콩 이렇게 드시고 계셨다면 관절염이 올 수 있습니다 #검은콩 #관절염예방 #건강식품,건강쉼터365,13777,298,2026-01-11T11:02:10Z,59,14.814814814814817,General,Description
zYKvAPVy4AU,관절염,"무릎 연골주사, 왜 3번이나 맞아야할까? #관절염",닥터힐러 최준하,6013,53,2024-02-13T09:29:49Z,38,14.83679525222552,Medical Pro,Description
kyOAJQdD6m4,관절염,관절염ㆍ디스크 환자 달리기 해도 된다? 안된다?(feat.서울의대 교수),머니올라_KBS,9186,63,2025-05-03T06:00:48Z,59,2.820512820512821,General,Description
6rLb5wTtiCQ,관절염,류마티스 관절염 손목 연골이 닳아 변형이 되는 기간?,류마티비 - 아산본 류마티스내과,4265,26,2024-04-10T12:00:05Z,45,53.89221556886228,General,Description
11yxOFj5v_Y,관절염,관절염에 난각막 가수분해물? 효과 딱 알려드립니다.(강황-터마신과 비교),근거중심이약사,4036,133,2025-06-04T08:48:11Z,231,16.216216216216218,Medical Pro,Description
4S69xPILvZ0,관절염,"휴식부터 수술까지, 견봉쇄골관절염 치료 방법 #설닥터",더서울병원TV 관절건강채널,6607,29,2025-03-31T03:27:51Z,59,22.17294900221729,Medical Pro,Description
r5YzwuSlNN4,관절염,관절염 약 오래 복용하면 부작용 있다? 관절염 약 부작용 없애는 법,바른건강,3886,50,2024-01-26T09:00:04Z,884,48.27586206896552,General,Description
GZV1zG6k6xY,관절염,"견봉쇄골관절염, 왜 생기고 언제 아플까 #설닥터",더서울병원TV 관절건강채널,5806,33,2025-03-24T03:00:13Z,60,10.845986984815616,Medical Pro,Description
UU7qx0Ykojk,관절염,나만 몰랐던 신의료기술의 진실 #골수줄기세포 #관절염,닥터고의 쓰리고TV,3841,76,2024-01-13T04:00:09Z,33,14.084507042253522,Medical Pro,Description
awk28fLhFsk,관절염,"다음 중 무릎 통증의 원인, 무릎 관절염 사진은 몇 번일까요? #관절염 #유정수원장 #조인트힐병원 #나를살리는1교시 #유지나 #무릎통증 #무릎관절 #무릎관절염 #퇴행성관절염",조인트힐병원,3896,34,2024-11-26T05:27:21Z,30,41.66666666666666,Medical Pro,Description
13RaDOq4SVQ,관절염,무릎 퇴행성 관절염에 줄기세포 치료는 효과가 있을까? - 제애 정형외과 서희수 원장 #무릎 #무릎관절염 #관절염 #관절염치료 #퇴행성관절염 #줄기세포 #줄기세포치료,굿라이프,4644,81,2024-12-07T12:00:02Z,57,2.467248908296945,General,Description
LU1D2rb6yxc,관절염,무릎에 물이 차는 이유 #관절염 #무릎관절,현대유비스병원,8437,33,2025-08-14T12:00:44Z,27,45.45454545454545,Medical Pro,Description
PYcAmEbM9Tk,관절염,관절염 걱정없이 노년에 편안한 무릎 만드는 방법  #비타민b3 #관절염,배석철의 비타민B3 LAB,7609,229,2025-06-10T03:48:58Z,82,14.1287284144427,General,Description
LeOWLi7qTn8,관절염,퇴행성 관절염 수술 후 주의사항  l 관절수술 l 여수애양병원 정형외과 정광민 부장,여수애양병원TV,4142,84,2023-05-15T11:15:01Z,32,98.59154929577464,Medical Pro,Description
DtHfEF90Oh0,관절염,"""류마티스 관절염에 찰떡음식"" 집에서 자가면역질환 자가치료에 추천.단, 밀가루 우유 견과류는 뚝! 면역력 높이는 영양제 vs 자가면역질환(아토피,크론병)에 좋은 음식, 최종선택은?",루이빈치과 류지헌,6683,268,2025-07-20T02:00:12Z,164,8.433734939759036,General,Description
VEG06Ama1sw,관절염,관절염 초간단 진단법 #알아야산다,병원접수,7199,26,2026-01-01T02:30:36Z,59,46.51162790697674,Medical Pro,Description
IO9WVbgp0Qo,관절염,관절염 약의 부작용과 합병증 #shorts,길병원TV,3640,55,2023-06-29T05:00:14Z,55,21.887824897400822,Medical Pro,Description
me9kMhk6z7c,관절염,"보스웰리아, 관절염에 어떻게 도움될까?",바른건강,3085,71,2024-07-03T03:00:28Z,689,6.756756756756757,General,Description
U49t7jNSGP4,관절염,"약 말고, 관절염 줄이는 운동법 3가지 알려드릴게요  #관절염 #관절통증 #60대운동 #무릎관절 #관절건강 #염증완화 #관절운동",든든시니어튜브,7643,163,2025-06-27T04:30:18Z,39,16.0,General,Description
1Dy7_1tJ_xo,관절염,ENG l 류마티스 관절염에 좋은 음식과 영양제 총 정리 #염증 #류마티스병원,류마티비 - 아산본 류마티스내과,2944,64,2025-02-27T10:00:15Z,258,14.084507042253522,General,Description
nHzdpPeB-WA,관절염,2주동안 콘드로이친 섭취 실험! 관절염에 효과 있을까?,바른건강,2846,34,2024-03-18T03:00:22Z,626,13.0718954248366,General,Description
0Y6DB8fJuHo,관절염,무릎 수술 후 무작정 걸으면 안됩니다!!! #관절염 #재활치료 #무릎관절염,힘찬병원,2664,71,2023-11-04T05:00:00Z,58,62.5,Medical Pro,Description
cSFSWYUesGM,관절염,관절염에 좋은 영양제 추천 세 가지 #관절영양제,류마티비 - 아산본 류마티스내과,7449,40,2025-07-04T08:55:05Z,50,15.92356687898089,General,Description
3n56hGX4uaA,관절염,통증으로 달라진 일상! 퇴행성 관절염으로 인해 떨어진 관절 유연성 | 리얼 건강 심판쇼 헬스판사 11 회,채널아하: 채널A Health & Asset,2522,15,2025-12-22T08:30:30Z,353,12.987012987012989,General,Description
5l3xnnUe4MU,관절염,류마티스관절염 증상 방치한다면? #shorts,분당서울대학교병원,2571,46,2023-04-21T07:15:00Z,59,18.65671641791045,Medical Pro,Description
7zZfLnsclRg,관절염,[연세사랑병원] 관절염 이것 때문에 염증이 생긴다  치료방법 비교해드립니다!,연세사랑병원,2432,24,2025-02-17T06:37:13Z,218,48.95104895104895,Medical Pro,Description
I3rUIog9vAw,관절염,#부산발목 그만 겪고 싶은 통증 #발목관절염 총론!,부산풋사랑정형외과,3248,36,2024-04-12T01:56:10Z,60,24.91694352159469,General,Description
XeD1tJvb90I,관절염,"무더운 여름, 류마티스 관절염 심해지는 이유와 예방법",심장이 콩닥콩닥,5313,53,2025-07-09T02:18:54Z,57,5.291005291005291,General,Description
vS2NCaExXwQ,관절염,"무릎에서 소리 나는 당신, 관절염의 진짜 원인",고려대학교 안암병원,6615,28,2025-08-21T08:03:45Z,40,24.793388429752067,Medical Pro,Description
0bynIvpvPqQ,관절염,"무릎 관절염 운동, 어떻게 해야할까요? #shorts",청춘병원TV,2378,21,2023-03-28T11:00:02Z,28,26.785714285714285,Medical Pro,Description
jMU6R1b8wCM,관절염,극심한 관절염 통증 잡아 주는 철갑상어 콘드로이친👍 | 오! 마이 홀릭 9회 | JTBC 241217 방송,JTBC Life,2184,18,2024-12-17T04:04:16Z,262,6.802721088435374,General,Description
YDjX4KNXW-g,관절염,축구를 많이 하면 퇴행성 무릎관절염 일찍오나요? #1분건강,서울대병원tv,2351,24,2024-06-28T10:03:17Z,27,41.32231404958678,Medical Pro,Description
T_PA8PGA6Gg,관절염,발목 관절염 주요 수술방법,고대병원,2969,38,2025-03-12T05:30:21Z,40,17.24137931034483,Medical Pro,Description
Kl-fZ-n2r7A,관절염,관절염이 생기는 가장 큰 원인,강철병원,2170,9,2024-11-06T05:00:14Z,38,109.5890410958904,Medical Pro,Description
c7jfyp-fTzU,관절염,의사들도 놀랐습니다. 관절염 사라지는 음식 4가지,건강한한국인 건강정보,5814,147,2025-10-16T11:01:12Z,26,17.21170395869191,General,Description
h6gX1ieOLm0,족저근막염,"족저근막염 이 영상 하나로 종결!! (원인, 치료, 스트레칭 방법 등) 병원 가기 전에 꼭 보세요!",김범수교수의 발편한세상,1571977,41813,2021-04-10T10:03:20Z,603,8.450704225352112,General,Description
WNBBoXLzhEk,족저근막염,유리발목도 신고 뛰기 좋은 런닝화 추천🔥 #족저근막염 #발목통증 #런닝화 #shorts,징가 다이어트,1280503,22373,2024-03-29T11:38:11Z,30,40.0,General,Description
uS938rt_3fA,족저근막염,족저근막염 발바닥 통증 잡는 초간단 테이핑! #shorts,관절사용설명서,1220994,14520,2022-06-28T09:30:09Z,57,23.529411764705884,General,Description
nl-_GRoHO4I,족저근막염,3분만에 발바닥통증(족저근막염) 없애는 방법.,"재활운동 물리치료사, 박PT",1187515,19450,2023-05-02T08:40:01Z,44,60.60606060606061,General,Description
Z7phaq4mqb8,족저근막염,족저근막염 치료? 발바닥 통증 해결!(아킬레스건염도 효과 좋아요!),물리치료사.PT재석,973175,27168,2019-06-26T11:09:43Z,873,12.29106628242075,General,Description
1yJwleqY73s,족저근막염,"과학적으로 검증된 족저근막염 탈출하는 방법(빠르고 효율적인 방법), 빡빡이 아저씨가 알려줄게-12 (eng sub)",피지컬갤러리,959755,21763,2018-05-19T02:01:46Z,205,8.474576271186441,General,Description
ACq_ms4W7_I,족저근막염,손흥민도 겪었던 족저근막염,고대병원,1129823,17259,2024-02-25T04:00:04Z,31,58.8235294117647,Medical Pro,Description
LdmKxuWH1n0,족저근막염,발에도 코어 근육이? 발바닥 근력 강화 운동,고대병원,858346,24612,2024-06-26T09:00:14Z,47,19.23076923076923,Medical Pro,Description
4x7vH3LKZW8,족저근막염,족저근막염 자가진단 테스트,하늘병원,900818,2884,2023-06-05T07:18:35Z,11,64.51612903225806,Medical Pro,Description
U8xHacBkdk0,족저근막염,"""웬만한 발 통증 다 사라집니다"" 100세까지 두 발로 걷게 해주는 '초간단' 기적의 운동법 | 김범수 정형외과 교수 (인하대병원 족부전문의) 빅퀘스천 1부",빅퀘스천 Big Questions,518027,11503,2025-07-03T08:00:36Z,1367,6.633499170812604,General,Description
BTErDjv2ADM,족저근막염,[용 in 세브란스] 족저근막염 스트레칭 방법 두 가지!,용인세브란스병원,503093,6092,2020-01-02T10:06:11Z,232,36.64921465968586,Medical Pro,Description
vmSvkgYgBXo,족저근막염,하루 딱 10초 스트레칭해주니 10년 넘게 따라다닌 족저근막염 감쪽같이 사라졌다 | 우리 몸의 제2의 심장 발 통증에서 벗어나는 법 | 명의 | #EBS건강,EBS 건강,502703,5849,2023-12-23T09:00:42Z,842,12.958963282937365,General,Description
zF6pKy4jVGQ,족저근막염,발목 & 발바닥 통증 없애는 간단 1분 운동,문쌤재활,858968,9276,2024-10-06T05:15:06Z,15,7.075471698113208,General,Description
CneK6xd0rzE,족저근막염,족저근막염 아직도 마사지만 하세요? / 족저근막염 절대 안 낫는 이유와 치료법,리얼리햅,440708,5198,2020-05-26T13:10:10Z,418,10.471204188481677,General,Description
902U2qM4X6c,족저근막염,족저근막염 원인과 간단한 해결 방법,보약밥,1197695,8882,2025-10-22T12:15:18Z,37,32.57328990228013,General,Description
dTpJ08e1ft4,족저근막염,족저근막염 운동 3가지,뻔더,430276,14565,2024-04-23T08:48:00Z,42,8.298755186721992,General,Description
mYXruqRRAvA,족저근막염,[족저근막염1편] 족저근막염 기초 셀프치료,물김치TV-물리치료사김선생의셀프치료,343949,6471,2021-01-05T05:08:39Z,393,6.944444444444445,Medical Pro,Description
Wnqhqc32I-w,족저근막염,족저근막염뿐 아니라 발건강에 가장 중요한 것,오만스토리,710647,7494,2025-12-06T10:00:51Z,41,24.09638554216868,General,Description
job57Dk2mjw,족저근막염,족저근막염 스트레칭 마사지 가 발바닥통증 의 근본적인 치료 가 될 수 없는 이유,Mr.Physio 호주물리치료사,330300,5817,2019-10-24T08:05:33Z,429,14.608233731739707,General,Description
4TmWoxSwm0M,족저근막염,"발바닥통증 족저근막염치료 이대로 하시면 반드시 좋아집니다. (원인, 치료, 스트레칭, 맛사지)[대전우리가족한의원 류수업 원장]",한의사 류TV,320743,6114,2023-02-07T15:14:04Z,892,21.78649237472767,Medical Pro,Description
vn2i9sajojg,족저근막염,(운동 영상 포함) 족저근막염이 잘 낫지 않는 이유... 발 코어 근육 때문?,김범수교수의 발편한세상,319104,9295,2022-12-20T10:00:10Z,707,16.35514018691589,General,Description
1m5Kf-KciYc,족저근막염,"족저근막염에 대한 효과적인 최근치료법  발통증환자  필수영상, 족저근막염 진단을 받은환자의 상당수가 다른 질병이 원인이다!! 족근관 증후군",서울면목동대한민국의원정형외과,316327,5637,2021-01-21T04:59:10Z,1115,33.333333333333336,General,Description
AmDUSO7mLHs,족저근막염,발바닥 통증 해결하는 스트레칭!(족저근막염) / 솔병원 나영무,의학채널 비온뒤,299480,4555,2023-05-01T22:00:07Z,54,8.099547511312217,General,Description
XfpKbu0aFek,족저근막염,"병원에서 알려주지 않는 발바닥 통증, 족저근막염 치료법, 단돈 500원으로 하루 1분만 투자하세요! 무조건 좋아집니다",이정표의 레그웰,250416,4487,2025-03-03T10:29:29Z,1062,36.76470588235294,General,Description
6oPzAdyH4-Q,족저근막염,스트레칭 그만! 족저근막염 운동 치료 신발 양말 깔창 꿀팁 by 호주물리치료사,Mr.Physio 호주물리치료사,230297,5672,2019-10-26T03:00:56Z,857,1.666666666666667,General,Description
tku2Nqz6e_k,족저근막염,"족저근막염스트레칭, 하루 10분 투자로 발바닥통증 종결하는 4가지 동작!",연세사랑병원,222149,3368,2021-05-04T11:00:16Z,747,31.390134529147986,Medical Pro,Description
Wfhdt_Zuyjo,족저근막염,발바닥 통증을 줄여주는 마사지(족저근막염),척추요정 안선생,283467,3851,2023-02-06T08:58:21Z,27,7.8125,General,Description
nw8EkQv6Ugs,족저근막염,"발바닥이 찢어지는 통증, ‘족저근막염' 초간단 셀프 치료법! - 이경석의 척추88 #191 - 족저근막염",굿라이프,212786,3220,2023-08-09T08:00:20Z,437,3.8916876574307295,General,Description
1293T6YXYTE,족저근막염,"내 발 건강에 좋은 신발을 찾는 확실한 방법(족저근막염, 무지외반증, 아킬레스건염, 지간신경종, 관절염, 당뇨 등 질환별 좋은 신발 총정리)",김범수교수의 발편한세상,183114,3418,2022-04-16T07:03:56Z,707,14.492753623188406,General,Description
eSmw2XoJTmg,족저근막염,"뒤꿈치 아프다면 '족저근막염' 가능성…""초기에 잡아야"" / SBS",SBS 뉴스,179784,845,2023-01-22T23:10:12Z,134,1.8069306930693072,General,Description
1UlWL2Urruk,족저근막염,딱 10초만! 통증은 사라지고 발이 편안해집니다. (족저근막염),건나물TV,177468,4323,2022-06-09T23:00:02Z,561,6.711409395973154,Medical Pro,Description
GGIUHqSaC70,족저근막염,5분 만에 족저근막염 증상을 줄여주는 방법! [2탄], 피지오스튜디오 PHYSIOSTUDIO,171799,1761,2023-04-06T08:00:12Z,44,47.61904761904762,General,Description
t7YdwVAtiKI,족저근막염,발바닥 통증(족저근막염 등)은 여기 딱 3번만 눌러주면 싹 없어집니다. / 밸런스온 베타젤 인솔,알쓸물치,164106,2198,2023-05-12T10:00:43Z,431,9.400352733686066,General,Description
HR30Z3qIupc,족저근막염,족저근막염 발바닥 통증 시~원하게 해결! #shorts,관절사용설명서,165002,2948,2022-05-03T09:30:03Z,39,23.25581395348837,General,Description
NeOLqsMx850,족저근막염,"맨발 걷기, 이런 분은 주의하세요! #발건강 #무지외반증 #족저근막염",김범수교수의 발편한세상,157176,1941,2023-08-28T22:45:00Z,54,6.644518272425249,General,Description
K88WQ3sOHPM,족저근막염,"67. 발뒤꿈치,Fersensporn. 통증 과 각질,족저근막염 톡특한 원인 1년,경과.45세 여자",NewKsns,141799,1434,2017-09-14T13:24:23Z,481,17.59530791788856,General,Description
Y3jJFrKgH3U,족저근막염,발바닥통증 테이핑 한줄로 끝내는 족저근막염 테이핑!,관절사용설명서,139953,2212,2021-06-12T00:00:05Z,152,23.890784982935152,General,Description
jcdGhHo6-o4,당뇨,"당뇨병, 고혈압이 아닌, 대사증후군 바로알기",닥터조의 건강이야기,911766,13700,2016-04-03T01:25:33Z,3182,0.5,General,PreCovid_Supplement
Q_-fKlhyU5o,당뇨,조동혁원장의 건강강좌: 당뇨/비만/고지혈증 식단이야기  [센빈센트병원 2016년 11월 12일],조동혁의100세 건강시대,62198,1290,2016-11-13T09:05:32Z,3334,0.5,General,PreCovid_Supplement
Wq23TrCsGwQ,당뇨,"[황성수TV] 건강검진 결과, 고혈압과 당뇨가 나타난 당신에게",황성수힐링스쿨,37910,522,2016-07-12T02:43:36Z,237,0.5,General,PreCovid_Supplement
D1qeUERr-k0,당뇨,당뇨 치료약들의 선택순서 [조동혁 내과/신장내과] 100세 건강시대,조동혁의100세 건강시대,26148,541,2016-10-02T06:27:37Z,756,0.5,General,PreCovid_Supplement
A8swqbczjDA,당뇨,물만 잘 마셔도 건강…노인·당뇨환자일수록 효과↑ / YTN 사이언스,YTN 사이언스,15975,105,2016-03-21T21:03:17Z,118,0.5,General,PreCovid_Supplement
AEw1Qj_pElw,당뇨,"008  20160523 당뇨약보다 좋은 비타민D - 임대순 원장 - Dae Soon Rheem, MD",임대순비타민D 박사,12921,156,2016-06-11T21:13:36Z,132,0.5,General,PreCovid_Supplement
rJZg7bD_Gq0,당뇨,당뇨 총론1 - [조동혁 내과/신장내과] 100세 건강시대,조동혁의100세 건강시대,6415,178,2016-06-22T07:31:32Z,547,0.5,General,PreCovid_Supplement
HvD2zcnYGWU,당뇨,인슐린펌프로 당뇨 치료하고 되찾은 건강으로 손주 돌보며 행복하게 지내는 장병희씨의 당뇨병 치료 이야기!,당뇨TV#,6260,55,2016-07-04T14:24:29Z,345,0.5,General,PreCovid_Supplement
ZNY5pnA4t5k,당뇨,[건강톡톡] 침묵의 살인자 ‘당뇨’를 잡아라,KBS News,4084,19,2016-05-17T00:16:47Z,354,0.5,General,PreCovid_Supplement
VJonICCpRqA,당뇨,KBS2 당뇨와 치아건강/이용준원장(강남푸른치과),pamica,3602,4,2016-04-24T23:36:09Z,77,0.5,General,PreCovid_Supplement
ogkpqY7rLfw,당뇨,[당뇨치료사례]평균 혈당이 300! 그러나 인슐린 펌프 덕분에 행복한 송명호씨의 당뇨극복기!,당뇨TV#,2495,31,2016-09-23T07:08:58Z,307,0.5,General,PreCovid_Supplement
zPzgnlCMS0I,당뇨,당뇨강의 안내 - [조동혁 내과/신장내과] 100세 건강시대,조동혁의100세 건강시대,1747,30,2016-05-05T08:25:40Z,143,0.5,General,PreCovid_Supplement
858HO551yRs,당뇨,"치아로 보는 전신건강! 고혈압, 당뇨 주의! ‘퇴축형 치아’ [내 몸 사용설명서] 114회 20160805",TVCHOSUN - TV조선,1133,6,2016-08-05T14:00:00Z,85,0.5,General,PreCovid_Supplement
Dc89Qu6-QwQ,당뇨,인슐린펌프로 당뇨치료하고 되찾은 건강으로 운동을 다시 할 수 있게 되어서 감사합니다! 당뇨합병증도 이제 두렵지 않아요!,당뇨TV#,1007,15,2016-10-13T09:06:14Z,321,0.5,General,PreCovid_Supplement
OSRiEV4tD_Q,당뇨,"건강하게 삽시다 ""당뇨""",쿠키건강TV / KUKI HEALTH TV,532,0,2016-03-07T01:49:58Z,1001,0.5,General,PreCovid_Supplement
CugfuiJbzDA,당뇨,"KNN 건강365 봉생병원, 당뇨 환자의 겨울철 발 관리",봉생기념병원(Bongseng Memorial Hospital),354,3,2016-12-27T01:45:05Z,175,0.5,General,PreCovid_Supplement
KE8T4ZmIkec,당뇨,"당뇨·고혈압 환자, 동네 병원과 전화상담도 건강보험 인정 / YTN (Yes! Top News)", YTN,339,0,2016-06-07T23:40:54Z,129,0.5,General,PreCovid_Supplement
-i0N3lxmdSQ,당뇨,"""한국인 10명 중 6명 '건강 이상""…고혈압·당뇨 많아",보건복지부TV,268,3,2016-11-30T01:32:09Z,112,0.5,General,PreCovid_Supplement
ksemHQG0HZA,당뇨,국민건강검진 10명 중 6명 비정상…고혈압ㆍ당뇨 많아,연합뉴스TV,250,0,2016-11-28T01:22:19Z,44,0.5,General,PreCovid_Supplement
yjjrLt4pwGY,당뇨,"당뇨·고혈압 환자, 동네 병원과 전화상담도 건강보험 인정 / YTN 사이언스",YTN 사이언스,183,0,2016-06-08T03:27:27Z,125,0.5,General,PreCovid_Supplement
XyfZBbC0bHg,고혈압,"[양일권 박사 건강강좌] 고혈압, 당뇨병 치료될 수 있다",백투에덴TV,40851,219,2016-07-20T07:07:36Z,630,0.5,General,PreCovid_Supplement
o7T5w905UUM,고혈압,고혈압 약의 선택 가이드라인 [조동혁 내과/신장내과] 100세 건강시대,조동혁의100세 건강시대,23521,425,2016-10-26T06:55:42Z,695,0.5,General,PreCovid_Supplement
h4-9wonnkj0,고혈압,서울대학교병원 강남센터 12월 건강강좌 : 고혈압 약물 이야기,서울대학교병원 강남센터,7285,81,2016-04-19T06:58:43Z,1637,0.5,General,PreCovid_Supplement
0a-p6LXQfbI,고혈압,[황성수TV] 건강검진 결과 고혈압 위험군이라고 합니다,황성수힐링스쿨,3687,73,2016-10-22T08:58:40Z,180,0.5,General,PreCovid_Supplement
62IkOpn7H3g,고혈압,고혈압 낮추는 방법 알아보기 2편 [하늘건강나음터 이성윤 원장 강의]  Learn how to lower your high blood pressure 2,자연치유하늘건강나음터,812,9,2016-12-08T01:22:37Z,204,0.5,General,PreCovid_Supplement
hYhkr8T7-bc,고혈압,고혈압ㆍ당뇨ㆍ5대암 확진검사 무료…국가검진 확 바뀐다,연합뉴스TV,803,3,2016-07-28T04:47:49Z,113,0.5,General,PreCovid_Supplement
DHydDHJuGAs,고혈압,콜라·주스 일주일 7번 마시면 고혈압 위험 10배 / YTN 사이언스,YTN 사이언스,426,2,2016-10-25T07:38:18Z,89,0.5,General,PreCovid_Supplement
2U6eX5rVggU,고혈압,"[메디컬 뉴스] 겨울철 눈 건강 빨간불, 고혈압망막증 . 눈 중풍↑",한국경제TV,271,3,2016-01-21T02:01:09Z,72,0.5,General,PreCovid_Supplement
joV5_zPu-ME,고혈압,한국인 10명 중 6명 '건강 이상'…고혈압·당뇨 많아,보건복지부TV,176,1,2016-11-30T01:48:11Z,112,0.5,General,PreCovid_Supplement
u4sl5VSh_bk,암,"[통합암치료로드맵] 항암치료 중 건강보조식품, 괜찮을까? - 김진목",파인힐병원 - 김진목TV,71379,546,2016-06-23T13:05:57Z,143,0.5,General,PreCovid_Supplement
Fd5IZ6XcKqE,암,"[암치료전략] 암환자인데, 건강식품, 한약, 홍삼이 도움이 되나요? - 류영석 원장",류영석TV,62430,594,2016-06-15T07:01:32Z,197,0.5,General,PreCovid_Supplement
891Mlfd0YDU,암,"[건강 돋보기] 위암, 대장암 예방하는 '내시경 검사'…유의할 점은? / YTN 사이언스",YTN 사이언스,50200,234,2016-01-28T08:01:04Z,566,0.5,General,PreCovid_Supplement
e0FFtJxhdCI,암,[암치료전략] 현미를 건강하게 먹는 방법 - 류영석 원장,류영석TV,47303,344,2016-03-09T08:03:04Z,337,0.5,General,PreCovid_Supplement
jB8HqgOauso,암,[건강톡톡] 내 몸이 보내는 적신호 ‘혈뇨’…자칫 암 놓칠수도,KBS News,34258,164,2016-05-10T00:49:15Z,306,0.5,General,PreCovid_Supplement
LQtE3eSfwis,암,건강간증 - 육종암(신동윤 님)-벧엘수양원,Bible Bridge,13225,0,2016-05-31T11:24:50Z,2614,0.5,General,PreCovid_Supplement
N3nXibRQDGM,암,[양일권 박사 건강강좌] 암치료의 마지막 소망 후성유전학이란?,백투에덴TV,10817,104,2016-08-08T02:31:12Z,1558,0.5,General,PreCovid_Supplement
m0T3Ne0eqHw,암,고주파온열암치료(TBC건강365),동키,5704,17,2016-04-08T07:49:42Z,1974,0.5,General,PreCovid_Supplement
-5vzQCVhr7k,암,[똑똑한 건강검진] 17. 대장암 검진,인제대학교 백병원,4824,76,2016-07-08T05:48:31Z,503,0.5,General,PreCovid_Supplement
ccBHHbgQAbU,암,"[충무아트홀 건강강좌] 전립선비대증, 전립선암 예방과 치료 / 서울백병원 비뇨기과 여정균 교수",인제대학교 백병원,4484,24,2016-07-07T00:43:07Z,3027,0.5,General,PreCovid_Supplement
w14orr8_PdE,암,암을 예방하는 생활수칙 - 4) 예방접종으로 건강적중,국가암지식정보센터,2912,7,2016-06-28T05:43:21Z,26,0.5,General,PreCovid_Supplement
qXUask21L9g,암,누르면서 예방한다! 암예방 ‘지압법’ (건강백서) @좋은아침 4910회 20160829,SBS Entertainment,2465,35,2016-08-29T05:34:19Z,223,0.5,General,PreCovid_Supplement
AeFTaKB11UE,암,조기 발견이 중요한 암! 건강검진으로 예방하기 / YTN (Yes! Top News), YTN,2285,7,2016-10-15T02:12:08Z,163,0.5,General,PreCovid_Supplement
JV80TdTgf60,암,생활의 발견 - 암을 이겨낸 건강밥상 1. 20160324,KBS 다큐,2234,21,2016-03-24T16:47:47Z,169,0.5,General,PreCovid_Supplement
WUwkfzLbolY,암,건강백과사전 - 대장암 원인,Sun Medical Center,1904,17,2016-04-29T06:29:27Z,90,0.5,General,PreCovid_Supplement
tMcma2UNqjs,암,"[암치료전략] 건강검진 했는데, 암이 있다고 나왔습니다. 어떻게 해야하나요? - 류영석 원장",류영석TV,1141,9,2016-06-20T02:46:03Z,176,0.5,General,PreCovid_Supplement
6odeEd0ajOU,암,"KNN 건강365 봉생병원, 대장암의 씨앗 ""대장용종""",봉생기념병원(Bongseng Memorial Hospital),893,2,2016-08-09T08:22:36Z,184,0.5,General,PreCovid_Supplement
8G_Zv_lwi9I,암,남성 건강 위협하는 '전립선암' [11/07] / YTN 웨더앤라이프,YTN 교양있게,767,4,2016-11-07T08:22:35Z,570,0.5,General,PreCovid_Supplement
RiTEPcCyys4,암,국립암센터서 진료한 중증질환자 의료비 부담 21%↓,연합뉴스TV,750,3,2016-03-22T01:56:31Z,116,0.5,General,PreCovid_Supplement
wS5AJW4I6FA,암,생명을 존중하는 세계적인 첨단의료 '서울성모병원 암병원',서울성모병원TV,656,6,2016-11-15T07:14:53Z,665,0.5,General,PreCovid_Supplement
l5x37yLE-HQ,갑상선,갑상선암 초기증상에는 어떤 증상들이 있을까?,위드심의원,186596,918,2016-09-13T07:39:46Z,240,0.5,General,PreCovid_Supplement
miQWkhdaxzY,갑상선,갑상선 항진과 저하를 개선하는 자연요법,닥터조의 건강이야기,166732,2490,2016-09-15T08:43:47Z,1714,0.5,General,PreCovid_Supplement
X8LzF5xhkl4,갑상선,갑상선암 수술 후 ‘유의 사항’ (갑상선암 특집) @좋은아침 4815회 20160322,SBS Entertainment,100736,609,2016-03-22T05:26:10Z,120,0.5,General,PreCovid_Supplement
pytAnaEdCdE,갑상선,"갑상선 혹(결절) 크기, 어느 정도 커야 증상을 유발할까?",위드심의원,57521,288,2016-10-28T01:49:44Z,112,0.5,General,PreCovid_Supplement
6Sr6wpaaxsw,갑상선,"생로병사의 비밀 - 갑상선 호르몬 기능 이상, 그 오해와 진실.20160316",KBS 다큐,36726,276,2016-03-16T13:55:45Z,222,0.5,General,PreCovid_Supplement
iEZepQapMfU,갑상선,생로병사의 비밀 - 갑상선 호르몬 질환을 예방하는 일상에서 지킬 수 있는 생활수칙.20160316,KBS 다큐,22960,230,2016-03-16T13:56:17Z,190,0.5,General,PreCovid_Supplement
u_3j6dK3YIg,갑상선,"갑상선암, 초음파 검사 하지마라! [내 몸 플러스] 26회 20161002",TVCHOSUN - TV조선,9272,46,2016-10-01T23:30:01Z,127,0.5,General,PreCovid_Supplement
0ohohm0CHLo,갑상선,유난히 추위 타면…갑상선 질환 의심 / YTN, YTN,5307,13,2016-01-17T22:24:22Z,152,0.5,General,PreCovid_Supplement
atIqxKuF4i0,갑상선,2016.06.16 김일봉 초음파 교실 ① 갑상선 초음파 (김창수),김일봉,4165,19,2016-06-16T00:47:56Z,1317,0.5,General,PreCovid_Supplement
BJMtffw3RLA,갑상선,2016.9.7 김일봉 초음파 교실②-미만성 갑상선 질환 배규환 원장,김일봉,1720,15,2016-09-08T12:33:44Z,2230,0.5,General,PreCovid_Supplement
m81C2ACwC00,갑상선,"[뉴데일리TV] 이대목동병원 권형주 교수 “갑상선 암, 로봇수술로 안전하고 정교하게”",뉴데일리TV,1488,14,2016-07-31T16:23:52Z,675,0.5,General,PreCovid_Supplement
hbJAYQ4epJ8,갑상선,갑상선 결절 조직검사 방법,김신혁,1424,3,2016-10-24T06:41:29Z,62,0.5,General,PreCovid_Supplement
HtNFsgeQtJM,갑상선,[똑똑한 건강검진] 13. 갑상선암 검진,인제대학교 백병원,1274,17,2016-07-07T01:18:17Z,436,0.5,General,PreCovid_Supplement
nug9l8jrP0M,갑상선,갑상선암 수술 후 관리법은?,이화여자대학교 의료원,1098,10,2016-04-05T06:21:47Z,142,0.5,General,PreCovid_Supplement
6VIg3RwpQ3M,갑상선,"'유방암, 자궁암, 갑상선암의 치료' 동아 아산 건강강좌",서울아산병원,712,5,2016-03-02T00:25:26Z,78,0.5,General,PreCovid_Supplement
XLV8VIkC-gk,갑상선,"김일봉 원장 동영상 초음파 증례토의 (55)-갑상선 초음파상 변연 확장된 혈관, 내부 다발성 낭성 병변을 보이는 증례",김일봉,619,4,2016-07-14T08:13:40Z,432,0.5,General,PreCovid_Supplement
NMTIS1EBtM0,갑상선,"김일봉 원장 동영상 초음파 증례토의(16) - (1)우측 갑상선 상극, 하극 부위 저에코 결절, (2) 우측 갑상선 중부의 고에코 결절",김일봉,527,2,2016-06-09T08:51:46Z,569,0.5,General,PreCovid_Supplement
vahD93JovoA,관절염,'퇴행성관절염' 건강하게 삽시다,쿠키건강TV / KUKI HEALTH TV,39250,230,2016-05-11T06:19:04Z,1053,0.5,General,PreCovid_Supplement
edF_VBg3VDU,관절염,[공개건강강좌] 류마티스관절염_류마티스내과 박진수 교수_20160408,국민건강보험일산병원,19584,250,2016-04-22T07:12:23Z,2291,0.5,General,PreCovid_Supplement
WNqz1ix0aOU,관절염,"무릎 관절염, 등 보조개를 누르자! (건강백서) @좋은아침 4937회 20161010",SBS Entertainment,7109,91,2016-10-10T02:34:01Z,247,0.5,General,PreCovid_Supplement
rN5waH-_q5Y,관절염,[무릎건강도서] 무릎통증 퇴행성관절염 반월상연골파열 완치법,장형석한의원,469,1,2016-08-20T07:39:39Z,29,0.5,General,PreCovid_Supplement
TpxBwc1ec5I,관절염,[뉴스토피아]노년 건강을 위협하는 관절염에 대한 모든 것,Newstopia,424,9,2016-03-24T08:38:11Z,415,0.5,General,PreCovid_Supplement
MSUzwCV4Owk,관절염,건강하게 삽시다 '퇴행성관절염',쿠키건강TV / KUKI HEALTH TV,327,1,2016-05-11T06:19:01Z,854,0.5,General,PreCovid_Supplement
qdTT2m5tB1I,관절염,치아로 보는 전신건강! 관절염 주의! ‘마모형 치아’ [내 몸 사용설명서] 114회 20160805,TVCHOSUN - TV조선,323,0,2016-08-05T14:00:04Z,108,0.5,General,PreCovid_Supplement
iqmVKN2Q690,관절염,한림대학교성심병원 1분 건강정보 - 퇴행성 무릎관절염,한림대학교의료원,311,2,2016-01-29T04:13:37Z,107,0.5,General,PreCovid_Supplement
h7QOEY_Cs8U,관절염,생방송 건강클리닉 2016 02 05 퇴행성 관절염의 치료,구 MBCGN,232,0,2016-02-05T09:48:21Z,3077,0.5,General,PreCovid_Supplement
MA9yV6XRmJE,관절염,김형식 - 데일리건강 140회 퇴행성관절염 2,서울바른세상병원,147,2,2016-11-21T02:48:32Z,847,0.5,General,PreCovid_Supplement
m7t_LOzsFug,관절염,관절염   2010년 건강클리닉,eunok kim사랑해아이들옌린🩷🩷…,104,1,2016-04-27T05:43:36Z,3312,0.5,General,PreCovid_Supplement
LYegZac1iLQ,허리디스크,삼성서울병원(삼성의료원) 척추 디스크 수술,syaa jay,74931,118,2016-02-25T03:45:17Z,382,0.5,General,PreCovid_Supplement
WqP0yAVwTyY,허리디스크,척추관협착증 및 허리디스크 치료에 비수술적 특수 신경치료!,선정형외과,37415,280,2016-07-27T01:03:40Z,2782,0.5,General,PreCovid_Supplement
aosnRHF-bnw,허리디스크,허리디스크로 의심할 수 있는 척추전방전위증,건강의학전문채널 하이닥,26590,132,2016-02-25T05:43:31Z,242,0.5,General,PreCovid_Supplement
PnoSn9qImhU,허리디스크,"근육통으로 오해하기 쉬운 허리디스크, 증상과 치료법은? / YTN (Yes! Top News)", YTN,22088,70,2016-07-09T02:10:46Z,160,0.5,General,PreCovid_Supplement
OrNthdOttzE,허리디스크,허리 디스크보다 위험한 목 디스크,건강의학전문채널 하이닥,13664,49,2016-09-02T05:09:53Z,174,0.5,General,PreCovid_Supplement
7fP6UwdNvz8,허리디스크,허리디스크와 협착증에 좋은 운동 척추 안정화 운동,KOMISS,10642,23,2016-08-04T05:15:50Z,76,0.5,General,PreCovid_Supplement
m23MKG9m6C8,허리디스크,요통과 허리디스크,Guner Durak,9725,122,2016-06-08T00:11:34Z,4274,0.5,General,PreCovid_Supplement
xgcy_d2Rd3g,허리디스크,"허리디스크 극복하기, 고주파 열 치료란? / YTN (Yes! Top News)", YTN,8895,32,2016-09-10T02:16:00Z,160,0.5,General,PreCovid_Supplement
KiADqmq4ODU,허리디스크,"자생척추체조:허리디스크 예방하는 ""매트릭스 체조""",자생한방병원,6018,9,2016-06-21T03:29:31Z,72,0.5,General,PreCovid_Supplement
ZajXyyEp4Sk,허리디스크,터진 허리디스크도 비수술로 치료할 수 있나요?,자생한방병원,5860,10,2016-09-12T07:56:29Z,92,0.5,General,PreCovid_Supplement
28xoGB7pGnM,허리디스크,레이저 내시경 시술로 허리디스크 극복하기 / YTN, YTN,4720,11,2016-01-30T02:10:11Z,148,0.5,General,PreCovid_Supplement
lr88FS9SXLs,허리디스크,"오리궁뎅이와 허리디스크, 오다리, 복부비만 Duck Pelvic우리들체질체형건강방송",subeom kim wooreedulTV,3726,11,2016-12-09T09:25:14Z,670,0.5,General,PreCovid_Supplement
LtcjDKk6Mhc,허리디스크,여유만만 - ‘허리 통증이 하반신 마비까지?’ 허리디스크 vs 척추관 협착,KBS 교양,3258,20,2016-10-17T04:47:58Z,196,0.5,General,PreCovid_Supplement
hSvzwMmPo2U,허리디스크,[메디컬 D] 관절 건강을 잡아라~! ① 허리디스크 & 협착증 편,매거진동아,3008,13,2016-11-29T10:33:58Z,760,0.5,General,PreCovid_Supplement
HNUXX51_REY,허리디스크,반복적인 골프스윙이만드는 허리 디스크 치료,KOMISS,2780,8,2016-07-31T12:16:01Z,76,0.5,General,PreCovid_Supplement
T23-BLBAH58,허리디스크,SELD 미니레이저디스크 시술로 허리디스크 치료하기 / YTN (Yes! Top News), YTN,2416,11,2016-11-12T02:16:11Z,158,0.5,General,PreCovid_Supplement
YfX2rFWi62Y,허리디스크,[메디컬 D] 관절 건강을 잡아라~! ② 허리디스크 & 협착증 편,매거진동아,2263,9,2016-12-06T09:33:55Z,703,0.5,General,PreCovid_Supplement
i5_9Pe1pWGA,허리디스크,구당침뜸 허리디스크 수술없이 절운동으로 완치 Buddhist Bowing Exercise,"강병선 Byeong S Kang  PhD, DAOM, LAc",2116,14,2016-02-18T15:48:16Z,177,0.5,General,PreCovid_Supplement
kMs-ThVjGlk,허리디스크,[의료기기]허리디스크 예방&척추교정용 현대메디칼 자세교정벨트(혐오주의) Posture traction-합리적인 구매가이드 35,합리적인구매가이드-Reasonable Shopping Guide,1916,7,2016-09-21T08:52:49Z,938,0.5,General,PreCovid_Supplement
vxgPwBWV8Mg,허리디스크,허리디스크와 협착증에 좋은 운동 척추의 3가지 안정성,KOMISS,1891,3,2016-08-03T05:24:26Z,72,0.5,General,PreCovid_Supplement
ktqAqF418Ww,전립선,생로병사의 비밀 - 전립선 질환 치료를 돕는 완화요법.20160727,KBS 다큐,224781,1555,2016-07-27T14:23:28Z,173,0.5,General,PreCovid_Supplement
EhnAJnWuEOc,전립선,전립선 온열 치료기 맥스탠드(넥서스메디케어),시세상,62439,170,2016-03-15T02:52:53Z,136,0.5,General,PreCovid_Supplement
q7JQBlYbLXI,전립선,"안상원 박사 / 전립선 건강 생활수칙은? 식이요법, 운동법? 매일경제tv 건강한의사!",안상원 박사,45598,202,2016-03-28T11:10:51Z,576,0.5,General,PreCovid_Supplement
ieSRemiRv4w,전립선,무엇이든 물어보세요 - 전립선암 이렇게 극복했어요 20160324,KBS 교양,37123,262,2016-03-24T05:08:20Z,168,0.5,General,PreCovid_Supplement
GswiaY8v95U,전립선,#전립선염이란? #메가비뇨기과의원,메가비뇨기과의원,7986,28,2016-08-22T12:15:33Z,179,0.5,General,PreCovid_Supplement
uLTN85vtjbo,전립선,안상원 박사 / 전립선비대증 봉침으로 치료? 매일경제 건강한의사!,안상원 박사,4123,16,2016-03-28T11:22:45Z,435,0.5,General,PreCovid_Supplement
5P9vNcmyMrU,전립선,[신화월드] TV광고 전립선치료기 큐라덤 30초,신화월드,3857,6,2016-10-19T07:15:59Z,31,0.5,General,PreCovid_Supplement
cR4WDECKzcA,전립선,생로병사의 비밀 - 전립선 건강을 위해서는 뱃살을 빼라.20160727,KBS 다큐,3442,41,2016-07-27T13:57:16Z,134,0.5,General,PreCovid_Supplement
gEZwD8HW264,전립선,"전립선·방광 건강, 겨울철에 악화되기 쉬운 이유는? / YTN 사이언스",YTN 사이언스,2307,12,2016-12-29T09:01:11Z,490,0.5,General,PreCovid_Supplement
9259k80pVfc,전립선,전립선 건강,건국대학교병원,610,6,2016-12-29T03:29:49Z,1607,0.5,General,PreCovid_Supplement
g-OKhF_VCGg,전립선,"안상원 박사 / 전립선, 봉침 한의학으로 치료가능? 매일경제tv 건강한의사. 문의: 02-3448-2075",안상원 박사,527,2,2016-03-28T10:59:23Z,424,0.5,General,PreCovid_Supplement
5AxZGQhVRu0,전립선,"척추협착증,전립선비대증에 대하여(매경TV 건강한의사 20161018) 연세한의원 박소연원장",SOYEON PARK,101,1,2016-10-25T08:24:34Z,686,0.5,General,PreCovid_Supplement
aSPIO3zGiDU,치매,[국민건강보험공단 치매예방체조] 활기차게 따라하기,국민건강보험,288193,1073,2016-03-02T05:37:22Z,1086,0.5,General,PreCovid_Supplement
tNVNg0UDuvI,치매,"[국민건강보험공단 힘뇌체조, 치매예방체조]",국민건강보험,12661,33,2016-03-02T06:51:50Z,140,0.5,General,PreCovid_Supplement
78zJ2-r8vfY,치매,치매환자의 재활치료,서울아산병원,11339,95,2016-10-21T01:36:13Z,2019,0.5,General,PreCovid_Supplement
rl5fs56Gs10,치매,무엇이든 물어보세요 -  알츠하이머형 치매 의심 증상 20160812,KBS 교양,2138,15,2016-08-12T05:37:55Z,108,0.5,General,PreCovid_Supplement
52fn6tjI4uw,치매,의사 사위가 치매 장모 모시고 사는 방법 (건강특급) @좋은아침 4789회 20160215,SBS Entertainment,1396,4,2016-02-15T02:34:12Z,202,0.5,General,PreCovid_Supplement
zcyUgVNyUP8,치매,시린 이 잡고 치매 예방하는 ‘양치법’ (건강백서) @좋은아침 4952회 20161031,SBS Entertainment,1006,9,2016-10-31T04:38:45Z,155,0.5,General,PreCovid_Supplement
5O5vy8vqgXs,치매,"치매검사 및 치료장비, 보행보조로봇 (EXO-Walk), 코트라스 (CoTras)",메디즈medise,826,2,2016-12-21T05:09:17Z,219,0.5,General,PreCovid_Supplement
jFyBsmrEu70,치매,"감기·암·치매, 한방진료에도 건강보험 적용 / YTN", YTN,366,5,2016-01-13T22:49:48Z,109,0.5,General,PreCovid_Supplement
ZbPixCBtsGU,치매,치매 예방 한의약건강증진 프로그램,Gongju흥미진진 공주시,289,0,2016-11-14T02:26:56Z,48,0.5,General,PreCovid_Supplement
S464fSjg6Sg,치매,치매 예방과 치료를 위한 노인치매정신건강센터 운영!,SUWON·수원,263,2,2016-06-02T00:57:09Z,58,0.5,General,PreCovid_Supplement
0zxUuTtBSq8,치매,닥터힐링뷰119서비스 1화 치매환자 돌보기,KOMISS,223,0,2016-10-29T13:55:44Z,96,0.5,General,PreCovid_Supplement
YZKBYSRa4co,치매,치매건강(인지능력),대전행복웃음힐링연구소TV김계국원장,198,0,2016-09-13T23:42:41Z,106,0.5,General,PreCovid_Supplement
pLkV3t1qpEE,치매,"감기·암·치매, 한방진료에도 건강보험 적용 / YTN 사이언스",YTN 사이언스,153,0,2016-01-14T04:04:11Z,109,0.5,General,PreCovid_Supplement
ISHIZgQcpqU,치매,"160713 특집 건강한의사임재환원장 치매,불면증",Charm Design,128,3,2016-09-11T04:10:54Z,1331,0.5,General,PreCovid_Supplement
BDLKxQXdOPk,치매,"[815tv] 치매치료 물질 및 건강기능 식품 바이오 회사, 브레인트로피아 이형근 대표",815머니톡,123,1,2016-12-02T03:42:54Z,3864,0.5,General,PreCovid_Supplement
wMAaFSzv5aA,치매,매일경제TV 건강한의사 - 치매란?,Charm Design,115,1,2016-09-11T04:10:54Z,317,0.5,General,PreCovid_Supplement
c1lnd5OoFNc,치매,건강기획- 혈관 관리가 '치매' 예방161123,제주대학교병원 권역심뇌혈관질환센터,111,0,2016-12-05T08:24:14Z,524,0.5,General,PreCovid_Supplement
22ZxBuo3qi4,뇌졸중,건강기획 - 뇌졸중 경고음 '일과성 허혈 발작' 161119,제주대학교병원 권역심뇌혈관질환센터,7589,44,2016-11-24T01:59:51Z,614,0.5,General,PreCovid_Supplement
hrCvYTwipn4,뇌졸중,[건강돋보기] 여름철 뇌졸중 비상…원인과 관리법은? / YTN 사이언스,YTN 사이언스,3729,33,2016-08-11T09:14:24Z,624,0.5,General,PreCovid_Supplement
_8rZXpajcdE,뇌졸중,뇌졸중 증상 발생 시 대처 [AMC 병법],서울아산병원,2558,9,2016-03-07T05:07:59Z,51,0.5,General,PreCovid_Supplement
6Tx58kSORXU,뇌졸중,"뇌졸중, 정신건강과도 관련…우울증 위험 2배 / SBS",SBS 뉴스,1468,5,2016-12-30T12:41:03Z,103,0.5,General,PreCovid_Supplement
xUbYvhKD0og,뇌졸중,건강기획 -뇌졸중 후 삼킴장애 '주의'161203,제주대학교병원 권역심뇌혈관질환센터,850,5,2016-12-05T08:31:15Z,527,0.5,General,PreCovid_Supplement
S9l_BboWyVo,뇌졸중,생방송 건강클리닉 2016 10 21 뇌졸중의 치료와 예방,구 MBCGN,315,3,2016-10-21T09:15:11Z,3060,0.5,General,PreCovid_Supplement
b97gNEpitKs,뇌졸중,뇌졸중의 날 시민건강강좌 개최,서울아산병원,237,0,2016-10-25T02:30:34Z,81,0.5,General,PreCovid_Supplement
CSacCRwVFvg,심장,"[YTN 사이언스] 건강식품 청국장, 심장질환자에는 독?  / YTN 사이언스",YTN 사이언스,43063,436,2016-11-23T06:22:08Z,509,0.5,General,PreCovid_Supplement
BsitflSB2qw,심장,SBS 모닝와이드 TV의료분쟁 차트(Chart) '아들의 심장이 멈춘 시각 의사는?' 편 법무법인 고도 이용환 변호사,변호사이용환,27229,70,2016-06-17T07:23:00Z,597,0.5,General,PreCovid_Supplement
OnuH-To9yXs,심장,심장에 관한 모든 것_건강한의사_마성한의원,추닥터스,2440,4,2016-08-26T08:06:51Z,352,0.5,General,PreCovid_Supplement
kuGpI2tD9dM,심장,"[5분 건강 톡톡] 103세 할아버지, 심장수술 성공",KBS News,1385,7,2016-12-20T00:21:49Z,336,0.5,General,PreCovid_Supplement
geMh9Iw_uJY,심장,[충남대학교병원] 캄보디아 선천성심장수술 해외의료봉사,충남대학교병원,1011,11,2016-08-09T01:05:44Z,97,0.5,General,PreCovid_Supplement
A1FxwGjw3uE,심장,"건강식품 청국장, 심장질환자에는 독",사이언스프렌즈,265,0,2016-11-23T10:54:37Z,509,0.5,General,PreCovid_Supplement
XZhgwj6ZNV4,당뇨병,"김평웅 박사 건강 세미나 4  당뇨병, 원인 물질을 알아내다",LLBN Korean TV,7009,41,2016-08-08T23:25:35Z,1204,0.5,General,PreCovid_Supplement
MkGBJrTtgp4,당뇨병,당뇨병환자 소모성재료 구입비 요양비 지원제도를 아시나요 _ 팜포트,팜포트,885,8,2016-08-08T06:14:43Z,103,0.5,General,PreCovid_Supplement
QLNvUdW-Bfo,당뇨병,당뇨병 건강강좌 개최,서울아산병원,469,2,2016-11-22T03:12:57Z,116,0.5,General,PreCovid_Supplement
GzdWqKF8wvM,당뇨병,[KCTV건강정보] 당뇨병 - 현대병원 장현주 원장,KCTV광주방송,151,3,2016-07-19T09:29:20Z,224,0.5,General,PreCovid_Supplement
o29jEGgctJ4,비만,비만과 암 '비만 예방하면 암도 예방될까?' _ KBS 생로병사의 비밀,국가암지식정보센터,9059,44,2016-12-19T04:13:32Z,222,0.5,General,PreCovid_Supplement
nI6r-ZLxJjQ,비만,"[생생인터뷰] 비만으로 인해 건강지표가 나빠진 가족, 평균 7.5kg 감량-40기 힐링스테이 제주",황성수힐링스쿨,2674,68,2016-01-26T14:49:24Z,356,0.5,General,PreCovid_Supplement
yd7DCW1xbkk,비만,의정부한의원 복부비만 살빼기,선한이웃진,1305,0,2016-04-08T05:00:07Z,109,0.5,General,PreCovid_Supplement
fNtO1GTXl-U,비만,한림대학교성심병원 1분 건강정보 - 소아비만의 치료,한림대학교의료원,1116,8,2016-01-29T04:15:50Z,77,0.5,General,PreCovid_Supplement
pAiI-udpyEE,비만,"건강, 고도비만 사망 우울증 초래",oh TV,643,0,2016-01-20T08:26:09Z,143,0.5,General,PreCovid_Supplement
9nbMpshsMNM,비만,한림대학교성심병원 1분 건강정보 - 비만의 진단,한림대학교의료원,500,1,2016-01-29T04:24:26Z,77,0.5,General,PreCovid_Supplement
_3Pzc8cDKkk,비만,한림대학교성심병원 1분 건강정보 - 성인비만의 치료,한림대학교의료원,477,0,2016-01-29T04:24:33Z,73,0.5,General,PreCovid_Supplement
FIfxUlxOBs8,비만,"건강, 고도비만 사망 우울증 초래",오재욱,355,0,2016-02-07T10:20:56Z,143,0.5,General,PreCovid_Supplement
INPsYzu48kQ,비만,"MBC경남 뉴스투데이 2016 04 13 건강투데이]비만, 약물 도움 받기 전 잠깐!",구 MBCGN,110,0,2016-04-14T07:13:56Z,91,0.5,General,PreCovid_Supplement
4QZvNZ6irL4,탈모,모리의원 이상욱대표원장-지루성두피염과 탈모,탈모의사 모리의원 이상욱,428,2,2016-06-10T08:11:17Z,54,0.5,General,PreCovid_Supplement
PXRwhM4-xJU,탈모,탈모가 의심되는 증상은 어떤것이 있나- 양훈철 원장 인터뷰[탈모인뉴스 자문의],탈모인TV,147,0,2016-06-22T08:47:24Z,49,0.5,General,PreCovid_Supplement
pATW6tye6uQ,위암,[암 치료 전략] 막걸리가 위암에 좋다는 말이 있는데 어떤가요? - 류영석 원장,류영석TV,24429,307,2016-08-16T07:46:59Z,128,0.5,General,PreCovid_Supplement
iqlcO1xXWkM,위암,위암의 진단과 치료,서울아산병원,21707,153,2016-03-25T00:55:06Z,1718,0.5,General,PreCovid_Supplement
hE3Y6Aqe7Aw,위암,[똑똑한 건강검진] 9. 만성위염과 위암,인제대학교 백병원,15248,130,2016-02-12T01:14:24Z,418,0.5,General,PreCovid_Supplement
ozV0uWjYVnY,위암,SBS 모닝와이드 TV의료분쟁 차트(Chart) '초기 위암 아버지의 사망 이유?' 편 법무법인 고도 이용환 변호사,변호사이용환,14121,49,2016-07-28T07:33:55Z,608,0.5,General,PreCovid_Supplement
fPJQAllTsjw,위암,"013  20160516 위암의 원인   헬리코박터를 죽이는 방법 - 임대순 원장 - Dae Soon Rheem, MD",임대순비타민D 박사,5186,66,2016-06-11T22:12:12Z,135,0.5,General,PreCovid_Supplement
8itzt8-Xti4,위암,[TJB메디컬플러스] 조기위암,순천향대학교 천안병원,4725,36,2016-11-04T05:24:05Z,873,0.5,General,PreCovid_Supplement
m14R6M3Cdpo,위암,"명의,위암,위암명의- 명의를찾아서, 명의리스트",찾아서명의를,4228,11,2016-06-10T07:02:37Z,96,0.5,General,PreCovid_Supplement
-gUuce6iNqo,위암,[라디오_서울대학교병원]양한광교수에게 듣는 위암 이야기 1부,서울대병원tv,4146,59,2016-04-11T08:04:21Z,902,0.5,General,PreCovid_Supplement
GO_OAraVris,위암,무엇이든 물어보세요 - 표적치료 위암 사례자 20160803,KBS 교양,2962,16,2016-08-03T02:19:09Z,206,0.5,General,PreCovid_Supplement
Pnxoxz5gWvA,위암,163  20160630 위암 예방하는 방법,임대순비타민D 박사,1921,47,2016-08-11T10:26:48Z,143,0.5,General,PreCovid_Supplement
KuSgI3aM5Eo,위암,"118  헬리코박터의 비밀 4 헬리코박터가 없으면 위암이 안 생길까 - 임대순 원장 - Dae Soon Rheem, MD",임대순비타민D 박사,1900,24,2016-06-12T14:21:18Z,170,0.5,General,PreCovid_Supplement
AVZV1M3zFW0,위암,"014  20160513 위암의 원인   헬리코박터는 어디서 오는가 - 임대순 원장 - Dae Soon Rheem, MD",임대순비타민D 박사,1552,21,2016-06-11T22:25:38Z,132,0.5,General,PreCovid_Supplement
PBBzd-Wr-NE,위암,"116  헬리코박터의 비밀 6 미국 사람은 왜 위암에 안 걸릴까 - 임대순 원장 - Dae Soon Rheem, MD",임대순비타민D 박사,1505,16,2016-06-12T13:58:12Z,139,0.5,General,PreCovid_Supplement
NIq5KkfLHKE,위암,짜게 먹을수록 위암 검진 안 받아,KBS News,1221,8,2016-02-09T00:00:00Z,100,0.5,General,PreCovid_Supplement
xWXT_acohGY,위암,위암과 비염에 방어하자! 마법의 꽃가루 '화분' [내 몸 사용 설명서] 101회 20160506,TVCHOSUN - TV조선,1154,15,2016-05-09T04:27:40Z,169,0.5,General,PreCovid_Supplement
68XPP6NZMgI,위암,"[충무아트홀 건강강좌] 위암, 내시경 검사 후 예방하기 / 서울백병원 소화기내과 문정섭 교수",인제대학교 백병원,1071,7,2016-07-26T00:30:58Z,2359,0.5,General,PreCovid_Supplement
HeGfbih5Bpk,위암,위암환자들이 받는 복강경 수술이 뭘까?,이화여자대학교 의료원,815,7,2016-04-18T01:47:53Z,188,0.5,General,PreCovid_Supplement
WvhhNQ7NoSk,위암,"""B형이 다른 혈액형보다 위암 발생률 낮아"" / YTN (Yes! Top News)", YTN,774,8,2016-06-10T14:10:12Z,108,0.5,General,PreCovid_Supplement
OU7rRmVUGeM,위암,"위암, 젊어서부터 검진?…""40세 이하 조기진단 효과 낮다""",연합뉴스TV,729,0,2016-08-08T02:09:49Z,45,0.5,General,PreCovid_Supplement
Ve8VGD8NhnA,대장암,"[191회] 대장암, 예방은 변을 관찰하는 습관부터!",KBS News,342506,1346,2016-06-20T09:43:01Z,1132,0.5,General,PreCovid_Supplement
5MqyOmLNAto,대장암,대장암 수술 후 관리,서울아산병원,129374,1085,2016-12-28T04:37:21Z,724,0.5,General,PreCovid_Supplement
wOSuktVMbwg,대장암,대장암의 수술적 치료,서울아산병원,79432,483,2016-12-28T06:27:04Z,840,0.5,General,PreCovid_Supplement
5PFHQHWR-qk,대장암,삼성서울병원 대장암센터 직장암 환자를 위한 운동,삼성서울병원,69029,683,2016-07-12T02:26:27Z,561,0.5,General,PreCovid_Supplement
1_CrS_Diz9U,대장암,"[YTN 사이언스] 슈퍼푸드 알로에, 대장암 예방 효과 있다 / YTN 사이언스",YTN 사이언스,34151,249,2016-06-10T05:54:49Z,408,0.5,General,PreCovid_Supplement
UvpCFebIQec,대장암,말기 대장암 환자 호전...'맞춤형 치료' 효과 / YTN (Yes! Top News), YTN,23563,103,2016-07-17T22:40:18Z,144,0.5,General,PreCovid_Supplement
PQSQ67TPG_8,대장암,[대한암협회] 대장암에 모든것을 알고 싶다.  [대장암] 1부,대한암협회,17364,69,2016-07-26T04:33:56Z,300,0.5,General,PreCovid_Supplement
6dn2mWLjZQw,대장암,"""아스피린 주기적으로 복용하면 대장암 예방"" /SBS",SBS 뉴스,15655,75,2016-05-14T12:36:34Z,120,0.5,General,PreCovid_Supplement
Gvsiq_Nzj0k,대장암,"명의 대장암명의 직장암명의 - 명의를찾아서, 명의리스트",찾아서명의를,13693,52,2016-06-10T04:43:59Z,108,0.5,General,PreCovid_Supplement
mqiU6rUlz_c,대장암,무엇이든 물어보세요 - 대장암 극복 사례자 내가 대장암을 이긴 방법 20160412,KBS 교양,11699,69,2016-04-12T02:44:10Z,207,0.5,General,PreCovid_Supplement
VzhtOMPUe4Q,대장암,"대장암 수술 환자를 위한 수술 체험 영상, 분당서울대병원",Colorectal Cancer Center SNUBH,10813,0,2016-08-02T05:20:13Z,295,0.5,General,PreCovid_Supplement
VuSRfNFrZVI,대장암,"대장암의 씨앗, 대장용종(서울경기케이블TV뉴스)",우리동네 우리방송,9144,55,2016-10-28T06:20:55Z,265,0.5,General,PreCovid_Supplement
tlpLs12TuYA,대장암,"10_크론병, 대장암, 장질환, 체중이상, 소화불량, 장염, 만성염증성 장질환, 대장염, 염증, 장내면역, 만성장질환",Bio Technology,4463,0,2016-04-28T14:42:33Z,235,0.5,General,PreCovid_Supplement
bpshZrgaozU,대장암,152  20160614 대장암 3기에 완치된 분 이야기,임대순비타민D 박사,4134,45,2016-08-11T08:51:50Z,134,0.5,General,PreCovid_Supplement
NhjXoKJw7PU,대장암,위암 유방암 대장암 폐암…1인당 진료비 연 125만원,보건복지부TV,4112,7,2016-11-07T08:45:01Z,133,0.5,General,PreCovid_Supplement
sWYB3yCdPTo,대장암,혈액으로 '대장암 위험성' 알아낸다…간단 검사법 / SBS,SBS 뉴스,3963,21,2016-05-25T12:40:38Z,95,0.5,General,PreCovid_Supplement
yVQslAmjUCE,대장암,[암 치료 전략] 우유가 대장암 예방에 도움이 된다던데?  - 류영석 원장,류영석TV,3922,42,2016-12-17T07:59:42Z,245,0.5,General,PreCovid_Supplement
rdMiA2_yKWg,대장암,대장암의 씨앗 ‘용종’…10개 넘으면 암 위험 2.3배↑,KBS News,3660,16,2016-12-12T00:00:01Z,100,0.5,General,PreCovid_Supplement
XLauaSlDcNA,유방암,유방암 수술 후 돌아온 엄앵란 여사! 그녀의 건강은?!,채널에이드: 채널A Drama & Enjoy,17069,41,2016-03-16T14:28:54Z,151,0.5,General,PreCovid_Supplement
TwBrEYKg2x8,유방암,[5분 건강 톡톡] 비타민D 결핍이 유방암 부른다,KBS News,8975,57,2016-03-22T00:45:42Z,378,0.5,General,PreCovid_Supplement
Md2uAndV-kU,유방암,유방암을 발견하기 위해서는 어떤 검사를 하나요? [AMC병법],서울아산병원,4730,11,2016-10-04T23:58:29Z,63,0.5,General,PreCovid_Supplement
8aJxiiRO9Lo,유방암,생로병사의 비밀 - 야간 근무가 유방암을 증가시키는가?.20160824,KBS 다큐,2503,29,2016-08-24T13:26:18Z,160,0.5,General,PreCovid_Supplement
h_AOSm4qjTU,유방암,브래지어 착용하면 유방암에 더 잘 걸린다?,이화여자대학교 의료원,803,10,2016-04-18T04:26:04Z,72,0.5,General,PreCovid_Supplement
8lk6J0oIrGI,유방암,혈액 한 방울로 초기 유방암 진단 기술 개발 / YTN (Yes! Top News), YTN,583,0,2016-06-26T18:40:38Z,140,0.5,General,PreCovid_Supplement
ZFbXK1EPCA4,유방암,혈액 한 방울로 초기 유방암 진단 기술 개발 / YTN (Yes! Top News), YTN,553,2,2016-06-27T13:55:53Z,140,0.5,General,PreCovid_Supplement
htrq7Yce8EU,유방암,쿠키건강플러스 3회_유방암(2),쿠키건강TV / KUKI HEALTH TV,288,2,2016-02-26T09:09:35Z,285,0.5,General,PreCovid_Supplement
y4AHLPERHp8,유방암,쿠키건강플러스 3회_유방암(1),쿠키건강TV / KUKI HEALTH TV,209,2,2016-02-26T09:09:34Z,305,0.5,General,PreCovid_Supplement
412SSGSDdj4,유방암,쿠키건강플러스 3회_유방암(3),쿠키건강TV / KUKI HEALTH TV,148,1,2016-02-26T09:09:34Z,244,0.5,General,PreCovid_Supplement
kxjN2W0zLqo,간염,건강백과사전 - B형간염의 감염경로,Sun Medical Center,9320,48,2016-07-28T02:33:29Z,77,0.5,General,PreCovid_Supplement
p028hbyy4Ak,간염,건강백과사전 - B형간염 예방,Sun Medical Center,6112,36,2016-07-28T02:34:25Z,110,0.5,General,PreCovid_Supplement
pSb919aQ9KI,간염,한림대학교성심병원 1분 건강정보 - 자가면역간염,한림대학교의료원,5236,47,2016-01-29T05:08:55Z,87,0.5,General,PreCovid_Supplement
IJ0Hkb6zhzg,간염,건강백과사전 - B형간염의 정의,Sun Medical Center,3380,20,2016-07-28T02:32:46Z,117,0.5,General,PreCovid_Supplement
qk1uY61n_XM,간염,만성C형간염 치료 하보니 유전자형 1형 (광주 한정렬내과),Always patients first,2505,26,2016-06-28T11:46:45Z,1209,0.5,General,PreCovid_Supplement
-7FWYvEC70U,간염,"""왕뜸 한의원 편 "" 원장 원영두 EP06 - B형,C형 간염치료 chtv1888.org",Christian Herald CHTV,783,10,2016-01-27T18:55:55Z,1670,0.5,General,PreCovid_Supplement
KvKedCIfXXk,간염,건강검진시 C형간염 검사 받는다,연합뉴스TV,691,2,2016-09-06T05:27:47Z,46,0.5,General,PreCovid_Supplement
Qhhig-KJlfo,간염,쿠키건강TV_토론회_C형간염,쿠키건강TV / KUKI HEALTH TV,293,1,2016-10-20T01:21:57Z,4988,0.5,General,PreCovid_Supplement
2guMll71jas,간염,의료기관 C형간염 보고 의무화…건강검진도 추진,연합뉴스TV,176,0,2016-09-06T11:33:20Z,120,0.5,General,PreCovid_Supplement
njoMltLtRIs,간염,C형간염 환자 전수 감시...건강검진 도입 추진 / YTN (Yes! Top News), YTN,139,0,2016-09-06T02:49:19Z,127,0.5,General,PreCovid_Supplement
n0SgMo_vIUQ,간염,C형간염 대책 마련…전수감시 전환·건강검진 고려,보건복지부TV,132,1,2016-09-19T08:26:04Z,137,0.5,General,PreCovid_Supplement
jNeLnuluniw,신장,[황성수TV] 신장이 나쁜 사람에게 비타민C 괜찮을까?,황성수힐링스쿨,359989,5349,2016-05-15T09:16:21Z,267,0.5,General,PreCovid_Supplement
3qBSO2nt_Ig,신장,거품뇨와 단백뇨 - [조동혁 내과/신장내과] 100세 건강시대,조동혁의100세 건강시대,326337,4270,2016-07-19T03:12:45Z,688,0.5,General,PreCovid_Supplement
j1ytQFfStB8,신장,널뛰는 혈압관리 [조동혁 내과/신장내과] 100세 건강시대,조동혁의100세 건강시대,228303,3619,2016-09-13T04:59:32Z,1369,0.5,General,PreCovid_Supplement
RpiF8xDU_ko,신장,만성질환과 교육 - [조동혁 내과/신장내과] 100세 건강시대,조동혁의100세 건강시대,92988,1336,2016-06-20T08:27:45Z,374,0.5,General,PreCovid_Supplement
Rj1vniRT-g0,신장,신장결석: 신장에 돌이 두번이상 있을때는 꼭 내과적 검사와 치료를,조동혁의100세 건강시대,85006,1358,2016-10-04T05:16:08Z,615,0.5,General,PreCovid_Supplement
2qr2ageNfnM,신장,"명의의 건강비결 140117 콩팥, 그것이 궁금하다  신장내과 전문의 양철우 교수4 HDTV X264 720p BarosG",kwang min Oh,36615,307,2016-12-04T13:51:37Z,1760,0.5,General,PreCovid_Supplement
pBkMNSIV7JA,신장,신장내과에서 하는일 - 2편 [조동혁 내과/신장내과] 100세 건강시대,조동혁의100세 건강시대,16613,467,2016-09-02T07:26:48Z,1367,0.5,General,PreCovid_Supplement
2lMYOmaD6b8,신장,신장결석 체외충격파쇄석술,조정호,9893,17,2016-09-05T10:11:55Z,113,0.5,General,PreCovid_Supplement
nj5_fCXdiH8,신장,신장내과에서 하는일-1편 [조동혁 내과/신장내과] 100세 건강시대 -,조동혁의100세 건강시대,9819,185,2016-08-27T17:26:52Z,426,0.5,General,PreCovid_Supplement
7XV1NN3u3G4,신장,수술전 피검사 [조동혁 내과/신장내과] 100세 건강시대,조동혁의100세 건강시대,4937,61,2016-10-03T03:15:30Z,420,0.5,General,PreCovid_Supplement
YXZOgjCgmFI,신장,신장암의 진실-원자력병원 송강현 과장,원자력병원-한국원자력의학원,3764,28,2016-07-01T03:39:41Z,87,0.5,General,PreCovid_Supplement
C9aSS7dDHq8,신장,"[기획취재] 임신 중 암 수술 가능, 신장암 신장부분절제술",의학채널 비온뒤,2616,10,2016-09-09T02:24:00Z,365,0.5,General,PreCovid_Supplement
ff2DBezd_X8,신장,김일봉 원장 동영상 초음파 증례 토의 (27) - 신장 결석,김일봉,1458,8,2016-06-20T04:22:22Z,541,0.5,General,PreCovid_Supplement
I8WXZcM6rNw,신장,건강을 탐하다 - 혈뇨와 신장이식,인천중구TV_방송중구,594,4,2016-10-05T20:47:08Z,1078,0.5,General,PreCovid_Supplement
EOCeMFTrM9A,골다공증,[황성수TV] 골다공증 예방을 위해 칼슘제나 멸치를 먹는 게 도움이 되나요?,황성수힐링스쿨,1136932,11483,2016-09-24T06:05:43Z,350,0.5,General,PreCovid_Supplement
joeBKwQ_v2o,골다공증,골다공증: 치료와 치료약의 문제점,조동혁의100세 건강시대,256351,4008,2016-12-05T05:48:35Z,766,0.5,General,PreCovid_Supplement
DdgIDgT60Y0,골다공증,조용한 도둑으로 불리는 '골다공증' 건강하게 삽시다,쿠키건강TV / KUKI HEALTH TV,20703,88,2016-08-08T09:08:44Z,1045,0.5,General,PreCovid_Supplement
JQD4YfNHl9k,골다공증,건강하게 삽시다 '골다공증',쿠키건강TV / KUKI HEALTH TV,14212,121,2016-08-08T09:08:44Z,866,0.5,General,PreCovid_Supplement
B9z0oqgecnQ,골다공증,한림대학교한강성심병원 1분 건강정보 - 골다공증,한림대학교의료원,589,1,2016-05-09T09:17:55Z,90,0.5,General,PreCovid_Supplement
Sz0UiYOvPp0,골다공증,"샘병원 건강강좌 요통, 골다공증",샘병원 SAM Medical Center,228,0,2016-04-07T06:14:10Z,1811,0.5,General,PreCovid_Supplement
J3wEeD-4xPo,요실금,"[홈앤쇼핑] [렌탈]요실금치료기 이지케이 월 26,900원 *39개월",HOME & SHOPPING,15591,46,2016-05-09T09:37:19Z,179,0.5,General,PreCovid_Supplement
EYvoQl4S0VI,요실금,"여유만만 - 전립선 수술 시, 성 기능이 떨어지고, 요실금이 생긴다?!.20160520",KBS 교양,684,1,2016-05-20T13:08:01Z,133,0.5,General,PreCovid_Supplement
ppmLyvAtjpE,아토피,아토피 고생녀를 위한 주치의 특급처방 '물광주사' (건강특급) @좋은아침 4762회 20160104,SBS Entertainment,1476,6,2016-01-04T04:33:35Z,108,0.5,General,PreCovid_Supplement
Xu3zWTSYCGA,아토피,소아 아토피 특급 처방 '팥물'과 '스테로이드제' (건강특급) @좋은아침 4762회 20160104,SBS Entertainment,976,8,2016-01-04T04:39:57Z,167,0.5,General,PreCovid_Supplement
pV2wrabMWGM,아토피,아토피 원인 알려드립니다! [하늘건강나음터 이성윤 원장 강의]  I will tell you the cause of atopy!,자연치유하늘건강나음터,235,5,2016-11-25T05:45:10Z,501,0.5,General,PreCovid_Supplement
fTpNbuDAGW4,아토피,"건강시리즈 - 아토피2화 ""아토피없는아이낳기""",A NK,154,0,2016-05-10T08:41:04Z,71,0.5,General,PreCovid_Supplement
rX32rEBsmYY,당뇨,메디컬 다큐 7요일 - 갑자기 닥친 실명 위기- 당뇨망막증 외_#002,EBSDocumentary (EBS 다큐),771640,3169,2017-08-01T15:10:44Z,1182,0.5,General,PreCovid_Supplement
f7N_pKIGV0A,당뇨,메디컬 다큐 7요일 - 죽을때까지 놓지 못할 당신- 당뇨발 외_#001,EBSDocumentary (EBS 다큐),765695,2590,2017-04-27T18:21:06Z,1069,0.5,General,PreCovid_Supplement
V2l9ScM62oI,당뇨,메디컬 다큐 7요일 - 갑자기 닥친 실명 위기- 당뇨망막증 외_#003,EBSDocumentary (EBS 다큐),492288,1827,2017-08-01T15:07:54Z,605,0.5,General,PreCovid_Supplement
7qVdWaFNeOg,당뇨,"현미, 당뇨와 건강에 좋은가요?",조동혁의100세 건강시대,408290,7297,2017-06-05T00:36:07Z,770,0.5,General,PreCovid_Supplement
cSpxsBCxqXg,당뇨,메디컬 다큐 7요일 - 죽을때까지 놓지 못할 당신- 당뇨발 외_#002,EBSDocumentary (EBS 다큐),326669,1201,2017-04-27T18:21:31Z,1093,0.5,General,PreCovid_Supplement
DM4ZV8sXXsk,당뇨,메디컬 다큐 7요일 - 갑자기 닥친 실명 위기- 당뇨망막증 외_#001,EBSDocumentary (EBS 다큐),279763,1109,2017-08-01T15:09:19Z,953,0.5,General,PreCovid_Supplement
NS2EJhsE-bc,당뇨,[5분 건강 톡톡] “고지혈증 치료제 당뇨병 위험 높인다”,KBS News,44326,421,2017-01-17T00:27:45Z,337,0.5,General,PreCovid_Supplement
B2nhQYS33BA,당뇨,당뇨 환자의 발기부전 팽창형 임플란트 사례 메디컬가이드 방송#1 (세움비뇨기과 박성훈 원장)(팽창형 보형물/세조각 보형물),세움비뇨기과_Center of Excellence,26886,76,2017-07-27T01:35:01Z,460,0.5,General,PreCovid_Supplement
0tLpZ_gSJwY,당뇨,급성당뇨 혈당 600! 녹아버린 췌장! 당뇨치료법 바꾸고 건강을 되찾은 이채순씨의 사연!,당뇨TV#,25227,137,2017-01-11T01:12:36Z,346,0.5,General,PreCovid_Supplement
9G9OLQraYAY,당뇨,15분 운동하면 땀으로 혈당 측정…새 당뇨 패치 개발 / YTN 사이언스,YTN 사이언스,9116,51,2017-03-20T03:21:07Z,102,0.5,General,PreCovid_Supplement
1nTAPKXXwyE,당뇨,"[KNN메디컬24시닥터스]당뇨발,새 살 돋다 '17 07 29",삼천포서울병원,8396,82,2017-12-08T03:17:18Z,1522,0.5,General,PreCovid_Supplement
mC55PWfTXqE,당뇨,"2001. 12. 25. SBS뉴스_건강리포트_당뇨, 잘 먹으면서 치료한다",당뇨TV#,7857,24,2017-04-27T08:43:07Z,104,0.5,General,PreCovid_Supplement
zajLQ0BdEAk,당뇨,"[황성수TV] 비만으로 시작된 고혈압과 당뇨, 점점 나빠지는 건강",황성수힐링스쿨,4639,56,2017-11-08T05:38:25Z,145,0.5,General,PreCovid_Supplement
Gwbot-_n0uA,당뇨,"당뇨 환자, 금연·혈당 관리했더니…합병증·의료비 ‘뚝’",KBS News,3720,20,2017-12-04T12:45:27Z,105,0.5,General,PreCovid_Supplement
nSpWxK-gyk4,당뇨,기분나쁜 당뇨! 인슐린 펌프로 완치해서 내 건강은 내가 지킬 겁니다!,당뇨TV#,2607,50,2017-04-05T05:01:45Z,267,0.5,General,PreCovid_Supplement
NAAKpNUd2eQ,당뇨,당뇨병과 눈 건강: '당뇨망막병증' - 안과 김응석 교수,경희의료원,1789,30,2017-06-29T00:53:45Z,663,0.5,General,PreCovid_Supplement
KURaTlVpM68,당뇨,[MBC경남건강클리닉] 당뇨족부질환과 고압산소치료,삼천포서울병원,1362,15,2017-12-08T05:08:54Z,3138,0.5,General,PreCovid_Supplement
QRuSFs8WkTw,당뇨,"당뇨환자에 나타나는 당뇨망막병증, 임신부도 조심해야 [건강프라임-시선뉴스]",시선뉴스 YouTube,859,7,2017-06-22T05:40:21Z,437,0.5,General,PreCovid_Supplement
pf0jZ4sklPU,당뇨,한국인 첫째 화 당뇨에 걸리는 ‘진짜 이유’ 건강 대해부 @좋은아침 5220회 20171208,SBS Entertainment,765,16,2017-12-08T11:00:05Z,209,0.5,General,PreCovid_Supplement
mriqYLQcoCs,당뇨,[1분 건강상식] 당뇨발 예방수칙 / 상계백병원 족부족관절센터 정형진 교수,인제대학교 백병원,420,4,2017-08-02T00:56:09Z,66,0.5,General,PreCovid_Supplement
jp3hCquse4Y,고혈압,[건강강좌] 고혈압 바로 알기(강동경희대병원 심장혈관내과 손일석 교수),강동경희대학교병원,260311,2838,2017-11-02T06:36:30Z,2320,0.5,General,PreCovid_Supplement
EHqR-emb540,고혈압,고혈압이란?,EBS 건강 아카이브,24115,130,2017-11-22T04:08:14Z,34,0.5,General,PreCovid_Supplement
4uMKQAKyi-4,고혈압,SBS 모닝와이드 TV의료분쟁 차트(Chart) '폐동맥 고혈압 11살 성은이' 편 법무법인 고도 이용환 변호사,변호사이용환,2485,6,2017-10-26T08:43:28Z,569,0.5,General,PreCovid_Supplement
MrgPUY4SXxs,고혈압,[1분 건강상식] 고혈압 예방수칙 / 상계백병원 가정의학과 이선영 교수,인제대학교 백병원,2318,13,2017-09-26T08:59:23Z,68,0.5,General,PreCovid_Supplement
jr7C6WH0wsA,고혈압,한림대학교한강성심병원 1분 건강정보 - 고혈압의 종류와 원인,한림대학교의료원,1967,7,2017-04-05T00:49:40Z,90,0.5,General,PreCovid_Supplement
UkuXCCPeza0,고혈압,분당서울대학교병원 고혈압강의   1. 정의,분당서울대학교병원,1802,13,2017-02-27T06:52:50Z,240,0.5,General,PreCovid_Supplement
6tjUo_zSXDM,고혈압,"고혈압, 당뇨, 고지혈증에 의한 혈관 정밀의료 - 제이비내과",MVIOCD,241,0,2017-12-04T05:45:59Z,111,0.5,General,PreCovid_Supplement
UGuRORFVTsE,고혈압,[20170823] 쿠키건강TV데일리 건강_고혈압,"대장항문전문병원, 한솔병원TV",139,0,2017-09-29T07:33:11Z,1217,0.5,General,PreCovid_Supplement
97Fz_4e7E-8,고혈압,[TBC클리닉 건강365]만성 콩팥병과 고혈압의 은밀한 관계,TBC스마트교육원,136,1,2017-05-30T00:08:17Z,1500,0.5,General,PreCovid_Supplement
e5riAE4BPhw,고혈압,찾아가는 우리마을 고혈압·당뇨병 건강교실,동작구청,115,0,2017-04-14T07:50:26Z,65,0.5,General,PreCovid_Supplement
aCX0YZzfxts,암,(건강)무시하면 안되는 대장 암의 초기 증상은 편의 변화와 방귀! 원인은 식사에 있었다!,천공의 날개,61986,174,2017-10-22T11:42:13Z,181,0.5,General,PreCovid_Supplement
UT9MStJ7bM8,암,"[김지수의 건강 36.5] 여성암 1위 유방암 정복, '10년 치료'에 달렸다 / 연합뉴스TV (Yonhapnews TV)",연합뉴스TV,50656,269,2017-02-04T02:08:40Z,577,0.5,General,PreCovid_Supplement
cw9TrTWBzsM,암,[충남대학교병원 의료재활센터] 3-1 암재활 교육 (상지 림프부종 마사지),충남대학교병원,19790,137,2017-02-27T06:03:44Z,186,0.5,General,PreCovid_Supplement
uhGQfuqAUOo,암,"[건강 백문백답] 항문에서 피가 나는데, 혹시 대장암? / 해운대백병원 대장항문외과 정원범 교수",인제대학교 백병원,19577,98,2017-08-02T02:12:18Z,224,0.5,General,PreCovid_Supplement
ku2zDJx21Q0,암,쿠기TV 데일리건강 79회 복막전이암,이채영-통합치유,10838,112,2017-11-22T03:10:58Z,928,0.5,General,PreCovid_Supplement
z-lxZTLwjVM,암,"여유만만 - 건강검진 꽃 ‘CT검사’, 암을 유발할 수 있다는데? 20171130",KBS 교양,9959,54,2017-11-30T05:11:12Z,202,0.5,General,PreCovid_Supplement
UtFaN657AIc,암,"[5분 건강 톡톡] 암수술, 나이는 숫자 불과!…80세 이상 위암 생존율 70%↑",KBS News,7155,39,2017-07-18T00:33:08Z,233,0.5,General,PreCovid_Supplement
2yW0jcEaqxo,암,[TBC클리닉 건강365]최첨단 암 검사 PET - CT,TBC스마트교육원,6919,71,2017-08-28T01:59:17Z,1541,0.5,General,PreCovid_Supplement
pbDg8hQa0F4,암,[5분 건강 톡톡] 암 환자 울리는 고가 항암 신약…해법은?,KBS News,6888,38,2017-01-24T00:40:07Z,345,0.5,General,PreCovid_Supplement
RLCwMT_r2i8,암,"[국방뉴스]17.04.12  '건강이 보인다'  - 신장암, 무엇보다 조기 발견이 중요!",KFN,4953,21,2017-04-12T06:49:57Z,230,0.5,General,PreCovid_Supplement
21LE3LIEqoQ,암,강북삼성병원 [건강을 만나다] 우리와 가까운 대장암 - 소화기내과 정윤숙 교수,강북삼성병원,3614,37,2017-07-12T02:11:44Z,513,0.5,General,PreCovid_Supplement
YhnEsoQkwlY,암,"대장암 이겨낸 김승환, 건강을 되찾을 수 있었던 생활 습관 알짜왕 21회",JTBC Entertainment,2231,14,2017-04-09T00:44:46Z,181,0.5,General,PreCovid_Supplement
2meru41aDjc,암,"대장암 위험 인자, 가장 위험한 청소년 건강 적신호 (!) 진짜 의사가 돌아왔다 23회",JTBC Entertainment,1741,12,2017-10-28T06:10:13Z,128,0.5,General,PreCovid_Supplement
zVljG6g8RlU,암,[부산백병원 건강강좌] 전립선암의 수술적 치료 / 비뇨기과 서원익 교수,부산백병원,1476,13,2017-09-25T08:50:17Z,2421,0.5,General,PreCovid_Supplement
PUC4Ei0XhQM,암,국가건강검진 - 암검진 편,국민건강보험일산병원,1272,5,2017-11-07T10:56:48Z,44,0.5,General,PreCovid_Supplement
GfkPkdcH4ZM,암,바로 알고 제대로 대처하는 대장암[SMC 국민건강 프로젝트],삼성서울병원,1154,4,2017-08-29T06:19:32Z,596,0.5,General,PreCovid_Supplement
DgIy3maTKwo,암,무엇이든 물어보세요 - 국가 건강검진으로 암 발견한 사례자 20170306,KBS 교양,1063,4,2017-03-06T04:59:21Z,161,0.5,General,PreCovid_Supplement
pcjnInh-gWA,암,"[TBC클리닉 건강365]대장암 수술, 그 이후..",TBC스마트교육원,716,7,2017-05-31T00:25:02Z,1321,0.5,General,PreCovid_Supplement
_kyB0N621Tg,암,"(의료비 경감 대책) 암 환자 대상, MRI·초음파 건강보험 급여 가능 진짜 의사가 돌아왔다 14회",JTBC Entertainment,695,10,2017-08-19T02:59:03Z,194,0.5,General,PreCovid_Supplement
17bjn4NbsIE,암,암 조기 발견 일등공신?! ‘건강검진’ (살맛나십쇼) @좋은아침 5163회 20170912,SBS Entertainment,558,3,2017-09-12T07:30:15Z,180,0.5,General,PreCovid_Supplement
omiQTS2EsXI,갑상선,갑상선치료 장덕한방병원,장덕한방병원 갑상선센터,174801,84,2017-11-13T10:06:45Z,21,0.5,General,PreCovid_Supplement
_DuDwF43kL0,갑상선,"[건강프라임] 갑상선 기능 항진증 환자, 함부로 운동하면 위험해 / 김지영 아나운서",시선뉴스 YouTube,42304,329,2017-12-15T03:21:18Z,438,0.5,General,PreCovid_Supplement
hHncOvldQyA,갑상선,갑상선암 이겨낸 오영실의 건강해지는 생활습관 大공개! 알짜왕 16회,JTBC Entertainment,21564,144,2017-03-02T00:50:39Z,188,0.5,General,PreCovid_Supplement
HtoBi2Au5_c,갑상선,[메디텔] 허당닥터 갑상선 초음파 검사하다!,의학채널 비온뒤,19953,140,2017-06-20T10:30:00Z,845,0.5,General,PreCovid_Supplement
n9yQsj_Fpqw,갑상선,갑상선 암,건국대학교병원,13131,133,2017-11-07T07:21:11Z,3011,0.5,General,PreCovid_Supplement
chLPSzfwVQg,갑상선,"김일봉 원장 동영상 초음파 증례토의(188)-①좌측 갑상선 상부의 유두암 ② 우측 갑상선, 좌측 갑상선 하부의 선종양 결절(F/52)",김일봉,1078,13,2017-01-20T06:11:43Z,710,0.5,General,PreCovid_Supplement
-I8Jppte8zA,갑상선,갑상선 기능항진증 50대에 가장 흔해,보건복지부TV,855,1,2017-02-24T08:11:34Z,31,0.5,General,PreCovid_Supplement
Nu_eW2GiUsg,갑상선,[KCTV건강정보] 갑상선기능 항진증 - 현대병원 장현주 원장,KCTV광주방송,470,6,2017-04-28T04:37:42Z,206,0.5,General,PreCovid_Supplement
gceBYFwmbRQ,갑상선,[창원파티마병원] 갑상선 암,창원파티마병원,404,0,2017-12-12T07:45:53Z,98,0.5,General,PreCovid_Supplement
yLL9FPY3PnM,갑상선,건강 365 [30회] 갑상선 질환 / YTN 라이프,YTN 밀덕스,365,3,2017-08-03T11:54:15Z,1585,0.5,General,PreCovid_Supplement
foBR0y0A0ZQ,갑상선,[부산백병원 건강강좌] 갑상선암의 진단과 치료 / 내분비대사내과 이순희 교수,부산백병원,282,4,2017-08-23T01:07:51Z,1089,0.5,General,PreCovid_Supplement
JG_vfgLui5s,갑상선,[KCTV건강정보- 갑상선기능항진증]광주현대병원 장현주원장,KCTV광주방송,226,0,2017-04-13T07:41:44Z,206,0.5,General,PreCovid_Supplement
tbsVmV133l8,갑상선,[시연용] b0187aako 대한검진의학회 갑상선초음파검사 안내 건강검진,HealthBreeze헬스브리즈,151,2,2017-05-23T01:32:59Z,108,0.5,General,PreCovid_Supplement
ShSczPr84sU,관절염,관절염 싹 가신 관절여왕의 비법! [황수경의 생활보감] 13회 20170702,TVCHOSUN - TV조선,10039,23,2017-07-02T02:00:01Z,94,0.5,General,PreCovid_Supplement
loIn6gAtUcQ,관절염,"관절염, 수술 후에 아픈 이유 - 사랑플러스 건강 톡톡 19회",C채널방송 : TV,5620,73,2017-09-26T05:09:54Z,538,0.5,General,PreCovid_Supplement
fMY7teN0u9I,관절염,[건강] 퇴행성 무릎 관절염 예방법!,케이웨더,699,8,2017-05-17T05:24:55Z,241,0.5,General,PreCovid_Supplement
waIrV8nMx4M,관절염,"[5분 건강 톡톡] 여성, 무릎관절염 위험 더 높아",KBS News,561,6,2017-06-06T00:19:26Z,263,0.5,General,PreCovid_Supplement
-i_TfLUcc14,관절염,관절염 막는 봄철 건강식품 ‘멸치’ (살맛나십쇼) @좋은아침 5042회 20170313,SBS Entertainment,514,11,2017-03-13T06:59:47Z,123,0.5,General,PreCovid_Supplement
UVlMFjFiO0E,관절염,류마티스 관절염과 퇴행성 관절염의 차이점 / YTN 라이프,YTN 밀덕스,419,2,2017-02-15T04:34:07Z,38,0.5,General,PreCovid_Supplement
l5lGV_SR6vk,관절염,류머티즘성 관절염 - 사랑플러스 건강 톡톡 44회,C채널방송 : TV,348,7,2017-12-20T04:52:34Z,491,0.5,General,PreCovid_Supplement
92GJDT4XGuw,관절염,마이크로의료로봇으로 관절염 치료…2021년 상용화 / 연합뉴스TV (YonhapnewsTV),연합뉴스TV,309,1,2017-10-30T11:41:54Z,101,0.5,General,PreCovid_Supplement
ceb8avmO_n4,관절염,"건강한의사 김용진원장의 퇴행성관절염의 증상과 원인, 한방치료법",봄한의사 김용진,261,1,2017-01-24T05:32:18Z,391,0.5,General,PreCovid_Supplement
XHMUo_Si5Nw,관절염,"관절염, 수술을 해야 할까요? - 사랑플러스 건강 톡톡 17회",C채널방송 : TV,236,2,2017-09-19T04:59:22Z,546,0.5,General,PreCovid_Supplement
fnU__BtKpwQ,관절염,계속해서 증가하고 있는 퇴행성관절염 환자 [건강 나눔 프로젝트 청.바.지] 15회 20171013,TVCHOSUN - TV조선,202,0,2017-10-13T06:18:25Z,91,0.5,General,PreCovid_Supplement
2uzGfgElTUk,관절염,[창원파티마병원] 시민건강아카데미 - 류마티스관절염,창원파티마병원,198,0,2017-11-08T09:54:33Z,2535,0.5,General,PreCovid_Supplement
OUnPITdALto,관절염,50대에 찾아온 관절염의 원인 [건강 나눔 프로젝트 청.바.지] 15회 20171013,TVCHOSUN - TV조선,196,1,2017-10-13T06:18:25Z,73,0.5,General,PreCovid_Supplement
dm4Ydy7oua4,관절염,건강 365 [7회] 류마티스 관절염 / YTN 라이프,YTN 밀덕스,190,2,2017-02-15T04:31:14Z,1431,0.5,General,PreCovid_Supplement
WnfTyGFVzug,관절염,무릎 관절염의 치료 [건강클리닉] 171222,엠키타카 MKTK,146,0,2017-12-22T05:12:41Z,3080,0.5,General,PreCovid_Supplement
yhlH1C-Q9xM,관절염,[TBC클리닉 건강365]노년층을 괴롭히는 무릎 퇴행성 관절염,TBC스마트교육원,139,0,2017-05-31T02:19:54Z,1846,0.5,General,PreCovid_Supplement
MqOhw-AAAVM,관절염,[이데일리TV] 건강아이콘 36.5 - 무릎관절염의 원인과 치료,사랑플러스병원,104,1,2017-03-28T06:17:10Z,2079,0.5,General,PreCovid_Supplement
GtEgb-UZoyU,허리디스크,허리디스크 환자가 집에서 할 수 있는 운동은?,자생한방병원,139691,928,2017-09-07T08:06:38Z,89,0.5,General,PreCovid_Supplement
UJDe-1lTUm8,허리디스크,허리디스크에 좋은 허리 운동 (어머 이건 꼭 해야돼!),건강의학전문채널 하이닥,82186,736,2017-06-16T01:15:13Z,290,0.5,General,PreCovid_Supplement
aO2vuxmhWyw,허리디스크,"허리디스크 , 걷기만 하면 허리,다리가 당기는 통증이 심한분은 꼭 보십시요.",전기신경치료학회 KCNES 통증치료 ,55475,200,2017-10-17T23:45:38Z,736,0.5,General,PreCovid_Supplement
8N6phM3PMgE,허리디스크,2.목디스크 환자는 꼭 보세요. 목디스크와 허리디스크의 차이,전기신경치료학회 KCNES 통증치료 ,50674,350,2017-04-17T01:15:51Z,339,0.5,General,PreCovid_Supplement
N9e738HXdWc,허리디스크,"허리 디스크 , 급성요통 빠르게 치료하기. 기적이라고도 하죠.. 오래고생하면 바보,오래고생 시키면 바보같은 병원",전기신경치료학회 KCNES 통증치료 ,45497,201,2017-02-10T02:43:06Z,712,0.5,General,PreCovid_Supplement
u84QLLjMCwU,허리디스크,허리디스크에 좋은 운동과 나쁜 운동 무엇이 있을까?,평촌우리병원 '우리관절이야기',43308,153,2017-07-03T08:34:22Z,88,0.5,General,PreCovid_Supplement
Gbz9Cx1_NRk,허리디스크,디스크닥터 WG50 G2 - 허리디스크 견인치료 허리보호대/허리견인기 재활운동,디스크닥터,39905,46,2017-09-15T01:46:18Z,186,0.5,General,PreCovid_Supplement
A1ifxmBnLgs,허리디스크,건강365 [5회] 허리디스크 / YTN 라이프,YTN 밀덕스,38643,204,2017-02-01T04:45:45Z,1469,0.5,General,PreCovid_Supplement
KYI6sxgKZNM,허리디스크,허리디스크에 걸리면 다리까지 아프다?! / YTN 라이프,YTN 밀덕스,36654,140,2017-02-01T03:37:21Z,92,0.5,General,PreCovid_Supplement
lTB-vPwVw1w,허리디스크,"허리 디스크, 협착증 급성요통환자가 치료후 깜짝 놀랍니다. 이렇게 좋아진다니 믿기지가 않아요.. miracle! acute back pain",전기신경치료학회 KCNES 통증치료 ,32142,86,2017-03-08T04:16:29Z,165,0.5,General,PreCovid_Supplement
zGJTDwVSjIA,허리디스크,명의ㅡ척추 (디스크)수술할것인가 말것인가?,bro CHOI (1892),27280,136,2017-12-16T13:34:08Z,2666,0.5,General,PreCovid_Supplement
OPB5rrMzzFw,허리디스크,"허리통증,허리디스크 좌골신경통은 오래고생하는병?",전기신경치료학회 KCNES 통증치료 ,25880,118,2017-03-26T23:50:57Z,736,0.5,General,PreCovid_Supplement
hWxS35qcEyM,허리디스크,"허리 디스크 수술 결정환자, 버티면 이겨낼수 있습니다. 통증완화에 뛰어난 전기신경치료 과정 해설 영상",전기신경치료학회 KCNES 통증치료 ,21700,87,2017-03-08T03:06:49Z,853,0.5,General,PreCovid_Supplement
TNP7M7SrgxE,허리디스크,울산 허리디스크 치료의 원리,김실장,20404,286,2017-04-11T10:14:43Z,650,0.5,General,PreCovid_Supplement
qR7R9hq2fE8,허리디스크,허리디스크와 척추관협착증_[건강클리닉]171110,엠키타카 MKTK,16906,175,2017-11-10T05:17:29Z,3102,0.5,General,PreCovid_Supplement
qL2nEb4qNBU,허리디스크,허리디스크ㅣ 바른세상병원 척추클리닉 이병규 원장,바른세상병원,13367,193,2017-09-06T08:05:59Z,124,0.5,General,PreCovid_Supplement
hRypWQZ9LKY,허리디스크,울산 허리디스크 치료 재활운동,김실장,10066,138,2017-04-15T01:30:15Z,374,0.5,General,PreCovid_Supplement
TNvx4WtfzLY,허리디스크,맥켄지운동 응용: 허리디스크,정한석,5740,29,2017-05-08T01:29:04Z,150,0.5,General,PreCovid_Supplement
ZLocHv21jYE,허리디스크,울산 허리디스크 원인을 알아야 고칠 수 있다!,김실장,4947,80,2017-04-11T09:29:57Z,378,0.5,General,PreCovid_Supplement
rC-jcwZB7BA,전립선,전립선암검사 PSA 꼭 필요한가요?,조동혁의100세 건강시대,115719,2392,2017-05-26T15:08:12Z,483,0.5,General,PreCovid_Supplement
jRdJysMyJ2w,전립선,전립선비대증과 자위행위,팩토리붐,105074,138,2017-04-24T07:27:37Z,88,0.5,General,PreCovid_Supplement
S9T4v9nxRgc,전립선,만성전립선염은 치료가 힘든 질환이다??,후후비당고한의원 - 대사질환 性지식채널,7982,57,2017-09-27T18:34:11Z,150,0.5,General,PreCovid_Supplement
I-iXVPERPhI,전립선,"안상원 박사 / 봉침효과? 전립선염,전립선비대증 봉침치료. 매일경제tv 건강한의사.",안상원 박사,5293,35,2017-06-16T00:58:12Z,520,0.5,General,PreCovid_Supplement
oRzNvRjRKh0,전립선,전립선비대증 음낭수종!! 건강한의사의 진료상담 영상,한의학건강한의사,2333,16,2017-08-25T09:51:47Z,1223,0.5,General,PreCovid_Supplement
FzFTvujXf6E,전립선,건강한의사 김용진 원장의   전립선염의 한의학적원인과 한방치료법,봄한의사 김용진,1473,10,2017-02-08T04:24:51Z,584,0.5,General,PreCovid_Supplement
zDAMfP7KHfM,전립선,안상원 박사 / 전립선염 봉약침치료가 효과적이다? 매일경제TV 건강한의사.,안상원 박사,1111,8,2017-06-15T10:31:01Z,571,0.5,General,PreCovid_Supplement
1bIeQ7RFYNk,전립선,"멀쩡한 사람, 암판정에 전립선 제거까지…'못 믿을 대학병원'",뉴스TVCHOSUN,1096,9,2017-11-28T13:59:46Z,87,0.5,General,PreCovid_Supplement
YVvEKYgSKr0,전립선,똑!똑!TV건강상담 - 전립선비대증 고민해결 프로젝트,트루맨남성의원,1095,3,2017-02-07T07:09:55Z,559,0.5,General,PreCovid_Supplement
m6Sfd34tyzE,전립선,[시연용] b0189aako 대한검진의학회 전립선초음파검사 안내 건강검진,HealthBreeze헬스브리즈,945,3,2017-05-23T01:32:59Z,39,0.5,General,PreCovid_Supplement
MsLYz99e-bY,전립선,전립선비대증 한방치료!! 건강한의사 :),한의학건강한의사,632,7,2017-08-17T11:01:10Z,840,0.5,General,PreCovid_Supplement
Tpb-WkM083U,전립선,전립선비대증 검사는 어떻해 이루어지는가,유쾌한비뇨기과no1,283,0,2017-04-25T06:22:40Z,37,0.5,General,PreCovid_Supplement
v-gTHl-4ChQ,전립선,전립선 비대증 ㅡ전립선비대증과 방광을 위한 건강기능식품 제조 특허를 받은 옥타사발플러스 강추!,G.R.Group Gemmakorea,275,2,2017-12-17T16:17:12Z,306,0.5,General,PreCovid_Supplement
65L7Px7LVw8,전립선,엘레오틴 교육 영상: 전립선 건강,거꾸로 보는 세상,259,3,2017-07-19T22:14:28Z,123,0.5,General,PreCovid_Supplement
zolKxmHlD0U,전립선,"TV닥터 건강클리닉 최예철 과장전립선 질환, 46분 30초",클라우드엠서클,201,0,2017-12-14T05:47:39Z,2819,0.5,General,PreCovid_Supplement
j2Qo9-AWgqk,전립선,방광건강캠페인 - 전립선비대증 증상&영향,Taeju Noh,196,1,2017-07-03T05:32:35Z,125,0.5,General,PreCovid_Supplement
-eFhcYDutU4,전립선,[TBC클리닉 건강365]전립선 질환의 치료,TBC스마트교육원,104,1,2017-05-30T00:47:44Z,1860,0.5,General,PreCovid_Supplement
A-NHpRAlNUw,치매,메디컬 다큐 7요일 - 나를 잊지 마오- 치매병동 외_#002,EBSDocumentary (EBS 다큐),4092933,20743,2017-05-24T11:10:33Z,856,0.5,General,PreCovid_Supplement
XNAtPvYfQeM,치매,메디컬 다큐 7요일 - 나를 잊지 마오- 치매병동 외_#003,EBSDocumentary (EBS 다큐),1268622,6888,2017-05-24T11:11:57Z,1087,0.5,General,PreCovid_Supplement
gpaeKTHcJ4w,치매,"메디컬 다큐 7요일 - 한결같은 사랑, 70년- 치매 외_#001",EBSDocumentary (EBS 다큐),173725,598,2017-11-01T09:10:22Z,1333,0.5,General,PreCovid_Supplement
aFp2mn6iKvc,치매,[신 직업의 발견 171102] 치매예방관리사,잡플러스TV,21661,186,2017-11-03T10:56:27Z,3419,0.5,General,PreCovid_Supplement
e5tvffnLbu8,치매,치매 증상과 치료법 - 사랑플러스 건강 톡톡 30회,C채널방송 : TV,4458,41,2017-11-01T02:52:52Z,570,0.5,General,PreCovid_Supplement
7rOfDaBSrYI,치매,[KMA TV 건강정보] 나도 피할 수 없다. 치매 예방 및 관리,대한의사협회,3400,18,2017-10-24T07:45:37Z,370,0.5,General,PreCovid_Supplement
1icVsqDS7Oo,치매,"4~50대 '만성 염증', 20년 후엔 치매 만든다 / SBS",SBS 뉴스,2544,8,2017-11-04T13:10:01Z,125,0.5,General,PreCovid_Supplement
5yohRCT7KJg,치매,건강식품 브로콜리…'치매' 예방에도 효과 / YTN 사이언스,YTN 사이언스,1222,13,2017-02-16T17:34:17Z,101,0.5,General,PreCovid_Supplement
0X-NW7dVlEg,치매,건강보험 혜택으로 중증 치매 환자 치료비 부담 10% 진짜 의사가 돌아왔다 14회,JTBC Entertainment,1176,8,2017-08-19T03:40:42Z,152,0.5,General,PreCovid_Supplement
TQYWap4Y6A8,치매,치매?! 우울증?! 구별법은? / YTN 라이프,YTN 밀덕스,991,6,2017-05-04T21:23:54Z,163,0.5,General,PreCovid_Supplement
Qi7nax-8FWg,치매,[건강 백문백답] '깜빡깜빡' 건망증이 심하면 치매인가요? / 해운대백병원 신경과 박진세 교수,인제대학교 백병원,686,7,2017-11-16T08:24:36Z,339,0.5,General,PreCovid_Supplement
pruyOYJajb4,치매,60세 이상 치매의심환자 MRI 건강보험 적용 / YTN 사이언스,YTN 사이언스,640,2,2017-12-27T03:21:44Z,46,0.5,General,PreCovid_Supplement
ySNVFyIlxDs,치매,인천사랑병원 뇌건강치매센터 '백세총명 뇌건강교실',인천사랑병원,548,4,2017-08-11T04:55:09Z,156,0.5,General,PreCovid_Supplement
pv9dIaqyBFI,치매,'노인장기요양보험' 65세 미만이어도 치매라면 혜택 OK 진짜 의사가 돌아왔다 20회,JTBC Entertainment,515,8,2017-09-30T04:00:09Z,140,0.5,General,PreCovid_Supplement
-sxSDqJsAhk,치매,건강플러스 - 남구 치매 주간보호센터 소개,미추홀구 미추홀릭TV,375,3,2017-12-06T06:53:04Z,148,0.5,General,PreCovid_Supplement
VILsLNp83kM,치매,[창원파티마병원] 시민건강 아카데미 - 치매,창원파티마병원,180,0,2017-11-07T05:53:57Z,2757,0.5,General,PreCovid_Supplement
Lq9rWHIGGII,뇌졸중,[TBC클리닉 건강365]세계 뇌졸중의 날 특집 - 뇌졸중의 재활치료 바로 알기,TBC스마트교육원,24032,228,2017-05-30T08:51:00Z,3554,0.5,General,PreCovid_Supplement
gJxO8-DIShY,뇌졸중,"얼굴 떨리는 안면경련, 뇌졸중과 연관없다 [건강프라임-시선뉴스]",시선뉴스 YouTube,15449,105,2017-06-22T03:00:24Z,355,0.5,General,PreCovid_Supplement
2A1qBDpbQEs,뇌졸중,뇌졸중과 당뇨병은 어떤 연관성이 있나요?[1분 메디캠_뇌졸중 편],삼성서울병원,2142,24,2017-08-28T00:15:13Z,75,0.5,General,PreCovid_Supplement
IBQx7IR15Ns,뇌졸중,[5분 건강 톡톡] ‘들쭉날쭉’ 혈압…심장병·뇌졸중 위험,KBS News,2071,25,2017-02-07T00:29:12Z,353,0.5,General,PreCovid_Supplement
M5M9cqnqITY,뇌졸중,"대한민국 사망 원인 2위 뇌졸중, 홍삼으로 뇌혈관 건강 지킬 수 있다? [건강프라임-시선뉴스]",시선뉴스 YouTube,774,6,2017-06-21T02:29:46Z,318,0.5,General,PreCovid_Supplement
Lb-1xNA3RK0,뇌졸중,건강 망치는 나트륨! 뇌졸중을 일으킨다고?,서울예스병원,277,9,2017-11-08T09:14:31Z,45,0.5,General,PreCovid_Supplement
4gBb6BB1eMk,뇌졸중,생방송 건강클리닉 2017 01 06 뇌졸중의 예방과 치료,구 MBCGN,176,0,2017-01-06T07:36:36Z,3141,0.5,General,PreCovid_Supplement
GVzhlejkTaM,뇌졸중,[TBC클리닉 건강365]뇌졸중 알면 산다!,TBC스마트교육원,109,1,2017-05-30T00:17:22Z,1294,0.5,General,PreCovid_Supplement
YhblGqFfDb4,심장,심장건강에 체중감소가 더 좋을까 vs. 운동량의 증가가 더 좋을까?,조동혁의100세 건강시대,29480,527,2017-03-04T06:56:28Z,465,0.5,General,PreCovid_Supplement
2uPP8nWuVA4,심장,SBS모닝와이드 TV의료분쟁차트 '분만 중 심장이 멈춘 아기'편 ㅣ법무법인고도 이용환변호사,변호사이용환,16505,44,2017-05-15T06:23:22Z,488,0.5,General,PreCovid_Supplement
srHi1T6oufQ,심장,걷기 좋은 계절...'제2의 심장' 발 건강 지키자 / YTN, YTN,3929,16,2017-05-03T01:07:53Z,101,0.5,General,PreCovid_Supplement
8p63_l5ZD8Q,심장,'수면무호흡증'을 치료하면 심장건강도 좋아진다?!,이우정TV,2390,36,2017-12-04T07:38:21Z,382,0.5,General,PreCovid_Supplement
X33Qse3y3eg,심장,인체생리학_8장 심장(순천향대학교 의료IT공학과),김harry,1487,6,2017-11-30T13:49:58Z,1611,0.5,General,PreCovid_Supplement
jEJWVMvsekM,심장,"20170601 전북대학교병원-심장내과 이상록 교수, 티브로드 '건강길라잡이' 출연",전북대학교병원,878,3,2017-06-01T07:23:21Z,542,0.5,General,PreCovid_Supplement
NyDK19mittE,심장,[국방뉴스]17.03.08 장병 건강 프로젝트 '건강이 보인다'  심장 제세동기 삽입술,KFN,838,8,2017-03-09T11:18:38Z,230,0.5,General,PreCovid_Supplement
oStyYjUZzhk,심장,[TBC클리닉 건강365]삶과 죽음의 경계 심장정지,TBC스마트교육원,831,2,2017-05-30T08:45:35Z,1617,0.5,General,PreCovid_Supplement
zjj-mn9wZ40,심장,"치주염 있는 사람, 심장도 문제 있을 확률 높아! [내 몸 사용설명서] 145회 20170315",TVCHOSUN - TV조선,502,1,2017-03-14T22:00:04Z,90,0.5,General,PreCovid_Supplement
CHp5ZFzdokI,심장,한파 속 ‘심장 건강’ 빨간불…“외출땐 모자 필수”,KBS News,477,4,2017-02-02T13:37:53Z,101,0.5,General,PreCovid_Supplement
c-MW3kASw-U,심장,[TBC클리닉 건강365]떼려야 뗄 수 없는 심장과 뇌 심인성 뇌경색,TBC스마트교육원,454,6,2017-05-29T08:11:05Z,1712,0.5,General,PreCovid_Supplement
96NIIxLYVsM,심장,"'진료실 밖에서 듣는 건강이야기' / Q. 화병으로 가슴이 아프면, 심장혈관센터로 가야 하나요?",세종병원TV,368,3,2017-12-08T00:00:14Z,73,0.5,General,PreCovid_Supplement
Cd6n3bhtyOQ,심장,동천동강병원 심장혈관센터 UCC,동천동강병원,319,3,2017-04-07T08:41:03Z,240,0.5,General,PreCovid_Supplement
bd0pCi1a1VE,심장,[시연용] b0195aako 대한검진의학회 심장초음파검사 안내 건강검진,HealthBreeze헬스브리즈,244,2,2017-05-23T01:41:28Z,57,0.5,General,PreCovid_Supplement
IHN9_Gkn9mw,심장,"""심장 건강 떨어지면 기억력도 저하"" / YTN 사이언스",YTN 사이언스,233,1,2017-11-10T05:12:01Z,30,0.5,General,PreCovid_Supplement
gXUbTqXmVWU,심장,"[안동MBC뉴스]안동병원 심장건강 캠페인.. ""경북도민 무료수술""",안동MBC NEWS,216,1,2017-03-13T00:58:40Z,35,0.5,General,PreCovid_Supplement
G6sEJYMysd8,심장,"""체중 변화 잦으면 심장 건강에 해롭다"" / YTN 사이언스",YTN 사이언스,205,2,2017-04-06T04:32:06Z,46,0.5,General,PreCovid_Supplement
BS0pn8ZkdHo,심장,심장 마비 약물 옵션,Erick M,162,0,2017-09-06T19:52:56Z,157,0.5,General,PreCovid_Supplement
O_bEa9QOHeE,심장,심장질환의 원인과 치유방법2편[하늘건강나음터 이성윤 원장 강의] - Causes of heart disease and healing methods,자연치유하늘건강나음터,153,2,2017-01-19T06:01:26Z,311,0.5,General,PreCovid_Supplement
4p0ZJOPOo9k,폐렴,"영양분 공급 '코 튜브', 오래하면 폐렴 부른다 / SBS",SBS 뉴스,43523,245,2017-11-07T22:53:18Z,115,0.5,General,PreCovid_Supplement
jezrG4iBX0w,폐렴,건강 365 [4회] 폐렴 / YTN 라이프,YTN 밀덕스,18859,161,2017-01-25T04:08:41Z,1381,0.5,General,PreCovid_Supplement
wD4Sdfigzac,당뇨병,(건강) 우리 몸에서 보내는 적색신호. 당뇨병의 7가지 증상.,키쿠쿠,11448,25,2017-07-10T15:29:14Z,188,0.5,General,PreCovid_Supplement
im0Qq_6sGvM,당뇨병,[창원파티마병원] 시민건강아카데미 - 당뇨병 식이요법,창원파티마병원,1293,0,2017-11-03T04:44:06Z,2631,0.5,General,PreCovid_Supplement
7bLYk5mjS18,당뇨병,1997. 2.22. MBC출발건강현장_한국형 당뇨병 치료센터,당뇨TV#,932,20,2017-03-30T04:57:07Z,433,0.5,General,PreCovid_Supplement
Ri7L1gu6e_Y,당뇨병,한림대학교한강성심병원 1분 건강정보 - 당뇨병의 진단 및 관리,한림대학교의료원,929,2,2017-04-05T00:43:31Z,94,0.5,General,PreCovid_Supplement
IvHUwUi9010,당뇨병,[건강돋보기] 당뇨병의 합병증 / 상계백병원 내분비·당뇨병센터 고경수 교수,인제대학교 백병원,594,4,2017-08-02T00:49:04Z,197,0.5,General,PreCovid_Supplement
eVviOta0RwY,당뇨병,당뇨병의 합병증! 망막변증! 그리고 백내장 치료방법! [건강한의사],한의학건강한의사,540,4,2017-08-25T09:33:08Z,829,0.5,General,PreCovid_Supplement
BKAl4XkaeoE,당뇨병,[TBC클리닉 건강365]비만 당뇨병 환자의 살 빼고 더하기,TBC스마트교육원,394,1,2017-05-29T08:08:44Z,1938,0.5,General,PreCovid_Supplement
St83JsMeMts,당뇨병,[TBC클리닉 건강365]당뇨병보다 더 무서운 당뇨망막병증,TBC스마트교육원,210,0,2017-05-30T00:46:14Z,1976,0.5,General,PreCovid_Supplement
zPifEtu8nU8,당뇨병,[창원파티마병원] 시민건강아카데미 - 당뇨병과 합병증,창원파티마병원,201,0,2017-11-03T04:44:06Z,1833,0.5,General,PreCovid_Supplement
0Mla6s0a2bo,당뇨병,당뇨병진단기준_추닥터스_건강한의사,추닥터스,120,0,2017-05-12T03:02:15Z,36,0.5,General,PreCovid_Supplement
FMN8MnYpx_Y,당뇨병,한의학에서 보는 당뇨병이란_추닥터스_건강한의사,추닥터스,113,1,2017-05-15T02:53:46Z,134,0.5,General,PreCovid_Supplement
KAIRQnZMPw4,비만,메디컬 다큐 7요일 - 평범한 일상을 꿈꾸며- 초고도비만 외_#003,EBSDocumentary (EBS 다큐),104742,283,2017-12-05T10:08:30Z,776,0.5,General,PreCovid_Supplement
nIa6YccQDSA,비만,"심하게 코를 고는분들 수면 무호흡증, 그리고 비만과 건강문제점들",조동혁의100세 건강시대,5845,139,2017-01-14T04:27:54Z,1001,0.5,General,PreCovid_Supplement
2PCRypauCBk,비만,복부 비만의 원인과 예방 - 사랑플러스 건강 톡톡 16회,C채널방송 : TV,3169,17,2017-09-13T00:50:32Z,512,0.5,General,PreCovid_Supplement
g5RVI24tDng,비만,고도비만 수술에 건강보험…환자부담 60% 줄 듯 / 연합뉴스TV (YonhapnewsTV),연합뉴스TV,2077,7,2017-06-19T01:11:44Z,122,0.5,General,PreCovid_Supplement
dzW91HF27ec,비만,※건강 비상※ 청소년 고도비만 비율 10년 만에 2배↑ 진짜 의사가 돌아왔다 23회,JTBC Entertainment,2064,33,2017-10-28T06:10:09Z,118,0.5,General,PreCovid_Supplement
M_y-0JyBAfg,비만,비만 4차원균형벨트의료체조 10동작따라하기 백동기박사,gym5414,1276,11,2017-09-21T06:30:37Z,210,0.5,General,PreCovid_Supplement
ot0N_pq9HHE,비만,건강하게 키우는 방법 - 중성화수술과비만(이리온),이리온,1173,6,2017-05-31T10:38:10Z,106,0.5,General,PreCovid_Supplement
GKrRao3LZIw,비만,고도비만 수술도 내년부터 건강보험 적용 / YTN, YTN,996,6,2017-06-18T13:44:04Z,97,0.5,General,PreCovid_Supplement
-jUXD_-KjKc,비만,"식이섬유와 건강, 비만, 대장독소배출 사상체질별 식이섬유-김수범의 우리들체질체형건강방송",subeom kim wooreedulTV,831,4,2017-03-10T16:13:01Z,710,0.5,General,PreCovid_Supplement
3l47IGZwUTc,비만,선천적 비만? 우리나라는 거의 없다 [건강프라임-시선뉴스],시선뉴스 YouTube,770,3,2017-07-19T04:29:08Z,434,0.5,General,PreCovid_Supplement
ks1ry0HVgYI,비만,고도비만 수술 내년부터 건강보험 적용 / YTN 사이언스,YTN 사이언스,636,5,2017-06-19T03:42:27Z,38,0.5,General,PreCovid_Supplement
sUMkd2GqHGY,비만,[TBC클리닉 건강365]살과의 전쟁 비만 탈출법,TBC스마트교육원,543,2,2017-05-31T02:27:59Z,1843,0.5,General,PreCovid_Supplement
qVQm4Vtl9TY,비만,고도비만 수술도 내년부터 건강보험 적용 / YTN, YTN,492,1,2017-06-18T04:29:09Z,97,0.5,General,PreCovid_Supplement
E_H9qQfl-8M,비만,"[5분 건강 톡톡] 복부 비만, 미세먼지에 취약",KBS News,482,6,2017-05-16T00:21:13Z,318,0.5,General,PreCovid_Supplement
AC23Sse6PZw,비만,건강 365 [24회] 비만 / YTN 라이프,YTN 밀덕스,304,3,2017-07-07T09:30:19Z,1547,0.5,General,PreCovid_Supplement
qa9JFByMb8Y,비만,"""대기오염이 암, 비만, 심혈관질환 이어 4번째 건강위험"" / YTN 사이언스",YTN 사이언스,280,3,2017-04-13T02:42:16Z,44,0.5,General,PreCovid_Supplement
RFLy-MJxPGU,비만,비만 하면 불 임 | 건강 한 임신 하는 방법,Erick M,272,1,2017-12-01T08:45:05Z,197,0.5,General,PreCovid_Supplement
fD8SqXONl0c,비만,쿠키건강플러스 데일리건강 - 비만,쿠키건강TV / KUKI HEALTH TV,237,1,2017-08-24T02:30:53Z,1144,0.5,General,PreCovid_Supplement
-PHkyULXhOc,탈모,광주탈모치료 병원 광주mbc 1분 건강정보 미라클의원,광주미라클의원TV,1939,6,2017-03-14T05:41:01Z,64,0.5,General,PreCovid_Supplement
3MAOxK5X65A,탈모,탈모치료 의료기기 헤어빔,비에스렌탈,1614,1,2017-08-09T06:57:11Z,17,0.5,General,PreCovid_Supplement
URT8z8jh24w,탈모,탈모 치료제 때문에 발기부전에 걸릴 수 있다?,헬스케어투데이,655,0,2017-03-30T03:54:00Z,39,0.5,General,PreCovid_Supplement
I7mxzeSh6fI,탈모,[자막뉴스] 마스크로 탈모 치료?...넘치는 의료기기 오인 광고 / YTN, YTN,550,1,2017-11-22T07:06:39Z,105,0.5,General,PreCovid_Supplement
TRbTN_5i6GQ,탈모,광주KBC 건강클리닉 탈모와 모발이식 나용필모피부과 나용필 원장님,클라우드엠서클,465,1,2017-06-09T07:19:29Z,3277,0.5,General,PreCovid_Supplement
PyVHcj-S1EI,탈모,"건강 탈모, 손톱의 문제, 불면증을 예방하려면",Aikichi Channel,235,0,2017-07-20T23:30:00Z,435,0.5,General,PreCovid_Supplement
ybkUz_ihvY0,위암,제10차 김성열 건강교실(위염 위궤양 위암 장상피화생 헬리코박터),sung ryul Kim,89396,1258,2017-08-01T08:40:30Z,2161,0.5,General,PreCovid_Supplement
n5eiVflE-Xs,위암,조기 위암의 내시경 치료,서울아산병원,74739,519,2017-06-27T04:42:47Z,2068,0.5,General,PreCovid_Supplement
h_sJ0JGtVYg,위암,위암의 진행 과정,EBS 건강 아카이브,64599,250,2017-12-01T00:25:48Z,75,0.5,General,PreCovid_Supplement
NYpW1qoBIoE,위암,무엇이든 물어보세요 - 위암의 빨간불! 위선종 20170131,KBS 교양,21331,134,2017-01-31T02:06:43Z,201,0.5,General,PreCovid_Supplement
OWlljFgS-sg,위암,[황성수TV] 위암의 원인과 치료,황성수힐링스쿨,17164,316,2017-05-30T15:28:46Z,286,0.5,General,PreCovid_Supplement
eLNIcVhFUAw,위암,위암 '입에 좋은 '단짠'이 위암을 부른다' _ KBS 생로병사의 비밀,국가암지식정보센터,11508,74,2017-03-03T03:57:55Z,287,0.5,General,PreCovid_Supplement
iH7QonOXQ7A,위암,위암 수술 후 관리,서울아산병원,6842,43,2017-11-07T04:15:57Z,1316,0.5,General,PreCovid_Supplement
WhOl3IWAIhU,위암,고령자도 암 수술 ‘거뜬’…“위암 생존율 73%”,KBS News,4686,15,2017-07-19T00:00:00Z,109,0.5,General,PreCovid_Supplement
KWJnHu6JtS0,위암,위암의 병기,EBS 건강 아카이브,3494,21,2017-11-22T05:26:46Z,50,0.5,General,PreCovid_Supplement
w6chjFerDBc,위암,위암 전문의에게 듣는 위암 발병의 원인 (건강 대해부) @좋은아침 5161회 20170908,SBS Entertainment,2570,23,2017-09-08T09:22:04Z,159,0.5,General,PreCovid_Supplement
JeC6v3Y6-LU,위암,[시연용] c0068aako 축약판위암환자에 대한 스텐트삽입술 안내,HealthBreeze헬스브리즈,1083,5,2017-07-04T02:23:05Z,30,0.5,General,PreCovid_Supplement
Ut9bH3ZKkMs,위암,조기위암의 내시경적 치료,건국대학교병원,1012,8,2017-08-16T07:53:01Z,634,0.5,General,PreCovid_Supplement
hIovKuaBV8o,위암,[서울성모병원] 위암의 예방과 치료_박조현 교수,서울성모병원TV,984,11,2017-03-17T00:18:59Z,2467,0.5,General,PreCovid_Supplement
WumP6XvuwcY,위암,[메디컬플러스] 위암의 치료(단국대병원 외과 지예섭 교수),단국대학교병원,650,4,2017-02-09T01:54:57Z,562,0.5,General,PreCovid_Supplement
EbOLuxcqFlo,위암,"꾸지뽕, 위암.",한국영양치료TV,639,7,2017-09-15T06:54:15Z,49,0.5,General,PreCovid_Supplement
7IzjI_H3WP0,위암,싱겁게 먹고 가공식품 줄이고…국민 위암예방수칙 나와 / 연합뉴스TV(YonhapnewsTV),연합뉴스TV,227,1,2017-03-14T01:28:37Z,117,0.5,General,PreCovid_Supplement
t2KmFuLk97s,위암,"""최대한 싱겁게"" 한국인 위암 예방수칙 제정 / YTN 사이언스",YTN 사이언스,214,2,2017-03-14T02:22:19Z,39,0.5,General,PreCovid_Supplement
bTKL2_rYPwM,위암,건강 보험: 명의에게 묻다 '조기위암' 80%는 무증상…정기검진이 최선,건강 보험,195,0,2017-11-08T02:03:31Z,308,0.5,General,PreCovid_Supplement
JXXtFJi0nlc,위암,[TBC클리닉 건강365]위암 발병률 세계 1위 한국인의 위를 지켜라,TBC스마트교육원,186,0,2017-05-30T00:44:18Z,1832,0.5,General,PreCovid_Supplement
r54llfX3dBw,대장암,메디컬 다큐 7요일 - 내가 살아야 하는 이유- 대장암 말기 외_#003,EBSDocumentary (EBS 다큐),1096417,4657,2017-06-07T13:12:22Z,826,0.5,General,PreCovid_Supplement
WDt6teV7su8,대장암,메디컬 다큐 7요일 - 내가 살아야 하는 이유- 대장암 말기 외_#001,EBSDocumentary (EBS 다큐),361702,1467,2017-06-07T13:13:00Z,1106,0.5,General,PreCovid_Supplement
snmu_CMsgOY,대장암,메디컬 다큐 7요일 - 내가 살아야 하는 이유- 대장암 말기 외_#002,EBSDocumentary (EBS 다큐),353605,1559,2017-06-07T13:11:33Z,834,0.5,General,PreCovid_Supplement
VUI86qW5lPE,대장암,대장암의 증상과 치료법은? / YTN 사이언스,YTN 사이언스,44304,225,2017-01-31T00:29:58Z,144,0.5,General,PreCovid_Supplement
SwX2wc3nLAc,대장암,건국대학교병원 대장암센터 - 대장암 재발과 전이,건국대학교병원,43712,381,2017-03-16T08:38:47Z,3963,0.5,General,PreCovid_Supplement
2olYrj8DooA,대장암,건국대학교병원 대장암센터 - 대장암 병기별 치료방법,건국대학교병원,42229,424,2017-09-21T08:22:29Z,2987,0.5,General,PreCovid_Supplement
SBAoMkJUtsc,대장암,조기 대장암의 내시경 치료,서울아산병원,29359,128,2017-06-27T04:42:47Z,1832,0.5,General,PreCovid_Supplement
CZBP-euk7DM,대장암,"대장암 바로알기, 대장암의 모든 것",쿠키건강TV / KUKI HEALTH TV,26418,202,2017-09-29T04:05:34Z,5383,0.5,General,PreCovid_Supplement
U4N3lasgb0Y,대장암,대장암_ KBS 생로병사의 비밀,국가암지식정보센터,22315,75,2017-02-24T00:12:13Z,232,0.5,General,PreCovid_Supplement
cAn55pfwXYg,대장암,"대장암과 견과류, 암 재발 방지에 음식은 큰 도움이 된다 - 류영석 원장",류영석TV,15854,211,2017-06-04T09:34:11Z,272,0.5,General,PreCovid_Supplement
YVdkugemviA,대장암,"[조병식의 자연치유] 대장암, 혈변이 생기는 것은 좋지 않은 증상",조병식 TV  ,15613,75,2017-03-13T12:31:15Z,162,0.5,General,PreCovid_Supplement
TacqlFW-P8E,대장암,[통합암치료로드맵] 대장암 항암치료 후 손발저림이 생겼습니다. 운동하면 좋아지나요? - 김진목,파인힐병원 - 김진목TV,12873,126,2017-01-18T05:30:23Z,108,0.5,General,PreCovid_Supplement
GQm-cXWYo-I,대장암,"[조병식의 자연치유] 대장암 말기, 생존율을 높일 수 있는 방법",조병식 TV  ,10143,83,2017-03-13T09:45:15Z,172,0.5,General,PreCovid_Supplement
BcxIwV_n05c,대장암,건국대학교병원 대장암센터 - 대장암 수술과 항암치료,건국대학교병원,10089,106,2017-07-03T07:43:08Z,3703,0.5,General,PreCovid_Supplement
1XawONF5ZYc,대장암,대장암의 증상 3기 4기까지도 자각 증상이 없는 경우도 많아 / YTN 라이프,YTN 밀덕스,9527,44,2017-07-12T03:13:12Z,96,0.5,General,PreCovid_Supplement
XH9-WvbPK5Q,대장암,[시연용] c0031aako 대장암 수술안내 우측결장절제술,HealthBreeze헬스브리즈,9216,61,2017-05-15T07:16:08Z,733,0.5,General,PreCovid_Supplement
EDaCJefQz08,대장암,무엇이든 물 어보세요 - 말기 대장암을 이겨낼 수 있는 비법은? 대장암 극복 사례 20170321,KBS 교양,9016,57,2017-03-21T04:48:33Z,197,0.5,General,PreCovid_Supplement
fOQcZaIYNp0,대장암,"[조병식의 자연치유] 수술이 불가능한 대장암의 다발성 간ㆍ폐 전이, 어떻게?",조병식 TV  ,8639,61,2017-03-13T13:13:04Z,162,0.5,General,PreCovid_Supplement
_aH0n014Sa0,유방암,[TBC클리닉 건강365]가슴앓이 그만! 유방암 타파!,TBC스마트교육원,25975,20,2017-05-31T02:19:32Z,1713,0.5,General,PreCovid_Supplement
JoqAHtUz6qc,유방암,[엠디TV] 유방암 후 유방재건술(건강솔루션) 이상달 원장,엠디TV [20년 Only 가슴성형],18231,16,2017-03-20T07:29:49Z,164,0.5,General,PreCovid_Supplement
XZdNTb4sKBc,유방암,[충남대학교병원 의료재활센터] 3-2 암재활 교육 (유방암 수술 후 유연성 운동),충남대학교병원,2475,24,2017-02-27T06:09:03Z,285,0.5,General,PreCovid_Supplement
PQyV_BJmtGk,유방암,자궁암·유방암 앓았어도…'건강 출산' 사례 잇따라 / SBS,SBS 뉴스,2011,12,2017-09-25T13:14:04Z,116,0.5,General,PreCovid_Supplement
vCLIrjIpEVQ,유방암,"[건강프라임] 남성 유방암, 여성보다 더 늦게 발견 된다 / 김병용 기자",시선뉴스 YouTube,1337,7,2017-12-08T04:46:46Z,400,0.5,General,PreCovid_Supplement
ShOcfcyQB7w,유방암,바로 알고 제대로 대처하는 유방암[SMC 국민건강 프로젝트],삼성서울병원,1112,4,2017-08-29T07:04:13Z,485,0.5,General,PreCovid_Supplement
LJ9Qnh3YWwg,유방암,맨발걷기로 유방암 후유증을 극복하다,건강박사,1106,21,2017-08-25T04:58:30Z,128,0.5,General,PreCovid_Supplement
mj69lb5mSHY,유방암,[GenesWell BCT]  진스웰 BCT 유방암 예후예측 진단검사,젠큐릭스 [GENCURIX],986,16,2017-08-24T02:23:20Z,101,0.5,General,PreCovid_Supplement
plKxsACEhpY,유방암,"의료 AI '왓슨' 유방암 3기 진료, 의료진과 일치 / YTN 사이언스",YTN 사이언스,768,2,2017-04-06T04:12:22Z,46,0.5,General,PreCovid_Supplement
eHtt7UPJD70,유방암,[시연용] b0185aako 대한검진의학회유방초음파를 이용한 유방암검진 안내,HealthBreeze헬스브리즈,241,0,2017-05-23T01:32:59Z,92,0.5,General,PreCovid_Supplement
Ryokm3QyMx4,유방암,KNN건강365 유방암 오해와진실,마더즈병원,224,0,2017-10-21T00:35:17Z,214,0.5,General,PreCovid_Supplement
T0ZdwV4ZztQ,유방암,"[건강시그널] 모유수유하면 유방암 덜 걸린다 / 박진아 아나운서, 대림성모 김성원 원장",시선뉴스 YouTube,190,1,2017-12-27T03:03:26Z,716,0.5,General,PreCovid_Supplement
eUi-o84PKGA,유방암,[대림성모병원 건강시그널 #1] 모유수유하면 유방암 덜 걸린다,대림성모병원,157,0,2017-12-29T02:29:25Z,716,0.5,General,PreCovid_Supplement
3ZmLDH4Xosc,유방암,건강365 마더즈병원 이석재원장 '유방암',마더즈병원,145,1,2017-07-05T07:47:24Z,180,0.5,General,PreCovid_Supplement
H1NuagVzsiE,유방암,[창원파티마병원] 시민건강 아카데미 - 유방암,창원파티마병원,143,0,2017-11-07T04:30:38Z,3034,0.5,General,PreCovid_Supplement
TNLyy921e50,간염,현명한 B형 간염 대처법,건강의학전문채널 하이닥,38114,345,2017-11-24T04:55:33Z,285,0.5,General,PreCovid_Supplement
RiPQNloISiw,간염,제12차 김성열 건강교실(간질환 지방간 간염 간경화 간암 간건강),sung ryul Kim,24263,319,2017-08-29T11:38:13Z,2296,0.5,General,PreCovid_Supplement
-u07hYUjVIA,간염,만성 C형 간염치료 의료보험과 앱클루사 (소포스벨) (광주 한정렬내과),Always patients first,2913,30,2017-02-07T06:11:04Z,973,0.5,General,PreCovid_Supplement
w0W9U-eeUEw,간염,[TBC클리닉 건강365]침묵의 살인자 C형 간염,TBC스마트교육원,2487,21,2017-10-12T02:01:27Z,1141,0.5,General,PreCovid_Supplement
di3heZYl4TU,간염,다음달 C형간염 건강보험 적용…중증건선도 치료비↓ / 연합뉴스TV (YonhapnewsTV),연합뉴스TV,2398,5,2017-05-26T01:04:10Z,119,0.5,General,PreCovid_Supplement
znRK24s9swU,간염,만성C형간염 치료 약제 (광주 한정렬내과),Always patients first,2056,22,2017-06-30T18:39:15Z,1440,0.5,General,PreCovid_Supplement
ZMC5fG_lKZQ,간염,[토크쇼] 헬스조선 건강똑똑 만성간염 퇴치의 모든 것,헬스조선 Health Chosun,205,1,2017-08-31T00:51:10Z,725,0.5,General,PreCovid_Supplement
aNzixr8XKyk,간염,"[건강프라임] 건강보조식품, 간염의 원인 될 수 있다? / 김지영 아나운서",시선뉴스 YouTube,191,2,2017-11-24T06:30:14Z,391,0.5,General,PreCovid_Supplement
ZqXxnzATExQ,신장,혈압약/콜레스테롤약 때문에 신장과 간이 나빠졌나요?,조동혁의100세 건강시대,401263,4499,2017-02-23T14:35:54Z,901,0.5,General,PreCovid_Supplement
IY3eZnQXRKs,신장,신장에 물혹이 있다고 들으셨나요?,조동혁의100세 건강시대,120736,1457,2017-07-26T04:53:23Z,675,0.5,General,PreCovid_Supplement
Yppa89PjNDE,신장,신장 건강 지킴이! ‘히비스커스’ [내 몸 플러스] 50회 20170319,TVCHOSUN - TV조선,64936,264,2017-03-18T23:30:00Z,154,0.5,General,PreCovid_Supplement
kAx8Dcik4Sg,신장,신장의 기능,EBS 건강 아카이브,51601,320,2017-12-08T03:00:03Z,97,0.5,General,PreCovid_Supplement
tRhIMMCkj0g,신장,진행성 신장암의 치료,서울아산병원,23810,168,2017-07-21T00:51:01Z,4891,0.5,General,PreCovid_Supplement
VPyBEJqCao4,신장,신장 건강을 위한 간단한 요리들! [내 몸 플러스] 50회 20170319,TVCHOSUN - TV조선,9936,43,2017-03-18T23:30:01Z,136,0.5,General,PreCovid_Supplement
xVrJ2u3JAo8,신장,"신장암 4기, 어떻게 관리해야 하나? - 류영석 원장",류영석TV,8457,45,2017-04-14T02:43:55Z,249,0.5,General,PreCovid_Supplement
FI9HOMSxbpE,신장,"신장이식, 췌장이식",서울아산병원,7036,61,2017-09-22T07:00:00Z,1756,0.5,General,PreCovid_Supplement
NzDYa3QQCWw,신장,[닥터리포트]신장암/TBC,TBC스마트교육원,6470,25,2017-05-29T05:07:49Z,150,0.5,General,PreCovid_Supplement
rosqpZ8Oorg,신장,EBS1 명의 - 신장이식이 급증한다,EBS,5162,15,2017-10-23T09:08:26Z,62,0.5,General,PreCovid_Supplement
aXKH8RKUE18,신장,(엘레오틴 교육 영상) 신장 투석과 이식 환우들의 건강을 위한 특별한 도움/ 예방의 길.,거꾸로 보는 세상,2748,17,2017-05-05T08:50:31Z,266,0.5,General,PreCovid_Supplement
Z2yTX7aHGag,신장,[창원파티마병원] 간호부 UCC 어워드 - 인공신장센터,창원파티마병원,2093,0,2017-11-14T05:32:18Z,153,0.5,General,PreCovid_Supplement
KXJS6qkqtrE,신장,뽀얀거탑103회 - 신장과 갑상선호르몬 관계 - 신장에 좋은 음식,삼대TV,1845,3,2017-06-02T09:28:17Z,718,0.5,General,PreCovid_Supplement
R0SssnuJO0c,신장,배우 이미지 '신장쇼크'로 사망…신장 건강 지키려면? / 연합뉴스TV (YonhapnewsTV),연합뉴스TV,1648,12,2017-11-30T00:26:42Z,103,0.5,General,PreCovid_Supplement
8c2n7gpBpnM,신장,아버지 신장암 수술 그리고 회복,박상원,1246,4,2017-10-18T12:44:03Z,220,0.5,General,PreCovid_Supplement
O1cmqwRuZvI,신장,신장과 짝을 이루는 '방광'의 역할 / YTN 라이프,YTN 밀덕스,1028,9,2017-11-15T02:52:36Z,62,0.5,General,PreCovid_Supplement
NFDaGi6r-A4,신장,저지방 고단백질! 신장 건강음식 ‘건 바지락’ [내 몸 플러스] 50회 20170319,TVCHOSUN - TV조선,382,0,2017-03-18T23:30:00Z,109,0.5,General,PreCovid_Supplement
7A_AdRmFByM,신장,홍문기 신장내과 전문의편,농기계월드 사공문상,376,6,2017-07-02T05:21:24Z,1063,0.5,General,PreCovid_Supplement
7keP3yJaKsg,신장,[닥터리포트]신장이식/TBC,TBC스마트교육원,251,2,2017-07-10T01:51:23Z,138,0.5,General,PreCovid_Supplement
wBqkymBDEao,골다공증,골다공증의 원인과 예방 - 사랑플러스 건강 톡톡 40회,C채널방송 : TV,1190,17,2017-12-06T02:30:24Z,543,0.5,General,PreCovid_Supplement
-BOoRw41_WA,골다공증,[TBC클리닉 건강365]폐경기 증상과 골다공증의 치료,TBC스마트교육원,520,5,2017-10-12T02:10:04Z,1975,0.5,General,PreCovid_Supplement
DuBpA4FkBfw,골다공증,생방송 건강클리닉 2017 04 21 골다공증과 노인성 골절,구 MBCGN,294,0,2017-05-23T06:37:10Z,3049,0.5,General,PreCovid_Supplement
0tvrTXAjZp0,골다공증,[쿠키건강TV] 건강사회만들기 토론회-고령화 시대 골다공증 관리와 예방 현실화 방안 모색,쿠키건강TV / KUKI HEALTH TV,190,0,2017-04-05T01:27:59Z,4883,0.5,General,PreCovid_Supplement
yi0tdosT8gM,요실금,[홈앤쇼핑] [렌탈]요실금치료기 닥터레이디,HOME & SHOPPING,5499,18,2017-08-23T08:07:32Z,241,0.5,General,PreCovid_Supplement
iER3hjPPgLs,요실금,[홈앤쇼핑] [렌탈]요실금치료기 닥터레이디,HOME & SHOPPING,1054,7,2017-09-13T08:43:53Z,228,0.5,General,PreCovid_Supplement
Eq6X-ehPiMw,아토피,아토피피부염 환아의 심리 관리_정신건강의학과 정유숙 교수[의료진 ON Line 강의],삼성서울병원,1937,11,2017-01-16T00:36:29Z,685,0.5,General,PreCovid_Supplement
0XK5PeQA19A,아토피,"임산부아토피 유전적인 요인 없는데 아토피? [쿠키건강TV, 데일리건강] 임산부아토피 #2",위드유TV,397,3,2017-02-08T07:04:01Z,191,0.5,General,PreCovid_Supplement
ye8oe0-NGyM,당뇨,메디컬 다큐 7요일 - 당신 없인 못 살아- 당뇨발 외(뮤코다당증)_#001,EBSDocumentary (EBS 다큐),1763818,7363,2018-08-20T10:08:34Z,1428,0.5,General,PreCovid_Supplement
o1h2vJCJkmA,당뇨,메디컬 다큐 7요일 - 당신 없인 못 살아- 당뇨발 외_#002,EBSDocumentary (EBS 다큐),228320,1042,2018-08-20T10:09:34Z,1260,0.5,General,PreCovid_Supplement
maNWVNqfD3A,당뇨,당뇨가 있어도 오래 건강하게 사는법,조동혁의100세 건강시대,50843,1715,2018-09-08T15:52:08Z,449,0.5,General,PreCovid_Supplement
vL9YgIEHGiw,당뇨,소아당뇨 아들 위해 IT의료기기 만들었다가 고발당한 삼성전자 엔지니어 출신 엄마,취재대행소 왱,10707,126,2018-02-14T08:41:30Z,217,0.5,General,PreCovid_Supplement
jUZe3WUbc4g,당뇨,당뇨병 - 당뇨망막변증 수술,EBS 건강 아카이브,7430,35,2018-03-28T09:00:06Z,77,0.5,General,PreCovid_Supplement
NKNxG6_OQHQ,당뇨,소아당뇨 어린이 의료기기 사용법,식품의약품안전처,5625,30,2018-06-29T06:17:11Z,590,0.5,General,PreCovid_Supplement
OtesnMME6Nc,당뇨,8월부터 소아당뇨 인슐린펌프 주사기ㆍ바늘 건보적용 / 연합뉴스TV (YonhapnewsTV),연합뉴스TV,5457,13,2018-07-19T13:30:56Z,37,0.5,General,PreCovid_Supplement
FhBeppUot1w,당뇨,[메디컬플러스] 당뇨족 _ 박현우 교수(단국대병원 정형외과),단국대학교병원,4012,22,2018-09-05T06:51:51Z,612,0.5,General,PreCovid_Supplement
zcDDJ2frJog,당뇨,"[건강정보] 4. 고혈압,당뇨,고지혈증에 좋은 영양제 by 마스터큐어",영양제마스터,2920,27,2018-10-11T05:15:37Z,225,0.5,General,PreCovid_Supplement
dZWmFjeG48Q,당뇨,[건강톡] 당뇨병 대란시대 3편 - 당뇨의 합병증,한화생명 건강톡,2580,19,2018-09-28T02:10:09Z,381,0.5,General,PreCovid_Supplement
_Dnfv9rCJNU,당뇨,"[당뇨치료사례] 당뇨병 식사, 혈당잡고 즐겁고 건강하게 당뇨를 이기는 방법은?",당뇨TV#,2334,22,2018-06-07T03:27:25Z,327,0.5,General,PreCovid_Supplement
HPSh_pdhzIw,당뇨,분당서울대학교병원 건강강좌 - 당뇨족의 예방과 치료,GGCCVC SNUBH,1569,23,2018-11-12T06:28:23Z,3592,0.5,General,PreCovid_Supplement
UxK-vjcm5Ko,당뇨,당뇨병 – 당뇨망막변증,EBS 건강 아카이브,1312,11,2018-03-28T09:00:02Z,44,0.5,General,PreCovid_Supplement
p5f5keyF4BI,당뇨,임신 당뇨 원인,여성미한의원 조선화 원장,1280,4,2018-06-12T08:11:23Z,55,0.5,General,PreCovid_Supplement
eu6Qb_9Tmao,당뇨,[5분 건강 톡톡] 엎친 데 덮친 격…암 환자 ‘당뇨 주의보’ / KBS뉴스(News),KBS News,1115,14,2018-06-22T00:00:12Z,287,0.5,General,PreCovid_Supplement
GcMR6AgeObA,당뇨,"무엇이든 물어보세요 - 고혈압, 당뇨 있으면 실손의료비보험 가능? 20180207",KBS 교양,999,6,2018-02-07T06:31:20Z,169,0.5,General,PreCovid_Supplement
IFhEqUAv7jA,당뇨,[일산백병원 건강강좌] 당뇨병과 눈 - 당뇨망막병증의 관리,인제대학교 일산백병원,890,10,2018-07-31T00:18:55Z,1681,0.5,General,PreCovid_Supplement
0Lt5AzSVJqE,당뇨,"고혈압, 당뇨 물러가라! 보건소에서 건강지키세요! (경기도 광주시)",광주시,412,4,2018-02-20T08:11:19Z,152,0.5,General,PreCovid_Supplement
GM_-kwL1ImU,당뇨,"양주시보건소, 고혈압·당뇨 건강교실 운영",양주시,383,2,2018-03-14T09:57:13Z,83,0.5,General,PreCovid_Supplement
FrpAqad1QN8,고혈압,"고혈압관리: 혈압, 어디까지 내려야 하나",조동혁의100세 건강시대,182973,3746,2018-07-20T08:45:31Z,829,0.5,General,PreCovid_Supplement
NDeFv0QSf3I,고혈압,[황성수TV] 고혈압 환자가 꼭 알고 있어야 하는 사실,황성수힐링스쿨,177182,2620,2018-08-12T22:00:02Z,220,0.5,General,PreCovid_Supplement
3KS84aK8vFY,고혈압,신체 근력의 축소판 ‘악력’과 고혈압의 관계! [내 몸 사용설명서] 226회 20181109,TVCHOSUN - TV조선,19419,143,2018-11-09T11:09:03Z,176,0.5,General,PreCovid_Supplement
fSAMe4Stwzc,고혈압,[국민건강보험 일산병원 건강애니] 고혈압이란?,국민건강보험일산병원,6926,91,2018-07-19T16:36:08Z,46,0.5,General,PreCovid_Supplement
p4W7qz-ddUU,고혈압,부산대학교병원 건강강좌 [폐동맥고혈압의 이해],부산대학교병원,3691,51,2018-08-02T00:43:54Z,526,0.5,General,PreCovid_Supplement
gQhpWNcFViQ,고혈압,분당서울대학교병원 건강강좌   성인 고혈압 합병증의 예방 및 치료,GGCCVC SNUBH,1557,27,2018-07-16T05:11:11Z,1760,0.5,General,PreCovid_Supplement
DOAXFH_sxbw,고혈압,부산대학교병원 건강강좌 [폐동맥고혈압 환자의 일상생활],부산대학교병원,1212,22,2018-08-02T00:50:23Z,193,0.5,General,PreCovid_Supplement
Lo3UpVTioAE,고혈압,"[닥터지바고 예고] 건강 훼방꾼 고혈압,고지혈증,당뇨를 잡아라 / 채널A 닥터 지.바.고 181회",play 채널A,795,2,2018-03-09T08:05:13Z,31,0.5,General,PreCovid_Supplement
06RprCj2AXA,고혈압,윤홍일 고혈압과 눈충혈에 관련 된 건강상담,윤홍일  TV,701,3,2018-03-31T01:01:12Z,189,0.5,General,PreCovid_Supplement
TrMR-NbhvGU,고혈압,폭염 속 고혈압 환자 ‘비상’…건강 관리법은? / KBS뉴스(News),KBS News,478,4,2018-08-03T03:30:14Z,227,0.5,General,PreCovid_Supplement
amjT2sTpDA4,고혈압,"몸속의 시한폭탄, 고혈압[TBC클리닉건강365]",TBC,262,0,2018-09-07T05:44:01Z,1868,0.5,General,PreCovid_Supplement
x40LF0buLas,고혈압,"""흡연·고혈압·당뇨병, 여성 심장 건강↓"" / YTN 사이언스",YTN 사이언스,261,3,2018-11-12T08:51:44Z,41,0.5,General,PreCovid_Supplement
GtUk1XX72w4,고혈압,고혈압의 진단과 치료[tbc클리닉 건강365],TBC,256,1,2018-12-28T09:07:37Z,1904,0.5,General,PreCovid_Supplement
VqrgBVcqAC4,고혈압,"고혈압 약, 먹어야하는 이유 - 성누가병원건강플러스TV 28화",성누가병원,157,4,2018-10-12T07:14:36Z,970,0.5,General,PreCovid_Supplement
jehk1OFQZM0,고혈압,mix소금은 최고의 고혈압 치료식품 소금오해를 풀면 건강이 보인다,jjmb world (jjmbworld),155,1,2018-03-10T20:03:21Z,125,0.5,General,PreCovid_Supplement
kloon6ix2k4,암,메디컬 다큐 7요일 - 너를 보낼 수 없어- 대장암 4기 외_#002,EBSDocumentary (EBS 다큐),5760020,25662,2018-10-15T11:08:05Z,1291,0.5,General,PreCovid_Supplement
pnnjfIJdTgI,암,[건강강좌​] 전립선암에 대한 이해(17.09.22) 비뇨의학과 홍성규교수,분당서울대학교병원,102093,904,2018-01-12T05:17:25Z,1790,0.5,General,PreCovid_Supplement
o4Mk-9WZi30,암,[건강정보] 대장암 환자에게 추천하는 식생활,고대병원,38022,336,2018-11-19T23:30:02Z,83,0.5,General,PreCovid_Supplement
BmiL6rUMdxI,암,[건강정보] 왜 소장암은 없고 대장암만 발병하나요?,고대병원,26976,155,2018-11-07T23:30:00Z,79,0.5,General,PreCovid_Supplement
0ALHpbDBm28,암,전립선암 뼈건강 관리1: 뼈표적치료제 - 분당의사 문용화,암정복TV,23477,340,2018-09-21T04:03:58Z,1055,0.5,General,PreCovid_Supplement
KmRMVfFhIFQ,암,"[건강정보] 혈변이 보이는데, 대장암검사를 받아야하나요?",고대병원,22168,95,2018-11-12T23:30:01Z,68,0.5,General,PreCovid_Supplement
xreyW9I1YOE,암,장 건강이 암 치료에 매우 중요하다 - 류영석 원장,류영석TV,18178,319,2018-09-09T22:00:04Z,365,0.5,General,PreCovid_Supplement
0SX9K22CTxY,암,"2018 서울대학교병원 강남센터 건강강좌 : 대장암, 대장용종 예방을 위한 생활습관 관리",서울대학교병원 강남센터,17517,282,2018-04-05T01:10:42Z,2790,0.5,General,PreCovid_Supplement
ivKu_6f1U0g,암,전립선암 뼈건강 관리2(끝): 음식과 운동 - 분당의사 문용화,암정복TV,14498,224,2018-09-21T04:14:01Z,629,0.5,General,PreCovid_Supplement
-ueRzM-ZRbQ,암,[건강정보] 대장암 치료는 어떻게 해야하나요?,고대병원,14028,59,2018-11-13T23:30:01Z,88,0.5,General,PreCovid_Supplement
u7A5D-rey9s,암,[건강톡] 홍혜걸 팁 - 대장암을 거의 100% 예방하는 5가지 방법,한화생명 건강톡,12443,85,2018-10-22T07:30:54Z,488,0.5,General,PreCovid_Supplement
PSB61g2ZgTg,암,[건강정보] 대장암 말기?! 치료 포기하지마세요,고대병원,8510,51,2018-11-14T23:30:01Z,84,0.5,General,PreCovid_Supplement
Bo3ngsy-D_Q,암,[강남세브란스] 암환자와 가족의 스트레스 및 정신건강 관리,강남세브란스병원,6444,89,2018-06-19T02:01:34Z,1655,0.5,General,PreCovid_Supplement
htloHS0y9zI,암,"[건강똑똑 췌장암편] 2부. 암환자의 영양 관리, 이렇게 하세요_부산대병원 김동욱 교수",헬스조선 Health Chosun,6249,59,2018-11-20T02:03:11Z,418,0.5,General,PreCovid_Supplement
cRoR_5YvE1o,암,두 번의 암을 이겨낸 가수 방주연의 건강 비결 ‘로열젤리’ (스타다큐) @좋은아침 5306회 20180426,SBS Entertainment,5756,67,2018-04-26T07:57:14Z,177,0.5,General,PreCovid_Supplement
IG7j1wzSdHs,암,암예방 건강 핵심원리 담배피워도 된다. 명의건강법008화 DentistWisdom,치과의사TV_교합전문가23년경력_DentiTube ,5748,95,2018-12-04T11:28:38Z,289,0.5,General,PreCovid_Supplement
U79e2l7E0h0,암,"암 진단, 실손보험의 반격, 의료 체계를 모르는 판사",류영석TV,5081,85,2018-11-21T22:00:02Z,389,0.5,General,PreCovid_Supplement
VpzQhi8T7So,암,담도암을 이겨낸 이왕표의 건강 비결 ☞ 브라질너트 진짜 의사가 돌아왔다 31회,JTBC Entertainment,4293,25,2018-03-24T02:00:20Z,171,0.5,General,PreCovid_Supplement
Ml5z4Ancb_k,암,암예방과 건강관리,서울아산병원,4044,55,2018-06-20T04:23:14Z,2012,0.5,General,PreCovid_Supplement
CjmHXXJEdvU,암,"국민건강보험 대장암검진, 대장 내시경이 지원될까?",평촌우리병원 '우리관절이야기',3854,36,2018-04-11T07:21:02Z,261,0.5,General,PreCovid_Supplement
bukBWKg4rfY,갑상선,'이런 증상' 있다면 당신의 갑상선이 위험하다!,크랜베리TV,11150,0,2018-05-29T23:00:02Z,280,0.5,General,PreCovid_Supplement
eBlzRFP1Yhg,갑상선,"[건강정보] 갑상선기능저하증, 갑상선염 등 갑상선 질환을 앓으면 암이 걸릴 확률이 높다?",고대병원,7197,40,2018-10-31T23:30:01Z,66,0.5,General,PreCovid_Supplement
EFVnZXxUuXc,갑상선,"위드심의원 - 건강검진에서 발견된 갑상선 결절, 정밀검사",위드심의원,6851,48,2018-07-16T14:24:43Z,113,0.5,General,PreCovid_Supplement
lCmPbzw63GI,갑상선,[의료소송] SBS모닝와이드 TV의료분쟁차트 '갑상선 수술 후 부작용 호소하는 여성'편 ㅣ법무법인고도 이용환변호사,변호사이용환,5296,15,2018-05-23T04:26:54Z,550,0.5,General,PreCovid_Supplement
XlBLVcHxYQM,갑상선,[메디컬플러스] 갑상선 암 _ 정필상 교수(단국대병원 이비인후과),단국대학교병원,3307,19,2018-11-01T02:08:40Z,627,0.5,General,PreCovid_Supplement
VVHVeLp7yZY,갑상선,갑상선과 부갑상선의 구조,rule out,2330,23,2018-05-07T03:10:45Z,90,0.5,General,PreCovid_Supplement
SOUth1R91tM,갑상선,갑상선종양의 증상과 내시경치료법_민병원 김종민원장_평화방송,민병원,1791,36,2018-10-30T07:12:57Z,2825,0.5,General,PreCovid_Supplement
CCnRSqkJZIw,갑상선,어서와~ 지압은 처음이지?(갑상선),"통증테라피 (근육, 혈자리, 스트레칭, 운동)",1309,37,2018-10-07T22:41:05Z,106,0.5,General,PreCovid_Supplement
Xsd8tPQf374,갑상선,2018.08.22 KNN건강365 갑상선기능항진증 마더즈병원 이석재원장,마더즈병원,927,3,2018-09-19T23:46:28Z,214,0.5,General,PreCovid_Supplement
ffDnaZTmXaw,갑상선,[건강정보] 갑상선암! 어떻게 진단하고 치료하나요?,고대병원,848,0,2018-10-30T23:30:00Z,91,0.5,General,PreCovid_Supplement
qdT3LaDngjA,갑상선,갑상선 기능 저하증 -성누가병원건강플러스TV 21화,성누가병원,675,7,2018-06-04T04:39:23Z,899,0.5,General,PreCovid_Supplement
DNETUEFu3uM,갑상선,동군산병원 TV건강주치의 유방갑상선외과 심재훈,오성의료재단 동군산병원,576,0,2018-03-03T01:07:41Z,194,0.5,General,PreCovid_Supplement
NhkO05N9XnQ,갑상선,[건강정보] 갑상선! 어떤 역할을 하는 기관인가요?,고대병원,564,11,2018-10-28T23:30:00Z,72,0.5,General,PreCovid_Supplement
qcP6IJpb_DY,갑상선,[뉴스+] 겨울철 주의해야할 갑상선 기능저하증과 건강 관리법,이데일리_official,546,0,2018-01-22T09:05:47Z,50,0.5,General,PreCovid_Supplement
f8kd5oU8WQk,갑상선,[조성태 박사의 생긴대로 건강톡톡] 갑상선 질환,BBS 불교방송,396,17,2018-05-31T10:10:07Z,1725,0.5,General,PreCovid_Supplement
8_SKAOoZfvU,갑상선,여름철 폭염 '갑상선기능항진증' 경보_민병원 김종민원장_ MBN뉴스광장,민병원,383,6,2018-11-07T06:55:54Z,499,0.5,General,PreCovid_Supplement
oB7Pj50JdcY,갑상선,"[ 포토 ] 갑상선암 초기증상, '갑상선기능저하증' 어떻게 대처할까 ● 건강 TV매일 ●【경악】",건강 TV매일,222,0,2018-07-03T14:00:08Z,264,0.5,General,PreCovid_Supplement
EASZfs5ODLg,갑상선,김일봉 원장 동영상 초음파 증례토의(474)-①우측 갑상선의 spongiform nodule ②좌측 갑상선 선종양 결절(F/75),김일봉,140,4,2018-08-28T06:43:27Z,1567,0.5,General,PreCovid_Supplement
xvJ_P5YRsTg,갑상선,김일봉 원장 동영상 초음파 증례토의(421)-①좌측 갑상선 유두암 ②우측 갑상선 양성 선종양 결절(M/41),김일봉,122,0,2018-04-17T03:12:07Z,587,0.5,General,PreCovid_Supplement
8Ois9mg8GzQ,위암,살찐 사람이 위암 수술 후 더 오래 산다 / YTN 사이언스,YTN 사이언스,3358,12,2016-01-13T03:44:23Z,147,0.5,General,PreCovid_Supplement
yER7MNgvG9o,유방암,유방암 발생이 증가하는 이유,이화여자대학교 의료원,518,1,2016-04-18T04:45:57Z,80,0.5,General,PreCovid_Supplement
9nXExXxeqWw,골다공증,우유 놀라운 진실 골다공증,밀키하우스,105046,12,2016-11-11T02:50:00Z,208,0.5,General,PreCovid_Supplement
maxMa6XAc1k,갑상선,갑상선 암 수술 후 _ 한의학박사 이승훈,한의학박사 이승훈,162,1,2017-08-25T04:36:39Z,106,0.5,General,PreCovid_Supplement
AlTyVj7VvB4,허리디스크,[메디텔]척추와 허리건강_정형외과 남기세 원장편,의학채널 비온뒤,254642,4385,2017-06-23T09:00:00Z,5373,0.5,General,PreCovid_Supplement
IveLm6q_Zfs,비만,"""건강한 비만은 없다""…심혈관 질환 위험↑ / YTN 사이언스",YTN 사이언스,1317,5,2017-05-22T08:03:27Z,47,0.5,General,PreCovid_Supplement
5BObddC7KI4,위암,100세 건강 8월 - 위암을 품은 소화불량,구 MBCGN,183,0,2017-08-22T00:25:32Z,50,0.5,General,PreCovid_Supplement
AgqJNa0Lzgg,신장,"전립선암/신장암의 정밀수술, 성기능 및 신장기능 보존의 극대화 - 비뇨기과 전승현 교수",경희의료원,26297,230,2017-08-30T06:41:50Z,836,0.5,General,PreCovid_Supplement
c7wACmipXZ0,요실금,전립선암 수술 후 성 기능 감소나 요실금이 생길 수 있나요? [AMC 병법],서울아산병원,23711,106,2017-03-02T04:46:51Z,85,0.5,General,PreCovid_Supplement
xBVkieB5kvU,당뇨,당뇨! 소갈병! 건강한의사 원장님들의 한의학 진료상담을 참고하세요,한의학건강한의사,265,2,2018-06-14T10:58:40Z,1262,0.5,General,PreCovid_Supplement
MCA-cMxM30Q,고혈압,"""고혈압·당뇨병 환자도 실손보험 가입 가능"" - 유병력자 실손의료보험 마련 금융위원회 브리핑",KTV 국민방송,1816,38,2018-01-16T05:19:25Z,853,0.5,General,PreCovid_Supplement
FgluMU6zuoA,암,"냉온욕으로 암예방& 건강 부교감,교감신경 자율신경계 조절 명의건강법",치과의사TV_교합전문가23년경력_DentiTube ,3651,73,2018-12-10T11:28:19Z,226,0.5,General,PreCovid_Supplement
10NozgMZEvo,관절염,무릎 퇴행성 관절염의 진단과 치료 [건강클리닉] 181123,엠키타카 MKTK,59873,655,2018-11-23T04:50:49Z,2358,0.5,General,PreCovid_Supplement
A-F_x2cN0Vs,관절염,[건강똑똑 건선편_수원] 강의11. 건선관절염 및 동반질환,헬스조선 Health Chosun,2119,19,2018-09-06T05:24:22Z,141,0.5,General,PreCovid_Supplement
Zsblv1WPNfY,관절염,[무릎 건강강좌] 무릎 관절염 어떻게 이길 수 있을까? #1 (허재원 원장님),바른세상병원,1819,38,2018-06-07T04:39:00Z,568,0.5,General,PreCovid_Supplement
xe_sGilXdnw,관절염,[무릎 건강강좌] 무릎 관절염 어떻게 이길 수 있을까? #3 (허재원 원장님),바른세상병원,1400,21,2018-06-07T04:54:28Z,515,0.5,General,PreCovid_Supplement
4vsswLawjD8,관절염,[무릎 건강강좌] 무릎 관절염 어떻게 이길 수 있을까? #2 (허재원 원장님),바른세상병원,1375,34,2018-06-07T04:46:02Z,568,0.5,General,PreCovid_Supplement
Zm-AOBHSNgk,관절염,[건강웹툰] 출산 후 골반통증 원인은 천장관절염때문!,콕선생님 (콕통증의학과),1239,1,2018-06-25T08:40:10Z,56,0.5,General,PreCovid_Supplement
89KGHD-a3DE,관절염,"[건강알리미] 무릎관절염, 어떻게 치료하나요? / 일산백병원 정형외과 조진호 교수",인제대학교 백병원,1175,8,2018-10-15T23:57:33Z,422,0.5,General,PreCovid_Supplement
Awt9nKAwVm8,관절염,강의10 헬스조선 건강똑똑 건선의 합병증 건선 관절염,헬스조선 Health Chosun,555,3,2018-05-09T02:24:38Z,106,0.5,General,PreCovid_Supplement
jycNvOs2WXE,관절염,무릎 관절염에 관한 오해와 진실 (건강 대해부) @좋은아침 5302회 20180420,SBS Entertainment,535,16,2018-04-20T11:41:47Z,193,0.5,General,PreCovid_Supplement
k7Uqr33Vyfg,관절염,[건강똑똑 건선편 광주] 강의7. 건선관절염,헬스조선 Health Chosun,525,2,2018-07-09T07:08:35Z,110,0.5,General,PreCovid_Supplement
9u4Hw-b6cyQ,관절염,쿠키 5분건강 '퇴행성 관절염과 어깨 질환',쿠키건강TV / KUKI HEALTH TV,518,2,2018-04-20T08:17:35Z,386,0.5,General,PreCovid_Supplement
XzIKYMNix8o,관절염,[무릎 건강강좌] 무릎 관절염 어떻게 이길 수 있을까? #2,바른세상병원,441,9,2018-03-22T00:23:24Z,497,0.5,General,PreCovid_Supplement
K63SYSHeL-w,관절염,[건강]  관절염 운동으로 극복해요🦵 #관절염,아이엠재활병원,433,12,2018-05-17T07:16:16Z,60,0.5,General,PreCovid_Supplement
86ZNtDNVlhg,관절염,권제호 원장 - 매일경제TV 생생건강정보 (퇴행성관절염),서울바른세상병원,424,1,2018-02-21T05:33:35Z,1527,0.5,General,PreCovid_Supplement
Ey2-CQv_lh0,관절염,무릎 퇴행성관절염의 예방과 치료 [건강클리닉] 180525,엠키타카 MKTK,318,2,2018-05-25T05:36:45Z,3153,0.5,General,PreCovid_Supplement
GGEw0WgLrsw,관절염,"영육간에건강합시다에서 퇴행성관절염, 허리디스크 궁금증해결!",사랑플러스병원,296,0,2018-04-30T00:26:57Z,2477,0.5,General,PreCovid_Supplement
2WU4J9LqL8g,관절염,무릎 관절염의 단계적 치료 [건강클리닉] 180914,엠키타카 MKTK,239,1,2018-09-14T04:50:53Z,2412,0.5,General,PreCovid_Supplement
1ShPgLTGEdg,관절염,[건강똑똑 건선편_익산] 강의8. 건선 관절염,헬스조선 Health Chosun,224,0,2018-12-18T02:17:27Z,161,0.5,General,PreCovid_Supplement
XAk3U-2vgzg,관절염,[무릎 건강강좌] 무릎 관절염 어떻게 이길 수 있을까? #1,바른세상병원,218,6,2018-03-22T00:17:02Z,277,0.5,General,PreCovid_Supplement
arDxFl0tbMA,관절염,건강한의사 6월20일 한의학 방송 [무릎퇴행성관절염 교통사고후유증 피부가려움증 저신장소아비만],한의학건강한의사,218,2,2018-07-27T10:24:29Z,2222,0.5,General,PreCovid_Supplement
XAdKtBMXOoU,허리디스크,나누리병원 허리디스크운동,나누리병원TV,463058,0,2018-06-26T09:06:45Z,42,0.5,General,PreCovid_Supplement
cxtv_8lShBI,허리디스크,"도침, '허리디스크 치료 효과' 과학적 입증 / YTN", YTN,87176,383,2018-11-12T15:42:14Z,124,0.5,General,PreCovid_Supplement
ize7HDLHp2w,허리디스크,"225.나이 41세 남자 고관절 ,허리디스크, 발목 ,수년간 고통, 한번 스본,스도후 없어지다.",NewKsns,55660,692,2018-11-24T17:27:16Z,472,0.5,General,PreCovid_Supplement
yPldCRgalUc,허리디스크,허리 도수치료 2부 [허리 통증/허리디스크/인대 근육통],힐스타TV,49890,162,2018-07-24T11:07:33Z,252,0.5,General,PreCovid_Supplement
aPkB7MtL-vQ,허리디스크,'데드리프트' 허리디스크 환자가 해도 괜찮을까요?,모커리 근육신경재활TV,49300,129,2018-09-21T08:03:26Z,180,0.5,General,PreCovid_Supplement
lV_c6_zDvhM,허리디스크,허리디스크 및 척추협착증에 좋은 데드버그 허리운동,콕선생님 (콕통증의학과),46978,557,2018-08-22T00:33:31Z,52,0.5,General,PreCovid_Supplement
mM_giPyl7cA,허리디스크,+ 추간판 탈출증(허리 디스크) 치료법,전주MBC Original,41331,306,2018-06-03T02:04:59Z,651,0.5,General,PreCovid_Supplement
7B1phTgEAeI,허리디스크,허리 디스크 협착증에 침 놓는 방법 -가열식 화침과 장침치료-,압구정한의원,38978,360,2018-12-04T00:13:56Z,605,0.5,General,PreCovid_Supplement
vp6mBhLyOwU,허리디스크,'허리 디스크'와 '척추관 협착증' 구별 방법! [내 몸 사용설명서] 203회 20180505,TVCHOSUN - TV조선,31731,172,2018-05-05T12:15:00Z,176,0.5,General,PreCovid_Supplement
T1OmzeLRSn4,허리디스크,"허리디스크 증상,자가진단,치료법,근력운동 #3",헬스조선 Health Chosun,26091,180,2018-11-26T01:07:53Z,187,0.5,General,PreCovid_Supplement
7zfpB7w-ewc,허리디스크,"허리디스크인줄 알았는데 비골신경마비? - 현재 허벅지,종아리 통증과 발의 마비감이 있으신분들은 꼭 보세요.",전기신경치료학회 KCNES 통증치료 ,25624,175,2018-05-29T10:33:04Z,999,0.5,General,PreCovid_Supplement
H3W31uAH9SM,허리디스크,맥켄지운동 효과 및 주의사항 [허리디스크],정한석,20007,90,2018-09-07T06:17:33Z,124,0.5,General,PreCovid_Supplement
gDe2SpQ3dnk,허리디스크,디스크라고 오인받는 증상(디스크 의증)!!!#허리디스크#요추디스크#요통#허리통증#다리저림#다리당김#이상근증후근 의심자 필수 시청!!! - 페인랩이 말하는 통증 이야기,PAIN LAB,19024,196,2018-11-29T00:10:27Z,304,0.5,General,PreCovid_Supplement
I607c8XP1K8,허리디스크,"허리통증, 허리디스크에 새우잠이 안 좋은 이유",모커리 근육신경재활TV,18897,226,2018-08-02T06:27:00Z,239,0.5,General,PreCovid_Supplement
NSAy8y1OYNE,허리디스크,"[허리디스크]4.허리통증,엉덩이통증,허벅지 바깥쪽 통증의 진실과 오해",전기신경치료학회 KCNES 통증치료 ,18211,218,2018-11-09T09:51:02Z,440,0.5,General,PreCovid_Supplement
1QYNLcptq4E,허리디스크,척추수술 후 허리보조기 착용기간과 주의사항(허리디스크수술),서울예스병원,14913,134,2018-06-11T04:37:29Z,46,0.5,General,PreCovid_Supplement
hCITm2HAZ4A,허리디스크,"“허리디스크·척추협착증, 왜 생길까? 원인부터 운동까지 한눈에!”",손인수의 체형 & 재활 필라테스,14099,189,2018-12-21T08:08:39Z,366,0.5,General,PreCovid_Supplement
tamrjrKCgD4,허리디스크,디스크인듯 디스크아닌 디스크같은 요통!!#허리디스크#요추디스크#요통#허리통증#다리저림#다리당김#이상근증후근 있으신 분 필시청! - 페인랩이 말하는 통증이야기,PAIN LAB,13184,338,2018-10-16T01:08:43Z,335,0.5,General,PreCovid_Supplement
uOTQeGqUNaw,허리디스크,허리디스크의 증상,압구정한의원,10851,24,2018-11-17T02:12:14Z,164,0.5,General,PreCovid_Supplement
wXchEKpsWa8,허리디스크,허리디스크 재활에 좋은 맥켄지 운동법,평촌우리병원 '우리관절이야기',9628,108,2018-04-30T07:19:23Z,119,0.5,General,PreCovid_Supplement
iNBMtBVHgZA,전립선,"[건강강좌​] 요실금, 과민성방광, 전립선비대증(17.09.22) 비뇨의학과 이학민교수",분당서울대학교병원,46862,679,2018-01-12T05:17:25Z,2064,0.5,General,PreCovid_Supplement
JsT4qB0Id84,전립선,암치료의 길~ 전립선암과 성생활,암알지TV방송,9801,125,2018-05-18T06:26:12Z,455,0.5,General,PreCovid_Supplement
qmXMw3Dcy1s,전립선,남성갱년기의 모든 것!! 전립선 건강의 적신호를 파헤쳐보자! 4탄 [제니의 드럭스토어],몸짱 약사 민재원,5796,116,2018-12-14T12:35:39Z,300,0.5,General,PreCovid_Supplement
6JWGslBsUYg,전립선,"[건강톡] 미니 인터뷰 - 전립선암 (장진석, 홍혜걸)",한화생명 건강톡,2232,33,2018-10-25T03:14:29Z,979,0.5,General,PreCovid_Supplement
4h7cs66Hxc0,전립선,남자를 울리는 전립선 질환[tbc클리닉건강365],TBC,482,4,2018-11-29T12:36:55Z,1388,0.5,General,PreCovid_Supplement
Xp8J72aqgiw,전립선,건강한의사 6월11일 한의학 방송 [전립선비대증 무지외반증 조루증 건강꿀팁],한의학건강한의사,170,2,2018-07-27T07:47:52Z,2978,0.5,General,PreCovid_Supplement
yn3A0HWwvOY,치매,"메디컬 다큐 7요일 - 한결같은 사랑, 70년- [치매 외]_#002",EBSDocumentary (EBS 다큐),221929,1044,2018-03-06T11:10:29Z,2352,0.5,General,PreCovid_Supplement
QH1AiQUYbzA,치매,4060 노후대비 : 치매예방 3분 건강체조 (한국보훈복지의료공단 보급),Silver3.0,35362,48,2018-11-11T02:41:07Z,267,0.5,General,PreCovid_Supplement
qfzsMNbqaEE,치매,"[건강톡] 영혼을 갉아먹는 병 치매, 어떻게 대비할 것인가 (2) - 치매를 예방하고 극복할 수 있는 방법",한화생명 건강톡,31546,114,2018-09-28T01:47:52Z,274,0.5,General,PreCovid_Supplement
wp3BRN3e2vc,치매,"[건강톡] 영혼을 갉아먹는 병 치매, 어떻게 대비할 것인가 (3) - 내가 40년 후 치매에 걸릴 확률계산법",한화생명 건강톡,17727,68,2018-09-28T01:56:58Z,332,0.5,General,PreCovid_Supplement
MQnoZN2ORqI,치매,[건강톡] 나와 치매는 얼마나 가까울까? CDR 척도로 알아보는 치매진단!,한화생명 건강톡,12521,140,2018-12-24T02:18:10Z,605,0.5,General,PreCovid_Supplement
oYYp8LkzyZA,치매,"치매 지원, 틀니,임플란트 건강보험 적용 【어르신 알짜정책 10가지】 -3편-",보건복지부TV,10460,114,2018-10-10T06:57:26Z,212,0.5,General,PreCovid_Supplement
MACA2jQewJA,치매,뉴로하모니 뉴로피드백 파낙토스 바이온스 치매예방 파킨슨 우울증 공황장애 뇌졸중 기억력 개선 뇌파 뇌과학 강박증 자폐 뇌건강,브레인,8438,70,2018-02-26T10:05:08Z,410,0.5,General,PreCovid_Supplement
PDLRgcMb3ZM,치매,모든 치매 진단 검사는 건강보험 적용 / YTN, YTN,5343,39,2018-04-09T09:12:54Z,143,0.5,General,PreCovid_Supplement
zzjI_R3Ecgg,치매,치매 검사 건강보험 적용으로 부담을 줄이세요,보건복지부TV,4941,38,2018-04-10T06:49:35Z,143,0.5,General,PreCovid_Supplement
TiAROjNG45E,치매,"[건강톡] 영혼을 갉아먹는 병 치매, 어떻게 대비할 것인가 (1) - 누구나 예외없는 병 치매",한화생명 건강톡,4605,72,2018-09-28T01:45:41Z,274,0.5,General,PreCovid_Supplement
FXCXKcDggUA,치매,치매국가책임제ㅣ【정말통】 Ep.4,대통령직속 정책기획위원회,3945,19,2018-04-30T05:15:46Z,182,0.5,General,PreCovid_Supplement
mRzJi40yi_A,치매,중증치매 의료비 건강보험으로 90% 해결! / YTN, YTN,3843,16,2018-04-16T12:12:45Z,132,0.5,General,PreCovid_Supplement
9sZPQRgbj4I,치매,19.약으로 치료되는 수두증 치매[킴스패밀리 건강TV-똘똘백세],치매명의 김시효,3210,74,2018-07-11T01:00:00Z,280,0.5,General,PreCovid_Supplement
S_PWTu20W-Y,치매,치매 예방! 혈관 건강 지키는 '착한지방'의 정체는? [내 몸 사용설명서] 209회 20180616,TVCHOSUN - TV조선,2311,14,2018-06-16T12:15:01Z,93,0.5,General,PreCovid_Supplement
CB027QW7QlM,치매,[건강강좌] 수면과 치매 (강동경희대병원 신경과 변정익 교수),강동경희대학교병원,2128,37,2018-06-08T08:47:43Z,934,0.5,General,PreCovid_Supplement
VvMgj8MtkHw,치매,중증치매 의료비 건강보험으로 90% 해결됩니다.,보건복지부TV,1823,15,2018-04-18T00:15:19Z,133,0.5,General,PreCovid_Supplement
YOMhS1bZFLk,치매,쿠키건강TV 특집 치매라도 괜찮아 영상클립 3,쿠키건강TV / KUKI HEALTH TV,1782,7,2018-11-19T12:19:45Z,850,0.5,General,PreCovid_Supplement
cyof3KkBZCE,치매,쿠키건강TV 특집 치매라도 괜찮아 영상클립 4,쿠키건강TV / KUKI HEALTH TV,1271,5,2018-11-19T12:07:11Z,729,0.5,General,PreCovid_Supplement
OyVoifEfSFs,치매,쿠키건강TV 특집 치매라도 괜찮아 영상클립 5,쿠키건강TV / KUKI HEALTH TV,1215,5,2018-11-19T11:55:27Z,543,0.5,General,PreCovid_Supplement
AIJt7gqsS5w,치매,잠잘 때 ‘이것’하는 사람 치매 위기 발생! 60대 건강주의보! [내 몸 사용설명서] 225회 20181102,TVCHOSUN - TV조선,1212,2,2018-11-02T11:00:02Z,121,0.5,General,PreCovid_Supplement
NO6orCz7poc,뇌졸중,5분 도리도리 운동의 효과는?! 뇌졸중 완전정복! [내 몸 사용설명서] 212회 20180714,TVCHOSUN - TV조선,119702,920,2018-07-14T12:15:01Z,161,0.5,General,PreCovid_Supplement
77nMveK7V5c,뇌졸중,[자막뉴스] 뇌·뇌혈관 MRI 건강보험 적용...71만 원→14만 원 / YTN, YTN,14680,95,2018-09-14T04:33:08Z,92,0.5,General,PreCovid_Supplement
qjQrw5aNbiA,뇌졸중,뇌·뇌혈관 MRI 건강보험 적용...71만 원→14만 원 / YTN, YTN,6851,52,2018-09-13T15:37:10Z,103,0.5,General,PreCovid_Supplement
LgCExcs8-rA,뇌졸중,[건강정보] 뇌졸중은 치료가 가능한 질병인가요?,고대병원,5281,61,2018-12-09T23:30:00Z,91,0.5,General,PreCovid_Supplement
bXYNQg-JQx8,뇌졸중,[건강정보] 뇌졸중의 원인은 무엇인가요?,고대병원,3430,35,2018-12-03T23:30:01Z,117,0.5,General,PreCovid_Supplement
-2aLwv1O_Ps,뇌졸중,[건강] 뇌졸중 재활에 대하여 #뇌졸중_후유증,아이엠재활병원,2593,15,2018-03-06T02:59:52Z,59,0.5,General,PreCovid_Supplement
Ze9bozfcJJI,뇌졸중,"[건강톡] 뇌혈관 질환(뇌졸중), F.A.S.T. 대처법",한화생명 건강톡,2001,17,2018-12-04T05:11:49Z,262,0.5,General,PreCovid_Supplement
wxAaUIoRSx4,뇌졸중,[건강정보] 뇌졸중이란 무엇인가요?,고대병원,1948,21,2018-12-02T23:51:14Z,81,0.5,General,PreCovid_Supplement
pGJi0mj594I,뇌졸중,[건강정보] 왜 겨울철에  뇌졸중 발병율이 높나요?,고대병원,513,2,2018-12-06T23:30:01Z,107,0.5,General,PreCovid_Supplement
6xfncu9C2hQ,뇌졸중,"[건강정보] 아스피린의 효능- 심장병, 뇌졸중 예방효과에 항암효과까지",그린실버TV,417,7,2018-11-08T06:30:16Z,1732,0.5,General,PreCovid_Supplement
qc9YQk3vuK4,뇌졸중,뇌졸중의 예방 [건강클리닉] 180615,엠키타카 MKTK,334,4,2018-06-15T04:55:46Z,3256,0.5,General,PreCovid_Supplement
HTuNVNnuwSU,뇌졸중,"TV닥터 건강클리닉 박병주 과장뇌졸중 치료, 45분 10초",엠서클,303,2,2018-05-25T05:23:09Z,2737,0.5,General,PreCovid_Supplement
lJxabBGv4HM,뇌졸중,건강 365 [76회] 뇌졸중 / YTN 라이프,YTN 밀덕스,218,3,2018-10-02T09:38:57Z,1506,0.5,General,PreCovid_Supplement
S-xjxp4xZRU,뇌졸중,"TV닥터 건강클리닉 윤정규 과장뇌졸중 재활, 45분 30초 1",엠서클,203,1,2018-05-02T07:18:26Z,2760,0.5,General,PreCovid_Supplement
TPNGW6ZJnqs,뇌졸중,2018건강나눔 공개강좌08회 뇌졸중과 치료 조병래교수 가톨릭대학교 인천성모병원,메디컬TV MedicalTV,197,4,2018-08-17T06:59:45Z,1316,0.5,General,PreCovid_Supplement
DPX543L-js0,뇌졸중,영남대학교의료원 뇌졸중 건강교실(이준 교수)_1 영남대학교의료원 영남대학교병원 영남대의료원 영남대병원 영대병원,영남대학교병원,192,4,2018-03-27T00:52:29Z,710,0.5,General,PreCovid_Supplement
IXpUFdV2OcQ,뇌졸중,영남대학교의료원 뇌졸중 건강교실(이준 교수)_2 영남대학교의료원 영남대학교병원 영남대의료원 영남대병원 영대병원,영남대학교병원,116,4,2018-03-27T00:57:31Z,475,0.5,General,PreCovid_Supplement
2kZ2WWSCdDU,심장,심장 건강의 척도! ‘맥박’ 정확하게 체크하는 방법! [내 몸 사용설명서] 217회 20180907,TVCHOSUN - TV조선,48542,169,2018-09-07T11:00:00Z,141,0.5,General,PreCovid_Supplement
wQhvkFj6Pb8,심장,술 마실 때마다 얼굴 빨개진다면…심장건강에 '적신호',JTBC News,8609,79,2018-03-22T13:01:34Z,110,0.5,General,PreCovid_Supplement
RmU-lzSt66I,심장,"인공 심장 이식 수술 의학 과학 인체 건강 3D animation | artificial heart surgery medicine, science, and human health",imagefact,7513,37,2018-06-29T12:43:35Z,70,0.5,General,PreCovid_Supplement
KQIB0KSAd98,심장,류마티스 열에 의한 심장질환 발생기전,헤르메스,4393,34,2018-12-01T01:12:39Z,59,0.5,General,PreCovid_Supplement
STwmhPH2TSM,심장,"""자궁절제, 심장 건강에 부정적 영향"" / YTN 사이언스",YTN 사이언스,3027,19,2018-01-05T07:51:52Z,41,0.5,General,PreCovid_Supplement
TcWhbQrn0Bs,심장,초간단 심장 건강 테스트! 모두 ‘혀‘를 확인하자~ [내 몸 사용설명서] 224회 20181026,TVCHOSUN - TV조선,2738,8,2018-10-26T11:00:04Z,125,0.5,General,PreCovid_Supplement
rF7ukIoZju4,심장,[건강톡] 숨은그림 찾기로 쉽게 알아보는 허혈성 심장질환 극복,한화생명 건강톡,1524,28,2018-12-07T05:50:43Z,434,0.5,General,PreCovid_Supplement
6siUm-TOrbk,심장,[건강정보] 유전성 심장질환은 무엇인가요?,고대병원,902,7,2018-07-19T23:30:01Z,61,0.5,General,PreCovid_Supplement
HyS5Ow33VuU,심장,[5분건강]-심장재활 (이장우 교수),쿠키건강TV / KUKI HEALTH TV,878,4,2018-07-27T09:02:45Z,321,0.5,General,PreCovid_Supplement
_UrU2V3EzWU,심장,[건강정보] 유전성 심장질환을 예방할 수 있는 방법이 있을까요?,고대병원,536,4,2018-07-19T23:30:00Z,119,0.5,General,PreCovid_Supplement
X447wkrrak8,심장,순천향대학교 의료it공학과 인체해부학 6장 심장혈관계통,강재영,513,2,2018-06-03T14:40:55Z,987,0.5,General,PreCovid_Supplement
Pu0gxTOs67I,심장,메디플렉스 세종병원 심장건강 강좌 인터뷰,부천방송,511,9,2018-06-09T12:50:17Z,209,0.5,General,PreCovid_Supplement
xW7GeAinQi0,심장,[건강알리미] 심장돌연사에 관한 오해와 진실 / 일산백병원 순환기내과 곽재진 교수,인제대학교 백병원,466,4,2018-01-08T07:19:21Z,356,0.5,General,PreCovid_Supplement
A20Qy4-9BvM,심장,심장 건강 적신호! 남녀별로 차이가 있다? [내 몸 사용설명서] 191회 20180209,TVCHOSUN - TV조선,428,4,2018-02-09T14:00:02Z,179,0.5,General,PreCovid_Supplement
WBE-YNRGEt4,심장,심장ㆍ신생아 질환 건강보험 적용…의료비 부담↓ / 연합뉴스TV (YonhapnewsTV),연합뉴스TV,254,1,2018-08-02T23:06:17Z,41,0.5,General,PreCovid_Supplement
UUaAWG0i5HY,심장,[일산백병원 건강강좌] 심장발작(심근경색)의 위험요인과 조기 진단 치료법,인제대학교 일산백병원,250,5,2018-07-31T01:31:52Z,2682,0.5,General,PreCovid_Supplement
fmBDugBaup8,심장,"TV 닥터 건강클리닉 이유홍 과장구조적 심장질환, 47분 55초",클라우드엠서클,240,1,2018-06-22T02:38:46Z,2903,0.5,General,PreCovid_Supplement
YRLRseb7KZM,심장,[Happyday]Heart health 'high pillow' is ruined! 심장 건강 '높은 배게'가 망친다![기분 좋은 날] 20180108,MBClife,178,2,2018-01-08T01:29:20Z,144,0.5,General,PreCovid_Supplement
-fxsP0qcAm8,폐렴,"# 강아지 폐렴 환자의 기침 증상, 치료방법은?_이든동물의료센터",이든동물의료센터,19239,162,2018-10-13T07:46:16Z,259,0.5,General,PreCovid_Supplement
Z1RPZiho_HE,폐렴,[광주농아방송]건강생활상식 -폐렴-(수어),dooho na,401,3,2018-01-04T02:30:19Z,201,0.5,General,PreCovid_Supplement
rT8rjinMLWI,당뇨병,[5분 건강 톡톡] 췌장 작은 한국인…당뇨병 위험 증가 / KBS뉴스(News),KBS News,12795,101,2018-08-03T00:10:47Z,305,0.5,General,PreCovid_Supplement
nuOv9l95B7I,당뇨병,"[건강 백문백답] 마른 비만과 당뇨병, 그 악순환의 해결책은? / 해운대백병원 내분비내과 김태년 교수",인제대학교 백병원,4891,44,2018-03-27T07:04:21Z,224,0.5,General,PreCovid_Supplement
COq6gBL1Oyk,당뇨병,[건강 백문백답] '팔다리는 가는데 배만 볼록?' 마른 비만과 당뇨병 / 해운대백병원 내분비내과 김태년 교수,인제대학교 백병원,1923,12,2018-03-27T07:04:21Z,179,0.5,General,PreCovid_Supplement
RvvJSIiUeLE,당뇨병,[건강톡] 당뇨병 대란시대 2편 - 당뇨병의 진단기준과 종류,한화생명 건강톡,1425,28,2018-09-28T02:04:23Z,367,0.5,General,PreCovid_Supplement
m8ZsoAR9dhQ,당뇨병,[건강톡] 당뇨병 대란시대 1편 - 검진표 보면서 당뇨병 고위험군 예측하는 법,한화생명 건강톡,1129,27,2018-09-28T02:01:45Z,262,0.5,General,PreCovid_Supplement
-q4Tofoz3r4,당뇨병,[건강 백문백답] '팔다리는 가는데 배만 볼록?' 마른 비만과 당뇨병,해운대백병원TV,831,1,2018-04-06T07:32:24Z,179,0.5,General,PreCovid_Supplement
mXJgXMHqdVs,당뇨병,"[건강 백문백답] 마른 비만과 당뇨병, 그 악순환의 해결책은?",해운대백병원TV,396,1,2018-04-06T07:35:23Z,224,0.5,General,PreCovid_Supplement
HGHD6qgtpig,당뇨병,"[건강프라임] 잡곡, 채소에 함유된 칼륨, '당뇨병성 신증'을 악화시켜 / 김태웅 기자",시선뉴스 YouTube,370,2,2018-06-17T15:00:23Z,391,0.5,General,PreCovid_Supplement
jsAe3DjFpok,당뇨병,[건강정보] 비만환자는 당뇨병에 걸릴 확률이 높아지나요?,고대병원,127,0,2018-07-11T23:30:01Z,44,0.5,General,PreCovid_Supplement
XXl9DNT1blA,비만,슬림해 보이는 나르샤의 건강검진 결과 '복부비만'(?!) 즐거운 감량생활 2회,JTBC Entertainment,2936,16,2018-06-16T04:56:30Z,174,0.5,General,PreCovid_Supplement
EciS9avMUpI,비만,"다이어트와 아름다움, 건강까지 모두 잡는 [광주비만클리닉]",광주청담리브의원,1403,3,2018-08-02T02:44:10Z,220,0.5,General,PreCovid_Supplement
I-hHkQl9xek,비만,'비만 수술비'에 건강보험 적용 예정…만성질환 잡는다 / SBS,SBS 뉴스,1264,6,2018-03-03T13:03:27Z,128,0.5,General,PreCovid_Supplement
aFw4v5Sn5u4,비만,[우리동네명의 시즌2] 비만과 건강,우리동네주치의,1012,6,2018-12-12T04:01:43Z,2050,0.5,General,PreCovid_Supplement
NsBuhANn68Y,비만,'치료 목적' 고도비만 수술에 건강보험 적용,보건복지부TV,944,13,2018-11-23T07:31:01Z,116,0.5,General,PreCovid_Supplement
p-Sqq0kNGzE,비만,"고도 비만 수술, 11월부터 건강보험 적용 / YTN 사이언스",YTN 사이언스,609,2,2018-02-07T03:52:15Z,26,0.5,General,PreCovid_Supplement
a0gScUnHAaA,비만,성인질환의 모든 것 / 비만과 생리,메디큐레이터,580,3,2018-10-05T03:15:48Z,111,0.5,General,PreCovid_Supplement
mqHfL29q6FI,비만,11월부터 고도비만 수술에도 건강보험 적용한다 / 연합뉴스TV (YonhapnewsTV),연합뉴스TV,512,1,2018-02-07T04:38:02Z,32,0.5,General,PreCovid_Supplement
mCJJ8HSrqv8,비만,내년부터 '치료 목적' 고도비만 수술에 건보 적용 / YTN 사이언스,YTN 사이언스,480,3,2018-11-13T03:51:51Z,45,0.5,General,PreCovid_Supplement
kYJnY9Skzqw,비만,약사 제니의 비만연구소 2화 다이어트 건강하게 하는 방법! [무삭제 풀버전],몸짱 약사 민재원,465,15,2018-12-07T09:00:05Z,3391,0.5,General,PreCovid_Supplement
uGDZIRmpouo,비만,건강 다이어트 방법/ 둔산한방병원/ 비만센터/ 백선은 교수,둔산한방,422,6,2018-07-30T02:50:21Z,114,0.5,General,PreCovid_Supplement
eLNkpKcDymM,비만,건강 다이어트 방법/ 둔산한방병원/ 비만센터/ 유정은 교수,둔산한방,413,2,2018-07-30T02:44:35Z,177,0.5,General,PreCovid_Supplement
rfUVb_yMfBc,비만,박수용박사의 건강교실(402) 비만하면 신부전증과  자궁내막암  발생율이 높다,박수용,376,14,2018-10-11T14:26:29Z,905,0.5,General,PreCovid_Supplement
nRCHN7_B_mE,비만,[매일경제TV'건강 한의사'] 한의학 '비만' - 조현석 원장(미앤네이처 명동점),미앤네이처한의원,349,0,2018-02-12T06:52:44Z,521,0.5,General,PreCovid_Supplement
GAtwQmmr-IU,비만,"[건강프라임] 하이힐, 과격한 운동, 비만...'아킬레스건염' 주의 / 이유진 기자",시선뉴스 YouTube,343,2,2018-08-09T12:30:02Z,370,0.5,General,PreCovid_Supplement
K6iRf7_66gU,비만,"건강충전 잘못된 자세, 척추 질환에 비만까지      YouTube 480p",주식회사 슬리밍고그룹,334,0,2018-12-19T13:33:39Z,421,0.5,General,PreCovid_Supplement
KN6AmDZBfCM,탈모,약사가 쉽게 설명하는 탈모약 & 주의사항 - 판시딜/마이녹실/프로페시아,이해창 약사TV,119922,1364,2018-11-30T17:11:19Z,281,0.5,General,PreCovid_Supplement
wC6foEyL91s,탈모,자존감을 위협하는 여성탈모ㅣ건강플러스,서울아산병원,37130,132,2018-06-01T00:05:11Z,214,0.5,General,PreCovid_Supplement
pbufGH6f6BU,탈모,탈모치료 의료기기 헤어빔 Air 치료원리,헤어빔Hairbeam,5783,4,2018-06-28T04:29:31Z,105,0.5,General,PreCovid_Supplement
UABRjCQO4rw,탈모,[메디컬플러스] 탈모와 모발이식 _ 박병철 교수(단국대병원 피부과),단국대학교병원,2064,12,2018-08-30T05:33:07Z,658,0.5,General,PreCovid_Supplement
UdpGOtSpVk4,탈모,[우버人건강] 줄기세포와 성장인자를 이용한 탈모치료,매경우버인,752,4,2018-09-17T05:10:27Z,118,0.5,General,PreCovid_Supplement
0yjqIF2bxP8,탈모,[KNN 메디컬 24 닥터스] 탈모치료의 모(毛)든것/ 센텀모빅스피부과 박근 원장 출연,센텀모빅스피부과,561,4,2018-09-07T10:15:15Z,1478,0.5,General,PreCovid_Supplement
IX3yvYpmYfs,탈모,다이어트의 모든 것 ) 다이어트와 탈모,메디큐레이터,508,3,2018-10-04T06:54:59Z,123,0.5,General,PreCovid_Supplement
rYTdJuyquxE,탈모,[TBC클리닉 건강365] 탈모치료 모발이식 헤어라인 A to Z,대구모제림 모발이식.탈모치료,429,0,2018-04-02T10:14:40Z,1709,0.5,General,PreCovid_Supplement
tJ5hB-rnrDo,탈모,탈모치료 의료기기 헤어빔 Air 브랜드 소개,헤어빔Hairbeam,337,0,2018-06-28T04:24:23Z,78,0.5,General,PreCovid_Supplement
H9nSP9ZDhzY,탈모,[건강365] 탈모와의 전쟁 - 모제림 대구점,메이드인리얼,250,0,2018-03-29T06:27:14Z,1816,0.5,General,PreCovid_Supplement
duvsRf8-QtA,탈모,건강 365 [78회] 탈모 / YTN 라이프,YTN 밀덕스,237,4,2018-10-08T09:48:27Z,1505,0.5,General,PreCovid_Supplement
kovOflebNOw,위암,노년기 위암의 예방과 관리,서울아산병원,194497,4106,2018-12-17T02:18:51Z,1930,0.5,General,PreCovid_Supplement
gt2ffeSfaVY,위암,잦은 소화불량에서 시작되는 위암의 증상 _ 박언휘 원장,박언휘TV,60185,517,2018-09-02T22:00:01Z,255,0.5,General,PreCovid_Supplement
uMXKUA2IdBs,위암,"Q. 위내시경 조직검사 때 생긴 상처때문에, 위암이 생길수도 있나요? [위암 편]",국가암지식정보센터,31497,221,2018-12-10T05:22:45Z,53,0.5,General,PreCovid_Supplement
XZIJZ-fOPPg,위암,Q. 헬리코박터균에 감염됐다는 판정을 받았는데 심각한건가요?  [위암 편],국가암지식정보센터,21682,136,2018-12-10T05:22:45Z,72,0.5,General,PreCovid_Supplement
oapCSJsrGF0,위암,위암 수술 후 장기적 관리,서울아산병원,12195,121,2018-11-22T01:33:24Z,1018,0.5,General,PreCovid_Supplement
kTeWR2RUV6E,위암,위암의 진행 단계,EBS 건강 아카이브,11148,39,2018-01-18T03:00:01Z,82,0.5,General,PreCovid_Supplement
y_-KziwPV-s,위암,"[김지수의 건강 36.5] 한국인 위암 정복, 헬리코박터균 진단ㆍ치료에 달렸다 / 연합뉴스TV (YonhapnewsTV)",연합뉴스TV,6325,43,2018-04-21T00:57:17Z,422,0.5,General,PreCovid_Supplement
_SxIc2fqGF0,위암,"위내시경, 음식과 스트레스 관리, 위암 예방법 _ 박언휘 원장",박언휘TV,5677,87,2018-09-09T22:00:00Z,265,0.5,General,PreCovid_Supplement
FHRzxUwIKg0,위암,[5분 건강 톡톡] “위암 수술 성공률…병원 크기 상관없다” | KBS뉴스 | KBS NEWS,KBS News,3747,19,2018-03-23T00:08:39Z,300,0.5,General,PreCovid_Supplement
UFEsNS9QdMQ,위암,[강동경희대병원] 위암 수술 (외과 최성일 교수),강동경희대학교병원,3285,43,2018-06-20T06:00:52Z,237,0.5,General,PreCovid_Supplement
TY3b5Ux67RQ,위암,[건강 백문백답] 젊은 층에게 치명적인 위암? 미만형 위암 / 해운대백병원 외과 오성진 교수,인제대학교 백병원,3014,30,2018-10-11T00:27:22Z,211,0.5,General,PreCovid_Supplement
2oAk5HJE8CM,위암,위암 수술 후 늘어난 식탐 때문에 높아진 염증 수치,김병재 박사의 천연치유,1949,21,2018-07-04T22:00:00Z,307,0.5,General,PreCovid_Supplement
Uc0ueHEBy3Y,위암,위암 환자가 꼭 알아야할 효과적인 관리법,재단법인보건의료정보센터,1935,29,2018-12-14T06:57:17Z,99,0.5,General,PreCovid_Supplement
yuT_2d5QS8s,위암,"[부산백병원 건강강좌] 위암의 수술적 치료, 그리고 수술 후 관리 / 외과 김광희 교수",부산백병원,1841,9,2018-07-10T08:03:50Z,1450,0.5,General,PreCovid_Supplement
o1HC3EBhfkM,위암,질병 및 의료행위분류 - 위암편,이수경,1774,0,2018-11-27T10:39:29Z,771,0.5,General,PreCovid_Supplement
XUo8PoJLdLA,위암,젊은 여성 위협하는 ‘미만형 위암’을 아시나요?,베이비뉴스,1485,5,2018-06-28T08:39:43Z,66,0.5,General,PreCovid_Supplement
Al-SKQkyLRk,위암,무엇이든 물어보세요 - 위 질환에 의한 소화불량 증상 - 위암 20180313,KBS 교양,1116,4,2018-03-13T04:36:38Z,169,0.5,General,PreCovid_Supplement
C40qT4ueUFE,위암,[건강 백문백답] 젊은 층에게 치명적인 위암? 미만형 위암,해운대백병원TV,749,6,2018-10-08T05:36:07Z,211,0.5,General,PreCovid_Supplement
UAkE7dxG5rc,위암,[충무아트홀 건강강좌] 위암 / 서울백병원 외과 이우용 교수,인제대학교 백병원,713,5,2018-03-20T01:47:13Z,3902,0.5,General,PreCovid_Supplement
pjcYOnmaWrA,위암,너무 사소해서 놓치기 쉬운 위암 초기증상 ♥ X-FACE,X-FACE Healthcare,713,6,2018-04-18T12:13:21Z,740,0.5,General,PreCovid_Supplement
VdgwJw_ac08,대장암,대장내시경 절반은 장 청소 ‘불합격’ / KBS뉴스(News),KBS News,597127,1777,2018-11-19T13:01:10Z,123,0.5,General,PreCovid_Supplement
hdWq3Wa8XE8,대장암,메디컬 다큐 7요일 - 너를 보낼 수 없어- 대장암 4기 외_#001,EBSDocumentary (EBS 다큐),273122,1796,2018-10-15T11:08:15Z,1437,0.5,General,PreCovid_Supplement
id3NnrwGn-M,대장암,Q. 대장암 주된 증상은 무엇인가요? [대장암 편],국가암지식정보센터,250816,30,2018-06-19T01:53:29Z,47,0.5,General,PreCovid_Supplement
FGKR-0LqMP0,대장암,대장암 - 장루란?,EBS 건강 아카이브,89562,321,2018-03-14T08:00:03Z,79,0.5,General,PreCovid_Supplement
H2WvLVa5HDI,대장암,대장암의 맞춤 수술,서울아산병원,62525,509,2018-12-05T00:58:33Z,1766,0.5,General,PreCovid_Supplement
x2ZX7vjXLa8,대장암,소리 없이 찾아오는 대장암! 단계별 모습은? [내 몸 사용설명서] 232회 20181221,TVCHOSUN - TV조선,57889,164,2018-12-21T11:00:09Z,139,0.5,General,PreCovid_Supplement
-iEHTGUi18Q,대장암,내시경을 이용한 대장암의 진단과 치료,서울아산병원,51644,336,2018-12-05T00:58:33Z,1119,0.5,General,PreCovid_Supplement
v3EiIcvFHIU,대장암,'OO'이 대장암을 부른다?! (보고만 있어도 즐거웠거늘....) [엄지의 제왕 297회],MBN Entertainment,51554,222,2018-09-20T06:07:30Z,635,0.5,General,PreCovid_Supplement
PBnhp0GMq4I,대장암,대장암 전이 과정,EBS 건강 아카이브,49298,194,2018-03-14T08:00:06Z,89,0.5,General,PreCovid_Supplement
LAY6mx2hzgc,대장암,"우측 대장·좌측 대장, 부위별 대장암 증상?! (청춘컴백청진기) @좋은아침 5374회 20180806",SBS Entertainment,34702,201,2018-08-06T08:24:52Z,176,0.5,General,PreCovid_Supplement
dHxe3hpKU1I,대장암,직장암 환자 복강경 암세포 절제 수술,EBS 건강 아카이브,22408,57,2018-05-02T09:00:10Z,38,0.5,General,PreCovid_Supplement
QeQ6en1drDw,대장암,"[자막뉴스] 춘천소년원, 대장암 10대 방치 논란 / YTN", YTN,21749,71,2018-01-15T00:33:03Z,138,0.5,General,PreCovid_Supplement
9uKXA_y2jgw,대장암,대장암의 증상,EBS 건강 아카이브,18057,46,2018-03-14T08:00:00Z,54,0.5,General,PreCovid_Supplement
_gr_DoixYWk,대장암,대장암 환자 수술,EBS 건강 아카이브,17078,50,2018-05-02T09:00:06Z,38,0.5,General,PreCovid_Supplement
bI6iImw1EaA,대장암,대장암 발병 ‘위치’에 따라 증상도 다르다?! [내 몸 사용설명서] 232회 20181221,TVCHOSUN - TV조선,14676,71,2018-12-21T11:00:10Z,87,0.5,General,PreCovid_Supplement
U_IQ5r7nhHI,유방암,유방암 환자가 반드시 먹어야 할 5가지 식품,재단법인보건의료정보센터,30101,232,2018-07-06T01:32:04Z,66,0.5,General,PreCovid_Supplement
5m4RCMwWvqc,유방암,[건강강좌​] 유방암의 전신치료 소개 및 부작용 관리(17.10.17) 혈액종양내과 김지현교수,분당서울대학교병원,13287,97,2018-01-12T05:17:25Z,2037,0.5,General,PreCovid_Supplement
9bJTAP1aBlk,유방암,[건강강좌​] 유방암 환자의 스트레스 극복하기!(17.10.17) 정신건강의학과 김정현교수,분당서울대학교병원,12791,69,2018-01-12T05:17:25Z,2063,0.5,General,PreCovid_Supplement
QDUjYnmcC1k,유방암,유방암 환자의 이차암 검진,서울아산병원,9232,64,2018-11-05T08:42:01Z,944,0.5,General,PreCovid_Supplement
lIpBoQ_MYvg,유방암,"[건강정보] 유방암을 진단받았는데, 겨드랑이 림프절 절제술이 무엇인가요?",고대병원,7236,28,2018-10-11T23:30:00Z,76,0.5,General,PreCovid_Supplement
I60oaYiWymE,유방암,[건강정보] 유방암. 어떤 증상이 느껴지면 병원을 찾아야 하나요?,고대병원,5588,38,2018-10-14T23:30:01Z,81,0.5,General,PreCovid_Supplement
lMqIn9BUjqo,유방암,[건강정보] 유방암 수술법은? 꼭 가슴을 절제해야 하나요?,고대병원,3958,16,2018-10-10T23:30:00Z,81,0.5,General,PreCovid_Supplement
kE1PgDWeOL0,유방암,[건강톡] 유방암 자가검진과 예방 - 대림성모병원 김성원 원장,한화생명 건강톡,3851,36,2018-09-30T09:29:31Z,463,0.5,General,PreCovid_Supplement
6mOc84C8bwE,유방암,[분당 차병원] 유방암 건강강좌(20181022) - 혈액종양내과,분당차병원_CHA Bundang Medical Center,2920,49,2018-11-05T05:11:37Z,1610,0.5,General,PreCovid_Supplement
zKEMR3sX4qg,유방암,[건강정보] 가슴 성형수술을 받으면 유방암 위험이 높아진다?,고대병원,2425,14,2018-10-15T23:30:01Z,40,0.5,General,PreCovid_Supplement
AkfEr7PKrlU,유방암,[건강정보] 안젤리나 졸리처럼 유방을 절제하면 유방암 예방이 된다?,고대병원,1844,9,2018-10-16T23:30:01Z,61,0.5,General,PreCovid_Supplement
V4lPcwO0jHU,유방암,[건강정보] 유방암이란 어떤 병인가요?,고대병원,759,10,2018-10-09T23:30:01Z,77,0.5,General,PreCovid_Supplement
8js7s7KKZKU,유방암,이대목동병원 건강강좌: 골다공증 환자 및 유방암 수술 후 뼈주사 환자에서의 치과 치료,이화여자대학교 의료원,716,8,2018-05-21T07:07:15Z,3176,0.5,General,PreCovid_Supplement
DmLDT2j-zJs,유방암,[건강정보] 브래지어는 유방암 위험이 높아진다?,고대병원,694,6,2018-10-17T23:30:00Z,64,0.5,General,PreCovid_Supplement
vjLnNey3Bjc,유방암,"[건강시그널] 유방암 수술 후 재건, 암재발 발견 어려울까? / 박진아 아나운서, 대림성모 김성원 원장",시선뉴스 YouTube,686,7,2018-04-19T01:36:50Z,574,0.5,General,PreCovid_Supplement
S1AnEhpDOVQ,유방암,"[건강시그널] 가족과 함께 유방암 우울증 극복하는 방법은? / 박진아 아나운서, 대림성모 김성원 원장",시선뉴스 YouTube,346,2,2018-05-09T21:42:16Z,556,0.5,General,PreCovid_Supplement
aihSfX-oxJg,유방암,"[건강시그널] 유방암, 절제하지 않는 치료법은 없나? / 박진아 아나운서, 대림성모 김성원 원장",시선뉴스 YouTube,321,2,2018-03-21T23:24:28Z,619,0.5,General,PreCovid_Supplement
sYOf1oE2V_Q,유방암,"유방암 극복, 희망 로드맵 ①",K-VIBE,274,1,2018-07-18T04:40:43Z,459,0.5,General,PreCovid_Supplement
M7KVaeYrwGw,유방암,"[대림성모병원 건강시그널 #3] 유방암 수술 후 재건, 암재발 발견 어려울까?",대림성모병원,245,2,2018-04-19T03:16:12Z,574,0.5,General,PreCovid_Supplement
vJK1tQBzN7w,유방암,2018.05.04 KNN건강365 유방암조기발견 마더즈병원 김상원원장,마더즈병원,210,3,2018-09-19T00:51:59Z,248,0.5,General,PreCovid_Supplement
GF1KJ-8Yd6M,간염,완치 어려운 'B형 간염'...치료 실마리 풀렸다 / YTN 사이언스,YTN 사이언스,85146,831,2018-08-30T04:52:14Z,125,0.5,General,PreCovid_Supplement
C6ZtW2ffbPo,간염,[건강정보] 간염의 증상은 무엇인가요?,고대병원,15853,85,2018-09-13T23:30:00Z,90,0.5,General,PreCovid_Supplement
adikPJ_21LY,간염,간염/간경화/간암 강의 (1편): 죽음과 건강에 대한 통계,조동혁의100세 건강시대,9668,103,2018-07-06T16:58:45Z,358,0.5,General,PreCovid_Supplement
aTJJ-kOGPFA,간염,톡투건강 핫 클릭 두번째 C형 간염 오해와 진실,톡투건강TV,6358,116,2018-10-30T11:54:16Z,239,0.5,General,PreCovid_Supplement
iBd4viDma4c,간염,간경화에서 간암으로 이어질 수 있는 만성 바이러스성 간염 [건강클리닉]  180504,엠키타카 MKTK,3464,33,2018-05-04T07:14:46Z,3142,0.5,General,PreCovid_Supplement
HsP0phZuO0A,간염,[메디컬플러스] C형 간염 _ 김석배 교수(단국대병원 소화기내과),단국대학교병원,1897,27,2018-09-11T23:38:42Z,604,0.5,General,PreCovid_Supplement
SOYbY7eQ8k4,간염,무료건강강좌 알림: 간염과 간암,조동혁의100세 건강시대,1779,52,2018-06-19T04:14:13Z,737,0.5,General,PreCovid_Supplement
HlJMqafmknU,간염,[건강정보] 간염의 치료법은 무엇인가요?,고대병원,634,7,2018-10-21T23:30:00Z,94,0.5,General,PreCovid_Supplement
5tv_B22yRgY,간염,[건강정보] 간염이란 무엇인가요?,고대병원,440,4,2018-09-13T01:09:54Z,64,0.5,General,PreCovid_Supplement
Y7iUJxfU8Zg,간염,[건강정보] 간염은 어떤 위험성이 있나요?,고대병원,434,0,2018-10-23T23:30:01Z,73,0.5,General,PreCovid_Supplement
lhLaXcnjWvU,간염,[건강정보] 간염의 예방법은 무엇인가요?,고대병원,229,2,2018-10-22T23:30:00Z,108,0.5,General,PreCovid_Supplement
f1kJWRz7W40,간염,[메디컬현장]대한간학회 C형 간염과 전쟁 전남 구례군 현장 가보다,톡투건강TV,204,22,2018-10-28T22:45:53Z,183,0.5,General,PreCovid_Supplement
FLVEopfMMUs,간염,건강 365 [51회] 간염 / YTN 라이프,YTN 밀덕스,176,1,2018-01-09T09:12:44Z,1484,0.5,General,PreCovid_Supplement
bo1KWajzCIs,신장,[건강강좌​] 저염식사와 함께 건강한 콩팥(신장)만들기(17.08.25) 신장내과 김세중교수,분당서울대학교병원,186023,2590,2018-01-12T05:17:25Z,3016,0.5,General,PreCovid_Supplement
ybVyqJhxE3w,신장,[국민건강보험 일산병원 건강강좌] 나쁜 콩팥 치료하기,국민건강보험일산병원,57652,1148,2018-09-03T10:37:22Z,3257,0.5,General,PreCovid_Supplement
-0QpWCHUoFA,신장,"신장 투석 방법 - 혈액, 복막 투석 / YTN 라이프",YTN 밀덕스,45695,144,2018-02-06T07:52:05Z,141,0.5,General,PreCovid_Supplement
zKiFDa1DJEI,신장,신장암과 방광암,건국대학교병원,35331,359,2018-06-11T00:40:37Z,2078,0.5,General,PreCovid_Supplement
m-ZEcMLT6CY,신장,신장이 나쁘면 빈혈이 온다?,조동혁의100세 건강시대,35077,1025,2018-07-28T04:16:45Z,507,0.5,General,PreCovid_Supplement
j7DyCdYA-SI,신장,신장내과와 비뇨기과에서 하는일들의 설명,조동혁의100세 건강시대,28940,936,2018-09-18T04:53:16Z,885,0.5,General,PreCovid_Supplement
muDkmeAI-_A,신장,"소리 없는 불청객, 신장암 [TBC-띠비띠]",TBC,25601,218,2018-05-25T04:04:55Z,1420,0.5,General,PreCovid_Supplement
YUJKrcpMa7o,신장,신장과 신장병 - 1편 (라디오코리아 라이브데스크),조동혁의100세 건강시대,22847,643,2018-11-13T05:48:59Z,1406,0.5,General,PreCovid_Supplement
PLxjGIX8f9M,신장,소변색으로 보는 신장 건강 상태 / YTN 라이프,YTN 밀덕스,20403,91,2018-02-06T08:02:25Z,124,0.5,General,PreCovid_Supplement
WVCgFGat8hU,신장,[건강똑똑 신장이식편] 강의3. 말기신부전의 혈액투석,헬스조선 Health Chosun,17715,125,2018-08-06T06:12:37Z,826,0.5,General,PreCovid_Supplement
2DlkKZ7Dd4g,신장,신장암과 로봇수술 / YTN, YTN,8397,77,2018-07-28T10:07:32Z,156,0.5,General,PreCovid_Supplement
5cJ59tUE9K8,신장,신장암 치료를 위한 다빈치 로봇 부분 신 절제술,분당서울대학교병원,8234,53,2018-05-02T23:22:24Z,233,0.5,General,PreCovid_Supplement
-5zmxcVGnmw,신장,[TJB메디컬플러스] 신장결석과 연성요관경 치료,순천향대학교 천안병원,8165,75,2018-07-23T04:35:36Z,579,0.5,General,PreCovid_Supplement
BEd5GsDswhk,신장,통풍약은 간과 신장에 무리를 준다? / YTN 라이프,YTN 밀덕스,6394,39,2018-02-01T07:11:44Z,64,0.5,General,PreCovid_Supplement
qYu9T-01OpU,신장,신장이식 환자의 이식 후 건강관리,손선영,6393,82,2018-11-08T11:28:58Z,458,0.5,General,PreCovid_Supplement
KksKt86op_A,신장,큰 신 종양에서 신장을 보존하는 로봇 부분 신 절제술,분당서울대학교병원,3453,46,2018-05-02T23:22:23Z,411,0.5,General,PreCovid_Supplement
smgxn3KszG8,신장,건강질환신장 기능과 직결된 ‘단백뇨’ 원인과 증상은 ● 건강 TV매일 ●【경악】,건강 TV매일,2675,26,2018-07-27T14:00:06Z,201,0.5,General,PreCovid_Supplement
2iXtUZXv-4Y,신장,[건강똑똑 신장이식편] 강의1. 신장의 구조와 기능,헬스조선 Health Chosun,2321,14,2018-08-06T06:14:26Z,314,0.5,General,PreCovid_Supplement
yfgXSk5_zr0,신장,[건강똑똑 신장이식편] 강의4. 말기신부전의 신장이식,헬스조선 Health Chosun,2287,24,2018-08-06T05:51:47Z,1581,0.5,General,PreCovid_Supplement
yvrKZjg88Y4,신장,[건강똑똑 신장이식편] 강의5. 국내장기기증 현황 및 문제점,헬스조선 Health Chosun,1630,8,2018-08-06T05:29:53Z,963,0.5,General,PreCovid_Supplement
BZoId5L73XM,골다공증,"골다공증 예방 골밀도검사, 보건소에서 OK",용인시 조아용TV,12661,57,2018-02-06T02:56:48Z,63,0.5,General,PreCovid_Supplement
8t-e-WjCL-Y,골다공증,무엇이든물어보세요 -뼈 건강을 위협하는 골다공증에 대한 모든 것.20181001,KBS 교양,3297,25,2018-10-01T07:50:05Z,226,0.5,General,PreCovid_Supplement
hybhIj0EGj4,골다공증,[건강정보] 골다공증! 어떤 증세가 나타나면 병원에 가야할까요?,고대병원,2795,14,2018-09-27T23:30:01Z,69,0.5,General,PreCovid_Supplement
n7kQXTR_7ug,골다공증,20181128 생로병사의 비밀 예고   골다공증 ㅣ KBS방송,KBS 한국방송,2070,8,2018-11-28T06:34:23Z,31,0.5,General,PreCovid_Supplement
UM73CVj_JAw,골다공증,[건강정보] 골다공증 어떻게 검사하고 치료하나요?,고대병원,1887,16,2018-09-28T23:30:01Z,71,0.5,General,PreCovid_Supplement
YwqMb2wRB5k,골다공증,[5분 건강 톡톡] 소리 없는 뼈 도둑 ‘골다공증’…‘숨은 골절’ 조심 | KBS뉴스 | KBS NEWS,KBS News,1429,9,2018-04-06T00:06:11Z,300,0.5,General,PreCovid_Supplement
6ZJOZ8Gw88c,골다공증,"[국민건강보험 일산병원 건강강좌] 골다공증, 어떻게 관리해야 하나요?",국민건강보험일산병원,1411,11,2018-02-20T16:32:07Z,2896,0.5,General,PreCovid_Supplement
9A-lCtdN3Fw,골다공증,[건강웹툰] 골다공증 때문에 척추압박골절까지?,콕선생님 (콕통증의학과),1037,1,2018-04-23T09:00:26Z,61,0.5,General,PreCovid_Supplement
_iOX0Kr1pgk,골다공증,뼈건강 나노칼슘ㅡ골다공증도회복되다,코칭,759,3,2018-03-08T02:50:05Z,73,0.5,General,PreCovid_Supplement
L73jXGogt1Q,골다공증,[건강정보] 골다공증 예방법 혹은 건강생활수칙은?,고대병원,303,4,2018-09-29T23:30:00Z,83,0.5,General,PreCovid_Supplement
xISjS-b4Lwk,요실금,요실금 수술 과정,EBS 건강 아카이브,57546,141,2018-02-01T03:00:03Z,51,0.5,General,PreCovid_Supplement
4ek7NOuZhZk,아토피,2018건강나눔 공개강좌6회 아토피 박귀영교수 중앙대병원[메디컬TV],메디컬TV MedicalTV,1066,8,2018-05-02T04:51:49Z,1282,0.5,General,PreCovid_Supplement
BuaxOh9M94w,아토피,면역력 장건강 유산균 항생제 비염·아토피·천식 알러지 질환,한의사 황태환 TV,661,0,2018-07-08T04:43:27Z,101,0.5,General,PreCovid_Supplement
UXBCNR1rw9Y,아토피,아토피 아토피 완치 아토피 흉터 로 화제가 된 건강플러스 TV출연 한의원!,하늘토 한의원,445,6,2018-10-02T05:23:54Z,110,0.5,General,PreCovid_Supplement
7jc-Rjg1mok,당뇨,당뇨 판정을 받은 날부터 평생 챙겨야 할 11가지 l 당뇨 수치/합병증 관리 l  닥터딩요,닥터딩요,650399,16028,2019-05-18T09:45:01Z,1614,0.5,General,PreCovid_Supplement
pTvFA0UdGHE,당뇨,[당뇨약사] 당뇨환자를 위한 여주 완전분석 ㅣ 당뇨음식,민수약사MINSOO Pharmacist,388108,8203,2019-08-12T05:41:54Z,329,0.5,General,PreCovid_Supplement
36V4dmGbp-Y,당뇨,나에게 맞는 건강 주스가 따로 있다! 당뇨환자 체질별 맞춤 주스 - 신동진의 닥터밥상 #3,굿라이프,82084,1886,2019-08-08T23:00:00Z,382,0.5,General,PreCovid_Supplement
5UM0YENju7I,당뇨,흰쌀밥은 억울하다. 혈당이 높거나 당뇨를 가진 사람은 흰쌀밥 먹어도 되나요?,박민수박사,63652,1737,2019-08-26T08:31:58Z,581,0.5,General,PreCovid_Supplement
L1VEFhE3NkQ,당뇨,당뇨약 종류 l 당뇨약 복용법 ㅣ 당뇨약 부작용 모두 설명해드립니다.,약사설명 약짱TV,57937,1503,2019-06-26T14:09:47Z,829,0.5,General,PreCovid_Supplement
UY6wziapF1Q,당뇨,소아 당뇨 환자 연속혈당측정기에 건강보험 적용한다 / SBS,SBS 뉴스,19287,74,2019-09-25T23:43:43Z,122,0.5,General,PreCovid_Supplement
uwGojkGwS5w,당뇨,당뇨 맞춤 치료법 - 남재현 박사의 건강이야기,남서방TV의사,14889,583,2019-07-03T05:51:51Z,560,0.5,General,PreCovid_Supplement
GLmTUwUGuyw,당뇨,"강아지 쿠싱증후군, 갑상선, 당뇨 예방하는 법 [노견 건강관리] ㅣ닥터맘마 수의사팀",닥터맘마: Dr mamma,12370,224,2019-08-08T06:12:03Z,381,0.5,General,PreCovid_Supplement
Hs2S1gTtvFg,당뇨,소아1형 당뇨환자 불편 줄여준다...내년부터 혈당관리기기 건보 적용 / YTN, YTN,9814,41,2019-09-25T12:17:15Z,130,0.5,General,PreCovid_Supplement
gdARLw1joWM,당뇨,[건강톡] 누가 당뇨에 잘걸리나 / 당뇨 병원은 동네병원이 좋을까 대학병원이 좋을까 - 아주대학교 내분비대사내과 김대중 교수,한화생명 건강톡,7594,104,2019-07-05T01:30:55Z,430,0.5,General,PreCovid_Supplement
EhcUUyzgH5w,당뇨,"[건강상식13] 당뇨 인슐린주사기 사용법과 보관법, 투여 방법과 주사 부위는 어디?",PublicTV 퍼블릭티비,7388,24,2019-11-08T09:50:55Z,198,0.5,General,PreCovid_Supplement
JEOA1omm6Y0,당뇨,고혈압/당뇨 우리동네 의사가 관리해준다. 일차의료 만성질환 관리사업,보건복지TV,6149,153,2019-12-29T22:00:02Z,602,0.5,General,PreCovid_Supplement
h7AtfvlIdkw,당뇨,당뇨발·고혈당 위험…당뇨 환자 여름 건강 주의보 / 연합뉴스TV (YonhapnewsTV),연합뉴스TV,5141,33,2019-06-23T01:37:55Z,128,0.5,General,PreCovid_Supplement
ijT7HvMcQ2o,당뇨,소아1형 당뇨환자 불편 줄여준다...내년부터 혈당관리기기 건보 적용 / YTN, YTN,4887,24,2019-09-25T13:27:11Z,132,0.5,General,PreCovid_Supplement
Y5iyIeMMqzw,당뇨,"[한화생명 건강톡 라이브] 당뇨, 1300만 시대 - 10년 후 내가 당뇨병에 걸릴 확률은?",한화생명 건강톡,4527,130,2019-07-17T10:52:15Z,3656,0.5,General,PreCovid_Supplement
MnyvoMTx6jw,당뇨,소아 당뇨환자 희소식…인슐린자동주입기 등 건강보험 적용 [굿모닝MBN],MBN News,3373,18,2019-09-26T00:02:30Z,90,0.5,General,PreCovid_Supplement
VrroviI0PVA,당뇨,혈당 검사 : 당뇨 환자는망고를 먹을 수 있을까?,하루 당뇨식사,2913,27,2019-07-17T09:27:44Z,300,0.5,General,PreCovid_Supplement
WdqrYWZU0yA,당뇨,[건강상식] 물🍶 맛이 좋으면 당뇨의 징후? / 당뇨의 3대 증상,희망나무 tv,1964,91,2019-12-20T06:30:01Z,302,0.5,General,PreCovid_Supplement
ujzTUYLZSHE,당뇨,[메디컬현장] 당뇨병의 오해와진실 세계당뇨의날을 맞이해 푸른빛 점등식 행사 현장에 가다,톡투건강TV,1944,18,2019-11-14T01:01:40Z,227,0.5,General,PreCovid_Supplement
h5Oegxk94Hw,당뇨,"고혈압, 당뇨 환자가 반드시 피해야 할 명절음식은? [건강정보]",건강의학전문채널 하이닥,1444,6,2019-02-02T22:00:01Z,92,0.5,General,PreCovid_Supplement
JsifshC2pp8,고혈압,"[방태환 원장의 5분 건강 정보] 약 없이 고혈압 낮추는 방법, 고혈압완치",나음힐링센터 방태환원장,86269,1943,2019-04-18T23:51:22Z,527,0.5,General,PreCovid_Supplement
xL2k3Rdi0Fs,고혈압,[고혈압2편]혈압약이 먹기 싫은 당신이 반드시 챙겨야 할 영양제. 코큐텐을 항산화제로만 기억하지 마세요.,정세운약사의 건강나눔,12218,425,2019-08-17T12:31:45Z,258,0.5,General,PreCovid_Supplement
0dTv4wilSwQ,고혈압,고혈압에 좋은 음식｜코메디닷컴,코메디닷컴,7957,111,2019-02-20T06:22:19Z,46,0.5,General,PreCovid_Supplement
xA1ntj4wEGQ,고혈압,고혈압 낮춰는데 도움 주는 영양제🌿,뉴리TV Nuri TV,6556,152,2019-12-13T13:45:10Z,363,0.5,General,PreCovid_Supplement
rjnaN5fkaqw,고혈압,[방태환 원장의 5분 건강 정보] 고혈압은 무서운 병이다- 고혈압이란?,나음힐링센터 방태환원장,3589,98,2019-04-17T04:07:57Z,400,0.5,General,PreCovid_Supplement
I_0c6ALUd5k,고혈압,혈압 높았던 적 없어요! 건강검진 결과 상담 중 고혈압에 대해 받은 질문들 [병원밖의사 김유현 / 건강 정보],"다닥유현, 다이어트하는닥터와 같이건강",2434,37,2019-07-02T01:00:01Z,918,0.5,General,PreCovid_Supplement
Ri888Adn6J8,고혈압,[건강365] 망가진콩팥 신부전증 당뇨병 고혈압 합병증으로 생긴다?,캐내네 메디컬,2043,14,2019-06-24T07:50:44Z,173,0.5,General,PreCovid_Supplement
Ws4cP9DW5Ag,고혈압,"스트레스로 인한 고혈압, 두통, 초기 치매를 치료하는 약이 있다고? 조등산 효과와 복용 방법, 복용 기간",배현약사링거TV,1263,44,2019-12-20T00:12:20Z,699,0.5,General,PreCovid_Supplement
NfaqQ8jpyQo,고혈압,"[건강정보] 비만대사수술 Q&A - 비만 동반질환(당뇨, 고혈압 등)도 좋아지나요 ?",고대병원,959,5,2019-10-17T23:48:47Z,86,0.5,General,PreCovid_Supplement
i9FHIZlw_Yk,고혈압,[건강프라임] 젊은 사람들에게 잘 나타나는 '2차성 고혈압',시선뉴스 YouTube,772,7,2019-03-07T00:48:29Z,316,0.5,General,PreCovid_Supplement
9qGwBV5fGeo,고혈압,"풀뿌리 의료의 작은 기적, 하남시 고혈압·당뇨병등록교육센터_(KBS 생로병사의 비밀)",하남시,737,4,2019-05-22T06:48:42Z,781,0.5,General,PreCovid_Supplement
vqQtCgQcIl4,고혈압,[일분닥터] 건강 검진 혈압 상승! 고혈압일까요? 1분닥터 황닥이 알려드립니다.,몸편맘편 황닥 DoctorH,715,4,2019-11-22T04:59:44Z,75,0.5,General,PreCovid_Supplement
LgdOrFZNbK4,고혈압,[건강프라임] 고혈압약 먹는 중년 여성 ‘쇼그렌증후군’ 주의해야,시선뉴스 YouTube,635,12,2019-08-21T03:45:02Z,372,0.5,General,PreCovid_Supplement
7nd1YnlHLBA,고혈압,[힐팁TV] 심장‧뇌혈관 질환 도화선 ‘고혈압’ 건강하게 관리하려면,힐팁,476,3,2019-01-02T06:17:41Z,296,0.5,General,PreCovid_Supplement
kFLcd71MIiY,고혈압,고혈압 건강강좌 - 조인정 교수,이화여자대학교 의료원,477,8,2019-08-21T23:56:40Z,2507,0.5,General,PreCovid_Supplement
oXYzVtP5oSw,고혈압,[건강프라임] 급성 합병증을 동반해 고혈압보다 위험해질 수 있는 ‘기립성저혈압’,시선뉴스 YouTube,470,4,2019-10-02T05:53:00Z,331,0.5,General,PreCovid_Supplement
I-M_lMcJvX4,고혈압,"응급 고혈압 | 네이버 지식인 건강, 의학 위촉상담의",닥터코알라TV,352,6,2019-07-22T13:50:07Z,79,0.5,General,PreCovid_Supplement
71eTe6jqQnA,암,암환자에게 기능의학이 도움이 될까?,닥터조의 건강이야기,351554,9827,2019-07-31T04:54:27Z,1105,0.5,General,PreCovid_Supplement
qOpOwQePG0w,암,[건강강좌​] 천의 얼굴 전립선 암(19.05.31) 비뇨의학과 변석수교수,분당서울대학교병원,104491,1407,2019-08-19T03:36:21Z,3184,0.5,General,PreCovid_Supplement
EypQTSeCkiA,암,"[건강정보] '대장 절제', 일상생활에 지장이 없을까? - 대장암 수술과 부작용",고대병원,35757,218,2019-12-02T00:20:14Z,155,0.5,General,PreCovid_Supplement
hA5nELtCzgc,암,충격적인 김도균의 건강검진 결과 ‘대장암 직전’ @불타는 청춘 190회 20190205,SBS Entertainment,31758,137,2019-02-05T16:00:16Z,147,0.5,General,PreCovid_Supplement
oyqRqUumlN8,암,[건강강좌] 유방암 생존율 향상과 암 유형별 특성,인제대학교 백병원,24319,273,2019-11-05T02:14:49Z,843,0.5,General,PreCovid_Supplement
ob2zNPdGMHI,암,"[건강정보] 대장의 용종, 대장암일까? 대장암의 대표적 증상은?",고대병원,17914,120,2019-11-26T23:32:39Z,119,0.5,General,PreCovid_Supplement
IaA91Qu_sUU,암,"[5분 건강 톡톡] 19살 이하, 무조건 CT 검사?…암 발생 1.5배 증가 / KBS뉴스(News)",KBS News,15408,81,2019-10-17T23:56:27Z,355,0.5,General,PreCovid_Supplement
Vo39t6GZsBE,암,[5분 건강 톡톡] 흡연자 절반 암 걸려도 담배 못 끊어 / KBS뉴스(News),KBS News,13160,101,2019-08-01T23:57:23Z,295,0.5,General,PreCovid_Supplement
DECABKfJWw8,암,[그 암이 알고싶다] 연명의료란 무엇인가요?,KSMO TV_그암이 알고 싶다,13023,97,2019-08-01T10:41:32Z,548,0.5,General,PreCovid_Supplement
-IpeQFBq-Lc,암,갑상선암은 척한 암이 아니다![tbc클리닉건강 365],TBC,11744,113,2019-01-11T06:33:34Z,1640,0.5,General,PreCovid_Supplement
HXl_Uu6ITw8,암,"[건강기상청 내몸 ON-①대장암] 건강캐스터 남혜정, KMI한국의학연구소 대장내시경 검사 받다!",Channel KMI,8995,0,2019-07-15T00:20:17Z,246,0.5,General,PreCovid_Supplement
TKUXaFX8efA,암,[건강 365] 대장용종 대장암 씨앗 용종 젊은층도 예외없다!,캐내네 메디컬,8632,39,2019-06-30T05:26:17Z,171,0.5,General,PreCovid_Supplement
aB1fLKAROKE,암,『슬기로운 암라이프』 1편. 암생존자 건강관리,충남대학교병원,8625,142,2019-11-21T01:57:41Z,323,0.5,General,PreCovid_Supplement
tZjKRXXNmyk,암,암 수술 후 건강 관리 서비스 #암환자 #세컨드닥터,나만의 암관리 앱 세컨드닥터,7591,144,2019-12-20T07:30:01Z,446,0.5,General,PreCovid_Supplement
M3FynlkrSbE,암,"매일경제TV 건강한의사 - 미국 한·양방 협진 암치료, 환자 80% 만족",AKOM TV (대한한의사협회),6727,6,2019-02-19T01:21:56Z,195,0.5,General,PreCovid_Supplement
VNhsyjk5F00,암,[건강정보] 암 건강 지식백과 '대장암 표적치료제의 효과는 어떻게 되나요?' -고려대학교안암병원 암센터,고대병원,6059,47,2019-08-06T23:43:21Z,109,0.5,General,PreCovid_Supplement
Bm7Ore3VzeE,암,대한민국 50대가 가장 많이 사망하는 암 순위 top3 [건강정보],건강의학전문채널 하이닥,4613,26,2019-01-31T22:00:00Z,124,0.5,General,PreCovid_Supplement
R8vCJ0jbadw,암,암사망률 2위 간암.. 간 건강 지키는법은? 꼭 알아두자! (원인/증상/예방/진단),건강채널 민트TV,4456,29,2019-10-18T02:07:57Z,172,0.5,General,PreCovid_Supplement
St82X3h8gcI,암,"[암환자 브이로그] 대장암 4기, 실제 치료비와 보험에 대하여",캔서프리월드(암없는세상),4296,59,2019-06-26T08:00:02Z,104,0.5,General,PreCovid_Supplement
ZSF5mZME-d4,암,2019년 분당서울대병원 대장암 건강강좌 (4) _ 대장암의 항암치료,Colorectal Cancer Center SNUBH,4125,0,2019-11-19T12:29:53Z,1049,0.5,General,PreCovid_Supplement
wPbMJ9-AI_o,갑상선,갑상선 기능저하증도 좋아지는 이유는 이렇습니다,황성수힐링스쿨,221273,4521,2019-04-07T22:00:08Z,270,0.5,General,PreCovid_Supplement
cecrP4gfFz4,갑상선,건강토크쇼 구독도 부탁합니다. 톡투 갑상선 갑상선암의 원인 진단 치료 및 예방에 대한 모든 것을 국내 최고 전문가들을 모시고 알려드립니다.,톡투건강TV,81148,1212,2019-01-02T12:10:17Z,7418,0.5,General,PreCovid_Supplement
Nucu7fiD9-k,갑상선,갑상선영양제 구성하는 팁을 배워보자!!,리틀약사,71043,1502,2019-11-26T09:00:07Z,452,0.5,General,PreCovid_Supplement
WYScEI2jzMo,갑상선,갑상선 결절 촉진으로 확인하는 자가진단법,TVCHOSUN - TV조선,36293,118,2019-12-27T10:50:01Z,130,0.5,General,PreCovid_Supplement
vypbDf2DaJY,갑상선,[갑상선 tv] 여성의 건강을 위협하는 갑상선 혹! 왜 생기는 걸까?,장덕한방병원 갑상선센터,8490,118,2019-12-17T01:36:02Z,306,0.5,General,PreCovid_Supplement
-bWXWSQXkEo,갑상선,"초음파교육, 갑상선초음파, Thyroid scan 강의 샘플영상 / SONOUS   (소노어쓰)  | 대표강사 : 장경미",SONOUS Education,7860,33,2019-05-07T05:39:56Z,49,0.5,General,PreCovid_Supplement
EY9_luaNtgs,갑상선,내과 - 갑상선 조직검사,건국대학교병원,5717,21,2019-07-12T07:54:36Z,111,0.5,General,PreCovid_Supplement
XgjwikVmfbo,갑상선,갑상선중독증이란 무엇인가,기역,5570,159,2019-10-05T09:00:02Z,473,0.5,General,PreCovid_Supplement
NJ0rwOfkx4c,갑상선,이규언 교수's Health Talk - 갑상선암 치료,서울대병원tv,4722,0,2019-05-03T02:47:19Z,722,0.5,General,PreCovid_Supplement
cYTCn8G8Tsw,갑상선,"갑상선 건강을 위한 필수 영양소, 셀레늄의 효과!",[임보크] 암환자 전문 치료프로그램 ,4399,77,2019-05-17T05:04:43Z,301,0.5,General,PreCovid_Supplement
XzmeTbRhZT0,갑상선,초심자를 위한 초음파 강좌(174) - 검진 갑상선 초음파상 저에코 결절로 의심되어 세포진으로 낭성 병변으로 진단된 증례(M/51),김일봉,4002,27,2019-11-08T00:08:53Z,579,0.5,General,PreCovid_Supplement
aBD9_oZFgjo,갑상선,"[행복한 갑상선tv] 스트레스, 갑상선 건강에 치명적인 이유!",장덕한방병원 갑상선센터,3478,72,2019-12-26T01:17:48Z,368,0.5,General,PreCovid_Supplement
H30FerSdpws,갑상선,2019년 9월 25일 영임초 강의 - 갑상선 초음파(Dr. 이효명),김일봉,2999,31,2019-09-26T01:30:20Z,1806,0.5,General,PreCovid_Supplement
moR1qPgl5OI,갑상선,"갑상선 혹 : 김용기 원장님, 노신예 아나운서",건강의학전문채널 하이닥,2709,34,2019-12-10T02:24:26Z,750,0.5,General,PreCovid_Supplement
3xFbQuxcDIY,갑상선,갑상선 건강에 좋은 루바브|[HealthTips],Tips Health,2700,27,2019-05-13T04:33:24Z,728,0.5,General,PreCovid_Supplement
MH1CqDOphyE,갑상선,초음파검사ㅣ갑상선 초음파검사에 대한 모든 것!,심장이 콩닥콩닥,2461,15,2019-12-11T02:07:11Z,103,0.5,General,PreCovid_Supplement
Ri3NYZ8RCg8,갑상선,갑상선 결절의 진단 초음파 및 세침흡입검사,Seungchan Paik,2302,17,2019-03-23T13:53:27Z,1396,0.5,General,PreCovid_Supplement
H09OsuZidwc,갑상선,갑상선암센터 - 갑상선세포검사,건국대학교병원,2155,13,2019-07-12T08:15:00Z,147,0.5,General,PreCovid_Supplement
L1eGf4d-Z7Q,갑상선,"초심자를 위한 초음파 강좌 (10) - (1) 우측 갑상선 고에코 결절, (2) 양측 갑상선의 다발성 낭성 병변 (M/61)",김일봉,2009,12,2019-02-27T06:02:03Z,558,0.5,General,PreCovid_Supplement
sMU_oHg9AQU,관절염,조절 가능한 만성질환 ‘류마티스 관절염’ [건강플러스],서울아산병원,69046,613,2019-08-27T07:49:50Z,215,0.5,General,PreCovid_Supplement
FuHgRM7HcmE,관절염,톡투건강 무릎관절염 어떻게 해야 하나-전체 영상편,톡투건강TV,52168,727,2019-10-23T09:32:36Z,5968,0.5,General,PreCovid_Supplement
7xYQKewLQ7w,관절염,"놀라운 관절 건강! 진실 혹은 거짓 ② ＜파스, 관절염 완화에 도움이 된다?＞",MBN Entertainment,18054,95,2019-12-20T13:04:46Z,196,0.5,General,PreCovid_Supplement
CqJpzFpJUNc,관절염,종부원리 퇴행성 관절염 미국 건강박람회. 미라클!! 당신은 기적을 행하는 사람이에요~ 박석 acupuncture,종부원리 Jongboo principle,6905,253,2019-10-18T04:31:27Z,356,0.5,General,PreCovid_Supplement
At3ggxZRmzc,관절염,Ep.03 현대인의 무릎 건강에 적신호가 켜졌다?! ‘퇴행성 관절염’,닥터고의 쓰리고TV,4469,167,2019-11-29T10:00:13Z,394,0.5,General,PreCovid_Supplement
fVBQBHpa05Q,관절염,닥터88 관절염치료기 1661-7559 렌탈 닥터팔팔 골관절염치료기 통증치료기,힐링렌탈 (힐링렌탈 1661-7559),3530,30,2019-06-11T07:44:18Z,16,0.5,General,PreCovid_Supplement
Pwn0thxMh6o,관절염,케어스타 입체 초음파 관절의료기기_홈앤쇼핑   관절염치료기  퇴행성관절염 무릎통증,플리어스관절,2861,27,2019-10-24T07:04:02Z,181,0.5,General,PreCovid_Supplement
3c1F82PPzZY,관절염,"류마티스 관절염 : 증상, 원인, 치료 등.|1001 건강식단",1001건강식단,2220,50,2019-11-18T04:42:22Z,845,0.5,General,PreCovid_Supplement
JbVztKBvbtE,관절염,"[예고] 장 건강! 제대로 지키지 않으면 치매, 뇌졸중, 관절염까지?! | 채널A 닥터 지바고 263회",play 채널A,1446,10,2019-10-10T01:33:46Z,31,0.5,General,PreCovid_Supplement
4-nLUnbnTV0,관절염,OBS TV주치의 건강하게삽시다 - 퇴행성관절염 강남 KS병원 정병준 원장 출연,KS Hospital,1294,10,2019-12-30T05:54:42Z,527,0.5,General,PreCovid_Supplement
QjalPgvza1s,관절염,[데일리건강] 무릎퇴행성관절염_ 선승덕 원장,쿠키건강TV / KUKI HEALTH TV,688,11,2019-09-23T00:45:48Z,1233,0.5,General,PreCovid_Supplement
anmkXsilIFM,관절염,[쿠키건강TV] 연세본사랑병원 최철준 병원장님 통풍성관절염 방송,관절친구 본사랑TV,669,8,2019-03-05T03:11:03Z,930,0.5,General,PreCovid_Supplement
j_FVo8gx9QI,관절염,[예스병원 건강이야기] 류마티스 관절염의 부위별 증상은?,서울예스병원,516,15,2019-09-17T00:06:31Z,57,0.5,General,PreCovid_Supplement
wUHFjw-f4dU,관절염,[건강] 10월30일_어깨 퇴행성관절염 원인과 예방법!,케이웨더,491,9,2019-10-30T04:46:09Z,220,0.5,General,PreCovid_Supplement
HEhz_a1aMpY,관절염,"[건강프라임] 퇴행성 관절염, 류마티스와 전혀 다른 질병이다",시선뉴스 YouTube,475,3,2019-07-10T03:31:07Z,414,0.5,General,PreCovid_Supplement
PeSbcrGHSXQ,관절염,"[60초 건강툰] 추워진 날씨, 노년층 관절염 주의보",국민건강보험일산병원,445,1,2019-12-06T01:12:54Z,63,0.5,General,PreCovid_Supplement
V7hD0o5jdYs,관절염,"관절염치료기1661-7559 렌탈 추천 관절염 치료의료기기
닥터팔팔 닥터88",쉐프렌탈,509,8,2019-05-28T06:21:33Z,13,0.5,General,PreCovid_Supplement
iB_TLP2Hzcw,관절염,[서울부민병원]'스마트 건강TIP' 손가락관절염 증상과 치료법은?,어쩌다미디어TV,281,5,2019-09-10T13:09:59Z,290,0.5,General,PreCovid_Supplement
2GWz654jY_A,관절염,10명중 4명은 퇴행성 관절염? | 건강플러스 | 10월 05일,대전MBC,258,2,2019-10-07T01:24:53Z,2700,0.5,General,PreCovid_Supplement
wjtqC8C_CGc,허리디스크,허리 건강에 좋은 운동 기역자 스트레칭 - 자생한방병원,자생한방병원,842735,4160,2019-01-16T02:57:27Z,68,0.5,General,PreCovid_Supplement
N1SzXAHUhvo,허리디스크,"허리디스크, 허리통증 3가지 핵심 운동방법 허리디스크 재활운동",피티킴tv,813776,17818,2019-06-09T01:13:00Z,533,0.5,General,PreCovid_Supplement
VJTV8tk1vi8,허리디스크,허리디스크 낫게 하는 셀프 견인법 - 물리치료사가 가르쳐주는 진짜 운동,리얼리햅,585080,10144,2019-03-11T15:01:57Z,502,0.5,General,PreCovid_Supplement
q_kOYtm38kc,허리디스크,허리디스크 재활운동 맥켄지운동 - MRI 꼭 필요한가? 아무도 해주지 않는 허리통증 이야기,Mr.Physio 호주물리치료사,519242,12754,2019-11-05T10:38:13Z,454,0.5,General,PreCovid_Supplement
VGEgnoq7dFk,허리디스크,허리디스크 환자가 꼭 알아야 할 허리 강화 운동10가지 중  - 급성기편,모커리 근육신경재활TV,295452,4874,2019-11-21T09:12:06Z,459,0.5,General,PreCovid_Supplement
WA70K0VpkAw,허리디스크,수술비가 병원마다 다른 이유! 수술비에 숨겨진 비밀 - 이경석의 척추88 #13,굿라이프,212602,4103,2019-10-23T08:00:04Z,507,0.5,General,PreCovid_Supplement
LcFrzVJU-d4,허리디스크,허리 통증이 있다면 꼭 확인해보세요 (허리디스크 진단),라이프에이드,206735,1929,2019-12-21T02:47:30Z,184,0.5,General,PreCovid_Supplement
9nV6zuRVuxo,허리디스크,허리디스크 환자가 꼭 알아야 할 허리 강화 운동 10가지 중 - 회복기(만성기)편,모커리 근육신경재활TV,165363,2619,2019-11-22T08:30:01Z,439,0.5,General,PreCovid_Supplement
NsuympkCnYE,허리디스크,허리디스크 수술.. 참 안타깝습니다,피지컬갤러리,163094,2519,2019-07-06T10:00:05Z,189,0.5,General,PreCovid_Supplement
CAVyxYYD65w,허리디스크,허리디스크 치료해도 낫지 않는 이유 4가지,모커리 근육신경재활TV,121593,2338,2019-10-15T08:02:50Z,569,0.5,General,PreCovid_Supplement
PYBaER_h14s,허리디스크,【자가테스트】 허리디스크 마비증상! 이렇게 확인하세요!ㅣ닥발TV,닥터발룬TV,99283,1845,2019-11-19T03:55:08Z,868,0.5,General,PreCovid_Supplement
H61dCZN3-fA,허리디스크,"Eng, Ru cc)허리디스크와 협착증 차이/잘못 알면 큰일나요/Diffrence between Spinal Stenosis & Disc",우리들병원TV,90850,1168,2019-08-02T03:23:32Z,331,0.5,General,PreCovid_Supplement
4Py2IVh7qn0,허리디스크,허리디스크(추간판탈출증)에 대해 꼭 알아야 할 10가지 - 1탄,모커리 근육신경재활TV,74755,1318,2019-07-11T07:51:13Z,719,0.5,General,PreCovid_Supplement
OJOo5AlNxjY,허리디스크,"허리통증 즉시 해결, 허리 디스크의 원인과 치료법 최초공개",종부원리 Jongboo principle,54505,1346,2019-04-11T11:10:50Z,2404,0.5,General,PreCovid_Supplement
WQpQ1Q1SUe4,허리디스크,단 1초만에 허리디스크 증상 확인하는 방법 허리디스크 자가진단,최불꽃TV,53450,0,2019-06-26T08:44:05Z,161,0.5,General,PreCovid_Supplement
Ps7sHEEBRH0,허리디스크,허리디스크 환자에게 좋은 허리 근력 강화 운동 - 허리 통증 완화 운동,콕선생님 (콕통증의학과),53331,281,2019-06-17T09:11:05Z,53,0.5,General,PreCovid_Supplement
8KB0MU0_ov8,전립선,[PEOPLE in 세브란스] 몸이 보내는 전립선암 신호 2가지~,세브란스,601084,5659,2019-12-16T08:00:12Z,224,0.5,General,PreCovid_Supplement
tptuFOdKe-8,전립선,전립선 건강에 좋은 음식은 뭘까? [비뇨의학과 비뇨기과],비오니까 3.0,62587,1017,2019-11-08T23:45:00Z,215,0.5,General,PreCovid_Supplement
bSD9mveFhRY,전립선,"[남자헬스케어] 전립선 비대증, 염증 개선, 남성탈모에 강추 영양제!!!쏘팔메토",뉴리TV Nuri TV,45031,204,2019-11-15T13:15:40Z,361,0.5,General,PreCovid_Supplement
zFhrISL1Dv8,전립선,전립선 건강에 좋은 음식들 [무엇이든 물어보세요] 20190514,KBS 교양,34110,381,2019-05-14T07:35:22Z,271,0.5,General,PreCovid_Supplement
Wb-YCnneD6g,전립선,검사비가 1/3로 줄어드는 전립선초음파검사란?- [골드만비뇨기과],비정상토크,29952,166,2019-09-11T02:44:02Z,191,0.5,General,PreCovid_Supplement
m-BqYoBvskY,전립선,"남성 전립선과 성기능, 여성 자궁건강을 지켜주는 ‘삼음교혈’ - 한동하의 지압신공(10)",한동하채널-HANDONGHA Channel,23080,404,2019-02-10T03:00:29Z,255,0.5,General,PreCovid_Supplement
0FPerDrP2KM,전립선,전립선비대증 인터벤션 치료! 환자들이 자주하는 질문 BEST (의료보험에 따라 시술금액이 개별상이할 수 있습니다)BPH Intervention Treatment: FAQ Bests,휴먼영상의학센터,16925,226,2019-11-21T09:33:47Z,727,0.5,General,PreCovid_Supplement
zi8JNiFFJ9A,전립선,쏘팔메토는 어떻게 전립선 건강에 도움을 줄까? 부작용은?,너너블리,16675,254,2019-08-09T00:40:57Z,288,0.5,General,PreCovid_Supplement
w-FJsq_Igo0,전립선,"[PEOPLE in 세브란스] 100세시대, 70대 전립선암 수술 사례",세브란스,13893,235,2019-04-11T01:47:59Z,178,0.5,General,PreCovid_Supplement
NSEmksSJzfE,전립선,전립선암 조기 진단의 중요성과 조기 검진 방법,대한비뇨기종양학회,13295,222,2019-01-02T05:49:13Z,262,0.5,General,PreCovid_Supplement
__KcohuV934,전립선,Q. 전립선암 수술을 받으면 성기능에 문제가 생기나요? [전립선암 편],국가암지식정보센터,12315,98,2019-04-04T08:02:21Z,75,0.5,General,PreCovid_Supplement
uoRozl-4i0g,전립선,5060 아빠 영양제🌿| 전립선비대증  간 해독 👨 감기예방 | 🇨🇦 영양제 추천,뉴리TV Nuri TV,10742,92,2019-01-21T22:00:03Z,1294,0.5,General,PreCovid_Supplement
3VbgyyfsafQ,전립선,고환 통증…'고환암·전립선염' 의심할 수 있어 ● 건강 TV매일 ● 【경악】,건강 TV매일,8729,23,2019-03-04T11:00:01Z,175,0.5,General,PreCovid_Supplement
PvimBIe-oRk,전립선,전립선 건강 자가진단 방법!,이제는 지방시대,6437,42,2019-08-04T09:38:12Z,221,0.5,General,PreCovid_Supplement
JSFAy7kKvCU,전립선,K영상클리닉_김승협교수_전립선에 무언가 보이는데 암일지도 모른대요,Seung Hyup Kim,6023,71,2019-08-23T07:46:32Z,193,0.5,General,PreCovid_Supplement
8o0dwdoik7E,전립선,[MBC충북 의료포털 닥터공감] 비뇨기과 - 만성전립선염,대전MBC닥터인MBC충북닥터공감,5720,28,2019-01-27T14:11:59Z,47,0.5,General,PreCovid_Supplement
7x_VqRKsNYM,전립선,[건투TV] 전립선에 좋은 건강기능식품은 뭐가 있을까요?,건투_건강기능식품을 투명하게,4135,28,2019-03-18T09:24:41Z,276,0.5,General,PreCovid_Supplement
9ngomITfw2A,전립선,[의료중재원] 사례영상 EP 05 - 야간뇨의 정밀 검사 없이 전립선 절제술,한국의료분쟁조정중재원kmedi,3799,30,2019-12-16T09:29:10Z,93,0.5,General,PreCovid_Supplement
AYrrMprPh_s,치매,이런증상 있으면 치매로 발전합니다-경도인지장애 자가테스트,교육하는 의사! 이동환TV,2119593,51536,2019-10-24T09:00:01Z,619,0.5,General,PreCovid_Supplement
8yxNnLxO2_E,치매,치매 테스트 ㅣ 치매검사. 지금 바로 확인하세요.,약사설명 약짱TV,814922,16626,2019-08-01T14:22:10Z,1037,0.5,General,PreCovid_Supplement
2RSwslEViRQ,치매,레시틴의 놀라운 효능 그리고 치명적인 부작용 ( 치매 예방 혈관 건강에 좋은 이유),약사가 들려주는 약 이야기,453702,9100,2019-10-22T10:30:01Z,1178,0.5,General,PreCovid_Supplement
ps-xakDyqFw,치매,치매와 경도인지장애의 차이점 [생로병사의 비밀] 20190918,KBS 다큐,49566,409,2019-09-18T15:46:51Z,225,0.5,General,PreCovid_Supplement
v5yapmVIA0Y,치매,치매 환자의 일상생활 관리,서울아산병원,40805,404,2019-11-18T08:04:10Z,506,0.5,General,PreCovid_Supplement
4kOEfjzwc30,치매,의료보험 적용되는 치매 진단 - 이은아의 치매를부탁해 #7,굿라이프,36767,792,2019-10-15T08:00:00Z,443,0.5,General,PreCovid_Supplement
FaiQPLnQ1l8,치매,"[건강톡] 영혼을 갉아 먹는 병, 치매. 어떻게 준비하고 대비할 것인가 - 홍혜걸 의학전문기자",한화생명 건강톡,31581,701,2019-05-04T06:10:59Z,1713,0.5,General,PreCovid_Supplement
NAvbAoGrP2s,치매,알츠하이머 치매 [생로병사의 비밀] 20190918,KBS 다큐,29219,204,2019-09-18T15:47:06Z,281,0.5,General,PreCovid_Supplement
yfoGBedl7Gc,치매,치매 예방 음식 7가지 - 두뇌 건강을 위한 식단,99세까지 88하게 - 임영빈 내과,22638,712,2019-04-01T04:30:18Z,172,0.5,General,PreCovid_Supplement
XWihlKUeduM,치매,"# 강아지 치매 증상, 어떻게 관리해야 할까? _이든동물의료센터",이든동물의료센터,18798,177,2019-01-14T08:51:49Z,541,0.5,General,PreCovid_Supplement
88r31VmBrhQ,치매,돈 되는 치매 정보! 치매 국가책임제 혜택 - 이은아의 치매를부탁해 #10,굿라이프,12803,531,2019-11-05T08:00:01Z,349,0.5,General,PreCovid_Supplement
46tev8jeVTA,치매,치매와 치아 건강 - 이은아의 치매를부탁해 #14,굿라이프,11686,691,2019-12-03T08:00:02Z,308,0.5,General,PreCovid_Supplement
Us4zK-L9yrc,치매,치매말기증상[킴스패밀리 건강TV-무병장수],치매명의 김시효,11648,225,2019-02-08T01:00:05Z,479,0.5,General,PreCovid_Supplement
x49i6rYYVFU,치매,"치매, 파킨슨병, 뇌졸중 등 뇌질환자는 반드시 비타민C를 복용하세요!!(미국 의대 발표 내용)",오드리약사의 영양상담,10065,239,2019-10-11T09:31:53Z,184,0.5,General,PreCovid_Supplement
myT-Pg9jDmI,치매,내가 너를 낳았니? 슬프지만 마음 따뜻한 이야기! - 이은아의 치매를부탁해 #11,굿라이프,9133,310,2019-11-12T08:00:14Z,371,0.5,General,PreCovid_Supplement
QtgL-ujEGVU,치매,"[분당 차병원 TV]깜박 깜박 증상, 치매가 아니라 우울증? 가성치매 - 정신건강의학과 이강수 교수",분당차병원_CHA Bundang Medical Center,7167,82,2019-05-22T00:53:36Z,483,0.5,General,PreCovid_Supplement
tltf4CaSn4M,치매,"[한화생명 건강톡 라이브] 치매, 무엇이든 물어보세요 - 홍혜걸 의학전문기자 -",한화생명 건강톡,5214,201,2019-05-15T09:06:54Z,3658,0.5,General,PreCovid_Supplement
vMGbmS768EY,치매,치매중기증상[킴스패밀리 건강TV-무병장수],치매명의 김시효,4300,107,2019-01-31T01:00:02Z,405,0.5,General,PreCovid_Supplement
86Fn1sD-e-g,치매,알츠하이머 치매 진행단계[킴스패밀리 건강TV-무병장수],치매명의 김시효,4277,82,2019-02-15T01:00:01Z,520,0.5,General,PreCovid_Supplement
ToMM7JeGw2c,치매,혈관성 치매(feat. 뇌건강센터 나해란 교수),여의도성모병원,3464,52,2019-06-13T02:11:19Z,376,0.5,General,PreCovid_Supplement
ydXkRC3EHgE,뇌졸중,뇌졸중 재활 치료 '골든타임'...발병 3개월 이내 중요 / YTN, YTN,89089,544,2019-11-03T15:47:31Z,134,0.5,General,PreCovid_Supplement
xr_DvnJugFY,뇌졸중,"고지혈증,심근경색,뇌졸중💊코엔자임 Q10 필수, 갓성비 영양제! - 스타틴 복용자에 필수",닥터후니,68327,1916,2019-12-23T01:37:32Z,328,0.5,General,PreCovid_Supplement
mFf4Ru5gat4,뇌졸중,뇌졸중 퇴원 후 생활습관은 무엇을 조심해야할까?,뉴고려병원공식유튜브,57037,702,2019-10-14T03:31:03Z,338,0.5,General,PreCovid_Supplement
4gfCV4EYNhc,뇌졸중,"뇌졸중의 골든타임, 빨리 병원에 방문하세요!ㅣ건강플러스",서울아산병원,45922,332,2019-12-31T03:01:53Z,200,0.5,General,PreCovid_Supplement
qRaGSghDpMw,뇌졸중,[건강칼럼] 뇌졸중 환자의 어깨통증에 대해 알아 볼까요?,아이엠재활병원,25754,294,2019-06-03T08:23:03Z,355,0.5,General,PreCovid_Supplement
mTSfs2oTbCs,뇌졸중,뇌출혈과 뇌경색의 차이점을 모른다면 봐야 할 영상! 뇌졸중의 모든것을 알려드립니다! [TV 클리닉+건강이 보인다] 190813,엠키타카 MKTK,16855,191,2019-08-13T11:22:15Z,175,0.5,General,PreCovid_Supplement
3kYuV7J0NRQ,뇌졸중,뇌졸중 환자의 영양 관리,서울아산병원,9338,144,2019-10-15T09:05:33Z,1258,0.5,General,PreCovid_Supplement
3WYtkcI8STY,뇌졸중,[건강칼럼] 뇌졸중 후 인지장애 재활치료,아이엠재활병원,8851,74,2019-06-11T02:00:56Z,339,0.5,General,PreCovid_Supplement
lNhBFTiERvg,뇌졸중,[건강강좌] 뇌졸중 등 뇌혈관질환 치료와 예방 - 나사렛국제병원 신경외과 최종원 과장,나사렛 건강지킴이,7678,86,2019-04-01T07:10:27Z,2563,0.5,General,PreCovid_Supplement
tnlVcsgYzXQ,뇌졸중,"[뇌졸중 건강강좌] 한국 사망원인 3위, 뇌졸중의 예방과 치료 - 신경과 정필욱 교수",강북삼성병원,7175,134,2019-12-02T21:00:14Z,2493,0.5,General,PreCovid_Supplement
aRYTyNZKySs,뇌졸중,[모션그래픽] 인하대병원 뇌졸중 캠페인 영상,윤동빈,5479,43,2019-12-24T04:39:31Z,81,0.5,General,PreCovid_Supplement
0IFpf0b0uuc,뇌졸중,[명품토크] '고려대학교구로병원' 건강하시 Guro - 뇌졸중 명품토크-고대 구로병원 뇌신경센터 김치경 교수&정진희 PD,의학채널 비온뒤,4297,115,2019-11-28T11:13:58Z,3606,0.5,General,PreCovid_Supplement
p_t686aFBOU,뇌졸중,[서울성모병원] 뇌졸중 건강강좌 5. 뇌졸중 환자를 위한 재활운동(재활의학팀),서울성모병원TV,2509,24,2019-02-12T02:40:07Z,607,0.5,General,PreCovid_Supplement
wc99T141BmI,뇌졸중,[서울성모병원] 뇌졸중 건강강좌 3. 뇌졸중의 수술적 치료(신경외과 최재호 교수),서울성모병원TV,2478,27,2019-02-12T02:23:26Z,1291,0.5,General,PreCovid_Supplement
2ElE8k5aQDk,뇌졸중,"[서울성모병원] 뇌졸중 건강강좌 6. 사회 복지 서비스-의료비,간병서비스,장애등급(사회사업팀)",서울성모병원TV,1850,20,2019-02-12T02:41:37Z,852,0.5,General,PreCovid_Supplement
2T6KOHU_46U,뇌졸중,[서울성모병원] 뇌졸중 건강강좌 2. 뇌졸중 환자들이 자주 하는 질문(신경과 이기정 교수),서울성모병원TV,1584,15,2019-02-11T07:32:38Z,2343,0.5,General,PreCovid_Supplement
Am4StQxiZo0,뇌졸중,머릿속 시한폭탄 뇌졸중  KTV 건강더하기 행복 뇌혈관질환 전문병원 명지성모병원,뇌혈관질환전문명지성모병원,1374,23,2019-10-21T08:32:15Z,1365,0.5,General,PreCovid_Supplement
cZZWZa6zyQs,뇌졸중,[서울성모병원] 뇌졸중 건강강좌 4. 뇌졸중의 영양관리(영양팀),서울성모병원TV,1285,15,2019-02-12T02:38:36Z,1323,0.5,General,PreCovid_Supplement
jxTbL1Zk91M,심장,심장 건강을 위한 생활습관 관리,서울아산병원,187302,2195,2019-09-06T00:07:31Z,1372,0.5,General,PreCovid_Supplement
F-U54FQD-20,심장,심장 건강을 지켜라! 심부전의 증상과 치료,서울아산병원,82589,766,2019-01-23T01:58:41Z,197,0.5,General,PreCovid_Supplement
OVBe_OeluWE,심장,[건강강좌] 부정맥 명의 김영훈교수와 함께하는 '인공심장 박동기'의 모든것!,고대병원,46938,723,2019-12-10T23:30:00Z,2098,0.5,General,PreCovid_Supplement
ZKpq03chO2Q,심장,입술색이 갑자기 변했다면 심장 비장건강 적신호! 입술색과 상태로 건강을 체크하자![돈건통]    -Peter Kim 김찬우 -,통찰의학 돈건통,37713,552,2019-12-13T11:00:12Z,666,0.5,General,PreCovid_Supplement
lj0jaDoNct4,심장,심장 건강을 위한 스트레스 관리법,서울아산병원,30548,441,2019-09-06T00:05:03Z,1563,0.5,General,PreCovid_Supplement
SM6O0Z4Z9V0,심장,심장질환은 단순 노인성질환이 아니다 (feat. 장 건강),독서연구소,9368,421,2019-12-05T09:00:07Z,1096,0.5,General,PreCovid_Supplement
_wghmXYhK9g,심장,(건강정보) 허혈성 심장질환,안동MBC PLUS,5887,44,2019-08-26T02:26:46Z,61,0.5,General,PreCovid_Supplement
VsXmiW1UKvg,심장,[PEOPLE in 세브란스] 건강 하려면 심장의 문을 열어라!,세브란스,4631,67,2019-07-25T08:10:11Z,234,0.5,General,PreCovid_Supplement
16Q0Dhx-v4k,심장,[강동경희1분건강]서맥성 부정맥 치료법'인공심장박동기'바로알기,강동경희대학교병원,4427,59,2019-09-11T01:41:22Z,107,0.5,General,PreCovid_Supplement
TluBiQ5L32w,심장,[건강톡] 젊은 대만 모델 고이상 촬영 중 심장마비사망으로 돌이켜본 돌연사,한화생명 건강톡,2535,33,2019-12-09T01:55:13Z,757,0.5,General,PreCovid_Supplement
gb801NOmhFQ,심장,"[급사방지 건강검진] 뇌혈관질환, 심장혈관질환, 폐암 조기진단 - 휴먼영상의학센터",휴먼영상의학센터,2322,38,2019-07-25T09:04:54Z,670,0.5,General,PreCovid_Supplement
k0lR1LgOg2g,심장,심장이 쿵❗ 허혈성 심장질환 [TBC클리닉건강365][TBC-띠비띠],TBC,1825,21,2019-06-16T03:00:02Z,1435,0.5,General,PreCovid_Supplement
ZJnuaphElGc,심장,"[건강기상청 내몸 ON-⑦심장질환] 건강캐스터 남혜정, KMI한국의학연구소 심장 초음파 검사 받다!",Channel KMI,1466,0,2019-09-27T01:10:45Z,248,0.5,General,PreCovid_Supplement
wu0GWk9AFKs,심장,[국민건강보험 일산병원] '고지혈증' 심장내과 박종관 교수,국민건강보험일산병원,1453,12,2019-09-04T00:00:24Z,155,0.5,General,PreCovid_Supplement
cD4skZ6WVhY,심장,제39회 재활의학과 건강강좌 - 심장재활 (이현석교수),명지병원-MYONGJI HOSPITAL,559,7,2019-04-16T08:38:38Z,2230,0.5,General,PreCovid_Supplement
ts8pJaBxTSo,심장,[진주제일병원] 1분 건강정보 - 심장혈관 질환 (심장내과전문의 최봉룡 센터장),진주제일병원,405,2,2019-04-17T04:23:24Z,46,0.5,General,PreCovid_Supplement
uDU1kX06Js8,심장,"[궁금한메디컬상식] 제 2의 심장, 발건강을 지킬 의료 상식 꿀팁!",메디컬TV MedicalTV,307,3,2019-07-15T04:09:57Z,163,0.5,General,PreCovid_Supplement
eYokcx0LOfg,심장,가을 별미 낙지 요리법 그리고 내 심장의 이상증세 부정맥 | 건강플러스 | 10월 12일,대전MBC,274,3,2019-10-14T01:26:11Z,2708,0.5,General,PreCovid_Supplement
ZQt9TAp9_I0,심장,20190926 대한심장학회 건강강좌 ｜ 충북대학교병원 01 배장환,대한심장학회,267,0,2019-10-24T01:43:47Z,1771,0.5,General,PreCovid_Supplement
mN0dWxbJvUQ,폐렴,노인 폐렴 증상 예방 사망 - 꼭 아셔야할 13가 백신 설명이 있습니다,약사설명 약짱TV,66430,2289,2019-11-05T14:22:18Z,687,0.5,General,PreCovid_Supplement
k4aPYKU_Aok,폐렴,평택 굿모닝병원 건강상식 015 폐렴 호흡기내과 전문의 이상국 과장 [1과],평택 굿모닝병원,800,13,2019-10-21T08:34:57Z,145,0.5,General,PreCovid_Supplement
qNWGpT_QvcU,폐렴,평택 굿모닝병원 건강상식 016 폐렴을 둘러싼 오해와 진실 호흡기내과 전문의 이상국 과장 [1과],평택 굿모닝병원,528,17,2019-10-21T08:36:55Z,161,0.5,General,PreCovid_Supplement
miwuxDHnFX4,당뇨병,당뇨병 관리 법 - 남재현 박사의 건강이야기,남서방TV의사,266225,5275,2019-04-13T02:23:46Z,485,0.5,General,PreCovid_Supplement
OeA0b37pNFU,당뇨병,뱃살과 당뇨병 예방 하는 법 - 남재현 박사의 건강이야기,남서방TV의사,44170,1184,2019-06-04T08:24:27Z,675,0.5,General,PreCovid_Supplement
GrrgpzvRHjk,당뇨병,"[건강강좌​] 당뇨병과 근육 근감소증, 노쇠(18.05.02) 내분비내과 장학철교수",분당서울대학교병원,27874,468,2019-05-08T02:27:17Z,1497,0.5,General,PreCovid_Supplement
JW7EUcRdw6U,당뇨병,[건강톡] 내가 10년 내에 당뇨병에 걸릴 확률은?,한화생명 건강톡,8057,182,2019-07-19T01:22:26Z,286,0.5,General,PreCovid_Supplement
sEoOKx4E9Fg,당뇨병,대한당뇨병학회 건강토크쇼 당뇨병 첫걸음 강의1부,Korean Diabetes Association대한당뇨병학회,5623,97,2019-12-06T07:24:27Z,787,0.5,General,PreCovid_Supplement
SiyNGU3r7nU,당뇨병,"당뇨병 무엇인가요? ｜당뇨병 정의와 진단, 증상, 검사｜텍스트 건강정보 #1",의사TV,4178,68,2019-08-21T09:25:41Z,168,0.5,General,PreCovid_Supplement
bqXWqo_AihA,당뇨병,[일산서구보건소 건강강좌] 당뇨병 예방관리 / 일산백병원 내분비내과 노정현 교수,인제대학교 백병원,4050,72,2019-03-14T04:45:17Z,2458,0.5,General,PreCovid_Supplement
CxvZS2sbkbI,당뇨병,"[건강365] 원인과 치료, 관리가 전혀 다른 1형 당뇨병",KBS 1라디오,3813,56,2019-12-24T23:00:00Z,2849,0.5,General,PreCovid_Supplement
URhFCids0Uc,당뇨병,이대서울병원 송도경 당뇨병 건강강좌,이화여자대학교 의료원,3803,35,2019-12-20T08:38:21Z,2084,0.5,General,PreCovid_Supplement
uY_3sqdgV5Q,당뇨병,박수용박사의 건강교실(506) 당뇨병은 절대 혼자 오지 않는다,박수용,1419,62,2019-02-23T11:07:50Z,928,0.5,General,PreCovid_Supplement
Qh2nP52-8r4,당뇨병,당뇨병 치료를 위한 당뇨대사수술_건강스페셜 김종민원장 방송,반드시 갑상선&당뇨를 잡겠습니다,1309,40,2019-05-12T01:58:52Z,1165,0.5,General,PreCovid_Supplement
FGUnkbUrto8,당뇨병,[건강톡] 비타민D가 당뇨병 예방에 도움이 된다?,한화생명 건강톡,996,42,2019-08-08T06:15:56Z,288,0.5,General,PreCovid_Supplement
l1EAPVYlFs8,당뇨병,'당뇨망막병증' 당뇨병 환자 실명을 부르는 질환 알아보기[강동경희대병원],강동경희대학교병원,834,12,2019-05-09T06:15:30Z,110,0.5,General,PreCovid_Supplement
F7mrId7FHVI,당뇨병,박수용박사의 건강교실(705) 침묵의 살인자 당뇨병  예방하고 치유하자,박수용,815,41,2019-11-14T06:38:25Z,920,0.5,General,PreCovid_Supplement
awE7DlahrCs,당뇨병,당뇨병 건강강좌 핵심 모아보기! 합병증 이야기 / 길병원 당뇨내분비센터 김병준 교수,길병원TV,469,15,2019-11-07T08:08:23Z,199,0.5,General,PreCovid_Supplement
kmTY7nkEah4,당뇨병,대한당뇨병학회 건강토크쇼-당뇨병 환자 여름나기 강의(1부),Korean Diabetes Association대한당뇨병학회,434,8,2019-08-21T09:00:19Z,878,0.5,General,PreCovid_Supplement
vT6SIeSO-fY,당뇨병,"[신개념 메디컬예능] 우리동네 주치의 친절한닥터스  8화 ""당뇨병""",우리동네주치의친절한닥터스,348,16,2019-07-01T08:05:43Z,1518,0.5,General,PreCovid_Supplement
kbhZhHBApgw,비만,"[방태환원장 건강강의] 비만을 해결하는 방법, 다이어트하는 방법(성인병, 콜레스테롤, 중성지방)",나음힐링센터 방태환원장,59141,1350,2019-01-10T09:21:37Z,1841,0.5,General,PreCovid_Supplement
aG1CAB5IMbo,비만,건강강의-다이어트-수면과 비만의 관계에 대한 연구결과 공개,교육하는 의사! 이동환TV,10805,152,2019-04-18T13:00:00Z,286,0.5,General,PreCovid_Supplement
FwYBBd3BUmQ,비만,"강북삼성병원 [닥터뷰] 현대인의 생활 습관병 비만, 건강하게 탈출하는 다이어트 방법 (가정의학과 강재헌 교수)",강북삼성병원,5430,115,2019-04-21T23:00:00Z,604,0.5,General,PreCovid_Supplement
pRYA2EGv5Mk,비만,‘비만’이 관절 건강에 미치는 영향은? [내 몸 사용설명서] 257회 20190621,TVCHOSUN - TV조선,3424,21,2019-06-21T11:00:12Z,108,0.5,General,PreCovid_Supplement
V3hgIMGMokc,비만,[건강정보] 비만대사수술을 하고 난 후 어떤 것이 중요할까요?-고려대학교안암병원 비만대사센터,고대병원,2793,24,2019-03-26T23:30:01Z,65,0.5,General,PreCovid_Supplement
8Dxqc-qa664,비만,"[초고도비만탈출기]비만대사수술비용(건강보험공단급여대상조건), 비만대사수술전에 시행하는 모든 검사,비만대사수술보험처리여부!!",[아가리어터]정뚜까,2444,61,2019-09-01T14:06:17Z,519,0.5,General,PreCovid_Supplement
YgU_fRocbjE,비만,[건강정보] 고도비만 이라는데.. 수술을 서둘러야 할까요?-비만대사수술,고대병원,2323,14,2019-03-21T23:30:00Z,88,0.5,General,PreCovid_Supplement
1uAm9m_yol4,비만,[건강정보] 비만대사수술 Q&A - 비만수술 이후 관리는 어떻게 해야하나요? -고려대학교구로병원 비만대사센터,고대병원,2271,10,2019-10-14T00:18:00Z,125,0.5,General,PreCovid_Supplement
uLFiSu9z-Vc,비만,"[건강정보] 비만대사수술, 어디에서 받아야 할까요?-고려대학교안암병원 비만대사센터",고대병원,2148,18,2019-03-31T23:30:00Z,100,0.5,General,PreCovid_Supplement
jFgJ2iOHIQM,비만,초중고생 25% '비만·과체중'... 학생 건강증진에 정부가 나선다 / YTN, YTN,2138,12,2019-03-15T09:49:07Z,147,0.5,General,PreCovid_Supplement
QqYDA6pQuSc,비만,[건강정보] 비만대사수술은 정말 안전한가요?-고려대학교안암병원 비만대사센터,고대병원,1598,17,2019-03-24T23:30:01Z,65,0.5,General,PreCovid_Supplement
1sxJWfRFu24,비만,[60초 건강툰] 수면 부족이 비만 부른다,국민건강보험일산병원,1524,11,2019-09-27T00:30:01Z,64,0.5,General,PreCovid_Supplement
hSgu5CHGZ7w,비만,초중고생 25% '비만·과체중'... 학생 건강증진에 정부가 나선다 / YTN, YTN,1491,3,2019-03-15T13:47:30Z,148,0.5,General,PreCovid_Supplement
b7kZ0stNKGA,비만,유익균 유해균이 비만을 좌우한다고??｜닥터쿡의 건강톡톡,헬스라이프포미,1235,11,2019-04-24T03:12:10Z,214,0.5,General,PreCovid_Supplement
2rIHFE8FGgw,비만,허리디스크 증상 비만과 연관있다?,서울예스병원,1308,17,2019-05-02T08:43:15Z,51,0.5,General,PreCovid_Supplement
JucZgPwyVe4,비만,"[건강정보] 비만대사수술 Q&A - ‘비만대사수술’, 어떤 수술인가요? -고려대학교구로병원 비만대사센터",고대병원,1108,7,2019-10-11T00:00:00Z,93,0.5,General,PreCovid_Supplement
Dsa3slFISdU,비만,올바른 비만치료 방법,부산본병원,1066,11,2019-07-12T05:55:40Z,180,0.5,General,PreCovid_Supplement
GaM9_-OC_LI,비만,"[건강정보] 합병증 없는 ""건강한 비만"", 꼭 수술을 해야할까요?-비만대사수술",고대병원,942,11,2019-03-17T23:50:31Z,111,0.5,General,PreCovid_Supplement
lxmNZa3_LOE,비만,"강북삼성병원 [건강을 만나다 시즌2] 비만은 습관일까, 병일까? - 외과 정경욱 교수",강북삼성병원,896,115,2019-03-12T23:00:04Z,483,0.5,General,PreCovid_Supplement
lTQDAth9XsM,탈모,"여성 호르몬 탈모 영양제🌿| 두부, 두유, 대두콩 피하기💆‍♀️💆‍♂️ | 여성호르몬 불균형♀️",뉴리TV Nuri TV,199020,546,2019-01-11T13:30:00Z,644,0.5,General,PreCovid_Supplement
qAPRsiEKONo,탈모,"헤어빔, 탈모치료 헬멧 8년 사용 후기ㅣ저렴하게 사는 법 (광고❌)",용닥터,94314,670,2019-10-09T15:19:41Z,219,0.5,General,PreCovid_Supplement
p-4dDeXmNh0,탈모,"톡투건강 탈모 치료, 함부로 하지 마라, 바노바기 성형외과 모발이식 클리닉 이경구 원장이 알려주는 탈모 치료 이것만 꼭 기억",톡투건강TV,1089,19,2019-08-26T14:34:16Z,801,0.5,General,PreCovid_Supplement
9fw8eMQ4w5Y,탈모,탈모치료 실손의료비 보상에관하여,No.1보상에관하여,1044,16,2019-03-04T07:11:22Z,137,0.5,General,PreCovid_Supplement
wmzSPfl35cE,탈모,헤어맥스 탈모치료기기 의료기기 사용법 & 작동법,빱샷,815,2,2019-07-17T00:45:04Z,31,0.5,General,PreCovid_Supplement
omoxp-5y55c,탈모,헤어맥스 탈모치료기 의료기기,빱샷,681,2,2019-06-24T08:30:17Z,95,0.5,General,PreCovid_Supplement
A3SjMLd4MeU,탈모,[2D 홍보영상] 와이앤제이바이오 - 제품 치료 개발 의료기술 탈모치료 제품 광고 영상,알지비커뮤니케이션즈,437,3,2019-04-18T08:47:41Z,255,0.5,General,PreCovid_Supplement
wb1JuHxBtfY,탈모,30. 식품 또는 건강기능식품 복용으로 탈모에  효과를 나타나는  시기,삼탈모tv,314,1,2019-11-06T02:10:44Z,146,0.5,General,PreCovid_Supplement
TyTRvTL4mtA,탈모,탈모치료도 보험금을 받을 수 있다!?실손의료비로 받을 수 있는 치료비용에는 어떤 것이 있을까?-기파랑의 보험상식,기파랑tv,161,3,2019-11-08T10:50:10Z,6011,0.5,General,PreCovid_Supplement
F-eyE8JJRZE,탈모,"KNN 메디컬 24시 닥터스 - 탈모치료 김택훈, 김상민 원장님",busanmaxwell,152,1,2019-11-26T02:44:53Z,1007,0.5,General,PreCovid_Supplement
ilwsMYQyO4w,탈모,KBC 건강클리닉 탈모와 광주모발이식 나용필원장님 #광주모발이식 #광주탈모치료 #광주탈모병원,탈모치료에 대한 새로운 생각 나용필 TV,109,6,2019-10-17T08:47:28Z,181,0.5,General,PreCovid_Supplement
-2a18NMkrOI,위암,[PEOPLE in 세브란스] 몸이 보내는 위암 신호 3가지~,세브란스,1517183,11962,2019-10-31T08:00:00Z,249,0.5,General,PreCovid_Supplement
hQZeKFg1YaM,위암,[건강정보] 놓쳐서는 안될 위암 초기증상 5가지,건강의학전문채널 하이닥,364811,2201,2019-02-06T22:00:03Z,156,0.5,General,PreCovid_Supplement
CKNC23ZSTQM,위암,건강강의-위염 위암 증상으로 구분할 수 있을까? 소화안될때 사이다? 매운것 먹으면 스트레스 풀린다?,교육하는 의사! 이동환TV,168203,2651,2019-06-17T13:30:00Z,504,0.5,General,PreCovid_Supplement
BIUaWaAHrGc,위암,위암 환자라면 절대 먹으면 안되는 음식 [건강정보],건강의학전문채널 하이닥,96084,683,2019-02-12T11:00:01Z,127,0.5,General,PreCovid_Supplement
1XGH7ujWX4w,위암,위암에 좋은 음식 best5 [건강정보],건강의학전문채널 하이닥,84673,836,2019-02-07T22:00:00Z,146,0.5,General,PreCovid_Supplement
sFaFM5xKZQU,위암,위암일으키는 위장 속 헬리코박터 없애는 음식,최불꽃TV,75352,0,2019-07-12T05:20:05Z,385,0.5,General,PreCovid_Supplement
77PxbzeOYtQ,위암,위암 환자를 위한 영양관리,서울아산병원,62456,775,2019-12-05T02:25:57Z,2007,0.5,General,PreCovid_Supplement
1a9bCyysJNk,위암,위암환자 식사관리 (더 건강하게 만들어봐요!),인하대병원,55651,723,2019-11-11T02:29:58Z,1529,0.5,General,PreCovid_Supplement
n-_J3nFV-XQ,위암,[메디텔] 위암 최신치료법 (김영우 교수),의학채널 비온뒤,55643,1023,2019-02-20T13:02:11Z,5602,0.5,General,PreCovid_Supplement
MZcluB6RYLo,위암,위암 환자를 위한 운동법,서울아산병원,43808,522,2019-12-05T02:25:57Z,1187,0.5,General,PreCovid_Supplement
2xigQK-KL4A,위암,내시경을 통한 위암 치료ㅣ건강플러스,서울아산병원,27133,207,2019-12-24T04:56:47Z,173,0.5,General,PreCovid_Supplement
w71-h27j5oQ,위암,위암의 내시경 치료와 관리,서울아산병원,25066,243,2019-12-05T02:27:25Z,1349,0.5,General,PreCovid_Supplement
cF8uvPgbaOY,위암,위암 수술 후 식사는 어떻게 해야 할까? [건강정보],건강의학전문채널 하이닥,24609,187,2019-02-11T11:00:05Z,106,0.5,General,PreCovid_Supplement
R9lc9ZOQBUo,위암,"위암, 수술 못하는 경우들",기역,23232,302,2019-04-11T09:00:08Z,411,0.5,General,PreCovid_Supplement
4HOnq0Xj4cw,위암,[베스트셀러] 위암 4기 진단을 받았다.,베스트셀러(북채널),21793,191,2019-10-11T02:45:00Z,299,0.5,General,PreCovid_Supplement
SqU-96Rvzec,위암,[내 몸 보고서] 위염에서 위암까지…위 건강 지키는 방법  / YTN 사이언스,YTN 사이언스,21312,187,2019-03-12T09:35:16Z,466,0.5,General,PreCovid_Supplement
O9YeXBLvcOM,위암,유문원 교수의 위암 이야기ㅣ암행의사,서울아산병원,17547,299,2019-08-23T00:58:50Z,345,0.5,General,PreCovid_Supplement
uchY-MBWm8s,위암,"[그 암이 알고싶다] 내시경에서 위암이 의심되면, 그 다음은?",KSMO TV_그암이 알고 싶다,16174,87,2019-04-02T11:19:05Z,135,0.5,General,PreCovid_Supplement
fazFlCWcorA,위암,위암의 항암화학요법,서울아산병원,15952,180,2019-12-05T02:25:57Z,1792,0.5,General,PreCovid_Supplement
V8w5f74yAtM,위암,"한국인에게 가장 많은 위암, 음식과 관계가 깊어",황성수힐링스쿨,15857,474,2019-06-09T22:00:02Z,255,0.5,General,PreCovid_Supplement
Z0wDguG5n9w,대장암,[PEOPLE in 세브란스] 몸이 보내는 대장암 신호 3가지~,세브란스,2445683,23923,2019-12-30T08:00:14Z,224,0.5,General,PreCovid_Supplement
J2uNWDIJOcM,대장암,대장암 유발하는 장 속 찌꺼기 없애는 방법 8가지  독소 없애는 방법,최불꽃TV,623730,0,2019-07-17T10:03:29Z,426,0.5,General,PreCovid_Supplement
aqpmv606PLU,대장암,이런 증상이 있다면 반드시 대장암 의심해야한다 대장암초기증상,최불꽃TV,124937,0,2019-07-04T08:16:19Z,410,0.5,General,PreCovid_Supplement
X8wjlN-2wXY,대장암,"대장암으로 진행될 수 있는 대장용종, 예방법은? [엄지의 제왕 119회]",MBN Entertainment,89851,573,2019-04-03T07:09:01Z,788,0.5,General,PreCovid_Supplement
OXHsIzLipU8,대장암,혈변이 대장암의 전조증상?? 대장암의 원인과 예방법 / 가천대 길병원 대장항문외과 백정흠 교수,길병원TV,85897,1148,2019-12-03T05:35:46Z,265,0.5,General,PreCovid_Supplement
Vbu_CdRtvFA,대장암,[Balance Of Life] ※완전꿀팁※ 대장암 전문의도 실천하는 3가지 장 건강 습관! l 닥터지바고,play 채널A,66715,835,2019-09-05T09:00:14Z,782,0.5,General,PreCovid_Supplement
xqL2MWy01Jo,대장암,대장암의 항암치료,서울아산병원,65578,626,2019-09-19T04:13:24Z,1214,0.5,General,PreCovid_Supplement
TQvwWKWEkqY,대장암,혈변나오면 큰병? ㅣ치질과 대장암 혈변의 차이ㅣ,의사TV,54416,330,2019-09-19T09:07:23Z,94,0.5,General,PreCovid_Supplement
z0Hx9QQE_cE,대장암,"대장 용종의 크기, 위치에 따라 치료가 달라진다!",건강의학전문채널 하이닥,47862,421,2019-03-24T22:30:01Z,218,0.5,General,PreCovid_Supplement
HCpmmzo9U5c,대장암,대장암 및 장루 환자의 맞춤 식생활,서울아산병원,45505,523,2019-09-19T04:13:23Z,1521,0.5,General,PreCovid_Supplement
_bLjUmKARtA,대장암,대장암 수술 후에는 어떤 검사를 하나요?,서울아산병원,44426,540,2019-09-19T04:13:24Z,1122,0.5,General,PreCovid_Supplement
A0ZIxg45PdA,대장암,증상이 거의 없는 초기 대장암[생로병사의 비밀] 20190821,KBS 다큐,41972,209,2019-08-21T16:50:29Z,232,0.5,General,PreCovid_Supplement
X78EDnwdcAQ,대장암,"[그 암이 알고싶다] 수술 어려운 대장암 4기, 항암치료는 얼마나 받나요?",KSMO TV_그암이 알고 싶다,34660,228,2019-05-07T10:54:14Z,205,0.5,General,PreCovid_Supplement
kEvEvv61IR0,대장암,대장암 초기증상! 정말 있다? 없다?,"치유의 숲, 휘림한방병원",34033,251,2019-07-02T01:12:28Z,79,0.5,General,PreCovid_Supplement
g_19T9JZ4DA,대장암,"[명의보감] 20대도 안심할 수 없는 대장암, 식사습관 바꿔야/ 연합뉴스 (Yonhapnews)",연합뉴스 Yonhapnews,33933,335,2019-07-13T00:19:30Z,667,0.5,General,PreCovid_Supplement
CO9IjnZJlA4,대장암,"대장암 사망률, 위암보다 높다?! - 대장암 경고증상, 대장검사 잘 받는 방법",서울대학교병원 강남센터,32745,408,2019-05-07T07:39:45Z,903,0.5,General,PreCovid_Supplement
G4QBga1vAAM,대장암,대장암 위치에 따라 증상이 다른 이유는?,한양대학교병원,29094,277,2019-08-28T05:34:31Z,336,0.5,General,PreCovid_Supplement
AIALzQfhupw,대장암,"[그 암이 알고싶다] 대장암 4기, 다른 전이성 암과 어떻게 다를까",KSMO TV_그암이 알고 싶다,27748,217,2019-05-07T10:45:33Z,192,0.5,General,PreCovid_Supplement
h8Y9rnkDYyE,유방암,[PEOPLE in 세브란스] 몸이 보내는 유방암 신호 3가지,세브란스,925234,6983,2019-12-26T08:13:59Z,266,0.5,General,PreCovid_Supplement
7ggj-G6v8KE,유방암,유방암 수술 후 식사요법[환자설명자료],삼성서울병원,52457,628,2019-06-13T05:36:39Z,184,0.5,General,PreCovid_Supplement
NavGG6wWBfE,유방암,유방암 자가진단! 어렵지 않아요,윤희쌤의 자궁리셋,16911,191,2019-11-13T10:25:55Z,367,0.5,General,PreCovid_Supplement
4lnCBEdA4zg,유방암,유방암의 로봇수술,서울아산병원,15918,91,2019-10-07T00:04:50Z,825,0.5,General,PreCovid_Supplement
a56IxcEId_0,유방암,[톡톡건강토크] 유방암의 방사선치료,대구파티마병원,15294,171,2019-04-04T05:33:19Z,1648,0.5,General,PreCovid_Supplement
6mDudhbJOsM,유방암,[건강정보] 유방암 자가검진 방법은?,고대병원,12465,52,2019-02-06T23:30:01Z,85,0.5,General,PreCovid_Supplement
AssnuGHMd08,유방암,[건강정보] 유방암의 병기별 생존율은 어떻게 달라지나요?,고대병원,10978,53,2019-01-21T23:30:00Z,49,0.5,General,PreCovid_Supplement
qbGJCDOevbw,유방암,갑상샘암·유방암 과잉 진단의 실체,헬스중앙,9549,31,2019-08-30T05:08:35Z,113,0.5,General,PreCovid_Supplement
BlHvtxuMO2U,유방암,[유방암 수술 후 운동] 머리 위로 스트레칭,세브란스,9277,98,2019-01-28T04:55:08Z,165,0.5,General,PreCovid_Supplement
JeN-iypKAeo,유방암,[유방암 수술 후 운동] 벽타기 운동,세브란스,8772,100,2019-01-28T04:49:50Z,86,0.5,General,PreCovid_Supplement
zX3G6pHjevA,유방암,[건강정보] 유방암 검진의 기본이 되는 검사는 어떤 것이 있을까요?,고대병원,8470,11,2019-02-11T23:30:00Z,76,0.5,General,PreCovid_Supplement
Zc9O8G1GUi0,유방암,[건강강좌] 유방암의 항암치료,인제대학교 백병원,7543,56,2019-12-02T01:39:17Z,1084,0.5,General,PreCovid_Supplement
gxjTmpVJCrE,유방암,"유방 섬유선종, 유방암,  조직검사 등 유방건강에대해 외과전문의 닥터민이 알려드립니다! 🤫",닥터민의디테일19,6975,87,2019-11-11T02:31:48Z,475,0.5,General,PreCovid_Supplement
7RD9f-qEF0g,유방암,[건강강좌] 유방암에서 림프부종의 치료와 관리,인제대학교 백병원,6551,85,2019-12-03T00:51:23Z,1325,0.5,General,PreCovid_Supplement
TZcE6q-WLho,유방암,[건강강좌] 유방암에 대한 흔한 오해들,인제대학교 백병원,5450,74,2019-12-04T01:15:12Z,1076,0.5,General,PreCovid_Supplement
cbKpF3HuRIM,유방암,유방암검사방법 찾지 말고 한 눈에 보세요,한송이영상의학과,4450,55,2019-06-18T00:22:53Z,126,0.5,General,PreCovid_Supplement
Q_XbYUCQI-k,유방암,[의료중재원] 사례영상 EP 02 - 유방암 진단 지연,한국의료분쟁조정중재원kmedi,4431,33,2019-12-16T09:06:35Z,78,0.5,General,PreCovid_Supplement
KjbDZZlXgLM,유방암,유방암 표적 항암제 피크레이에 대해 알아보자|PIQRAY|항암제|유방암|호르몬양성|아푼데 우짜꼬?,아푼데 우짜꼬?,4195,132,2019-12-01T11:39:12Z,630,0.5,General,PreCovid_Supplement
xHuDUSUkDs8,유방암,[건강정보] 유방암 자가검진으로 조기발견이 가능할까요?,고대병원,4105,8,2019-01-28T23:30:02Z,46,0.5,General,PreCovid_Supplement
Jl7FffqNGT0,간염,"간을 건강하게 만드는 13가지 방법, (간염 예방, 지방간 개선, 간수치 )",약사가 들려주는 약 이야기,70768,1684,2019-08-05T09:00:05Z,632,0.5,General,PreCovid_Supplement
V2lpjAIZOoc,간염,"사랑 표현도 확인 후 하세요, B형 간염의 전염과 예방",박언휘TV,16375,153,2019-02-27T22:00:02Z,321,0.5,General,PreCovid_Supplement
ja2As5bYCB4,간염,B형 간염: 피검사만 하면 안되나요?,간보는 의사언니 유정주,9658,111,2019-12-28T02:47:26Z,101,0.5,General,PreCovid_Supplement
rRdDyZ3K5gI,간염,만성B형간염의 치료 (광주 한정렬내과) : CMB 건강라이프 7화,Always patients first,8416,139,2019-11-20T00:42:02Z,1493,0.5,General,PreCovid_Supplement
JbJeLVP2xmM,간염,"[건강정보] A형 간염, 어떤 질병인가요? - 고려대학교구로병원 감염내과",고대병원,6827,20,2019-05-04T00:00:02Z,79,0.5,General,PreCovid_Supplement
gd_blxMrPXA,간염,"A형간염 항체 검사방법 [BIOCREDIT HAV IgG, RapiGEN Inc.] 래피젠",Rapigen 래피젠,4434,12,2019-05-21T09:33:02Z,68,0.5,General,PreCovid_Supplement
JXfnwgn4Q_c,간염,"내가 나를 공격할 때, 자가면역성 간염",박언휘TV,3716,58,2019-03-20T22:00:00Z,205,0.5,General,PreCovid_Supplement
HYnbUibzXSQ,간염,[건강정보] 전국적으로 확산중인 A형 간염 ! 증상은 어떻게 나타나나요?-고려대학교구로병원 감염내과,고대병원,2423,5,2019-05-17T02:29:24Z,85,0.5,General,PreCovid_Supplement
jYWUrX7KR98,간염,[건강정보] A형간염 백신 접종 대상은 어떻게 되나요?-고려대학교구로병원 감염내과,고대병원,1788,9,2019-05-28T23:30:00Z,88,0.5,General,PreCovid_Supplement
mUMEiOHbLT8,간염,[건강정보] 빠르게 확산중인 A형간염! 전염 경로는 어떻게 되나요?-고려대학교 구로병원 감염내과,고대병원,1228,3,2019-05-24T04:56:20Z,91,0.5,General,PreCovid_Supplement
6xKQ_elnQMg,간염,"[건강정보] 치료제 없는 A형간염, 예방법은? -고려대학교구로병원 감염내과",고대병원,659,3,2019-05-26T23:55:48Z,75,0.5,General,PreCovid_Supplement
t3Zr-asRSXQ,간염,건강라이프 7화(B형 간염),health life,651,3,2019-11-11T11:00:18Z,1493,0.5,General,PreCovid_Supplement
rGgx39DYv3E,간염,[건강정보] A형 간염이 현재 유행하고 있는데    특히 30-40대 환자가 많은 이유가 뭘까요? - 고려대학교구로병원 감염내과,고대병원,288,4,2019-05-15T05:49:51Z,111,0.5,General,PreCovid_Supplement
rvenDV6J_gQ,간염,[건강프라임] 20~30대가 A형 간염에 많이 걸리는 이유,시선뉴스 YouTube,189,3,2019-06-26T03:45:00Z,376,0.5,General,PreCovid_Supplement
5RDjGIIwKio,간염,[5분건강] A형 간염- KMI 한국의학연구소 신상엽 학술위원장,쿠키건강TV / KUKI HEALTH TV,181,3,2019-06-05T05:00:03Z,298,0.5,General,PreCovid_Supplement
B01NLYgJOZA,간염,"간암의 초기 ""간염의 모든 것"" [강동경희 건강꿀팁]",강동경희대학교병원,164,2,2019-07-05T00:26:25Z,119,0.5,General,PreCovid_Supplement
LdywV-xg2b0,신장,[건강강좌​] 만성콩팥병에서 단백뇨 줄이기 및 사구체 여과율 보존 전략(19.07.19) 신장내과 진호준교수,분당서울대학교병원,778794,10691,2019-12-30T01:41:51Z,3402,0.5,General,PreCovid_Supplement
1qFCGn02eWA,신장,신장내과 총론: 신장이 안좋을때 오래 살수있는 방법,조동혁의100세 건강시대,458229,11635,2019-11-14T14:50:36Z,679,0.5,General,PreCovid_Supplement
hhx_N-mI5AQ,신장,신장을 망가뜨리는 안좋은 습관들.. (간 만큼 중요한 장기가 신장입니다..),약사가 들려주는 약 이야기,411186,9307,2019-08-08T10:15:00Z,695,0.5,General,PreCovid_Supplement
R-M-7iyfnEw,신장,"신부전증에서 신장과 뼈, 심장, 혈관을 보호하는 방법: 산성치료, 베이킹소다",조동혁의100세 건강시대,286115,8978,2019-11-28T11:07:25Z,765,0.5,General,PreCovid_Supplement
iiBEuIQzWUU,신장,[PEOPLE in 세브란스] 몸이 보내는 신장암 신호 3가지~,세브란스,277684,3645,2019-10-07T08:00:09Z,251,0.5,General,PreCovid_Supplement
TxnsBn60c50,신장,신장낭종 (물혹/혹) vs 신장암: 신장초음파에서 물혹이 발견되었다고요?,조동혁의100세 건강시대,152477,5801,2019-12-20T08:30:10Z,592,0.5,General,PreCovid_Supplement
KCnIKHNnZfE,신장,원인에 따른 부종 치료법 - 신장내과 전문의 강문수 과장,CJB NEWS,110848,1639,2019-06-24T05:09:26Z,2622,0.5,General,PreCovid_Supplement
H1QTQYiP7no,신장,"과학적으로 입증된 신장에 좋은 음식, 신장(콩팥)건강 관리법 大공개",헬시라이프,105648,1525,2019-04-19T01:10:27Z,312,0.5,General,PreCovid_Supplement
C1E5lVtJIyE,신장,"[건강강좌​] 사구체 신염의 진단, 예후, 치료(18.05.25) 신장내과 진호준교수",분당서울대학교병원,87503,1307,2019-05-13T02:54:27Z,3019,0.5,General,PreCovid_Supplement
8kLlsvptidA,신장,체중/식단조절후 저혈압/ 신장이 망가졌어요.,조동혁의100세 건강시대,67739,2894,2019-04-23T04:27:56Z,597,0.5,General,PreCovid_Supplement
ApQ5Ztz7-SE,신장,[건강강좌​] 단백뇨와 혈뇨의 진단과 처치(19.03.22) 신장내과 진호준교수,분당서울대학교병원,62115,926,2019-09-11T01:49:34Z,3337,0.5,General,PreCovid_Supplement
kPRGJ3E-KfU,신장,"생방송: 시청자 질문 - 당뇨식단, 신장식단, 심장식단",조동혁의100세 건강시대,53687,2225,2019-06-05T04:51:20Z,4924,0.5,General,PreCovid_Supplement
vIVCO48o5Vc,신장,신장을 보호하는 당뇨약,조동혁의100세 건강시대,52448,2945,2019-06-20T04:00:52Z,2733,0.5,General,PreCovid_Supplement
-hiOTmgj3UQ,신장,[강남세브란스] 신장이식 환자의 이식 후 건강관리,강남세브란스병원,50925,603,2019-07-15T07:42:49Z,458,0.5,General,PreCovid_Supplement
yc0gCpfMoGg,신장,아빠에게 신장이식 공여자의 수술 VLOG,미나공원,41371,500,2019-10-28T00:05:08Z,615,0.5,General,PreCovid_Supplement
1B2Yfru7z7A,신장,[건강강좌​] 단백뇨와 혈뇨의 진단과 처치(18.03.23) 신장내과 진호준교수,분당서울대학교병원,38231,592,2019-05-07T07:15:05Z,3222,0.5,General,PreCovid_Supplement
Io1s-eRi-wY,신장,"[건강강좌​] 사구체 신염의 진단, 예후, 치료(19.05.17) 신장내과 진호준교수",분당서울대학교병원,35409,620,2019-09-11T04:54:09Z,3440,0.5,General,PreCovid_Supplement
C--FjOKnQSg,신장,"크레아티닌 수치, 나도 신부전일 수 있다 신장기능검사, 건강검진 시 반드시 확인하자!",김지만TV,35353,675,2019-12-26T11:41:26Z,596,0.5,General,PreCovid_Supplement
xEphJSJuoUo,신장,신장 이식 후 건강 관리,서울아산병원,29896,379,2019-12-05T02:25:57Z,901,0.5,General,PreCovid_Supplement
xu2faKrbbDI,신장,만성피로/간/신장에 좋은 영양제 조합 (현직 약사피셜),이해창 약사TV,27350,485,2019-08-18T11:25:39Z,188,0.5,General,PreCovid_Supplement
Ad4E8sU8N_c,골다공증,골다공증주사-의사처방받은 포스테오주사 놓는법-매일 한번 19시 매일 다른곳 투여,부산걷기왕 컴쌤,234939,635,2019-06-09T12:04:21Z,179,0.5,General,PreCovid_Supplement
A-qEe4oSzYM,골다공증,골다공증약 부작용 - 복용법 - 효과 - 종류 시원하게 설명해 드립니다.,약사설명 약짱TV,51354,2014,2019-07-01T14:34:00Z,902,0.5,General,PreCovid_Supplement
OFie1reebpA,골다공증,건강강의-비타민D-골다공증-한국사람들이 비타민D를 먹어야 하는 이유,교육하는 의사! 이동환TV,35499,1202,2019-03-25T13:30:00Z,453,0.5,General,PreCovid_Supplement
mipu-jJ078E,골다공증,이규헌 박사의 뼈와 건강 세미나(골다공증),SAC칼슘마라내츄럴,12775,166,2019-01-10T04:04:35Z,3340,0.5,General,PreCovid_Supplement
OnBzNJt1DIY,골다공증,[내 몸 보고서] 노년 건강 위협…골다공증성 척추 압박골절 / YTN 사이언스,YTN 사이언스 투데이,10739,103,2019-10-30T00:24:53Z,549,0.5,General,PreCovid_Supplement
1MJ0R-qHsW4,골다공증,"[건강강좌] 골다공증, 왜 중요할까요?",세브란스,6624,143,2019-11-15T03:27:07Z,1134,0.5,General,PreCovid_Supplement
sNVyT-SpVB8,골다공증,골다공증과 척추압박골절 - 2018 1105 건강톡톡 아침이 좋다,대전MBC,6015,53,2019-01-19T09:19:09Z,1050,0.5,General,PreCovid_Supplement
HYhgUt0U3A0,골다공증,[건강365]골다공증 증상과 척추골절,캐내네 메디컬,4074,45,2019-06-20T08:32:34Z,203,0.5,General,PreCovid_Supplement
YCk13mqyIQY,골다공증,[생로병사의 비밀] 라이브Q&A - 골다공증에 좋은  식품들  (우유는 정말 골다공증에 좋을까?),KBS 생로병사의 비밀,3577,33,2019-04-30T03:00:04Z,59,0.5,General,PreCovid_Supplement
Fr7Bj94lVlI,골다공증,[골다공증 건강강좌] 골다공증성 압박골절의 수술적 치료,인제대학교 백병원,1811,39,2019-12-13T00:19:48Z,1500,0.5,General,PreCovid_Supplement
rO5GZwt3EWo,골다공증,"KNN건강365 - 약한 충격에도 척추골절이 , 골다공증 이석재병원장",병원척시원,213,2,2019-05-21T00:27:02Z,192,0.5,General,PreCovid_Supplement
f9DN3VBW8_4,요실금,"남녀 모두에게 좋은 케겔운동 | 변비 개선, 전립선 강화, 요실금 예방효과 | 괄약근운동",차병원 CHA Medical Center,1411727,16111,2019-02-07T03:03:01Z,111,0.5,General,PreCovid_Supplement
Xs5ZH5vO5CI,요실금,"[닥튜버] 여성배뇨장애 - 과민성 방광, 방광염, 요실금 - 건국대학교병원 비뇨의학과 김아람 교수",의학채널 비온뒤,93448,2705,2019-10-17T07:11:49Z,3351,0.5,General,PreCovid_Supplement
oN0cqypRHfs,요실금,"시도 때도 없이 찔끔, 난감한 요실금 [건강플러스]",서울아산병원,41680,283,2019-07-24T02:44:33Z,199,0.5,General,PreCovid_Supplement
IBo14th3sAc,요실금,요실금수술 보험 실비보험 궁금증 총정리,질성형달인,34792,531,2019-07-16T21:00:00Z,943,0.5,General,PreCovid_Supplement
AI4RxM6ADt4,요실금,생로병사의 비밀 - 복압성 요실금이란?.20190130,KBS 다큐,14886,56,2019-01-30T17:38:44Z,118,0.5,General,PreCovid_Supplement
PuC8D8r4u_Y,요실금,요실금이 발생하는 원인은 무엇일까 [무엇이든 물어보세요] 20190514,KBS 교양,7604,71,2019-05-14T07:34:15Z,203,0.5,General,PreCovid_Supplement
fUFC1Bpl_h0,요실금,요실금치료  미니 TOT 사용법,닥터 엄재두,7701,19,2019-11-18T07:16:01Z,9,0.5,General,PreCovid_Supplement
mfpkJ-5Hin0,요실금,생로병사의 비밀 - 요실금 환자 수 증가 추이.20190130,KBS 다큐,5852,35,2019-01-30T17:38:51Z,133,0.5,General,PreCovid_Supplement
UOfRHUvUGzw,요실금,여성비뇨기과 - 복압성 요실금에 대해 알아봅니다,미즈러브여성비뇨의학과MIZLOVE FEMALE UROLOGY,1279,4,2019-11-26T10:41:59Z,51,0.5,General,PreCovid_Supplement
aOUmnmEwBdM,요실금,여성 요실금 : 미즈러브여성비뇨기과,미즈러브여성비뇨의학과MIZLOVE FEMALE UROLOGY,417,5,2019-08-26T13:16:29Z,46,0.5,General,PreCovid_Supplement
Yq40VrCdvAU,아토피,아토피가 있을 때 처방받을 수 있는 의료기기인 보습제. 그 의미와 주의사항,피부멘토 민원장,1036,29,2019-06-27T06:15:49Z,214,0.5,General,PreCovid_Supplement
gFeKEuXOLGQ,아토피,건강한의사 - 아토피 피부염의 원인,윤홍일  TV,140,1,2019-04-22T15:17:34Z,151,0.5,General,PreCovid_Supplement
YrZK5NJ1_IE,아토피,[190816] 몸건강 마음건강 - 아토피 피부염(심심한의원 심시현 원장),WBS 원음방송,129,4,2019-08-28T22:40:54Z,2975,0.5,General,PreCovid_Supplement
odqZNZ4Lkq8,당뇨,당뇨병에 천혜의 식품 홍삼! 홍삼이 당뇨증상을 크게 개선시키는 임상결과 공개,Mind Mind,11214,100,2018-03-16T02:46:52Z,236,0.5,General,PreCovid_Supplement
