Video_ID,Keyword,Title,Channel,Views,Likes,Published_At,Duration_Sec,Medical_Score,Type,Source_Type,Age_Days,Views_Per_Day,Log_VPD,Fear_Score,Has_Fear,Is_Shorts
5hvsiSOimaY,당뇨,"당뇨에 좋은 음식, 혈당수치 뚝 떨어집니다.",건나물TV,9985009,107767,2021-08-10 23:00:01+00:00,650,10.9717868338558,Medical Pro,Description,1712,5832.365070093458,8.671349311816146,0,0,0
fxMZRqFU3us,당뇨,[ENG SUB] 신동진 한의사가 직접 먹어보고 검증한 당뇨에 좋은 음식 Best5 - 신동진의 닥터밥상 #53,굿라이프,3003593,46920,2020-07-31 08:00:07+00:00,575,26.69039145907473,General,Description,2087,1439.1916626736943,7.272531482792104,0,0,0
CZuM-JGAXio,당뇨,당뇨를 이긴 사람들의 운동법 (KBS_2018.11.07),KBS 생로병사의 비밀,2813231,20579,2021-04-18 08:00:15+00:00,1398,2.00280112044818,General,Description,1826,1540.6522453450164,7.340610006863863,0,0,0
Fb68jBgSQxE,당뇨,"[Full] 귀하신 몸 - 7부 당뇨병 직전, 마지막 경고",EBSDocumentary (EBS 다큐),2527324,19820,2023-06-30 17:00:08+00:00,2730,7.722007722007722,General,Description,1023,2470.5024437927664,7.812581521535829,1,1,0
r64-CfnNbZ8,당뇨,"식사 후 허기짐, 식곤증, 폭식! 당뇨 시작 전 경고입니다. 혈당 잡는 식사법 이렇게 해보세요|귀하신 몸|#골라듄다큐",EBSDocumentary (EBS 다큐),2216212,15930,2023-07-04 02:00:21+00:00,2388,5.208333333333333,General,Description,1019,2174.889106967615,7.685192644805732,1,1,0
6ZrsdZostJ0,당뇨,이 4가지만 안먹어도 당뇨와 치매에 안걸린다 [당뇨와 치매가 낫는다] - 1편,닥터쓰리 - 한미일의사의 쉬운 의학,2102507,60725,2020-01-11 22:12:49+00:00,884,4.2105263157894735,Medical Pro,Description,2289,918.5264307557885,6.823858788335755,0,0,0
wqxr_wetnkY,당뇨,당뇨에는 무조건 매일! 먹어야 하는 음식 3가지 #건강 #건강정보 #당뇨 #혈당 #당뇨관리 #당뇨병,건강이알고싶다,2734460,99391,2025-01-16 06:00:39+00:00,60,16.129032258064516,General,Description,457,5983.501094091904,8.696928255134347,0,0,1
hvaov-wbfYw,당뇨,[한꺼번에 몰아보기] 혈당 뚝 떨어지는 당뇨 식이요법 완결판,이재성 박사의 식탁보감,1457673,30176,2023-09-10 00:00:15+00:00,2968,1.8656716417910448,General,Description,951,1532.7791798107255,7.335490020985612,0,0,0
evrt7oBp0jc,당뇨,깨끗한 혈관 관리를 위한 의사들의 추천 단호박! 당뇨에도 단호박이 좋을까?,바른건강,1388524,19668,2022-07-21 01:23:42+00:00,1112,7.6923076923076925,General,Description,1367,1015.7454279444038,6.924362048041943,0,0,0
oDFeXQ9un6A,당뇨,"당뇨에 좋은 최고의 채소, 췌장 보호되는 최고의 항산화 채소 l 당뇨 환자 채소 TOP 3! l 채소 종류별 당뇨 예방 메타분석 l 닥터딩요",닥터딩요,1376531,23793,2024-08-02 11:00:58+00:00,1193,21.88552188552189,Medical Pro,Description,624,2205.9791666666665,7.6993799665505,0,0,0
BaldiszhnZw,당뇨,당뇨병을 예방하려면 꼭 해야되는 이 운동! 하루 7분하면 정상 혈당 됩니다! 식후 혈당스파이크를 막아야 고혈당을 낮출 수 있습니다! [인슐린 저항성을 개선하는 혈당 낮추는 운동],인간미 넘치는 건강멘토,1206278,30894,2024-08-23 10:00:07+00:00,965,7.641365257259297,General,Description,603,2000.4610281923715,7.601632706942721,0,0,0
wcKLKODazrE,당뇨,당뇨병의 원인과 증상 ✔ 궁금증 해결 / 가천대 길병원 내분비내과 김병준 교수,길병원TV,1145413,16773,2022-08-25 11:00:29+00:00,3027,17.51824817518248,Medical Pro,Description,1332,859.9196696696697,6.758001201201333,1,1,0
JlTQM86qBG8,당뇨,심부전까지 치료하는 당뇨약 (KBS 20221005 방송),KBS 생로병사의 비밀,1117151,7159,2022-10-13 09:05:15+00:00,551,13.01801801801802,General,Description,1283,870.7334372564302,6.770483685956204,0,0,0
UpoCJLjqKEo,당뇨,설탕보다 더 위험한 당뇨를 유발하는 최악의 습관,암 찾는 의사 이원경,1811721,18905,2025-06-04 04:33:23+00:00,125,26.31578947368421,Medical Pro,Description,318,5697.235849056604,8.647911905752073,2,1,0
qS-VZInAcmU,당뇨,"만원으로 막는 당뇨병, 건강 지키는 음식 공개",지식붐,1991102,23437,2025-09-01 14:10:01+00:00,60,10.260492040520983,General,Description,229,8694.768558951964,9.070591813790932,0,0,1
HIIoFFa5E3E,당뇨,"대한민국 4명 중 1명은 해당! 당뇨, 고혈압, 뇌졸증 유발하는 콜레스테롤 약 없이도 2주만에 정상수치로 돌아가는 법｜콜레스테롤에 좋은 음식｜귀하신 몸｜#골라듄다큐",EBSDocumentary (EBS 다큐),981886,9178,2025-01-01 09:00:12+00:00,2352,10.649627263045794,General,Description,472,2080.2669491525426,7.640732097432552,0,0,0
StWaKgO2kb4,당뇨,콜라보다 더 위험합니다. 의사들이 경고한 당뇨 음식 4가지,건강한한국인 건강정보,1566404,25203,2025-07-02 21:00:38+00:00,58,6.479481641468682,General,Description,290,5401.393103448276,8.594597301687974,2,1,1
t9y-XfTQ8Xk,당뇨,"""맛있는데 어떻게 참아요😭"" 전당뇨, 제대로 관리 안 했더니 비극이 닥쳤다｜당뇨병 예방하는 혈당 관리법｜먹는 순서만 바꿨더니 확 낮아진 혈당 수치｜명의｜#EBS건강",EBS 건강,922778,7544,2025-01-26 08:00:51+00:00,2251,11.494252873563218,General,Description,447,2064.3803131991053,7.633069659478458,0,0,0
kFoWo0R-T3M,당뇨,249. 밥 할 때 넣으면 당뇨와 혈관에 좋은 음식 ㅣft 부부한의사,부부한의사,844740,13150,2023-06-30 10:17:00+00:00,53,15.0,Medical Pro,Description,1023,825.7478005865103,6.717499691545706,0,0,1
MEGTZdT7eGM,당뇨,"당뇨 환자 라면, 짜장면 마음껏 먹는 방법! l 당뇨 환자 면 먹는 방법 l 닥터딩요",닥터딩요,831254,11801,2024-01-30 11:00:17+00:00,1378,25.078369905956112,Medical Pro,Description,809,1027.5080346106304,6.9358645210319985,0,0,0
-Z2Iv8mgb88,당뇨,당뇨 환자라면 꼭 끊어야만 할 음식 3가지는? #shorts,내과전문의 닥터케이 Dr.K,823317,10818,2022-03-03 08:51:46+00:00,57,17.54385964912281,Medical Pro,Description,1507,546.3284671532847,6.305049110598197,0,0,1
SSP4GuBuYKc,당뇨,당뇨합병증으로 실명부터 말기신부전까지… 무서운 가족력으로 당뇨의 위험에 빠진 가족을 구하러 ‘솔루션 드림팀’이 나섰다!┃EBS 가족건강 프로젝트┃알고e즘,EBSCulture (EBS 교양),820973,6684,2023-06-04 08:00:12+00:00,1843,3.067484662576687,General,Description,1049,782.6244041944709,6.663929829274138,3,1,0
9jGaam5NStQ,당뇨,당뇨 예방법 l 당뇨전단계/초기당뇨 탈출하기 l 닥터딩요,닥터딩요,782858,21436,2019-08-09 23:51:43+00:00,1487,18.134715025906736,Medical Pro,Description,2444,320.31833060556465,5.77243231586564,0,0,0
9cVWXNGzNys,당뇨,[당뇨빵 레시피] 당뇨인 필수 시청! 혈당 덜 올리고 빵 먹는 법,서울아산병원,783018,9106,2022-01-11 08:00:07+00:00,459,3.1055900621118013,Medical Pro,Description,1558,502.57894736842104,6.221740497023973,0,0,0
sTY3n8nFpOE,당뇨,"밀가루 vs 과일, 이것이 당뇨에 치명적입니다 (서울대병원 이승훈 교수)",언더스탠딩 : 세상의 모든 지식,777983,17256,2025-08-19 12:31:08+00:00,4751,8.880994671403197,General,Description,242,3214.805785123967,8.075833238277523,1,1,0
FFAtjiXQ8Yg,당뇨,(ENG/CN)당뇨 환자가 꼭 끊어야 할 세 가지가 있다?,내과전문의 닥터케이 Dr.K,5592600,91671,2020-06-13 00:14:59+00:00,807,12.5,Medical Pro,Description,2135,2619.4847775175645,7.871114609226137,0,0,0
1e3fdWqWQEg,당뇨,[닥터4가지] 당뇨병에 걸리면 좋은 점 4가지! / 당뇨명의 김광원 교수,길병원TV,901386,14325,2021-03-12 07:00:01+00:00,253,20.37037037037037,Medical Pro,Description,1863,483.8357487922705,6.183810171294483,0,0,0
cI6OoU3ASbw,당뇨,당뇨환자는 절대 먹으면 안되는 과일 4가지 #당뇨환자 #혈당관리,건강장수TV,2750916,29138,2025-09-07 23:35:36+00:00,15,9.803921568627452,Medical Pro,Description,223,12335.946188340808,9.420353794251204,1,1,1
1XqVCgPe7RQ,당뇨,"병원 안 가고 당뇨병 낫는 방법, '딱 3가지만' 알려드릴게요 (서울대병원 조영민 교수 풀버전)",김작가 TV,759760,14107,2025-06-01 01:00:02+00:00,5516,1.5645514223194752,Medical Pro,Description,321,2366.8535825545173,7.769739162400734,0,0,0
kenma0gGtes,당뇨,"""죽는 날까지 관리해야 하는 병"" 치솟는 혈당 제대로 관리 안 했더니 닥친 공포의 당뇨병｜당뇨병 의심되는 증상들｜원인과 치료법｜명의｜#EBS건강",EBS 건강,750023,5995,2025-03-01 08:00:42+00:00,1723,17.441860465116278,General,Description,413,1816.036319612591,7.50496205697603,1,1,0
hK8FLQxAClw,당뇨,당뇨인이라면 꼭 알아야 할 당뇨 Tipㅣ동아아산건강강좌,서울아산병원,727555,11553,2021-10-21 01:10:05+00:00,2841,21.73913043478261,Medical Pro,Description,1640,443.6310975609756,6.097244944115491,0,0,0
k1Ie4IwJYcY,당뇨,당화혈색소 6.5% 미만의 힘! [경희대병원 내분비대사내과 전숙 교수] | #shorts #당뇨 #당화혈색소 #당뇨합병증,경희의료원,969809,11478,2024-04-09 04:57:47+00:00,55,4.057971014492754,General,Description,739,1312.3261163734776,7.180318218461673,0,0,1
VY4fKsyqkAs,당뇨,술과 당뇨! 당뇨환자의 술 적정량은? - 신동진의 닥터밥상 #12,굿라이프,671326,7637,2019-10-11 08:00:02+00:00,429,24.57002457002457,General,Description,2381,281.9512809743805,5.645274730789384,0,0,0
M6SncX2qGV8,당뇨,(ENG/CN)당뇨환자는 왜 운동을 해야만 하는걸까?,내과전문의 닥터케이 Dr.K,667192,11902,2021-07-23 08:50:48+00:00,883,17.24137931034483,Medical Pro,Description,1730,385.6601156069364,5.957546052892923,0,0,0
E9OTBn8IMl8,당뇨,[충격주의] 당뇨약 오래 먹다보면 몸속에서 벌어지는 일 #당뇨 #약 #건강상식 #약간헷갈리면약국캠페인 #건강지식 #헷갈리면약사에게 #혈당스파이크,약간 헷갈리면 약국 캠페인,1437530,14382,2025-09-12 09:00:32+00:00,71,34.24657534246575,General,Description,218,6594.174311926606,8.794093495723521,2,1,0
l9NnzJriAiI,당뇨,"아침 공복에 매일 드세요, 당뇨 약 보다 좋은 '차' l 삶은 달걀 아닙니다! 위 건강 지키고 혈당 잡는 아침 식사까지 전부 공개 l 당뇨 스쿨 한의사 이혜민",의사친[의사사람친구],656632,6028,2025-11-05 11:01:28+00:00,2474,12.82051282051282,Medical Pro,Description,164,4003.8536585365855,8.29526231914363,0,0,0
trbzHeJCXz0,당뇨,"당뇨에는 오이 이렇게 먹어야 혈당관리 할수 있어요, 당뇨 혈당관리, 오이로 혈관청소, 운동안해도 살빠지는 오이먹는법, 당뇨에 좋은간식, 건강음식, 건강정보",건강박사,1192266,13960,2024-11-11 08:37:57+00:00,60,16.260162601626018,General,Description,523,2279.6673040152964,7.732223356326561,0,0,1
NGHEXSY4aBY,당뇨,당뇨 환자에게 치명적 독이 되는 채소 4 #건강 #음식,건강백단 - 건강정보,1759685,33873,2025-09-13 02:41:19+00:00,25,5.076142131979696,General,Description,217,8109.147465437788,9.000871330105403,1,1,1
q9aL6t1akxU,당뇨,의사도 말리는 당뇨 환자 금지 과일 4가지 #건강 #건강관리,건강백단 - 건강정보,1984761,21483,2025-09-14 04:16:55+00:00,21,5.494505494505495,General,Description,216,9188.708333333334,9.125839477450372,1,1,1
2uY7YeDkFw4,당뇨,"버터 무조건 드세요! 아침에 계란과 함께 먹으면 고지혈증, 혈관건강 눈건강 당뇨 골다공증 노년근감소에 효과짱! 10년 젊어지는 갓생 음식, 혈당잡는 식사법 #고지혈증에좋은음식",루이빈치과 류지헌,922420,19454,2024-11-22 02:58:47+00:00,60,4.734848484848484,General,Description,512,1801.6015625,7.49698621292544,0,0,1
v2FOPVQGHeI,당뇨,당뇨 전조증상 5가지,오징어약사TV - 가장 쉬운 건강채널,639142,11435,2023-09-27 07:22:47+00:00,53,33.333333333333336,Medical Pro,Description,934,684.306209850107,6.529865760056789,2,1,1
YTCvUS-RX_s,당뇨,당뇨 있어도 오래 잘 살 수 있는 특급 비법 [유병장수],분당서울대학교병원,563786,8959,2025-01-23 07:15:01+00:00,1122,22.535211267605632,Medical Pro,Description,450,1252.8577777777778,7.133980299910658,0,0,0
BFeF_5NywSs,당뇨,"당뇨병 식사, 3가지 원칙만 기억하세요!",서울아산병원,533198,6634,2022-01-10 08:00:03+00:00,584,2.415458937198068,Medical Pro,Description,1559,342.01282873636944,5.837767848030278,0,0,0
R1lS2hNBAf4,당뇨,2만원으로 막는 당뇨병 확인 방법 공개 #건강 #건강정보 #건강관리,지식붐,989254,8988,2025-08-31 16:05:00+00:00,58,2.6404494382022463,General,Description,230,4301.104347826087,8.366859565188111,0,0,1
C1VFUxGtzn0,당뇨,당뇨 환자는 고구마 먹으면 안 된다? 건강한 고구마 먹는 법,바른건강,512084,5505,2023-03-08 01:00:03+00:00,1457,3.968253968253968,General,Description,1137,450.38170624450305,6.112313336855301,0,0,0
fB8wHlukhrA,당뇨,"""당뇨 킬러입니다"" 이 과일은 꼭 드세요 (이왕재 박사, 반재상 원장 / 풀버전)",신사임당,466566,11602,2025-05-20 07:30:19+00:00,2404,2.915451895043732,General,Description,333,1401.099099099099,7.245725749190041,0,0,0
78SpY4RXPok,당뇨,"당뇨병, 어떤 경우 완치가 가능한가요? 당뇨 치료법에 대해 #건강톡톡 EP.232",서울대병원tv,463743,5889,2021-02-22 07:00:03+00:00,912,43.47826086956522,Medical Pro,Description,1881,246.54066985645932,5.511574891161618,0,0,0
LBYoLtuA45g,당뇨,혈당 낮추는 당뇨스쿨 꿀팁 10편 | 식후 10분 운동 #shorts,당뇨스쿨,507570,7933,2024-06-28 10:00:18+00:00,60,1.9230769230769231,General,Description,659,770.2124430955994,6.64796387788557,0,0,1
xZNhbw8RGOI,당뇨,당뇨에 설탕보다 위험하다! 혈당이 폭발하는 '이 음식' 절대 드시지 마세요 (신동진 원장 / 풀버전),신사임당,455271,8301,2025-04-27 10:30:37+00:00,3757,2.5,General,Description,356,1278.8511235955057,7.154499040458155,3,1,0
XCYKMlAHkCQ,당뇨,당뇨환자가 【땅콩버터】를 퍼먹으면 혈당이 얼마나 오를까?| 🩸15분 혈당측정,당뇨생활,443812,5074,2022-06-15 11:30:06+00:00,411,13.986013986013988,General,Description,1403,316.3307198859587,5.759944510435851,0,0,0
ScuZhbeLpS8,당뇨,🫢미국도 놀랐다?!🫢 연세 암센터 교수가 말하는 당뇨 환자에게 제일 좋은 기적의 음식은?! ㄷㄷ,헬스조선 Health Chosun,436250,6866,2025-08-20 10:00:48+00:00,1509,5.928853754940712,General,Description,241,1810.1659751037344,7.501726102001872,1,1,0
LXFadvCjBn0,당뇨,당신이 당뇨라면 당장 끊어야 할 3가지 습관 & 매일 아침 공복에 마시면 좋은 '차'까지 공개! l 한의사 이혜민 원장,의사친[의사사람친구],430807,3821,2025-09-27 11:00:38+00:00,1124,17.857142857142858,Medical Pro,Description,203,2122.2019704433496,7.660680591631087,0,0,0
a3v2FDJNZ3c,당뇨,혈당조절 잘하는 방법 ✔ 당뇨병 궁금증 해결 / 가천대 길병원 내분비내과 김병준 교수,길병원TV,385574,6332,2022-09-20 05:00:01+00:00,3038,8.415147265077138,Medical Pro,Description,1306,295.23277182235836,5.691145536572188,0,0,0
zYHLn0zjw98,당뇨,당뇨인에게 좋은 간식 3가지? | 당뇨 간식 추천(재업로드) #shorts,당뇨스쿨,376854,6720,2023-04-26 06:22:28+00:00,58,3.861003861003861,General,Description,1088,346.37316176470586,5.850399596259407,0,0,1
BkcXEFmNHaI,당뇨,당뇨 혈당관리 필수 영양제 3 가지와 올바른 섭취,오만스토리,717305,10923,2025-08-19 21:55:01+00:00,60,17.24137931034483,General,Description,242,2964.0702479338843,7.994656003540334,0,0,1
a-UU9K3iJ2k,당뇨,당뇨는 왜 생길까? 왜 나쁠까? (30분순삭) l 당뇨 발생과  합병증의 기전 l 닥터딩요,닥터딩요,366633,10031,2019-05-25 08:32:17+00:00,1790,23.25581395348837,Medical Pro,Description,2520,145.48928571428573,4.9869522907265535,0,0,0
qm1QbVZK2VE,당뇨,"저녁에 이거 먹으면, 당뇨가 사라집니다",건강한한국인 건강정보,566041,12950,2025-08-15 11:01:26+00:00,58,9.00900900900901,General,Description,246,2300.979674796748,7.741524759875667,0,0,1
F7vEO06VsNE,당뇨,혈당걱정 없이 당뇨 환자가 마음껏 먹을 수 있는 간식 6가지. 합병증예방.혈당조절,무조건당신편,454954,5605,2024-03-26 01:34:59+00:00,58,14.084507042253522,General,Description,753,604.1885790172643,6.4055401103172045,0,0,1
Gh81gech3d0,당뇨,당뇨병 원인과 증상! 당뇨에 좋은 음식은 무엇일까?,EBS 컬렉션 - 사이언스,322439,3670,2021-07-25 11:00:12+00:00,548,3.690036900369004,General,Description,1728,186.5966435185185,5.234294144719734,1,1,0
cP7jKMO1Txs,당뇨,(ENG)당뇨식단은 어떻게 짜는 걸까? 당뇨식단의 기본원칙! (당뇨식단 1부),내과전문의 닥터케이 Dr.K,298771,8604,2021-02-05 08:50:09+00:00,803,2.7777777777777777,Medical Pro,Description,1898,157.41359325605902,5.065209291708816,0,0,0
dMk636qZiaM,당뇨,"""당뇨 왔을 땐 이미 늦었다"" 당뇨병 직전 혈당 수치 확 줄이는 건강한 식사법｜전당뇨라면 무조건 봐야 하는 영상｜당뇨 물리치는 운동법｜귀하신 몸｜#EBS건강",EBS 건강,295201,2732,2025-09-02 08:00:41+00:00,1870,5.141388174807198,General,Description,228,1294.7412280701753,7.166838187276633,0,0,0
aXZ8MwVMG-g,당뇨,당뇨병 전단계도 병이다! ✔ 당뇨 전단계 관리와 예방법ㅣ당뇨명의 김광원 교수,길병원TV,282820,4523,2022-02-22 01:30:00+00:00,291,2.2222222222222223,Medical Pro,Description,1516,186.55672823218998,5.234081350222951,0,0,0
UBeXn7CwO8Y,당뇨,"무시무시한 당뇨, 먹는 순서부터 바꾸세요 - 정희원 교수 (서울아산병원 노년내과) [성공예감 이대호입니다] 2부 심층 인터뷰 | KBS 240515 방송",KBS 1라디오,266319,5019,2024-05-15 01:51:32+00:00,2398,12.903225806451612,General,Description,703,378.8321479374111,5.93972943918102,1,1,0
brTX2SJF0OQ,당뇨,당뇨인 식후혈당 감소를 위해 이 운동을 해보세요! #shorts,당뇨스쿨,311962,5185,2024-11-11 12:00:49+00:00,60,1.709401709401709,General,Description,523,596.4856596558318,6.392730282941634,0,0,1
vV5rfPEDHb4,당뇨,"먹어도, 먹어도 배고픈 당신! 밥만 먹으면 눈이 감기는 당신! 당뇨 전 증상입니다!|평범한 집밥으로 당뇨 이겨내는 식사법|당뇨, 이렇게만 드세요!| EBS 건강",EBS 건강,266060,2281,2023-10-10 08:30:24+00:00,2462,5.602240896358543,General,Description,921,288.8816503800217,5.669472737546323,1,1,0
_CItSiA-vt4,당뇨,"당뇨환자의 공복혈당, 정상 수치는 얼마인걸까? #Shorts",내과전문의 닥터케이 Dr.K,280950,4018,2022-03-31 08:50:44+00:00,55,4.739336492890995,Medical Pro,Description,1479,189.95943204868155,5.252061007836172,0,0,1
oZKOF5AoOcY,당뇨,생로병사의 비밀 - 당뇨병 환자에게 유산소 운동이 미치는 영향! 20181107,KBS 다큐,259716,1987,2018-11-07 14:48:44+00:00,256,28.571428571428573,General,Description,2719,95.51894078705406,4.569739266671068,0,0,0
-rGDsXQDk1w,당뇨,김재원TV EP.50 명의의 당뇨 정복 특강 설탕 안 먹어도 당뇨 걸리는 진짜 이유 명의가 밝히는 당뇨의 진실 #당뇨 #당뇨병 #이재혁교수 #김재원아나운서,김재원TV,254465,7964,2025-12-27 00:30:07+00:00,1952,5.847953216374269,Medical Pro,Description,112,2272.0089285714284,7.728859751944885,0,0,0
kzRtfV87_Qc,당뇨,모든 당뇨인에게 당화혈색소6.5%가 꼭 정답일까? | 당뇨문의:1644-5178,당뇨스쿨,248349,4135,2022-08-30 10:00:26+00:00,338,1.1441647597254003,General,Description,1327,187.1507159005275,5.237243321977876,0,0,0
7qlIqRqPzmg,당뇨,당뇨병 있으면 꼭 해야하는 운동  #건강정보 #당뇨병,모두라이프,355384,3436,2024-09-22 02:26:13+00:00,56,24.390243902439025,General,Description,573,620.2164048865619,6.431679499307295,0,0,1
z-_zJtay-_o,당뇨,당뇨를 막아주는 최고의 아침식사 4가지! 의사들이 공개🔥#당뇨 #건강 #건강정보  #부천 #부천역 #전깃줄 #유튜브구독자,띵까띵까,773909,12771,2025-06-17 09:21:03+00:00,15,5.163511187607573,General,Description,305,2537.406557377049,7.8392918235374145,0,0,1
cGXcB8l1s_I,당뇨,"""당뇨에 좋은데 아무도 몰라요"" 혈당 약보다 5배 빠르게 떨어뜨리는 '1위 과일' 당장 드세요. 췌장이 튼튼해지고 당뇨 참 쉽게 사라집니다 (당뇨 명강의)",지식의 맛,232768,3613,2025-06-30 08:20:00+00:00,2437,1.0236220472440944,General,Description,292,797.1506849315068,6.6822974078589725,0,0,0
C77Ft9Yl5cE,당뇨,당뇨병 증상 3가지와 당뇨병 관리법 [숫자로 보는 건강],분당서울대학교병원,211315,2387,2022-10-24 07:15:00+00:00,475,26.54867256637168,Medical Pro,Description,1272,166.12814465408806,5.118760851425119,1,1,0
Com40Z-esu0,당뇨,"당뇨약 복용 대신 '이것'만 하면 당뇨, 혈당 싹 잡아준다? [유사의학 vs 분당서울대병원]",분당서울대학교병원,200615,3040,2024-07-09 07:15:00+00:00,930,22.002200220022,Medical Pro,Description,648,309.59104938271605,5.738477093115578,0,0,0
hDWIJI31MpY,당뇨,많은 합병증 몰고 오는 공포의 당뇨병에 걸리게 한 식습관│좋아하는 음식을 건강하게 오래 먹고 싶다면│명의│#EBS건강,EBS 건강,198066,1862,2025-08-19 12:57:08+00:00,1370,12.096774193548388,General,Description,242,818.4545454545455,6.708638930452223,0,0,0
U2Dnv8SoIoU,당뇨,혈당 폭락시키는 영양제,오징어약사TV - 가장 쉬운 건강채널,200572,2501,2024-01-02 01:08:17+00:00,13,2.820512820512821,Medical Pro,Description,837,239.63201911589007,5.483268874968354,0,0,1
IHuWTwKu5ZU,당뇨,닥터딩요도 꼭 지키는 당뇨 예방 식단 #건강 #혈당 #당뇨,삼프로TV 3PROTV,203987,3716,2024-07-17 01:12:54+00:00,54,3.53356890459364,Medical Pro,Description,640,318.7296875,5.767475912248741,0,0,1
1XmesDOxBLs,당뇨,"""죽을 때까지 당뇨 중심으로 살아야 해요"" 식단부터 운동까지 혈당 관리의 중요성｜잘못하면 합병증으로 실명까지｜당뇨 원인과 치료법｜명의｜#EBS건강",EBS 건강,150241,1653,2025-08-25 09:00:02+00:00,2029,15.625,General,Description,236,636.6144067796611,6.457733722546426,1,1,0
PrSKcN8hrU8,당뇨,당뇨 환자에게는 독처럼 위험한 채소 4가지 #당뇨 #혈당관리 #건강습관 #생활꿀팁 #식단주의,시니어정보통 백세인생,509319,8271,2025-08-30 10:45:27+00:00,15,10.1010101010101,General,Description,231,2204.844155844156,7.698865551735046,2,1,1
pEoHbwvVcf0,당뇨,“이렇게 무서운 병인 줄은 몰랐습니다” 가족 모두가 당뇨와 싸운 지 20여 년. 생활비 대부분을 약값과 투석 비용으로 써야 하는데..│EBS 가족건강 프로젝트│#EBS건강,EBS 건강,137963,1540,2025-08-28 11:01:24+00:00,2171,6.150061500615006,General,Description,233,592.1158798283262,6.385389792771075,1,1,0
FVi9CiboGo8,당뇨,"당뇨 있다면 꿀은 이렇게 드세요 | 당뇨에 좋은 음식, 꿀 | 문자문의 010-9972-0493","당뇨 딸, 전 간호사",134128,4083,2024-12-23 11:00:16+00:00,771,7.633587786259542,General,Description,481,278.85239085239084,5.6342622886362,0,0,0
okk2NvMH_l0,당뇨,당뇨 없애는 식초 먹는 법,탱크약사,253231,2388,2024-01-08 12:00:47+00:00,35,11.11111111111111,Medical Pro,Description,831,304.73044524669075,5.7227038158472014,0,0,1
l54Av5IGGvA,당뇨,당화혈색소는 당뇨환자에게 왜 중요한걸까? #Shorts,내과전문의 닥터케이 Dr.K,125162,2169,2022-04-25 09:00:32+00:00,60,5.524861878453039,Medical Pro,Description,1454,86.08115543328748,4.466840504919654,0,0,1
YGuPmzZ3FWQ,당뇨,당뇨약없이 당뇨치료 및 당뇨 예방하는 방법 3가지! #shorts,당뇨스쿨,119516,2089,2023-03-26 10:00:20+00:00,60,9.198423127463863,General,Description,1119,106.80607685433422,4.680334028447622,0,0,1
ppyQCjY2iC0,당뇨,이 부위가 자주 간지럽다면 당뇨말기 신호입니다 #건강 #건강정보 #50대 #60대 #당뇨 #혈당관리 #발저림,생활건강센터,368703,5391,2026-01-07 08:40:02+00:00,36,5.905511811023622,General,Description,101,3650.5247524752476,8.202900099751483,2,1,1
Q9C4iRyj_E8,당뇨,당뇨병이라면 꼭 알아둬야 할  식사 순서 #shorts,위담한방병원,158826,0,2023-03-28 08:00:11+00:00,36,6.849315068493151,Medical Pro,Description,1117,142.18979409131603,4.964170981674657,0,0,1
YxcKNlzN348,당뇨,당뇨 환자 45% “6개월 동안 저혈당 쇼크 경험”,KBS News,108354,544,2015-02-02 13:06:10+00:00,101,15.247776365946631,General,Description,4093,26.47300268751527,3.313203802015392,1,1,0
Ul04sNARrko,당뇨,당뇨 환자는 반드시 끊어야 할 5가지!,시니어건강생활,102511,1407,2025-10-12 04:21:53+00:00,1430,13.88888888888889,General,Description,188,545.2712765957447,6.30311569594095,0,0,0
s6E3LaFjfnQ,당뇨,당뇨 졸업! 선택이 아닌 필수입니다! | 당뇨문의 : 1644-5178,당뇨스쿨,103355,1573,2025-07-24 10:01:24+00:00,327,3.883495145631068,General,Description,268,385.6529850746269,5.9575276113786035,0,0,0
eQuaoh66Obc,당뇨,스텐 냄비에 이런 음식은 끓이면 안 됩니다. #중년건강 #당뇨 #치매,건강보감365,308283,5415,2026-01-07 22:58:47+00:00,25,6.410256410256411,General,Description,101,3052.3069306930693,8.023980521809754,0,0,1
98Pnm76O98o,당뇨,"""전당뇨라 괜찮겠지"" 당뇨병 막을 마지막 기회 무시했더니 덮친 비극｜치솟는 공복혈당, 당뇨의 지름길｜꾸준한 운동의 기적｜명의｜#EBS건강",EBS 건강,98806,1126,2025-07-15 08:00:14+00:00,1288,2.5906735751295336,General,Description,277,356.7003610108303,5.879695655520348,1,1,0
w3Lbyfe5UWo,당뇨,"당뇨 전단계 실험 참가자 전원의 놀라운 변화! 건강식이라 믿은 당신의 식단, 이렇게 바꿔야 합니다! I 당뇨 전단계 2부 I KBS 250409 방송",KBS 생로병사의 비밀,79638,822,2025-04-10 11:59:19+00:00,1028,1.8493150684931503,General,Description,373,213.50670241286863,5.368340984559945,0,0,0
CuozP08YYOg,당뇨,까딱하면 당뇨…근육으로 막는다 / KBS뉴스(News),KBS News,76207,511,2018-08-26 22:04:59+00:00,118,8.94854586129754,General,Description,2792,27.29477077363897,3.3426770092589315,0,0,0
Hof1SFWeE_M,당뇨,무시무시한 당뇨병! 초기 증상은?,건강의학전문채널 하이닥,124711,761,2024-10-25 08:14:00+00:00,29,2.680965147453083,General,Description,540,230.9462962962963,5.446505863388855,2,1,1
RLTHnFmi-ys,당뇨,"""황금보다 귀한 당뇨 음식 정보"" 매일아침에 현미 잡곡 보리밥 vs 백미 흰쌀밥? 아침식사 전에 먹으면 혈당 스파이크 뚝! 당뇨전단계, 당뇨합병증, 당화혈색소 싹!잡는 식단 짜는법",루이빈치과 류지헌,151267,3243,2025-11-25 22:00:29+00:00,86,7.836990595611285,General,Description,144,1050.4652777777778,6.957939972988188,0,0,0
TLmSQNeeOqg,당뇨,당뇨환자도 먹을 수 있는 빵은?,헤럴드스토리,69845,664,2023-07-10 22:00:22+00:00,58,7.6923076923076925,General,Description,1013,68.94866732477789,4.247761649104096,0,0,1
8mnZYAr2MeE,당뇨,고구마 당뇨병에는 무조건 이렇게 드세요! - 건강한 음식 먹는 방법 #건강 #건강정보,알유건강 - 건강정보,84687,1690,2024-10-25 11:07:00+00:00,52,9.090909090909092,General,Description,540,156.82777777777778,5.061504424464892,0,0,1
0cb72M8HHPA,당뇨,당뇨에는 무조건 매일! 먹어야 하는 단 한가지 음식,김순렬TV,173344,2919,2026-01-05 01:50:05+00:00,26,15.384615384615383,Medical Pro,Description,103,1682.9514563106795,7.428898367967946,0,0,1
35L6ttTp0zs,당뇨,"당뇨 졸업자: 당뇨 완치, 이렇게 했어요! | 당뇨 졸업한 사람들의 4가지 꿀팁! #shorts",당뇨스쿨,63840,1375,2023-10-20 10:00:04+00:00,60,2.1739130434782608,General,Description,911,70.07683863885839,4.263761526198012,0,0,1
OtJRkSdcZg0,당뇨,당뇨가 있으시면 이런 운동은 피하세요. 당뇨가 더 악화됩니다.,오롯건강,104692,641,2024-09-18 08:49:47+00:00,50,25.210084033613445,General,Description,577,181.44194107452338,5.2064319913096115,0,0,1
NsYuml6u2S8,당뇨,'당뇨병 10분 동안 00만 해도 극복할 수 있다! | #당뇨병 | #공복혈당 | #식후혈당 | #명의 | #EBS건강,EBSDocumentary (EBS 다큐),62086,420,2024-08-10 01:00:19+00:00,243,1.7035775127768311,General,Description,616,100.78896103896103,4.6229016605053985,0,0,0
dsNPZvVGwcQ,당뇨,당뇨약 없이 혈당수치 80으로 떨어집니다. 당뇨에 좋다는 비타민C 먹으면 몸에서 벌어지는 진실?,건나물TV,62491,1352,2025-09-12 23:00:42+00:00,1416,9.208103130755063,Medical Pro,Description,218,286.6559633027523,5.661765194200803,0,0,0
8JV9v2MRL9M,당뇨,"당뇨병 환자 5명 중 1명이 겪는 비극, 당뇨발. 작은 상처를 무시하면 안 되는 이유│명의│#EBS건강",EBS 건강,56340,629,2025-10-26 09:00:12+00:00,995,8.979591836734693,General,Description,174,323.7931034482759,5.783188374836343,1,1,0
iEfGrPK9gI8,당뇨,"실명과 절단에 죽음까지.. 암보다 무서운 혈관병, 당뇨합병증 I KBS 20161214 방송",KBS 생로병사의 비밀,53196,859,2025-12-24 13:01:35+00:00,1856,9.421252371916507,General,Description,115,462.5739130434783,6.13896583948434,3,1,0
MFaFW40Rzww,당뇨,당뇨와 술의 관계! 술을 마시면 당뇨수치가 떨어진다? #shorts,당뇨스쿨,46364,698,2023-05-10 10:00:15+00:00,60,7.062146892655368,General,Description,1074,43.16945996275605,3.788033599198082,0,0,1
p6Lo0fbsY9w,당뇨,당뇨환자는 절대 먹지 말아야 할 음식 4가지,건강한한국인 건강정보,86507,873,2025-04-15 22:55:01+00:00,56,3.3783783783783785,General,Description,368,235.0733695652174,5.464142644698162,1,1,1
o36QFkg3x2s,당뇨,혈당스파이크 막는 당뇨식단! 의사들도 추천하는 당뇨인 식사법 총정리,김소형채널H,41725,1636,2025-03-17 23:30:11+00:00,830,1.0395010395010396,General,Description,397,105.10075566750629,4.664389167814238,0,0,0
FTR8l9X0f6s,고혈압,"혈압을 낮춰주는 영양제는 '이 것' 입니다 ( 기름이 혈관에 쌓이지 않게하고, 성인병을 예방하고,  만성염증을 없애주는 강력한 식물성 항염증 성분 )",약사가 들려주는 약 이야기,2594566,33230,2022-07-16 10:00:18+00:00,978,10.657193605683837,Medical Pro,Description,1372,1891.0830903790088,7.545433665338322,0,0,0
2oLLd-ueTCQ,고혈압,(자막) 혈압약 안먹고 고혈압 치료하는 방법 l 고혈압의 생활습관교정 l 닥터딩요,닥터딩요,2089034,44890,2019-02-21 03:04:39+00:00,1624,2.3255813953488373,Medical Pro,Description,2613,799.4772292384233,6.685208086358759,0,0,0
E6jd5dhEi18,고혈압,당뇨/고혈압/콩팥병환자 시청필수: 신장기능을 향상하고 사망율을 줄여주는 베이킹 소다?,조동혁의100세 건강시대,1831751,33162,2024-03-02 16:20:31+00:00,948,12.195121951219512,General,Description,777,2357.4658944658945,7.765766641931141,1,1,0
EeZmjcXNcjo,고혈압,생강차 절대 먹지마세요!!!,김순렬TV,2433460,37942,2024-11-14 09:17:24+00:00,53,17.341040462427745,Medical Pro,Description,520,4679.7307692307695,8.451209523993509,1,1,1
KvxU1Idqq1g,고혈압,"항암 1등! 고구마의 놀라운 효능! / 이렇게 드세요! 고혈압, 당뇨, 온갖 성인병 싹 사라집니다! / 효능 높이는 법 / 고구마의 힘 / 책읽어주는여자 SODA's 건강 오디오북",소리내어읽다,1758316,26577,2023-10-27 21:15:00+00:00,1866,6.975269499048827,General,Description,904,1945.0398230088495,7.57355172656989,1,1,0
AQwu7htUdS0,고혈압,"고혈압, 당뇨, 비만, 심근경색증, 협심증, 뇌졸중 등이 생활습관병?? 잘못된 습관에서 비롯됐을지 모를 우리의 나쁜 습관은 무엇일까? (KBS 20230503 방송)",KBS 생로병사의 비밀,1627993,8150,2023-05-11 09:00:08+00:00,800,14.704433497536948,General,Description,1073,1517.2348555452004,7.325303659786522,0,0,0
lCn-uuWA1uA,고혈압,"아침식사후 이거 한알만 먹으면 고혈압, 고지혈증, 만성염증이 사라집니다. (최고의 성인병 예방 영양제)",약사가 들려주는 약 이야기,1365649,21039,2022-01-25 10:00:23+00:00,679,6.6371681415929205,Medical Pro,Description,1544,884.4876943005181,6.786138560232501,0,0,0
FJuJ7Gc7TBI,고혈압,"녹두와 이것 함께 먹었더니 당뇨와 고혈압을 싹다 잡았어요.녹두와 상극인 음식. 항암식품,다이어트식품,건강음식,녹두의 효능,노년기 건강대파의 효능,당뇨음식,혈당,혈관청소음식",무조건당신편,1778960,37273,2024-11-06 07:27:21+00:00,57,17.391304347826086,General,Description,528,3369.242424242424,8.122739956736119,1,1,1
dIqdw3PvSIk,고혈압,없던 병도 만드는 그동안 몰랐던 '혈압'에 관한 아주 불편한 진실! / 이것만 기억하세요! 혈압 걱정 싹 사라집니다! / 혈압 관리법 / 책읽어주는여자 SODA's 건강 오디오북,소리내어읽다,1249028,22838,2023-10-17 21:15:02+00:00,2413,1.4792899408284024,General,Description,914,1366.5514223194748,7.22077713674782,0,0,0
ZeNTrMEgKps,고혈압,고혈압 환자 운동하는 방법 l 가장 혈압이 많이 떨어지는 운동 l 닥터딩요,닥터딩요,1248430,20302,2024-01-12 11:00:24+00:00,2214,16.566265060240966,Medical Pro,Description,827,1509.5888754534462,7.320254837529078,0,0,0
uq1_AgWaW7I,고혈압,매일 무심코 섭취하는 ‘이것’이 고혈압을 유발한다? ㅣ 단 2주 만에 고혈압 탈출하는 기적의 방법 알려드립니다!ㅣ 집에서도 가능한 ‘혈압 잡는 운동법’ ㅣ 귀하신몸 ㅣ #골라듄다큐,EBSDocumentary (EBS 다큐),1213324,8319,2023-08-30 09:36:16+00:00,2625,3.1446540880503147,General,Description,962,1261.2515592515592,7.140652357033615,0,0,0
l-CJJAVwrJE,고혈압,고혈압 환자라면 반드시 알아아야 하는 고혈압의 원인,닥터조의 건강이야기,1037094,24557,2020-02-19 03:00:06+00:00,1298,9.630818619582664,Medical Pro,Description,2250,460.93066666666664,6.135414807669715,0,0,0
1lY15p8bbBg,고혈압,"고혈압, 이것만 끊으면 해결![방태환원장의 건강강의]",나음힐링센터 방태환원장,787397,12366,2021-10-12 02:56:29+00:00,509,5.813953488372093,General,Description,1649,477.4996967859309,6.170655577216593,0,0,0
xP--vm98XSU,고혈압,610. 약없이 고혈압 낮추는 최고의 운동!!!,부부한의사,1118765,18081,2024-11-03 10:01:01+00:00,54,19.672131147540984,Medical Pro,Description,531,2106.9020715630886,7.653448452966924,0,0,1
vPYfzOk8Skw,고혈압,고혈압약보다 효과적으로 혈압을 낮추는 꿀팁 4가지,닥터조의 건강이야기,767550,15320,2023-01-30 20:13:38+00:00,953,11.945392491467576,Medical Pro,Description,1174,653.7904599659284,6.484315276004664,0,0,0
ZaXjvIminRY,고혈압,"""서울대의사의 절박한 경고"" 혈압 재실때 이것만큼은 반드시 알아야합니다 (이승훈 교수 3부)",지식한상 ,756112,12418,2025-08-12 11:01:16+00:00,1648,1.2068965517241388,General,Description,249,3036.59437751004,8.018821157951315,1,1,0
XODJid3FcTk,고혈압,대사질환 #1: 고혈압의 숨겨진 진실 (여러분이 모르는 사실이 있습니다),닥터덕 Dr Duk,749172,15830,2024-04-05 23:00:12+00:00,631,6.527415143603133,Medical Pro,Description,743,1008.3068640646029,6.917019101038693,0,0,0
Fb7GJqHOavc,고혈압,고혈압약 종류별 부작용... 많다,닥터조의 건강이야기,659423,10541,2023-01-22 22:00:05+00:00,707,7.590132827324478,Medical Pro,Description,1182,557.8874788494078,6.325948162820918,0,0,0
s6Lg1YBuK24,고혈압,고혈압은 병이 아니다 / 마쓰모토 미쓰마사 지음 / 서승철 옮김 / 에디터 펴냄,책한민국,583546,12556,2022-10-24 08:00:31+00:00,2018,11.627906976744184,General,Description,1272,458.7625786163522,6.130710222797713,0,0,0
Y2nhvGM_xsQ,고혈압,"""집에선 멀쩡했는데..."" 이상하게 의사 앞에서만 오르는 혈압, 고혈압인 줄 알았는데｜들쑥날쑥한 혈압 올바르게 재는 법｜죽음까지 부르는 무서운 합병증｜명의｜#EBS건강",EBS 건강,577614,4430,2025-09-03 08:00:41+00:00,1709,10.309278350515465,General,Description,227,2544.555066079295,7.842104005824688,0,0,0
c9yQtpiC7PU,고혈압,혈압 낮추는 방법 아침에 하루 10분만 하세요. 고혈압 약은 끊고 혈액순환에도 좋은 세상 가장 쉬운 방법,건나물TV,565901,6909,2024-01-28 23:00:31+00:00,583,8.035381750465548,Medical Pro,Description,811,697.7817509247842,6.549338463043092,0,0,0
4qzn3Rcfn1E,고혈압,혈압약에 의존하면 '이.렇.게' 됩니다 #shorts,빅퀘스천 Big Questions,617811,13301,2023-07-14 13:00:03+00:00,60,25.86206896551724,General,Description,1009,612.3002973240832,6.418854697425695,0,0,1
4PclPvTLboA,고혈압,고혈압 약 없이 '이 음식'으로 나았습니다. 혈압 낮추는 음식,1분건강 비타민닥터,422645,6399,2022-07-02 11:49:32+00:00,60,14.234875444839858,Medical Pro,Description,1386,304.9386724386724,5.723384664999153,0,0,1
lkWsl3SRNII,고혈압,📌방송 하이라이트📌국내 성인의 고혈압 유병률은 30%. 하지만 진단받고도 약에 대한 거부감으로 혈압약을 먹지 않는 경우가 많은데..혈압의 경고 1부 l KBS 20231025 방송,KBS 생로병사의 비밀,404360,3018,2023-11-08 11:00:46+00:00,2382,17.544283413848632,General,Description,892,453.31838565022423,6.118798242230905,1,1,0
LLBKN6d1Kxk,고혈압,"고혈압 약, 진짜로 안전한가요? 서울대병원 교수가 알려주는 혈압약 부작용에 대한 정보!!!",서울대학교병원 강남센터,397550,5770,2020-10-19 23:30:01+00:00,595,26.231884057971016,Medical Pro,Description,2007,198.0817140009965,5.293715363562476,0,0,0
I5TbFBmbY0w,고혈압,"'왔다, 박교수' 고혈압약 끊어보았더니... (서울백병원 박현아 교수)",의학채널 비온뒤,393322,8694,2020-09-02 13:00:42+00:00,3184,23.01790281329924,General,Description,2054,191.49074975657254,5.260048099360636,0,0,0
SslSM1SCrrg,고혈압,제일 짜게 먹는 나라 일본은 고혈압 환자가 많을까?#소금물 #소금 #고혈압,굿닥터 김태균,808376,8470,2025-04-05 03:00:33+00:00,45,1.5267175572519085,Medical Pro,Description,378,2138.5608465608466,7.668355875069602,0,0,1
7k4kKBrLcZA,고혈압,고혈압 약 복용하기 전에 이 영상을 꼭 시청해 주세요,오상신경외과의원,348493,5992,2022-09-01 10:00:08+00:00,525,37.65690376569037,General,Description,1325,263.01358490566037,5.576000559798386,0,0,0
DETTLBTLv2g,고혈압,약 거부했다가 반신불수? 고혈압 약 복용의 중요성,우리를위한,654717,8492,2025-12-14 23:00:00+00:00,58,8.620689655172415,General,Description,125,5237.736,8.563835526842487,0,0,1
zdF_SOjbFLI,고혈압,고혈압 있으면 나타나는 증상 5가지,고대병원,2318867,32445,2024-06-25 06:00:32+00:00,59,60.60606060606061,Medical Pro,Description,662,3502.820241691843,8.161609149853316,1,1,1
LzHMy2ScdhA,고혈압,무서운 고혈압! 높은 혈압 확실히 낮추는 방법 7가지 [숫자로 보는 건강],분당서울대학교병원,1302079,14791,2022-09-19 08:24:59+00:00,460,12.461059190031152,Medical Pro,Description,1307,996.2348890589135,6.904986338059948,0,0,0
y_sIoZ3yAB4,고혈압,수십만 고혈압 환자의 삶을 바꾼 놀라운 치료법! / 이렇게 하세요! 혈압 걱정 싹 사라집니다! / 체질 바꾸는 법 / 근본적 해결책 / 책읽어주는여자 SODA's 건강 오디오북,소리내어읽다,314578,6277,2023-10-31 20:45:05+00:00,2252,7.518796992481203,General,Description,900,349.5311111111111,5.859449464621433,0,0,0
6u9gcdWmCyU,고혈압,📌방송 하이라이트📌운동과 식습관 조절만으로 혈압이 낮아질 수 있을까? 혈압약을 꺼리는 사람들의 생활습관 개선 4주 프로젝트 l KBS 20231101 방송,KBS 생로병사의 비밀,301238,2248,2023-11-15 11:00:07+00:00,2268,7.924071082390952,General,Description,885,340.3819209039548,5.833001853199361,0,0,0
p2PaARE6TbQ,고혈압,고혈압이면 꼭 약을 먹어야 하나요? 고혈압약을 한번 먹으면 계속 먹어야 하나요? / 서울대병원 순환기내과 이해영,의학채널 비온뒤,274483,6888,2023-09-06 13:57:23+00:00,3044,4.598540145985401,General,Description,955,287.4167539267016,5.664406496395816,0,0,0
byN7XXMMBaY,고혈압,[PEOPLE in 세브란스] 고혈압이 걱정된다면 필수 시청! 혈압 낮추려면 이 습관을 꼭 고치세요!,세브란스,259227,3871,2021-09-28 08:02:34+00:00,218,7.987012987012987,General,Description,1663,155.87913409500902,5.05547566233569,0,0,0
Xw5Ga0SpdYM,고혈압,"병원도 포기했던 뇌경색, 코골이, 고혈압 이것 먹고 MRI 깨끗해졌다",HBS약초방송,513054,6746,2025-08-19 07:00:29+00:00,43,17.54385964912281,General,Description,242,2120.0578512396696,7.659670229647532,0,0,1
Gj7FpFaB3bE,고혈압,고혈압의 진짜 원인 분석 - 고혈압에 안 걸리려면?,닥터쓰리 - 한미일의사의 쉬운 의학,252534,12721,2020-03-18 21:02:35+00:00,847,19.02748414376321,Medical Pro,Description,2222,113.65166516651665,4.7418985331104935,0,0,0
93BUnm48W4w,고혈압,부작용 거의 없으니까 걱정 그만! 고혈압약을 둘러싼 소문(?)과 의심 완벽 해결! | [닥터트루스] 슬기로운 심장생활 47,삼성서울병원,251810,5581,2022-01-07 08:00:12+00:00,878,15.49421661409043,Medical Pro,Description,1562,161.2099871959027,5.0888917131267055,0,0,0
z4F6x-k1gw0,고혈압,고혈압 필수 시청!8분으로 혈압 바로 낮춰주는 운동!,건강의학전문채널 하이닥,249730,3169,2021-08-25 06:00:27+00:00,502,3.363228699551569,General,Description,1697,147.15969357690042,4.998290702705264,0,0,0
hPfrDupxTTM,고혈압,[Full] 귀하신 몸 - 13화 14일 만에 혈압 10mmHg 낮추는 법,EBSDocumentary (EBS 다큐),245139,2530,2023-08-11 17:00:23+00:00,2774,9.036144578313252,General,Description,981,249.8868501529052,5.5250020412890635,0,0,0
G4TUcgVkIfk,고혈압,천일염은 정말 몸에 좋을까? l 소금과 고혈압 3부 l 음모론편 l 소금과 수명 l 정제염/천일염/죽염/암염 l 닥터딩요,닥터딩요,232868,7212,2022-09-22 10:45:00+00:00,3328,6.244424620874219,Medical Pro,Description,1304,178.579754601227,5.190619424576677,1,1,0
_uGyIM_uimQ,고혈압,고혈압 낮추는 운동들을 비교한 연구.. 의외의 결과!,닥터조의 건강이야기,221592,5422,2023-10-27 20:42:49+00:00,672,9.043927648578812,Medical Pro,Description,904,245.12389380530973,5.505835042506568,0,0,0
_VwKVMUtxo8,고혈압,고혈압약 I 혈압약 종류 확실하게 알기,약사설명 약짱TV,216294,3767,2019-03-07 15:22:30+00:00,900,36.45200486026732,Medical Pro,Description,2599,83.22200846479416,4.433456270285975,0,0,0
w7bkxOY3iOM,고혈압,"고혈압, 고지혈증 약 없이 극복해요",진약사톡,215859,5942,2024-06-15 09:00:48+00:00,1387,8.771929824561404,Medical Pro,Description,672,321.21875,5.775230662718217,0,0,0
6Ouv74BGa84,고혈압,고혈압 이시라면 이 생선 드시면 위험합니다 #고혈압 #고혈압관리,건강박프로,717365,6778,2025-09-17 08:05:26+00:00,15,6.772009029345372,General,Description,213,3367.910798122066,8.12234476579929,1,1,1
89bXxgPHGXI,고혈압,'혈압 150 이상일 때 고혈압' 기준 낮춘 美…우리는? / SBS,SBS 뉴스,200182,791,2017-01-17 12:58:22+00:00,172,1.8493150684931503,General,Description,3378,59.26050917702783,4.098676983335023,0,0,0
tJHPFJStCzU,고혈압,"[코엔자임큐텐 1편] 고지혈증, 당뇨, 고혈압, 임신준비 코큐텐 드세요!!",리틀약사,196005,5710,2020-04-30 00:30:02+00:00,318,9.606147934678194,Medical Pro,Description,2179,89.95181275814593,4.510329836135993,0,0,0
awl7x29_gJg,고혈압,고혈압 치료의 진짜 목적은? 혈압 1mmHg 차이는 큰가요? | 서울대병원 김용진 교수,서울대병원tv,195480,2850,2022-02-24 07:00:01+00:00,1955,12.903225806451612,Medical Pro,Description,1514,129.11492734478205,4.86841811640612,0,0,0
EtnlB8i2VnQ,고혈압,"매일 한 알만 먹으면 고혈압, 고지혈증 얼씬도 못합니다. (최고의 항산화 영양제)",약사가 들려주는 약 이야기,194274,5290,2025-12-18 10:45:01+00:00,524,9.378663540445489,Medical Pro,Description,121,1605.5702479338843,7.381856904916357,0,0,0
TZX_pqcWXv8,고혈압,"전 세계 사망 질환 1위 심장질환을 일으키는 고혈압｜비만, 음주, 스트레스, 유전 등 다양한 원인｜고혈압 전문 편욱범 교수의 고혈압에 대한 모든 궁금증 QnA｜명의｜#EBS건강",EBS 건강,193887,2359,2024-08-11 05:00:12+00:00,1848,16.27906976744186,General,Description,615,315.26341463414633,5.756575456957602,1,1,0
7-obw_zzfcE,고혈압,"혈압 140, 정말 고혈압일까? 의대 교수가 '진짜' 고혈압 기준과 약의 진실을 말해드립니다.",배석철의 비타민B3 LAB,191244,4363,2025-10-28 08:11:51+00:00,1227,7.739938080495356,General,Description,172,1111.8837209302326,7.0147098722600605,0,0,0
jphhF0JG9pk,고혈압,[질병학개론] EP4. 고혈압｜질투의 (고)혈압👿,질병관리청 아프지마TV,198272,998,2025-05-30 05:59:28+00:00,111,21.45922746781116,Medical Pro,Description,323,613.8452012383901,6.421370530819991,0,0,0
OCUQpeR_dxQ,고혈압,"🟣이 습관으로 고혈압, 당뇨 없앨 수 있습니다 - 이승훈 교수 '20분 트렌드과외'",MKTV 김미경TV,182778,2520,2024-09-30 10:30:14+00:00,1479,1.818181818181818,Medical Pro,Description,565,323.5008849557522,5.782288263276796,0,0,0
sDvfKFLdJ_o,고혈압,고혈압과 변비를 동시에 - 저염식 하시는 분들 필수 영상,닥터조의 건강이야기,180711,5040,2023-11-07 01:30:28+00:00,1119,7.6502732240437155,Medical Pro,Description,893,202.3639417693169,5.314997190461971,0,0,0
D2pt6PeB2K0,고혈압,"당뇨, 고혈압, 치매의 진짜 원인이 궁금하십니까? [콜레스테롤 대 사기극 2부]",닥터쓰리 - 한미일의사의 쉬운 의학,168486,8843,2021-04-07 07:00:03+00:00,870,2.570694087403599,Medical Pro,Description,1837,91.71801850843767,4.529562828100353,0,0,0
-smDvfL_RFI,고혈압,"치명적인 합병증이 발생할 수 있는 고혈압, 이를 낮추는 방법은? ...내과 박병조 원장",건강의학전문채널 하이닥,167943,2268,2021-06-14 22:00:00+00:00,329,6.613756613756614,General,Description,1769,94.93668739400792,4.563688467585466,1,1,0
AMWGYmK784I,고혈압,고혈압 있어도 오래 잘 사는 특급 비법 [유병장수],분당서울대학교병원,157258,2638,2024-11-21 07:15:00+00:00,1046,7.792207792207792,Medical Pro,Description,513,306.5458089668616,5.728624048401265,0,0,0
_MCqxr4bYt0,고혈압,손목 안쪽 이곳만 눌러줘도 혈압 관리에 도움되는 이유,인생숏츠,585001,5246,2025-10-29 15:45:07+00:00,12,8.620689655172415,General,Description,171,3421.058479532164,8.137997543590796,0,0,1
F8GWUfDePCI,고혈압,"치매, 고혈압, 심장병, 건강상태가 걱정되면 매일 하루 1번 드세요! 기억력, 혈액순환이 좋아집니다[리틀약사]",리틀약사,136890,2690,2023-05-09 10:00:17+00:00,348,11.363636363636363,Medical Pro,Description,1075,127.33953488372093,4.854679368221373,0,0,0
AU2tMM2Pdco,고혈압,"고혈압, 저혈압 고민이라면 해결법 알려주는 함익병 #건강 #건강정보 #건강관리",지식붐,252110,3186,2025-10-27 15:40:00+00:00,78,8.032128514056225,General,Description,173,1457.2832369942196,7.285015157758177,0,0,0
j1Nc6P12Vlo,고혈압,"318. 고혈압, 두통, 불면에 좋은 풍지혈.3분만 풀어주세요ㅣft 부부한의사",부부한의사,133081,3660,2023-10-01 10:17:00+00:00,59,15.384615384615383,Medical Pro,Description,930,143.0978494623656,4.970492578968822,0,0,1
qY5JGTDSguY,고혈압,혈압약 오래 먹으면 몸이 망가지나요?,대항병원,156965,1325,2024-02-15 01:00:01+00:00,51,49.00181488203267,Medical Pro,Description,793,197.93820933165196,5.292994270636467,0,0,1
wwRFXQe4R6A,고혈압,[고혈압은 병이 아니다] 고혈압이 병이라는 것은 새빨간 거짓말 책읽어주는여자 오디오북 podcasts,책읽기좋은날,106571,3611,2022-10-07 12:45:03+00:00,2322,11.194029850746269,General,Description,1289,82.67726920093095,4.426967365952031,0,0,0
cxAFynMfKEA,고혈압,(ENG)고혈압에 좋은 식단 DASH 식단! 혈압조절부터 다이어트까지 한 번에!,내과전문의 닥터케이 Dr.K,100202,2395,2021-05-04 08:50:19+00:00,851,3.584229390681004,Medical Pro,Description,1810,55.360220994475135,4.0317636081454875,0,0,0
Ca3qWFFGwAY,고혈압,진단과 동시에 시한부 선고받던 불치병.. 폐동맥 고혈압도 치료의 희망은 있다! | KBS 240214 방송,KBS 생로병사의 비밀,97487,875,2024-02-28 12:00:16+00:00,1979,14.45945945945946,General,Description,780,124.98333333333333,4.836149623070076,1,1,0
QQ7jxYp5z0o,고혈압,고혈압,서울아산병원,96309,1076,2020-09-17 01:15:20+00:00,1107,62.5,Medical Pro,Description,2039,47.233447768513976,3.8760527174996304,0,0,0
ymWyGhq6DH0,고혈압,고혈압 환자에게 혈압 수치보다 더 중요한 것 [ENG SUB],황성수힐링스쿨,92619,2188,2023-02-24 02:45:37+00:00,211,6.622516556291391,General,Description,1149,80.60835509138381,4.40193164755426,0,0,0
67GRY2Pwcio,고혈압,🩺 고혈압 약 복용하시는 분 필수 시청! ※고혈압 약 복용 시 주의사항※ 순환기내과 박진선 교수 [아주대병원TV],아주대병원TV,113093,1022,2023-02-24 08:00:02+00:00,56,7.408123791102515,Medical Pro,Description,1149,98.42732811140122,4.599427006574211,1,1,1
OnIzvmQtXZE,고혈압,[분당차여성병원ㆍ분당차병원] 고혈압 낮추는 방법? 고혈압 관리법 알려드립니다!,분당차병원_CHA Bundang Medical Center,90262,1044,2023-05-27 09:30:01+00:00,582,42.66666666666666,Medical Pro,Description,1057,85.39451277199622,4.458924164209814,0,0,0
ekE3Csj9Ptw,고혈압,"[EBS 명의 스페셜] 전격해부, 고혈압",EBS,85129,862,2020-08-07 10:45:01+00:00,572,4.385964912280702,General,Description,2080,40.927403846153844,3.735939642884992,0,0,0
nuALhLc6Sug,고혈압,최근 밝혀진 충격적인 고혈압의 오해와 진실 l 이승훈 교수,김현욱의 지식의길,82188,1840,2025-11-07 06:00:47+00:00,1231,9.15929203539823,General,Description,162,507.3333333333333,6.231137400373402,1,1,0
-UmpRqIb-ng,고혈압,가볍게 여기고 방치하면 사망 유발 합병증으로 이집니다! 고혈압 환자 40%가 모르는 합병증의 충격적 진실! I KBS 20181205 방송,KBS 생로병사의 비밀,80268,1039,2025-10-22 15:30:00+00:00,2521,5.660980810234541,General,Description,178,450.9438202247191,6.113557880569166,2,1,0
DWTKFGzpGQM,고혈압,고혈압 초기증상?? 혈압 낮추는 가장 쉬운 방법 알려드려요. #고혈압예방 #고혈압 #건강정보,모두라이프,107756,1086,2024-01-11 11:34:10+00:00,59,30.303030303030305,General,Description,828,130.1400966183575,4.876266191592541,1,1,1
2ghnT5cyBkQ,고혈압,고혈압 진단기준과 음모론 1부 l 제약회사가 일부러 고혈압 기준을 낮춘다? l 닥터딩요,닥터딩요,71848,1677,2018-06-05 03:03:56+00:00,949,8.547008547008547,Medical Pro,Description,2874,24.999304105775924,3.258069772500824,0,0,0
-gDEVT-cpKM,고혈압,이뇨제가 고혈압약💊이라고요?,고대병원,173242,1661,2025-10-18 05:30:01+00:00,52,40.81632653061224,Medical Pro,Description,182,951.8791208791209,6.859488054978736,0,0,1
EwGV43DEqT4,고혈압,고혈압약 부작용은 무엇일까?,내과전문의 닥터케이 Dr.K,69487,1355,2022-09-30 09:00:16+00:00,661,39.47368421052632,Medical Pro,Description,1296,53.61651234567901,4.0003362609435005,0,0,0
ccQTgl3Q0xc,고혈압,고혈압에도 증상이 있나요?,건강의학전문채널 하이닥,68440,700,2020-07-14 05:06:01+00:00,216,20.10460251046025,General,Description,2104,32.52851711026616,3.5123963337401185,1,1,0
yukn1cxrkOc,고혈압,"20대에 고혈압을 진단받고, 약을 복용하기 시작한 심장내과 전문의가 혈압을 관리하고, 자기 몸의 '혈압 패턴'을 찾는 노력  l KBS 20231025 방송",KBS 생로병사의 비밀,65702,591,2023-11-02 11:30:11+00:00,489,10.584415584415584,General,Description,898,73.16481069042317,4.306289788226281,0,0,0
1R7WElc6C8E,고혈압,고혈압 걱정 끝! 혈압 낮추는 음식 5가지,건강보감TV,88525,2752,2025-02-06 07:00:02+00:00,48,6.134969325153374,Medical Pro,Description,436,203.03899082568807,5.318311107079389,0,0,1
-EK-51SItd0,고혈압,[아!이유] 고혈압약 먹는다면 주의해야 하는 영양제? / 가정의학과 서희선 교수,길병원TV,56568,428,2021-08-05 03:00:00+00:00,84,24.30555555555556,Medical Pro,Description,1717,32.94583576004659,3.524766188456457,1,1,0
ap5lWkaU8ng,고혈압,"[Full] 고혈압, 고지혈, 고혈당, 이 중 하나라도 있으면 돌연사 당합니다!ㅣ귀하신 몸ㅣ90화 시작은 3高, 끝은 돌연사 - 혈관 노화",EBSDocumentary (EBS 다큐),54007,745,2025-02-14 17:00:03+00:00,2763,8.823529411764707,General,Description,428,126.18457943925233,4.845639412733483,1,1,0
Q9fYgCfV7Ng,고혈압,고기 많이 먹으면 암에 걸리나? [3부 질문과 답변] 고혈압은 약 없이도 치료 가능하나?,닥터쓰리 - 한미일의사의 쉬운 의학,53156,4373,2024-10-25 09:12:08+00:00,406,3.1821797931583133,Medical Pro,Description,540,98.43703703703704,4.599524650268558,1,1,0
oKCSaGQTASM,고혈압,고혈압이 있다면 이것 끊으면 해결! 혈압약을 끊는 방법! #shorts,나음힐링센터 방태환원장,69118,935,2023-09-09 09:19:52+00:00,59,3.8684719535783367,General,Description,952,72.6029411764706,4.298684986573214,0,0,1
Ijbbj4nGcbo,고혈압,고혈압 전조증상과 혈압을 낮추는 방법 2가지  | 순환기내과 의사에게 묻다,서울대병원tv,53208,567,2023-11-07 09:35:24+00:00,375,29.069767441860463,Medical Pro,Description,893,59.58342665173572,4.104021368075596,2,1,0
jxFTV9frUuY,고혈압,"고혈압, 약 없이 혈압 낮추는 법 | 김병재 박사의 천연 레시피",제철건강,47907,1527,2025-04-07 12:15:05+00:00,1325,9.1643059490085,General,Description,376,127.4122340425532,4.855245667422186,0,0,0
4_eRqbw3IG0,고혈압,고혈압 기준은 왜 140/90mmHg 인가요? #shorts,삼성서울병원,59375,427,2023-09-27 08:00:03+00:00,47,33.333333333333336,Medical Pro,Description,934,63.57066381156317,4.167760187080548,0,0,1
uPETHTb69E8,고혈압,고혈압 환자를 위한 생활습관ㅣ건강플러스,서울아산병원,45849,339,2018-01-22 01:30:02+00:00,178,16.933207902163687,Medical Pro,Description,3008,15.242353723404255,2.7876222579388155,0,0,0
oYTMqupQ1rw,고혈압,11 고혈압약(혈압약) 종류 특징 부작용 정리 (feat. 유튜뷰에서 가장 쉽지만 정확하게 알려드립니다),철수와건강,44343,1156,2021-01-31 11:00:14+00:00,615,13.108614232209735,General,Description,1903,23.30162900683132,3.1905433854177634,0,0,0
z5qctIiMZdI,고혈압,고혈압 어디까지 낮춰야 할까? 약을 줄이는 방법 3가지 | 서울대병원 이해영 교수,서울대병원tv,41410,464,2022-12-23 07:00:16+00:00,426,36.93570451436389,Medical Pro,Description,1212,34.166666666666664,3.5600986642480112,0,0,0
R6jp4McBeW8,고혈압,"[PEOPLE in 세브란스]  '한통속' 고혈압, 고지혈증, 당뇨 한 번에 잡는 법",세브란스,40671,657,2023-05-17 09:00:12+00:00,294,17.699115044247787,General,Description,1067,38.117150890346764,3.6665610125130224,0,0,0
brt8-lxEF5Y,고혈압,고혈압 주요 증상 #shorts,길병원TV,52709,525,2023-07-27 05:00:16+00:00,55,26.352288488210817,Medical Pro,Description,996,52.920682730923694,3.987514128447549,1,1,1
ZniortANfXA,고혈압,[Dr.log] 고혈압 집에서 관리하는 방법❗️ㅣ좋은 음식 vs 나쁜 음식🥬🍪 [고혈압 1편],고대병원,38261,507,2022-09-06 00:51:21+00:00,362,7.092198581560283,Medical Pro,Description,1320,28.98560606060606,3.400717468542476,0,0,0
phoC0YnwrOI,고혈압,고혈압 약 없이 혈당 낮추는 법! 이렇게만 하면 고혈압 금방 좋아집니다.,여섯시의 진료실,54092,366,2024-03-27 10:01:42+00:00,60,12.57861635220126,General,Description,752,71.93085106382979,4.289511746526705,0,0,1
v7_m3jNZ-4E,고혈압,고혈압이라면 꼭 봐야할 혈압약의 작용과 부작용 [약의 작용 vs 부작용],분당서울대학교병원,33345,692,2025-03-06 07:15:04+00:00,1398,38.86010362694301,Medical Pro,Description,408,81.7279411764706,4.41555740683502,0,0,0
-_4ilvEgVR4,고혈압,767. 고혈압에 좋은 운동!!! 앉아서 바로 하세요~,부부한의사,67978,1197,2025-07-05 11:00:01+00:00,42,30.927835051546392,Medical Pro,Description,287,236.85714285714286,5.471670253359231,0,0,1
VH32gFAvdv8,고혈압,이렇게 없애는 겁니다ㅣ고혈압 심장 혈관 동맥경화,우리 모두 튼튼,29030,1329,2025-07-09 20:00:20+00:00,1151,4.73186119873817,General,Description,283,102.57950530035336,4.640339484969215,0,0,0
pa8ZBwujSWY,고혈압,이렇게 운동했더니 고혈압 약 끊었습니다 - 이지스튜디오 이상열 원장,랜선진료소,41900,388,2024-04-17 00:50:55+00:00,52,25.64102564102564,General,Description,731,57.3187414500684,4.0659235073932765,0,0,1
vns3dAxJftc,고혈압,미녹시딜 탈모약 원래 고혈압약이라던데... #shorts,여에스더의 에스더TV,30107,481,2023-06-07 10:00:47+00:00,60,38.96103896103896,Medical Pro,Description,1046,28.782982791587,3.3939371831395913,0,0,1
JmHsB71KGXw,고혈압,한 번 심각해지면 되돌리기 어려운 고혈압과 당뇨! 둘 중 하나라도 있다면 필수시청! 고혈압 환자에게 당뇨가 생기는 이유│고혈압과 당뇨│명의│#EBS건강,EBS 건강,27648,402,2024-05-18 07:00:15+00:00,982,2.9411764705882355,General,Description,700,39.497142857142855,3.7012314248867417,1,1,0
7csFOQOzVf4,고혈압,고혈압 있으면 물부터 마셔라! (살맛나십쇼) @좋은아침 5119회 20170711,SBS Entertainment,26453,253,2017-07-11 08:40:45+00:00,189,5.2631578947368425,General,Description,3203,8.258819856384639,2.22557659522141,0,0,0
gPryrX13GUo,고지혈증,콜레스테롤 높을 때 꼭 피해야 하는 음식 6가지는? 고지혈증 식이요법②,이재성 박사의 식탁보감,6108159,132240,2020-02-16 22:00:08+00:00,436,1.838235294117647,General,Description,2253,2711.1225033288947,7.905486818884102,0,0,0
zHvIgS0OioU,고지혈증,(ENG/CN)고지혈증 약을 먹지 않고 치료하는 방법!,내과전문의 닥터케이 Dr.K,4988475,98058,2020-08-01 09:00:24+00:00,844,30.303030303030305,Medical Pro,Description,2086,2391.406999041227,7.780055250697483,0,0,0
IjHrWPEiCPc,고지혈증,고지혈증이 있다면 '이런 음식'은 절대 드시지 마세요!!! (이것만 피하면 고지혈증이 금새 좋아집니다),약사가 들려주는 약 이야기,3769300,61616,2021-11-18 10:00:06+00:00,838,6.012024048096192,Medical Pro,Description,1612,2338.2754342431763,7.757596516916482,1,1,0
9CwQ9QVMGQQ,고지혈증,매일 이것만 하면 고지혈증 약 없이 사라집니다 건강한 혈관 만드는 가장 간단한 방법,김소형채널H,2792527,37328,2023-05-01 22:00:03+00:00,665,3.009027081243731,General,Description,1083,2578.510618651893,7.855354977230561,0,0,0
VX4QiYqHl-g,고지혈증,영양제 대신 '이걸' 드세요. 잘 챙겨만 먹어도 끈적한 고지혈증 싹 사라지는 최고의 음식 '3가지' (최석재 원장 2부),지식한상 ,2119511,23539,2024-04-08 10:00:19+00:00,901,1.5303983228511535,General,Description,740,2864.2040540540543,7.9603948496681145,0,0,0
BhDWCD_41ts,고지혈증,"콜레스테롤, 고지혈증 약 먹지 않고 치료하는 가장 좋은 방법!",건나물TV,1554805,20003,2023-08-03 23:00:06+00:00,553,19.7869101978691,Medical Pro,Description,989,1572.0980788675429,7.360802252587832,0,0,0
0zxxpzB53ms,고지혈증,의사도 고지혈증? 착한 기름으로 고지혈증 막는 의사의 식사법 (KBS 20220119 방송),KBS 생로병사의 비밀,1524941,10905,2022-02-03 09:00:09+00:00,466,1.968641114982578,General,Description,1535,993.4469055374593,6.902186708771757,0,0,0
MK439-xiNTU,고지혈증,ㅇㅇㅇ 증상이 나타나면 고지혈증약 부작용을 의심해보세요 [약사언니 #7],의학채널 비온뒤,1478235,17294,2021-01-24 03:00:10+00:00,360,14.577572964669738,General,Description,1910,773.9450261780105,6.652792092873557,1,1,0
PYOiwPeHH00,고지혈증,매일 먹은 고지혈증약이 나를 병들게 한다. 고지혈증약 스타틴 부작용은 모르면 평생 고생!!,기능의학의사 김원장,1291465,24114,2024-05-29 11:00:19+00:00,1500,29.81029810298103,Medical Pro,Description,689,1874.4049346879535,7.5365798802543,0,0,0
TlIQ5PwfUuQ,고지혈증,고지혈증 혈관건강엔 밥에 이것 무조건 넣으세요,김소형채널H,1289026,27189,2022-11-04 23:00:31+00:00,599,1.663893510815308,General,Description,1261,1022.2252180808882,6.930714896247947,0,0,0
4nSnZAAzkZ0,고지혈증,"이걸 꾸준히 드시면, 고지혈증이 약 없이 사라집니다. (콜레스테롤 수치를 낮추는 검증된 영양제)",약사가 들려주는 약 이야기,1243634,17716,2022-11-08 10:00:05+00:00,1173,6.772009029345372,Medical Pro,Description,1257,989.3667462211615,6.898075325257152,0,0,0
_c3E1BhYxuo,고지혈증,LDL 콜레스테롤 낮추는 법 6가지 [숫자로 보는 건강],분당서울대학교병원,942122,11400,2023-04-13 07:15:01+00:00,644,6.0606060606060606,Medical Pro,Description,1101,855.6966394187102,6.753083876257402,0,0,0
V95y4kdnyU4,고지혈증,"'고지혈증' 약 대신에 이걸 드시면 안전하게 낮출수 있습니다 (혈관건강, 고콜레스테롤, 혈액순환, 혈관 염증 개선)",약사가 들려주는 약 이야기,836811,15008,2021-10-26 10:00:12+00:00,484,12.684989429175475,Medical Pro,Description,1635,511.81100917431195,6.239907374124669,0,0,0
wvPdw9GAqBY,고지혈증,[닥튜브] 혈관을 파괴하는 고지혈증 원인 4가지,세브란스,828923,8479,2022-04-06 09:00:36+00:00,450,31.29890453834116,General,Description,1473,562.744738628649,6.334601557963845,0,0,0
2Vb00G22jbg,고지혈증,고기도 안 먹는데... 콜레스테롤 높은 이유? 고지혈증 치료하는 자연요법!!,진약사톡,833151,18138,2024-09-21 09:00:03+00:00,1612,5.434782608695652,Medical Pro,Description,574,1451.4825783972126,7.281029494435349,0,0,0
AZwbgtTYXeE,고지혈증,LDL 콜레스테롤의 진실 [Teaser],다이어트 과학자 최겸 Gyum Choi,915431,13076,2022-09-02 10:34:30+00:00,59,2.183406113537118,General,Description,1324,691.4131419939577,6.540182803471377,0,0,1
gUPSLpGJDwU,고지혈증,고지혈증 환자가 무조건 끊어야 할 최악의 음식 3가지,잘 사는 노인연구소,790836,27006,2025-04-22 01:00:43+00:00,2239,1.0619469026548671,General,Description,361,2190.6814404432134,7.6924243092417735,1,1,0
3SygoiXRr-Y,고지혈증,스타틴(고지혈증약)의 진짜 문제 l 스타틴 복용자의 식이조절 l 닥터딩요,닥터딩요,755527,12690,2022-12-31 11:00:03+00:00,899,10.0,Medical Pro,Description,1204,627.514119601329,6.4433584933329735,0,0,0
wbwpHF-idzk,고지혈증,"매일 마시는 ""이 커피""가 고지혈증의 원인입니다 이 커피를 조심하세요",약사가 들려주는 약 이야기,1740847,22946,2024-04-01 08:51:13+00:00,60,1.890359168241966,Medical Pro,Description,747,2330.451137884873,7.754246158655777,0,0,1
MUReCyOqKAY,고지혈증,"콜레스테롤 수치보다 더 중요한 것(고지혈증의 대가, 서울아산병원 심장내과 한기훈 교수 & 홍혜걸 박사) [인사이트 인터뷰 짤방]",의학채널 비온뒤,733047,12096,2021-09-16 21:00:08+00:00,967,2.861736334405144,General,Description,1675,437.64,6.083679031095793,0,0,0
L6EGu09nCUQ,고지혈증,[바른 리플레이🔁] 고지혈증 식이요법부터 약 안 먹고 치료하는 법 총정리!,바른건강,714503,9487,2023-01-21 03:00:18+00:00,3109,23.411371237458194,General,Description,1183,603.9754860524091,6.40518793828829,0,0,0
MWs95k66OuY,고지혈증,실생활에서 고지혈증 약 줄이는 방법!  [이지향 약사의 무엇이든 물어보약 6회],한국시니어TV,600975,11914,2023-07-30 10:00:24+00:00,2574,18.083182640144667,Medical Pro,Description,993,605.2114803625377,6.407228902686768,0,0,0
OVK9dl_xFzM,고지혈증,고지혈증 꼭 약으로만 해결이 가능 할까요? 아침 공복 '이것' 한스푼이면 해결 됩니다 #고지혈증 #이상지질혈증 #원인,몸신한의사 한진우,567454,15457,2024-12-18 23:00:24+00:00,641,2.889546351084813,Medical Pro,Description,486,1167.6008230452676,7.0635624344203345,0,0,0
25pr6KA2Ts0,고지혈증,2분만 투자해도 콜레스테롤 낮춰 고지혈증을 완치해 주는 운동이 있다?,바른건강,519174,5793,2022-03-21 08:12:43+00:00,629,6.872852233676976,General,Description,1489,348.67293485560776,5.856998245751332,0,0,0
oMZJHV4GSU8,고지혈증,콜레스테롤이 높은데 고지혈증약 먹는게 부담스럽다면 딱 1달만 이렇게 하세요. 약없이 콜레스테롤 낮추는 방법. 거저먹기,기능의학의사 김원장,470693,14042,2024-12-25 11:00:59+00:00,1432,21.96382428940569,Medical Pro,Description,479,982.6576200417536,6.891277889392573,0,0,0
aEGKgjn5dTE,고지혈증,"[Full] 귀하신 몸 - 12화 침묵의 살인자, 고지혈증",EBSDocumentary (EBS 다큐),470084,5396,2023-08-04 17:00:00+00:00,2843,5.305039787798409,General,Description,988,475.79352226720647,6.167083529809871,0,0,0
gN7A2viiF3A,고지혈증,고지혈증에 좋은 음식과 콜레스테롤 수치 낮추는 방법,여섯시의 진료실,510474,7472,2023-08-30 09:00:27+00:00,57,8.849557522123893,General,Description,962,530.6382536382537,6.275963283690039,0,0,1
2S5vHRU6qUA,고지혈증,고지혈증약 스타틴의 비밀 병원에서 절대 알려주지 않는다! LDL콜레스테롤 수치가 높다고 무작정 고지혈증약 스타틴을 먹기 전에 필수시청!,기능의학의사 김원장,403957,9927,2025-01-28 11:00:07+00:00,1945,28.24858757062147,Medical Pro,Description,445,907.7685393258427,6.812090429548401,1,1,0
ieNuyH2IiZA,고지혈증,"고지혈증이 무서운 이유!! | 명의가 알려주는 원인과 치료 방법, 약 복용 | 건강검진 | 콜레스테롤",EBS 컬렉션 - 사이언스,391055,3383,2022-11-27 11:21:26+00:00,672,13.605442176870747,General,Description,1238,315.8764135702746,5.758511835306779,0,0,0
fb0FXusPcMY,고지혈증,고지혈증약의 치명적 부작용 비밀!! 의사들은 절대 알려주지 않습니다.,기능의학의사 김원장,374270,6563,2025-12-03 12:31:05+00:00,1792,30.0187617260788,Medical Pro,Description,136,2751.985294117647,7.920441163362138,2,1,0
YT94UCmlais,고지혈증,고지혈증은 무엇일까? l 어떤 수치를 보아야 할까? l 고지혈증은 왜 나쁠까? l 닥터딩요,닥터딩요,370162,12185,2019-11-25 12:56:26+00:00,2088,22.727272727272727,Medical Pro,Description,2336,158.4597602739726,5.071791603711703,0,0,0
kMbgWk3h0C4,고지혈증,"언제 터질지 모르는 시한폭탄 고지혈증, 미리 예방할 수 있습니다.│좋은 기름과 나쁜 기름 구별법│맞춤형 식단과 쉬운 운동으로 고지혈증 예방하자!│귀하신몸│#골라듄다큐",EBSDocumentary (EBS 다큐),369559,3438,2023-08-21 07:00:30+00:00,2504,2.8735632183908044,General,Description,971,380.59629248197734,5.944363223808844,0,0,0
AS5BQ7chWYA,고지혈증,마른 체질인데 고지혈증? 채식해도 콜레스테롤 지수가 높은 이유!,바른건강,368442,2062,2022-08-19 06:45:51+00:00,471,3.1746031746031744,General,Description,1338,275.3677130044843,5.62173227249617,0,0,0
OGRftKY_M6w,고지혈증,당신의 고지혈증 검사 결과 해석하는 방법!,서울대학교병원 강남센터,368292,5156,2021-03-02 10:23:22+00:00,784,3.66742596810934,Medical Pro,Description,1873,196.63214095034704,5.286407428717923,0,0,0
zL5XLxdXFjY,고지혈증,고지혈증을 약 대신 영양제로 극복하는 법 (나쁜 콜레스테롤 낮추는 혈관 영양제),약사가 들려주는 약 이야기,333475,6096,2025-08-26 09:45:05+00:00,512,7.760532150776053,Medical Pro,Description,235,1419.0425531914893,7.258442117182564,0,0,0
TPL4krxpStU,고지혈증,고지혈증 스타틴 처방 받기 전에 이것부터 꼭 확인하세요. 35년 차 의사인 제가 콜레스테롤 약 안 먹는 이유.,교육하는 의사! 이동환TV,327835,8114,2025-02-14 11:00:41+00:00,755,2.717041800643087,Medical Pro,Description,428,765.9696261682243,6.642447199759426,0,0,0
wPW6dRs5cGM,고지혈증,의사인 내가 고지혈증 약 스타틴 끊은 이유 l 고지혈증약 스타틴 부작용,안과 박원장,556309,9275,2025-04-20 10:37:49+00:00,91,26.54867256637168,General,Description,363,1532.5316804407714,7.335328642252405,0,0,0
78XnQOgZTAU,고지혈증,스타틴과 고지혈증,정희원의 저속노화,294368,8409,2025-03-15 08:00:07+00:00,1003,2.785515320334262,General,Description,399,737.7644110275689,6.604979075843165,0,0,0
-5K8wVVZcQE,고지혈증,고지혈증 있어도 오래 잘 살 수 있는 특급 비법 [유병장수],분당서울대학교병원,275921,4864,2025-05-22 08:18:04+00:00,2384,8.419083255378858,Medical Pro,Description,331,833.5981873111782,6.726950396229834,0,0,0
yDzxRqz57IQ,고지혈증,고지혈증 환자면서 의사인 제가 파○바게트 건강빵을 먹어 봤습니다 (광고X) l 모든 비건 호밀빵 비교 l 닥터딩요,닥터딩요,259295,4266,2025-05-09 11:01:42+00:00,1199,16.272189349112427,Medical Pro,Description,344,753.7645348837209,6.626405826279916,0,0,0
lhZzarMGsbA,고지혈증,"""의사들 밥줄 끊길 각오로 말합니다"" 고지혈증 약 없이 혈관 기름 쫙~ 빼는 방법 (김병재 박사 2부)",건강한입,249524,7976,2025-07-31 09:30:31+00:00,940,11.02102102102102,General,Description,261,956.0306513409962,6.863835419509535,0,0,0
xrDDNvVSovY,고지혈증,"463. 고지혈증, 무조건 이렇게 해야  I  ft 부부한의사",부부한의사,254792,5337,2024-04-08 10:00:49+00:00,58,11.976047904191615,Medical Pro,Description,740,344.3135135135135,5.844452739203623,0,0,1
RTSy4o_dEH8,고지혈증,"'무' 잘만 먹어도 폐암, 고지혈증에 도움! 건강 음식 정보, 건강 레시피",건강생활,244783,5696,2024-11-23 08:15:00+00:00,2371,6.195786864931846,General,Description,511,479.027397260274,6.1738431798986415,1,1,0
_Ur_rrFRQFQ,고지혈증,의사들 밥줄 끊길 각오로 말합니다 고지혈증 약 없이 혈관 기름 싹 빼는 방법 (서울대병원 이승훈 교수) 인생조언 삶의지혜 건강 오디오북,건강주의보,241063,10526,2025-08-04 23:15:04+00:00,2551,19.565217391304348,General,Description,257,937.988326848249,6.844803047659478,0,0,0
i9ulQwz9UXo,고지혈증,"""이러다간 정말 큰일"" 건강한 식단을 유지하는데도 고지혈증 진단받아 도움 요청한 출연자에 우창윤 전문의의 일침｜귀하신몸｜#EBS건강",EBS 건강,230667,1859,2025-06-15 06:00:40+00:00,1436,7.317073170731708,General,Description,307,751.3583061889251,6.62321268146949,0,0,0
dyqRzMhgUFs,고지혈증,"당뇨병, 고지혈증 약없이 혈당스파이크 낮추는법! 당화혈색소낮추는방법 #당뇨합병증 #심뇌혈관질환예방 #혈당스파이크방지 #혈당스파이크음식",루이빈치과 류지헌,264499,10073,2024-07-06 02:30:13+00:00,53,6.451612903225806,General,Description,651,406.2964669738863,6.009541340356707,0,0,1
vy61oQbZ5S0,고지혈증,"약없이 콜레스테롤 관리하는 방법! 동맥경화, 고지혈증, 경동맥 협착증  있는 분 필독하세요 고지혈증약부작용 #동맥경화예방",루이빈치과 류지헌,258075,11499,2024-06-23 02:30:33+00:00,60,10.869565217391305,General,Description,664,388.6671686746988,5.965292961104323,0,0,1
YNtw4PCMAnI,고지혈증,LDL-콜레스테롤을 500에서 70으로 낮추는 방법ㅣ윤석민 인터뷰ㅣ가족성 고콜레스테롤혈증ㅣ닥터딩요,닥터딩요,221795,3184,2025-11-20 10:01:03+00:00,1514,17.28395061728395,Medical Pro,Description,149,1488.5570469798658,7.306234070835754,0,0,0
U_SvQ755GBQ,고지혈증,"고혈압, 고지혈증, 고혈당?! 갱년기 이후 체질 변화",병원접수,206218,908,2025-06-10 03:00:36+00:00,448,21.50537634408602,Medical Pro,Description,312,660.9551282051282,6.495197771472213,0,0,0
ivhSxSWtq1M,고지혈증,커피가 콜레스테롤을 높여 고지혈증을 일으킨다? 이런 커피는 조심해야 합니다.,약사가 들려주는 약 이야기,433569,2770,2025-12-20 05:00:56+00:00,81,32.25806451612903,Medical Pro,Description,119,3643.436974789916,8.200957167433588,0,0,0
FW978HDMrSA,고지혈증,고지혈증약 꼭 먹어야 할까? 이럴 땐 안 먹어도 됩니다!,이음여성한의원 김우성 원장,167859,3279,2023-03-31 04:00:06+00:00,407,3.0395136778115504,General,Description,1114,150.68132854578096,5.021781797340854,0,0,0
jtKMouVJQFQ,고지혈증,고지혈증 귀족만 걸리는 병? 풍족하게 먹고 마신 식습관 혈관에 흔적 남긴다! | 명의 | #EBS건강,EBS 건강,163960,1827,2023-12-05 08:00:30+00:00,867,6.369426751592357,General,Description,865,189.5491329479769,5.249910077049621,0,0,0
6yCB3DQfwRA,고지혈증,'이런 커피'가 혈당을 높이고 고지혈증의 원인이 됩니다 그런데 혈당 및 콜레스테롤 걱정 없이 건강하게 마실수 있는 커피가 있습니다,약사가 들려주는 약 이야기,159517,3188,2024-01-16 10:00:04+00:00,645,4.767580452920143,Medical Pro,Description,823,193.82381530984205,5.272095638919873,0,0,0
xS_uVOyYJOo,고지혈증,09. 고지혈증의 음모-고지혈증 필수 영양제 추천해드림💊,행복한의사 김정훈의 건강이야기,158043,3060,2021-09-17 08:52:31+00:00,646,6.302521008403361,Medical Pro,Description,1674,94.41039426523298,4.558187527081314,0,0,0
PA70-NQ-c1s,고지혈증,"위험한 혈액 속 기름기, 고지혈증ㅣ건강플러스",서울아산병원,154517,1694,2020-11-30 01:43:41+00:00,204,15.053763440860216,Medical Pro,Description,1965,78.63460559796438,4.377448742069698,1,1,0
5WTgrq0_HfA,고지혈증,고지혈증 약 먹기 전 6가지 체크리스트,더나은길외과,149734,1914,2025-09-24 09:00:09+00:00,508,16.867469879518072,General,Description,206,726.8640776699029,6.590114324267472,0,0,0
f6ySurY0xTs,고지혈증,고지혈증약 부작용이 나타난다면? (고대안암병원 순환기내과 홍순준),의학채널 비온뒤,165811,2856,2023-10-30 14:30:19+00:00,59,9.607843137254903,General,Description,901,184.0299667036626,5.220517794142588,1,1,1
BVpHhfU_2AY,고지혈증,고지혈증에좋은음식 중성지방 LDL 콜레스테롤 낮추는 방법 음식 식단,박지영박사의 건강돋보기TV,141881,4342,2025-01-24 09:30:08+00:00,597,3.058103975535168,Medical Pro,Description,449,315.9933184855234,5.758880696322417,0,0,0
m7XuqUyAAzg,고지혈증,"고지혈증약 부작용 뚝! 좋은 콜레스테롤 수치 높이는 2가지 비법. 콜레스테롤약 부작용, 근육통 수면장애 없이 치매예방하고, 뇌가 탱탱! 고지혈증약 끊기 #콜레스테롤낮추는영양제",루이빈치과 류지헌,133940,5611,2024-11-29 06:47:19+00:00,60,10.989010989010987,General,Description,505,265.2277227722772,5.584352043184212,0,0,1
9vgEXajBl84,고지혈증,돈쓰고 치매 걸리는 뻘짓1위! 고지혈증 약 먹고 '콜레스테롤' 수치 무조건 낮추면 생기는 섬뜩한 일 5가지 #치매예방 #인지장애 #콜레스테롤산화예방 #만성근육통 #답즙 #면역력,루이빈치과 류지헌,130042,6980,2024-08-21 02:30:06+00:00,57,4.926108374384237,General,Description,605,214.94545454545454,5.375025850541769,0,0,1
tKfjF03q3kM,고지혈증,LDL콜레스테롤 높다고 고지혈증약 바로 먹으면 인생망합니다.  #고지혈증약부작용 #고지혈증원인,기능의학의사 김원장,145914,3268,2025-02-19 10:51:19+00:00,70,36.69724770642202,Medical Pro,Description,423,344.9503546099291,5.846295280976609,0,0,0
kUP1Hn4AMG8,고지혈증,"""고지혈증약 못끊어"" 그러면 꼭 보세요. 치매 근육통 당뇨 간기능저하 부작용 불안불안할때 필독 #콜레스테롤수치에속지마라 #콜레스테롤높은이유 #콜레스테롤간 #스타틴당뇨 #콜레스테롤약",루이빈치과 류지헌,126105,5107,2024-09-21 02:30:31+00:00,56,6.815968841285297,General,Description,574,219.6951219512195,5.396782210395948,0,0,1
zEvynD1nnf8,고지혈증,"콜레스테롤 수치 250, 스타틴 먹어야 할까? '이 노하우' 하나면 고지혈약 없이 동맥경화 심근경색 협심증 걱정 싹! 혈관건강 달인됩니다 #콜레스테롤진실 #비타민c효능 #비타민씨",루이빈치과 류지헌,167873,3474,2025-01-09 01:30:38+00:00,48,11.293634496919918,General,Description,464,361.79525862068965,5.893838649304121,0,0,1
9ao7PjL6Yc4,고지혈증,(ENG)고지혈증약 부작용으로 당뇨가 생길 수 있다? 스타틴과 당뇨의 연관성!,내과전문의 닥터케이 Dr.K,109593,3234,2021-08-13 08:50:48+00:00,810,20.785219399538107,Medical Pro,Description,1709,64.12697483908718,4.176338823438528,0,0,0
oI48WJfq2TM,고지혈증,고지혈증 약 먹는 기준 | 증상 없지만 고지혈증약 먹어야 하는 사람은? (명지병원 내분비내과 이재혁 교수),의학채널 비온뒤,99246,1086,2022-03-07 06:00:22+00:00,294,7.241379310344829,General,Description,1503,66.03193612774452,4.2051691644483835,1,1,0
thkV1nw6Xp4,고지혈증,스타틴 고지혈증약 부작용 4가지! 치매 간독성 근육통증 당뇨병 꼭 알고 드세요 스타틴 끊으면???,루이빈치과 류지헌,119274,3354,2024-04-03 02:30:24+00:00,59,10.011123470522802,General,Description,745,160.0993288590604,5.082021124184558,0,0,1
X0gn7vBPGr0,고지혈증,고지혈증 환자가 빵을 먹으면서 콜레스테롤을 도리어 낮추는 방법! l 고LDL-콜레스테롤혈증 환자에게 최고의 빵 l 닥터딩요,닥터딩요,97764,2440,2025-04-04 11:00:43+00:00,1729,18.45637583892617,Medical Pro,Description,379,257.9525065963061,5.556644672669763,0,0,0
lq4V_GL_K2I,고지혈증,고지혈증이었던 의사가 완치 하면서 추천한 한방 디톡스 차!,바른건강,97159,1278,2022-02-15 01:47:11+00:00,469,13.745704467353953,General,Description,1523,63.794484569927775,4.171220485074162,0,0,0
fXgUhigGdlY,고지혈증,"약사가 알려주는 당뇨, 고혈압, 고지혈증 영양제. 가장 괜찮은 것은 '이것'입니다.(항산화, 인슐린저항성 개선, 공복혈당, 혈액순환, 혈관보호)",리틀약사,96352,1411,2023-10-26 10:00:40+00:00,375,9.975062344139651,Medical Pro,Description,905,106.46629834254144,4.677177294624819,0,0,0
exnHPYK4q1k,고지혈증,[자막뉴스] 주사 한 번에 사라지는 콜레스테롤...고지혈증 치료 '대혁명', YTN,95271,516,2023-11-25 07:38:45+00:00,137,13.440860215053764,General,Description,875,108.88114285714286,4.699399262129871,0,0,0
m8tpcFmDEH8,고지혈증,"콜레스테롤 높으면 먹는 고지혈증약 부작용 6가지😩대한민국 1인당 콜레스테롤약 복용량, 세계 평균보다 15.7배 많다!!(고정댓글 확인) #고지혈증약당뇨 #고지혈증약끊기 #혈관청소",루이빈치과 류지헌,101693,3464,2024-10-19 08:00:35+00:00,45,12.18369259606373,General,Description,546,186.25091575091574,5.232449512910955,0,0,1
8w4Ld19D1F8,고지혈증,"'조용한 살인자' 고지혈증‥""40대도 안심 못 해"" (2025.12.01/뉴스투데이/MBC)",MBCNEWS,83288,867,2025-11-30 22:56:06+00:00,146,10.869565217391305,General,Description,139,599.1942446043165,6.397253343830529,0,0,0
-bpMGpPUNYI,고지혈증,"2편 스타틴? 의사인 저도 안 먹습니다. 고지혈증 약 드시는 분들! 필수시청 l 스타틴과 녹내장, 고지혈증약, 식이요법 l 내가 의대에서 가르친 거짓말들",안과 박원장,83424,2614,2025-05-13 14:56:37+00:00,2443,15.08120649651972,General,Description,340,245.36470588235295,5.506812982285836,0,0,0
RC-E-bEC2hc,고지혈증,가짜 고지혈증에 속지마세요. 약부터 먹지 말고 진짜 고지혈증인지 먼저 구분해야!!,기능의학의사 김원장,77719,2212,2025-07-09 11:30:24+00:00,796,24.502297090352226,Medical Pro,Description,283,274.62544169611306,5.619042848725407,0,0,0
KZ0Nzn5gsA0,고지혈증,콜레스테롤 기준 초과하면 고지혈증? 수치로 알려드립니다!,건강의학전문채널 하이닥,133775,1261,2024-10-29 06:00:08+00:00,53,2.73224043715847,General,Description,536,249.580223880597,5.523779124266593,0,0,1
y_DeAsY7CR0,고지혈증,콜레스테롤 낮추는 영양제(2) 고지혈증이 있다면? 혈관을 위한 영양제 끝판왕!,리틀약사,71968,1608,2021-02-16 11:00:20+00:00,862,7.042253521126761,Medical Pro,Description,1887,38.13884472708002,3.66711544510615,0,0,0
kj_Apar04wQ,고지혈증,고지혈증 약에는 어떤 것이 있을까?,고대병원,112223,1432,2025-02-10 05:29:51+00:00,45,50.0,Medical Pro,Description,432,259.775462962963,5.563659741895376,0,0,1
bj2r29gmdok,고지혈증,"가장 핫한 자연요법 모음. 당뇨, 고지혈증, 혈관을 씻자 [몰아보기]",진약사톡,66338,2264,2025-07-17 09:15:04+00:00,6494,7.6923076923076925,Medical Pro,Description,275,241.2290909090909,5.489883935009001,0,0,0
cs_S92tcoVw,고지혈증,고지혈증 약 먹지말고 혈관 디톡스하세요,몸짱 약사 민재원,79817,1424,2024-09-03 08:00:20+00:00,58,21.27659574468085,Medical Pro,Description,592,134.82601351351352,4.911374754316712,0,0,1
ixdpd5nrLJE,고지혈증,고지혈증 약없이 사라지게하는 음식 3가지 #건강 #건강정보 #건강식단 #건강한중년 #노년건강 #쇼츠 #건강꿀팁,당신을살릴식사,190059,2801,2025-07-24 08:00:47+00:00,23,10.703363914373089,General,Description,268,709.1753731343283,6.56551194394934,0,0,1
dYSR7gi5IKM,고지혈증,뇌혈관 질환 전문의가 '신이 내린 약'이라 부르는 이것💊 #콜레스테롤,더건강,116918,629,2024-04-05 01:36:07+00:00,26,20.40816326530612,General,Description,743,157.35935397039032,5.064866842729674,0,0,1
gWsCBu4_EOc,고지혈증,내과 전문의가 알려주는 고지혈증 식단관리! 고지혈증 환자도 육식이 괜찮다? MBN 210827 방송,바른건강,58218,510,2021-10-26 06:00:07+00:00,316,3.1645569620253164,General,Description,1635,35.607339449541286,3.6002487517118174,0,0,0
SMGl7Hdw134,고지혈증,혈관 막는 고지혈증 확 낮추는 5가지 방법,일상,235583,403,2025-08-03 09:00:21+00:00,6,5.452562704471101,General,Description,258,913.1124031007752,6.817953543215324,0,0,1
Cqf3253zVZE,고지혈증,7월 건강강좌: 증상이 없다고 방치하면 큰일 나는 고지혈증 바로 알기,서울대학교병원 강남센터,50635,1083,2023-07-21 00:00:11+00:00,1119,18.169014084507044,Medical Pro,Description,1002,50.53393213572854,3.9422404671278306,1,1,0
zlWiBJVKWIc,고지혈증,7일간 대추로 고지혈증 관리! 효과 있을까?,바른건강,50481,705,2024-04-09 03:00:35+00:00,758,7.194244604316546,General,Description,739,68.30987821380243,4.238587438805315,0,0,0
5smApTucU3Y,고지혈증,콜레스테롤 고지혈증 있으면 약 먹기 전에 이것부터 드세요!,김소형채널H,47641,1602,2025-09-03 23:30:04+00:00,556,1.9474196689386565,General,Description,227,209.87224669603523,5.351252484212004,0,0,0
3yP4KrV4DLU,고지혈증,올리브유_ 몸에 좋은 줄 알았죠_ 심장마비·고지혈증·췌장염… 올리브유가 불러온 충격 실화,행복백세지혜TV,46071,2428,2025-12-13 11:00:06+00:00,2074,5.235602094240837,Medical Pro,Description,126,365.64285714285717,5.904388232945045,2,1,0
s2DfAqmpjwg,고지혈증,고지혈증 약물로 치료해야 하나요?,서울아산병원,58289,1006,2024-06-20 07:00:34+00:00,60,50.0,Medical Pro,Description,667,87.38980509745127,4.481756636041025,0,0,1
hg9X4_vZf0s,고지혈증,"당뇨, 고혈압, 고지혈증, 심장병, 면역력... 모두에 필요한 알약 하나!",진약사톡,44583,1523,2025-01-24 09:00:54+00:00,1101,5.05050505050505,Medical Pro,Description,449,99.29398663697104,4.6081057394016085,0,0,0
rtLumrUCemc,고지혈증,고지혈증 약 부작용 걱정되시나요? (권기익내과 권지은),의학채널 비온뒤,43376,896,2022-10-06 10:48:15+00:00,1390,15.641025641025642,General,Description,1290,33.624806201550385,3.544570367424702,0,0,0
XQ82PEs3kdw,고지혈증,"이거 실화? 스타틴(고지혈증약) 8년 복용한 엄마, 혈액검사 결과에 충격받아 약 끊었습니다 #스타틴치매 #스타틴부작용 #고지혈증약끊기 #고지혈증약부작용 #콜레스테롤약부작용",루이빈치과 류지헌,45005,1926,2024-09-08 02:30:30+00:00,55,9.365244536940686,General,Description,587,76.6695059625213,4.352462721686739,1,1,1
uOcTA8zR9_U,고지혈증,"고지혈증 약 오래 먹으면 간, 심장이 나빠질까? [무엇이든 물어보세요] 20190531",KBS 교양,41807,286,2019-05-31 07:31:59+00:00,175,20.83333333333333,General,Description,2514,16.629673826571203,2.8695834951933232,0,0,0
nOTNXdpeX68,고지혈증,가짜 고지혈증에 속지마세요. #고지혈증 #콜레스테롤 #고지혈증치료,기능의학의사 김원장,96933,847,2025-10-19 08:01:01+00:00,29,28.30188679245283,Medical Pro,Description,181,535.5414364640884,6.285143793876909,0,0,1
vSRrDRJ4y14,고지혈증,모르면 평생 후회 고지혈증 약없이 치료하는 2가지 방법. 효과 없을 때 확인해야 할 것들,기능의학의사 김원장,38372,1222,2025-11-26 11:02:01+00:00,1488,36.39514731369151,Medical Pro,Description,143,268.3356643356643,5.595958424527159,0,0,0
Q6_PPNSBycw,고지혈증,"기름진 음식을 덜 먹으면 고지혈증이 좋아질까? [정진희쇼, 우리 시대 최고의 스페셜리스트를 찾아서] / 분당서울대병원 순환기내과 전기현",의학채널 비온뒤,37625,564,2025-12-11 00:56:24+00:00,3042,19.402985074626866,General,Description,128,293.9453125,5.6867899577986405,0,0,0
3tMh6vuiW74,고지혈증,"콜레스테롤 높을 땐 영양제 무조건 이렇게 드세요. 고지혈증에 부작용 없는 영양제 조합 (아이허브, 쿠팡파트너스 광고활동 포함)",영양과학자 양과자,37418,938,2025-01-08 09:16:00+00:00,843,7.462686567164179,General,Description,465,80.46881720430108,4.400220336042386,0,0,0
YFAigYKrYQ0,고지혈증,"1달만에 고지혈증 탈출하기. 거저먹기, 약없이 고지혈증치료하기 #고지혈증약부작용 #약없이고지혈증치료 #거저먹기",기능의학의사 김원장,43402,1015,2024-12-29 09:00:27+00:00,46,28.571428571428573,Medical Pro,Description,475,91.37263157894736,4.525830739740188,0,0,1
5bIFMyLucfI,고지혈증,"달걀, 고지혈증에 많이 먹어도 되나요? 콜레스테롤 수치 높으면 계란, 좋은 hdl 콜레스테롤  높이는 특급 혈관청소음식입니다 #고지혈증에좋은음식 #콜레스테롤에좋은음식 #동맥경화음식",루이빈치과 류지헌,38054,2146,2024-12-07 02:00:03+00:00,53,7.49063670411985,General,Description,497,76.56740442655935,4.351147292895626,0,0,1
XAWWqzPI5B8,고지혈증,고지혈증 걱정이라면 꼭 확인하세요 (콜레스테롤 수치 낮추는 검증된 영양제),약사가 들려주는 약 이야기,94026,1699,2025-11-19 10:00:53+00:00,82,18.51851851851852,Medical Pro,Description,150,626.84,6.442285356936944,0,0,0
swCEjohS8pA,고지혈증,고지혈증 약 끊는 유일한 방법 3가지,건강상식119,49228,563,2024-08-27 23:45:01+00:00,60,25.64102564102564,General,Description,599,82.18363939899832,4.421050686651659,0,0,1
Nr45rKtDs4Y,고지혈증,"고지혈증약 부작용이 걱정되시나요? #shorts l 만병의 근원 고지혈증, 제대로 알고 바로 잡자!",캐내네 메디컬,34135,374,2023-01-10 10:00:10+00:00,55,7.194244604316546,General,Description,1194,28.588777219430487,3.387395141443028,0,0,1
3eIi9wJU_QA,고지혈증,이상지질혈증/고지혈증이란? 이상지질혈증이 무서운 진짜 이유 #명의,EBS,32326,361,2024-07-30 06:00:01+00:00,314,2.347417840375587,General,Description,627,51.556618819776716,3.9618910421941735,0,0,0
ikj6ylHS1k0,고지혈증,의사도 챙겨먹는 고지혈증에 좋은 음식 8가지 #면역  #건강 #음식 #고지혈증,조여사건강이야기,54160,1226,2025-03-27 07:45:02+00:00,30,23.25581395348837,General,Description,387,139.9483204134367,4.948393301302083,0,0,1
ZppVx3hMM1Q,고지혈증,"""고지혈증약 부작용, 사람 잡네"" 콜레스테롤 수치에 깜빡 속아 좋은 LDL까지 싹! 당뇨,간수치 상승,근육통,심지어 치매 전조증상까지 골병 듭니다.",루이빈치과 류지헌,51629,1677,2025-06-27 02:44:21+00:00,141,10.21209740769835,General,Description,295,175.0135593220339,5.170561033673065,2,1,0
Y5HGOkwhdfI,고지혈증,콜레스테롤이 높은데 고지혈증약 먹는게 부담스럽다면 딱 1달만 이렇게 하세요. 약없이 콜레스테롤 낮추는 방법,이수정의 건강한 장수비결,29976,1597,2025-12-12 04:15:03+00:00,1305,15.367156208277702,General,Description,127,236.03149606299212,5.46819302708596,0,0,0
8dOqhywo2W0,고지혈증,중성지방 500 넘으면 생명 위험! (90%는 모르는 증상)#중성지방 #고지혈증 #건강검진 #침묵의살인자,백세88건강시대,44111,793,2025-06-16 10:00:12+00:00,57,12.552301255230123,General,Description,306,144.15359477124184,4.977792456069872,2,1,1
mgLcQX5QH48,고지혈증,"당뇨, 혈압, 고지혈증 환자에게 해줘야 하는 조언",닥터조의 건강이야기,55872,1751,2025-06-22 22:00:52+00:00,57,37.03703703703704,Medical Pro,Description,300,186.24,5.2323912164318696,0,0,1
y6GrhgSHBtc,고지혈증,윤혜진 고지혈증이라 약 먹는다면서? (사실 OO 먹습니다),윤혜진의 What see TV,31392,381,2025-02-14 09:01:18+00:00,88,28.571428571428573,Medical Pro,Description,428,73.34579439252336,4.308727106309981,0,0,0
fclaFwjjQgs,고지혈증,"혈관을 막는 ‼️고지혈증‼️ 약은 어떠한 것이 있고, 어떤 부작용이 있을까요?| 심장스쿨2024",서울아산병원,26091,420,2024-07-19 02:42:08+00:00,1471,16.194331983805668,Medical Pro,Description,638,40.89498432601881,3.735166113939838,0,0,0
gy-WzcFBuFw,고지혈증,고지혈증약 먹으면 간 안 좋아지나요,간보는 의사언니 유정주,25406,693,2023-11-06 09:00:25+00:00,852,50.35971223021583,Medical Pro,Description,894,28.41834451901566,3.381618442992342,0,0,0
cbfcltKlpnU,고지혈증,고지혈증 남편 살린 야채 스무디 ㅣ간과 신장에 안 좋다던데요?ㅣ1년 동안 그린 스무디 먹으면 생기는 일,하루식,25506,306,2025-09-09 16:08:14+00:00,273,2.915451895043732,General,Description,221,115.41176470588235,4.757133601546349,0,0,0
L_xQI1hFP0g,고지혈증,"""당뇨, 고혈압, 고지혈증"" 이런 영양제를 꼭 드셔야 합니다!(메트포르민, 노바스크, 아스피린, 스타틴)",리틀약사,21389,810,2023-05-25 10:00:17+00:00,392,22.01834862385321,Medical Pro,Description,1059,20.197355996222853,3.0538764567408356,0,0,0
LTazdCdzg9c,고지혈증,"김재원TV EP.60 고지혈증의 모든 것 ""증상 없다고 안심하시나요? 당신의 혈관은 터지기 직전입니다",김재원TV,19527,850,2026-01-12 01:23:55+00:00,1767,11.560693641618498,Medical Pro,Description,96,203.40625,5.320109435161486,1,1,0
DuDtuEzjJ-c,고지혈증,"버터 먹고 콜레스테롤 수치 상승, 고지혈증 약 먹어야 할까? 걱정 뚝! 지방대사 활성화로 다이어트 효과 쑥쑥! 좋은 LDL 높아야 대사 촉진,회복.달걀 달걀찜과 냠냠~ 뇌가 쌩쌩",루이빈치과 류지헌,30800,849,2025-05-11 01:00:21+00:00,63,5.802707930367505,General,Description,342,90.05847953216374,4.511501932338765,0,0,0
C_LPAkR3ZQ0,고지혈증,콜레스테롤 ✔ 아주 특별한 기름이죠. 약사가 알려주는 고지혈증 치료 팁 💡,진약사톡,18992,913,2025-10-11 09:00:30+00:00,1202,14.388489208633093,Medical Pro,Description,189,100.48677248677248,4.619928469662046,0,0,0
UT7M648hTrw,고지혈증,고지혈증이 피해야 할 최악의 음식 ‘5가지’,웃는건강,53423,732,2025-07-14 08:17:58+00:00,17,2.392344497607656,General,Description,278,192.16906474820144,5.263565788606861,1,1,1
ltubLEL7tM4,고지혈증,"고혈압, 고지혈증, 당뇨, 비만, 염증... 한국인 필수영양제 4가지로 관리해보자. 영양제 고르는 법 반드시 체크!",리틀약사,18531,706,2023-07-06 10:00:42+00:00,502,7.017543859649122,Medical Pro,Description,1017,18.221238938053098,2.9560158623414856,0,0,0
dbODJAYTa_A,고지혈증,"""의사생활 30년, 고지혈증약 절대 안먹는 6가지 이유"" 성기능, 간기능 뚝! 콜레스테롤 수치 낮추면 근육통, 당뇨, 몸에 힘없고 불면증 부작용 위험! 혈전, 동맥경화에 좋은 음식",루이빈치과 류지헌,36063,889,2025-11-20 22:00:46+00:00,71,13.177159590043924,General,Description,149,242.03355704697987,5.493199528649872,2,1,0
opxXqLXbUW0,고지혈증,고지혈증약 부작용10가지 l 부작용완화하는 방법#스타틴부작용#고지혈증,건강빚음,21373,315,2023-08-27 06:55:18+00:00,60,7.371007371007371,General,Description,965,22.14818652849741,3.141916441761786,0,0,1
mhl7WdIMzTQ,고지혈증,고지혈증! 약물치료 없이 운동과 생활요법으로 극복한다?,길병원TV,17321,205,2022-05-19 05:00:27+00:00,510,22.727272727272727,Medical Pro,Description,1430,12.112587412587413,2.5735726400557657,0,0,0
CLVMI-HdQk0,고지혈증,"마른 사람이 고지혈증? 충격적인 이지혜의 콜레스테롤 수치 결과 | 건강함의 시작, 몸의 대화 body talk EP.10",tvN Joy,16874,75,2020-07-13 11:07:03+00:00,102,8.333333333333334,Medical Pro,Description,2105,8.016152019002375,2.199017637620438,1,1,0
64r67ov9DmU,고지혈증,'간 망가진다' '당뇨 걸린다'는 소문… 콜레스테롤약의 충격적 진실 | 고지혈증약 스타틴,대한뇌졸중학회 Korean Stroke Society ,15336,342,2025-01-23 11:30:06+00:00,586,25.0,General,Description,450,34.08,3.5576311675039825,1,1,0
SZL0VRH2ftM,고지혈증,고혈압·고지혈증 부르는 혈관 막는 최악의 음식! #고지혈증 #고혈압 #건강 #혈관 #음식 #혈관건강,의사친[의사사람친구],40969,233,2025-07-04 03:00:27+00:00,34,22.22222222222222,Medical Pro,Description,288,142.25347222222223,4.964615594199676,1,1,1
7sPJ02czJaM,고지혈증,고지혈증 싹 사라지게 만드는 500원짜리 최고의 식재료 TOP 4,삶의지혜,35540,1637,2025-12-12 03:00:13+00:00,44,11.235955056179776,General,Description,127,279.84251968503935,5.637794084068063,0,0,1
Merrk745Vlc,고지혈증,"고지혈증약 복용 중단 시, 콜레스테롤 수치 원상 복귀♨ 친절한 진료실(hello my doctor) 52회 | JTBC 210712 방송",JTBC Life,13520,40,2021-07-12 04:48:25+00:00,73,40.0,General,Description,1741,7.765651924181505,2.1708408937226857,0,0,0
q8wdoPnuRvY,고지혈증,"총 콜레스테롤 수치 250, 정말 고지혈증 약 스타틴 먹어야 할까? 막힌 혈관 뻥~ 혈관청소 싹!  혈관을 깨끗하게, 피를 맑게 하는 방법 #스타틴부작용 #혈전증상 #혈전없애는법",루이빈치과 류지헌,14019,639,2025-02-10 04:32:01+00:00,105,7.205764611689352,General,Description,432,32.451388888888886,3.51009330705422,1,1,0
fX6Gyr5c1xE,고지혈증,처방받은 고지혈증약은 꼭 먹어야 한다? [무엇이든 물어보세요] 20190312,KBS 교양,12612,116,2019-03-12 07:29:37+00:00,218,23.25581395348837,General,Description,2594,4.861989205859676,1.7684890009119927,0,0,0
5gJJUetVlNg,고지혈증,"고지혈증의 진짜 원인, 이것 모르면 평생 약 먹습니다 책읽어주는여자 오디오북 책추천 korean audiobook",책읽기좋은날,12366,449,2025-10-01 12:45:00+00:00,2430,9.535160905840286,General,Description,199,62.14070351758794,4.1453656252532,0,0,0
IJEttWqSpb0,고지혈증,"""콜레스테롤약 함부로 먹지마세요"" 고지혈증 약 부작용, 처방해준 의사는 말 못합니다. 6명의 깜짝고백!! 나는 총콜 수치 낮추는 스타틴 먹다가 병원비 줄줄 새는 종합병원 됐습니다",루이빈치과 류지헌,25442,615,2026-01-02 21:30:10+00:00,153,16.33986928104575,General,Description,106,240.0188679245283,5.484875220569412,0,0,0
oSImycSE-g8,고지혈증,스타틴 부작용,우리동네신경외과,24856,139,2025-12-04 09:01:30+00:00,61,28.571428571428573,General,Description,135,184.11851851851853,5.220996260596352,0,0,0
PZ73-pIUaNQ,고지혈증,"""이런 증상 고지혈증 약 부작용입니다"" 치매 전조증상 겪은 스타틴 경험자들의 조언! 혈관기름 낄까 콜레스테롤 수치 낮추면 두통 어지럼증 당뇨 근육통 간수치 쑥! 온몸이 망가집니다",루이빈치과 류지헌,25119,516,2025-12-23 22:00:33+00:00,83,13.745704467353953,General,Description,116,216.54310344827587,5.382397007667998,2,1,0
RDQj9ZNeTGA,고지혈증,고지혈증약(스타틴) 장기 복용 시 치명적인 부작용 5가지,건강상식119,15530,136,2024-10-22 04:00:17+00:00,58,26.634382566585955,General,Description,543,28.60036832412523,3.3877868046352058,1,1,1
LoLFdybdgz0,고지혈증,"고혈압, 당뇨병, 고지혈증 있다면 꼭 보세요",분당서울대학교병원,22084,162,2025-05-27 07:15:00+00:00,30,3.095975232198142,Medical Pro,Description,326,67.74233128834356,4.230365185428266,0,0,1
wuz-NvzKP2U,고지혈증,고지혈증 약 - 스타틴 vs. 오메가3 vs. 에제티미브,두근두근홍닥터,7745,202,2023-12-15 23:00:29+00:00,507,28.571428571428573,Medical Pro,Description,855,9.058479532163743,2.308416013304839,0,0,0
bb3lQSp_Pc0,고지혈증,'스타틴💊'은 부작용이 많다?🤔 [궁금한 이야기N] 고지혈증 약을 복용하면 근육통이 생기나요?,국립중앙의료원,7617,74,2024-06-27 06:58:46+00:00,349,9.193857965451055,General,Description,660,11.540909090909091,2.5289960278649244,0,0,0
1_sfFVmedhU,고지혈증,"고지혈증 약, 저도 먹어야 하나요? #shorts",그레이트온 greEAT_on,8576,90,2022-12-26 07:00:00+00:00,60,18.072289156626507,General,Description,1209,7.093465674110836,2.091057029215384,0,0,1
c8xbcW_Su6Q,고지혈증,"""고지혈증약 스타틴, 만성 간 질환 진행 억제"" / YTN 사이언스",YTN 사이언스 투데이,7164,32,2023-05-09 08:23:13+00:00,47,10.471204188481677,General,Description,1075,6.664186046511628,2.036558315753827,0,0,1
KIKoAkwMxhQ,고지혈증,"""콜레스테롤 정상수치는 있다? 없다?"" 총콜 250인데 고지혈증 약 처방하는 나라, 대한민국이 유일.스타틴 좋아하면 치매, 당뇨, 근육통, 몸에 힘이 쭉! 빠지는 부작용 지옥됩니다",루이빈치과 류지헌,13058,712,2026-01-12 01:30:32+00:00,90,11.131725417439704,General,Description,96,136.02083333333334,4.9201329823934605,0,0,0
FtQqkdJczEU,고지혈증,고지혈증약의 숨겨진 위험! 병원과 의사들이 말하지 않는 사실,건강 비결,7223,283,2026-01-05 12:26:48+00:00,1322,29.85074626865672,General,Description,103,70.12621359223301,4.264455955109124,1,1,0
00daV1n78DE,고지혈증,고지혈증 환자라면 당장 끊으세요! 내 혈관을 막는 최악의 음식 3가지. #시니어건강 #건강한중년 #건강정보 #고지혈증 #콜레스테롤낮추는법,시니어 건강채널,11509,0,2025-12-17 06:59:55+00:00,106,3.436426116838488,General,Description,122,94.3360655737705,4.5574081816057825,1,1,0
pPLEK5shS-E,통풍,"왕들의 병! 병들의 왕, 통풍! 절대 완치 불가 통풍을 잘 데리고 사는 관리법은? [서재걸의 면역내과 EP.6]",사피엔스 스튜디오,5372690,47273,2022-07-18 09:00:22+00:00,875,10.582010582010582,General,Description,1370,3921.6715328467153,8.27452821414096,1,1,0
riZmav9JuS8,통풍,"[본방 종합] 통풍을 부르는 식습관🍺 젊은 통풍 환자 급증하는 이유는? 요산 수치 올리는 액상과당 | 젊은 그대, 통풍을 조심하라 | KBS 241106",KBS 생로병사의 비밀,3320283,15709,2024-11-20 13:01:06+00:00,2386,5.600706713780919,General,Description,514,6459.694552529183,8.773492106868622,1,1,0
1Zs9AcVYL0k,통풍,”뼈가 완전히 녹았어요” 통풍의 심각성을 깨닫지 못하고 두 아들을 키우느라 계속 치료를 미룬 엄마의 충격적인 결과┃EBS 가족건강 프로젝트┃알고e즘,EBSCulture (EBS 교양),1967413,9559,2023-06-17 10:00:02+00:00,1941,3.067484662576687,General,Description,1036,1899.0472972972973,7.549634058159065,2,1,0
trVdrdeMmvE,통풍,[본방 클립] 통풍 환자들의 말 못할 고통😢 과도한 단백질 섭취와 요산 농도의 상관 관계📈 단백질의 함정 | KBS 240724,KBS 생로병사의 비밀,1626997,6926,2024-08-06 12:01:00+00:00,736,2.7605321507760534,General,Description,620,2624.1887096774194,7.872908061842726,0,0,0
ygpc6e0e0Co,통풍,2030 환자 급증! 통풍 발생 원인,고대병원,1395917,22145,2024-02-21 04:25:31+00:00,40,40.0,Medical Pro,Description,787,1773.7191867852605,7.481397484765822,1,1,1
rJF462wYZZE,통풍,"‘중년의 병’ 이란 것도 옛말, 바람만 불어도 엄청난 고통의 통풍｜어쩌다 2030 환자가 10년만에 44%나 증가했을까?｜귀하신 몸｜#골라듄다큐",EBSDocumentary (EBS 다큐),1237469,5996,2024-12-19 10:45:03+00:00,1364,25.089605734767023,General,Description,485,2551.4824742268042,7.844821683894506,0,0,0
8pgAvTTJazM,통풍,통풍이 사라진다. 매일 먹으면 통풍을 없애는 음식. 통풍에 좋은 음식  [정라레],정세연의 라이프연구소,1068781,14133,2022-04-17 23:00:06+00:00,476,2.4719800747198004,General,Description,1462,731.0403556771546,6.595835643148165,0,0,0
PRYCeyDBOos,통풍,대부분의 통풍 환자들이 약을 먹는 이유,학튜브,1899899,8059,2026-01-05 09:00:41+00:00,50,36.36363636363637,General,Description,103,18445.6213592233,9.822636508538057,0,0,1
7ae9ZAY55O0,통풍,극적으로 요산치의 위험을 낮추고 통풍을 예방하는 방법,예방의학 채널 / 내과의 감수,624339,13846,2022-04-17 11:00:07+00:00,681,19.083969465648856,General,Description,1462,427.04445964432284,6.059227067860537,1,1,0
PVnuTdYgBm4,통풍,"""목숨 걸고 치료하셔야 돼요"" 왕처럼 먹다가 질병의 왕 '통풍'에 걸린 두 남자│고양이 걸음 진동에도 오는 통증│한번 걸리면 평생 관리│높은 합병증 위험│귀하신 몸│#EBS건강",EBS 건강,462650,3345,2024-05-29 07:00:17+00:00,2148,24.75247524752476,General,Description,689,671.4804063860668,6.510972975566145,1,1,0
h4LSpsiljjA,통풍,통풍있는 분들! 마트에 이것 보이면 무조건 사세요! 통풍에 직빵입니다!,건강뉴스,392798,5548,2022-08-28 05:00:23+00:00,365,16.129032258064516,General,Description,1329,295.55906696764487,5.692246412653433,0,0,0
NhsAGszE3hE,통풍,"""당장 끊어야 삽니다"" 의사들도 벌벌떠는 '병들의 왕 통풍'을 부르는 식습관 l 서재걸 원장",김현욱의 지식의길,372127,7717,2025-05-22 06:45:00+00:00,1108,4.174311926605505,General,Description,331,1124.250755287009,7.025761183389887,0,0,0
h43ORD8NCvw,통풍,생로병사를 찾아온 심각한 환자 ‘통풍 치료 초기에’ (KBS 20211124 방송),KBS 생로병사의 비밀,297186,2356,2021-12-02 09:00:11+00:00,499,6.396011396011396,General,Description,1598,185.97371714643305,5.230968056957432,1,1,0
oLam8uWRw1Y,통풍,우리나라 20대 통풍 걸리게 한 이 음식! 뼈가 녹는 느낌…ㄷㄷ,닥터프렌즈,287461,2821,2024-05-21 12:06:20+00:00,992,10.306122448979592,Medical Pro,Description,697,412.4261119081779,6.024478809036611,0,0,0
veYe8iArAs0,통풍,"""안 걸려본 사람은 몰라요"" 숨도 못 쉴 정도로 엄청난 고통의 통풍｜기름지고 달달한 음식 먹었을 뿐인데｜살을 자르는 듯한 통풍 치료 과정｜명의｜#EBS건강",EBS 건강,284913,1799,2025-03-04 08:00:53+00:00,1792,22.998296422487225,General,Description,410,694.909756097561,6.545219991148367,0,0,0
g3zMz0-2e0U,통풍,매일 마시던 커피 통풍 예방에 도움이 된다? | 통풍 원인 요산 수치 낮추는 방법 | 명의 | #EBS건강,EBS 건강,249069,2019,2023-11-04 09:00:28+00:00,947,23.73887240356083,General,Description,896,277.97879464285717,5.631135774068539,0,0,0
1Njo2Std36Q,통풍,통풍 안낫는 이유 통풍 재발 이음식들 때문? 통풍을 악화시키는 의외의 음식들,김소형채널H,234378,4903,2022-04-14 22:00:03+00:00,686,1.0593220338983051,General,Description,1465,159.9849829351536,5.081311086939503,0,0,0
5bVcahX9fuM,통풍,"통풍으로 사망하기도 한다? 통풍에 걸리는 사람들의 특징! 통풍 진단, 치료",원광대병원tv,232953,2054,2021-07-05 01:45:23+00:00,474,19.950124688279303,Medical Pro,Description,1748,133.26830663615561,4.899840086372972,1,1,0
0pJW2OEofYA,통풍,통풍환자가 술먹으면 어떻게되나? 직접 알아봅시다,지니어스강_무엇이든 물어보세요,226198,4695,2020-05-13 11:19:44+00:00,743,10.582010582010582,General,Description,2166,104.43120960295475,4.65805869856634,0,0,0
5zSaoeOP4ac,통풍,20대 통풍 환자가 늘어나는 이유는? | 비만과 통풍의 관계 | 통풍 유발하는 음식 | 관절에 무리 주지않는 운동법 | 귀하신몸,EBS 컬렉션 - 사이언스,202610,1379,2024-10-02 11:00:07+00:00,796,8.547008547008547,General,Description,563,359.87566607460036,5.888533483702491,0,0,0
J-zgCkBB7Rw,통풍,"통풍환자가 먹으면 안 되는 음식, 알려드립니다 - 나는의사다859회",나는의사다,193968,2429,2020-11-23 10:00:03+00:00,353,7.672634271099744,Medical Pro,Description,1972,98.36105476673428,4.598760233736052,0,0,0
ADvog04Ii8g,통풍,통풍 환자가 먹으면 좋은 음식은? #shorts,굿라이프,222483,2680,2023-06-11 14:00:12+00:00,57,15.037593984962406,General,Description,1042,213.51535508637235,5.368381321290206,0,0,1
BS8BTrpS4q4,통풍,"통풍, 가볍게 보면 이렇게 된다! 통풍 1~4단계별 증상과 치료 | 서울대병원 신기철 교수",서울대병원tv,216733,2119,2023-01-13 07:00:03+00:00,413,32.50270855904659,Medical Pro,Description,1191,181.97565071368598,5.209353087779292,1,1,0
ehg8Nrqn1BA,통풍,"통풍 유발 음식, 예방 음식 l 통풍 재발을 막는 궁극의 정답 l 닥터딩요",닥터딩요,160725,4135,2023-05-04 11:00:33+00:00,1585,21.85792349726776,Medical Pro,Description,1080,148.81944444444446,5.0094308653593735,0,0,0
XNSoLInRgvE,통풍,통풍이 계속 재발하는 이유 l 통풍의 경과와 약물치료 l 영원히 재발하지 않는 방법 l 닥터딩요,닥터딩요,160284,3030,2023-04-19 11:00:32+00:00,1456,44.44444444444444,Medical Pro,Description,1095,146.37808219178083,4.993001272577982,0,0,0
QwF6Im4GVm0,통풍,[PEOPLE in 세브란스] 통풍에 잘 걸리는 사람은 따로 있다!,세브란스,158693,2505,2020-05-14 08:14:43+00:00,242,16.73913043478261,General,Description,2165,73.29930715935335,4.308101626772475,0,0,0
S4Iao0C8LeU,통풍,공포의 병 통풍 원인은 따로 있습니다 (서울대병원 류마티스내과 이은봉 교수),언더스탠딩 : 세상의 모든 지식,154743,3128,2025-10-10 12:30:41+00:00,3358,14.380530973451329,General,Description,190,814.4368421052632,6.703723972225934,0,0,0
MT_7k0LNMaE,통풍,"통풍 관리가 잘 되는 사람들이 선택한 의외의 영양제 [통풍에 좋은 영양제, 나쁜 영양제]",리틀약사,152320,2797,2020-10-05 11:00:11+00:00,750,9.380863039399625,Medical Pro,Description,2021,75.3686293913904,4.335572001788745,0,0,0
uCfhWQpdl2Y,통풍,"[Full] 통풍의 통증, 빙산의 일각에 불과하다!ㅣ귀하신 몸ㅣ54화 통풍이 무서운 진짜 이유",EBSDocumentary (EBS 다큐),149052,1336,2024-05-31 17:00:42+00:00,2867,27.491408934707906,General,Description,687,216.96069868995633,5.384314765297741,0,0,0
4e7BXS1Bwz4,통풍,통풍 환자가 먹으면 안 되는 음식 I #shorts,세브란스,171431,1250,2022-08-05 08:00:01+00:00,25,17.75147928994083,General,Description,1352,126.79807692307692,4.85045149427996,0,0,1
Wcqpr6tnqu0,통풍,"통풍, 방치하면 심장까지 위험해진다?! 통풍을 예방하려면 '이것 3가지'만 기억하세요",현대해상,136233,22,2025-05-30 09:30:15+00:00,758,16.293279022403258,General,Description,323,421.7739938080495,6.0468377426626,1,1,0
bCXOlvgmBtQ,통풍,발등이 퉁퉁 부어요...봉와직염 VS 통풍 차이는? #SNU서울병원 #서상교,SNU서울병원TV,136267,1589,2021-08-06 01:24:31+00:00,382,9.693654266958426,Medical Pro,Description,1716,79.40967365967366,4.387134488097322,0,0,0
olfjwESyzBw,통풍,"끔찍한 통증, '통풍'에서 자유로워지려면? 최신 통풍치료의 모든 것- 고쳐줘NOW #23 #통풍 #통풍환자 #통풍음식",굿라이프,135546,1646,2023-04-24 22:00:19+00:00,322,18.766756032171585,General,Description,1090,124.35412844036698,4.831142759366031,0,0,0
PnS6cVRODTw,통풍,"[본방 종합] 10년 새 남성 통풍환자 82% 증가! '통증의 왕', 이제 당신의 심혈관까지 위협한다 I KBS 250827 방송",KBS 생로병사의 비밀,137303,1199,2025-09-02 14:54:00+00:00,2250,16.868787276341948,General,Description,228,602.2061403508771,6.40225899626872,0,0,0
YrIKVjm1eXg,통풍,오징어랑 절대로 같이 먹지 마세요 통풍 걸릴 수 있어요 #건강 #음식,건강백단 - 건강정보,300061,3484,2025-10-11 02:43:21+00:00,24,3.355704697986577,General,Description,189,1587.6243386243386,7.370623724882588,1,1,1
GaGQ0swMfzQ,통풍,통풍의 증상과 원인 | 통풍환자라면 식단조절 이렇게 하세요.,여섯시의 진료실,168338,1006,2023-09-08 09:00:21+00:00,60,27.027027027027028,General,Description,953,176.64008394543546,5.179759502983098,1,1,1
xXTjib_fj1U,통풍,통풍의 증상,관절류마티스TV,105190,702,2020-03-03 02:29:21+00:00,242,36.36363636363637,Medical Pro,Description,2237,47.02279839070183,3.871675864619974,1,1,0
S5xeeQck3JM,통풍,"통풍 치료법 3가지, 팩트체크🔍| 자이홍의 건강극장 ep.59",서울대병원tv,105284,756,2021-09-28 07:10:08+00:00,310,12.72264631043257,Medical Pro,Description,1663,63.309681298857484,4.163710184433318,0,0,0
UheGECEuv_A,통풍,"비타민B3 부작용 특집! 간이 망가지고 결석이 생기고 통풍이 온다? 배석철 교수님이 직접 답변해드립니다(나이아신, 나이아신아미드, 니코틴산아미드)",리틀약사,104593,3331,2025-08-14 01:00:27+00:00,649,20.67669172932331,Medical Pro,Description,247,423.45344129554655,6.050802320809366,0,0,0
Tlr9f915VIo,통풍,★유독 내 통풍 시트만 미지근 했던 이유!★ - 가니가니,가니가니 - 차린이 차량설명서,102917,831,2025-05-02 09:00:52+00:00,248,2.538071065989848,General,Description,351,293.2108262108262,5.684296606303419,0,0,0
yA7lREES018,통풍,[EBS 명의 스페셜] 바람만 스쳐도 아프다 - 통풍,EBS,100362,1112,2020-07-19 10:18:09+00:00,893,26.17801047120419,General,Description,2099,47.81419723677942,3.8880211975312378,0,0,0
if5ElDIyn60,통풍,"[본방 클립] 통풍과 식습관의 밀접한 관계! 젊은 통풍+대사증후군 환자를 위한 3주 프로젝트 그 결과는? | 젊은 그대, 통풍을 조심하라 | KBS 241106",KBS 생로병사의 비밀,96393,894,2024-11-11 13:01:01+00:00,807,4.564293304994687,General,Description,523,184.3078393881453,5.2220184388623965,0,0,0
jp88U9i7m8U,통풍,'몸짱' 소리 듣던 건강 체질이었는데... 고기 반찬을 좋아하던 남성에게 '통풍'이 찾아왔다 I KBS 240724 방송,KBS 생로병사의 비밀,96130,972,2025-06-10 11:08:01+00:00,1241,1.3291139240506329,General,Description,312,308.10897435897436,5.73369388255346,0,0,0
UfQeMnRI1cs,통풍,바람만 스쳐도 아픈 통풍...치료 효과 7배 늘린다 / YTN, YTN,94100,359,2015-05-27 02:06:55+00:00,91,15.855057351407716,General,Description,3979,23.649158079919577,3.204742744932568,0,0,0
ym5o8aUCOqA,통풍,[털보의사] 통풍을 치료하는 완벽한 방법을 공개합니다.,털보의사 김진균의 의학정보 & 건강상식,91704,2016,2024-03-19 12:51:54+00:00,890,39.91596638655462,Medical Pro,Description,760,120.66315789473684,4.801256225277182,0,0,0
fhmcG9S758g,통풍,“치료 안 하고 버티다 생명까지 위협받았습니다” 통풍 방치가 부른 심장·신장 합병증│명의│#EBS건강,EBS 건강,91909,765,2025-08-12 09:01:11+00:00,1146,20.93244529019981,General,Description,249,369.1124497991968,5.913806877840643,0,0,0
Qk6CjMnF3S4,통풍,단순한 부종이 아닌 '통풍의 증상'이라면?💥🦶 놓쳐서는 안 될 통풍 증상 3가지! 류마티스내과 서창희 교수[아주대병원TV],아주대병원TV,89826,546,2023-04-20 08:00:11+00:00,244,11.592442645074224,Medical Pro,Description,1094,82.10786106032907,4.420139294984553,1,1,0
0tLgzRfXIU0,통풍,"'고기 먹으면 통풍 생긴다?? 여러분이 들어온 통풍 상식은 99% 틀렸습니다. 20년 경력 미국의사가 밝히는 진실[통풍에 안좋은 음식,초기증상,퓨린,요산]",이상한 다이어트,82007,2980,2024-11-01 22:15:00+00:00,1574,4.52147701582517,General,Description,533,153.859287054409,5.042516879140728,1,1,0
Gc0X11JzCYY,통풍,통풍 약 아플 때만 먹어도 되나요? #통풍약 #통풍치료,류마티비 - 아산본 류마티스내과,123144,488,2023-06-20 08:30:16+00:00,26,50.84745762711864,General,Description,1033,119.21006776379477,4.789240777027798,0,0,1
OEI6cG-6Q8o,통풍,"바람만 스쳐도 아프다는 통풍의 원인은 정말로 치맥? | 통풍과 치맥, 관계의 진실 | 명의 | EBS 건강",EBS 건강,76803,880,2023-10-16 09:45:01+00:00,1314,12.82051282051282,General,Description,915,83.9377049180328,4.44191810448279,0,0,0
Kp_Vvnuqivo,통풍,통풍에 효과 좋은 건강에 좋은 음식 5가지 #shorts,식단플러스,105933,998,2024-07-26 13:07:04+00:00,33,3.076923076923077,General,Description,631,167.8811410459588,5.129195160066025,0,0,1
8r7V-M72s5I,통풍,통풍치료법 자가치료 | 통풍증상 통증완화 Gout treatment at home Gout remedy self massage acupressure,통증완화 한몸tv ,68903,954,2020-08-16 08:38:00+00:00,327,10.349926071956627,Medical Pro,Description,2071,33.27040077257364,3.5342820303782077,1,1,0
dBOJZFt8Dc8,통풍,통풍 치료에도 특효! 뜸이 90프로 이상의 효능? [탐사보도 세븐 49회] 20180822,TVCHOSUN - TV조선,67979,322,2018-08-22 14:00:09+00:00,127,6.451612903225806,Medical Pro,Description,2796,24.312947067238913,3.2313160066263995,0,0,0
STYNeBQENL0,통풍,통풍은 어떤 질환인가요?ㅣ건강플러스,서울아산병원,66523,843,2021-09-28 06:19:54+00:00,328,24.22145328719723,Medical Pro,Description,1663,40.00180396873121,3.713616064973716,0,0,0
ajPO2_oDOe0,통풍,통풍 증상 팩트 체크 #shorts,삼성서울병원,80647,497,2023-06-20 08:00:01+00:00,47,32.25806451612903,Medical Pro,Description,1033,78.07066795740562,4.370341983718909,1,1,1
de-uOsvbFRc,통풍,"돌맹이 특집: 담석증, 요로결석, 통풍",닥터조의 건강이야기,61961,1764,2018-06-28 09:22:05+00:00,1059,3.2679738562091503,Medical Pro,Description,2851,21.733076113644334,3.1238209614682195,0,0,0
blRHwy1RI98,통풍,통풍의 모든 것,정희원의 저속노화,60719,1465,2025-02-26 08:00:25+00:00,3791,11.904761904761903,General,Description,416,145.9591346153846,4.990154552317027,0,0,0
sKgVkXmwE8Y,통풍,"의사들도 벌벌 떠는 '병들의 왕 통풍'을 부르는 '이 음식!', ""당장 끊어야 삽니다""  l 서재걸 원장 통합본",김현욱의 지식의길,60914,1960,2025-09-27 05:00:52+00:00,1931,2.9086115992970125,General,Description,203,300.0689655172414,5.707339359824334,0,0,0
ESMXnxafNb4,통풍,"[통풍발작, 류마티스내과] 통풍에 체외 충격파 받아도 되나요? 통풍 발작이 생겼을 때 어떻게 해야 하나요? l 길동류마티스내과",류마티비 - 아산본 류마티스내과,57835,0,2022-12-27 02:17:12+00:00,413,21.14803625377644,General,Description,1208,47.87665562913907,3.889299892496787,2,1,0
xZovPiOzggY,통풍,통풍 예방! 요산을 낮추는 최강의 음식 6가지 #요산수치 #통풍관리 #통풍에 좋은 음식,건강매력마을,74163,651,2024-09-27 10:33:31+00:00,38,4.184100418410042,General,Description,568,130.56866197183098,4.87952885962041,0,0,1
gztpQ1cTSLY,통풍,의사도 절대 안 먹는 통풍 유발 음식 4가지 #건강 #건강정보 #건강음식,알유건강 - 건강정보,142080,1969,2025-07-03 11:57:00+00:00,48,12.422360248447204,General,Description,289,491.62629757785464,6.199750869519016,1,1,1
fu69Sf6-3Nc,통풍,통풍치료는 류마티스내과에서!,관절류마티스TV,75002,368,2023-04-04 08:17:51+00:00,17,75.0,Medical Pro,Description,1110,67.56936936936937,4.227845924365683,0,0,1
Ysj4bT5IYmQ,통풍,평생 관리 필요한 통풍 치료법,고대병원,62608,852,2024-06-24 06:00:15+00:00,60,43.01075268817204,Medical Pro,Description,663,94.43137254901961,4.558407377109129,0,0,1
gFNClyl8jSg,통풍,통풍이 생기는 궁극적인 이유 l 인간이 통풍을 얻게 된 배경 l 닥터딩요,닥터딩요,44630,1423,2023-04-09 11:00:27+00:00,1103,13.88888888888889,Medical Pro,Description,1105,40.38914027149321,3.7230185341386117,0,0,0
T7TK5uKCe0Y,통풍,[EBS 명의] 당신이 알아야 할 진짜 통풍,EBS,44255,543,2020-05-29 10:45:00+00:00,626,19.28374655647383,General,Description,2150,20.58372093023256,3.071939369907785,0,0,0
2aZY04Bo5Qw,통풍,[동공지진👀] 맥주만 마셔도 통풍이!? 통풍에 좋은 음식과 나쁜 음식은?,동국제약,44011,66,2022-03-31 07:25:36+00:00,273,18.9873417721519,General,Description,1479,29.757268424611222,3.42612633785325,0,0,0
aEk9QTbrq5w,통풍,운동과 단백질보충제가 통풍에 미치는 영향,지니어스강_무엇이든 물어보세요,43257,1354,2020-05-19 06:42:23+00:00,644,5.617977528089888,General,Description,2160,20.02638888888889,3.045778262601778,0,0,0
8GnjExQhvU4,통풍,오메가3는 냉장보관이 필수다? 자궁근종과 통풍을 유발한다? 팩트체크 들어갑니다 (오메가3 다빈도 질문),약사가 들려주는 약 이야기,43141,955,2025-06-20 09:45:00+00:00,537,6.122448979591836,Medical Pro,Description,302,142.85099337748343,4.968777995621843,0,0,0
azsfiAx-vtg,통풍,통풍을 방치하면 벌어지는 끔찍한 사례! #shorts,헬스조선 Health Chosun,57891,338,2023-02-23 08:51:00+00:00,45,16.666666666666668,General,Description,1150,50.34,3.9384701754429945,0,0,1
KIbG4SimUDU,통풍,발에 심한 통증! 통풍 꼭 피해야 되는 음식 3종 세트!,톡투건강TV,41742,614,2022-12-28 08:01:56+00:00,869,17.482517482517483,Medical Pro,Description,1207,34.58326429163215,3.5718754231567416,0,0,0
m4AR4QO_KlI,통풍,"통풍/신장환자: 자이로릭 vs 페브릭정 / 페북소스타트 (Allopurinol vs Uloric), 심장병유발??",조동혁의100세 건강시대,40315,642,2022-02-08 05:51:00+00:00,592,12.5,General,Description,1530,26.34967320261438,3.3087045800804935,0,0,0
ipCN7dJdwhw,통풍,의사의 오진으로 통풍인줄 모르고 살다가 걷지 못할 정도로 증상이 심해진 출연자│바람만 스쳐도 고통스러운 통풍의 위험성│EBS 가족건강 프로젝트│#EBS건강,EBS 건강,38330,369,2024-12-31 10:00:44+00:00,2044,4.694835680751174,General,Description,473,81.03594080338266,4.407157453718056,2,1,0
sm_H1qgjUf0,통풍,통풍에도 운동하는법,진지한 윤코치 Yoon coach,42582,285,2022-09-12 14:22:49+00:00,52,3.058103975535168,General,Description,1314,32.406392694063925,3.5087472796942554,0,0,1
2qFmtV73l7w,통풍,[통풍 걱정] 요산수치 감소에 도움 - 비타민과 식품,약사설명 약짱TV,37781,809,2020-06-30 12:41:59+00:00,338,2.386634844868735,Medical Pro,Description,2118,17.83805476864967,2.935879013745888,0,0,0
q9iFf25QEBI,통풍,"통풍 있는데 사우나, 찜질해도 될까? 좋을까요 나쁠까요?",지니어스강_무엇이든 물어보세요,36544,802,2020-12-11 09:00:10+00:00,458,2.915451895043732,General,Description,1954,18.7021494370522,2.9807277382718524,0,0,0
PSc-QnFjnVY,통풍,통풍에좋은음식 요산수치낮추는음식 신장 콩팥에 좋은음식 4가지,박지영박사의 건강돋보기TV,36686,1069,2025-02-19 09:30:09+00:00,562,9.74025974025974,Medical Pro,Description,423,86.72813238770685,4.474242627730712,0,0,0
dTj64M5wlMo,통풍,"통풍으로 사망하기도 한다? 통풍에 걸리는 사람들의 특징! 통풍 진단, 치료",원광대병원tv,36611,199,2023-01-06 05:16:54+00:00,51,24.539877300613497,Medical Pro,Description,1198,30.56010016694491,3.451893669830207,1,1,1
wYYXcbfDaFs,통풍,"통풍에 단식이 어떤영향을 줄지, 직접 굶어봤습니다.",지니어스강_무엇이든 물어보세요,33147,763,2020-12-08 09:28:55+00:00,305,3.367003367003367,General,Description,1957,16.937659683188553,2.8869023956788804,0,0,0
0lE-UzRWRM8,통풍,[통풍]  있다면 이것을 먹어라! 요산 수치를 떨어트릴 영양제 조합,뉴리TV Nuri TV,32541,475,2022-09-10 23:00:00+00:00,684,4.428697962798937,Medical Pro,Description,1316,24.727203647416413,3.247548939758508,0,0,0
gvurlu9Q1f4,통풍,통풍약이 간에 얼마나 영향을 줄까? 간독성을 알아보자,지니어스강_무엇이든 물어보세요,32161,620,2020-06-30 10:05:49+00:00,477,9.852216748768472,General,Description,2118,15.184608120868743,2.784060674596279,0,0,0
GHHi8vWVyP8,통풍,"발가락, 발 통증 무시하면 안되는 이유! 통풍 증상과 재발없이 치료하는 법",국민주치의 내과의사들 [대한내과학회 공식],31671,520,2023-11-28 10:51:58+00:00,634,7.874015748031496,Medical Pro,Description,872,36.319954128440365,3.6195281468369185,2,1,0
lJp6snfNllY,통풍,통풍이 뭐길래? 요산은 나쁜걸까?  [이지향 약사의 무엇이든 물어보약 11회],한국시니어TV,30933,958,2023-09-03 10:00:27+00:00,2601,2.816901408450704,Medical Pro,Description,958,32.28914405010438,3.5052313393340087,0,0,0
Jp4dar65jQc,통풍,뼈를 녹이는 질환 '통풍'이 진짜 무서운 이유는? | 통풍 4기로 고통받는 30대 | 통풍의 원인과 치료법 | 통풍 부르는 식습관,EBS 컬렉션 - 사이언스,29742,255,2024-09-27 11:30:19+00:00,870,12.793176972281447,General,Description,568,52.36267605633803,3.9771115513306974,0,0,0
-dD_0PPrRWE,통풍,통풍의 원인과 치료,건국대학교병원,26957,90,2022-07-18 08:37:46+00:00,259,20.304568527918786,Medical Pro,Description,1370,19.676642335766424,3.029004673583986,0,0,0
fnCpz-7iaEM,통풍,통풍 관리의 중요사항,건국대학교병원,25706,23,2022-07-19 04:00:17+00:00,256,25.252525252525253,Medical Pro,Description,1369,18.777209642074506,2.9845302465807424,0,0,0
DX5fB1F9WCo,통풍,통풍약 무서운 부작용 알고계십니까? 증상 없어도 치료하시는게 좋습니다. | 이동형의콩G팥G [범일연세내과],이동형의 콩G팥G [콩지팥지],25551,329,2022-08-29 23:00:05+00:00,549,11.816838995568686,General,Description,1328,19.240210843373493,3.0076712615277286,1,1,0
bBk9wQCYEfA,통풍,통풍환자 술은 한잔도 마시면 안될까요?- 창원류마티스내과 연세류마내과 (구)연세편한마디내과,류마티스질환 궁금증해결,25006,273,2020-11-28 05:39:17+00:00,476,5.494505494505495,General,Description,1967,12.712760549059482,2.6183268262638237,0,0,0
xvcGdjZrTLg,통풍,바람만 스쳐도 아픈 '통풍'...불치병 아니라 '조절 가능' / YTN, YTN,24689,81,2019-12-13 15:47:12+00:00,140,7.969283276450511,General,Description,2318,10.650992234685074,2.4553913467441544,0,0,0
MwhUjjt0ug8,통풍,통풍! 이건 진짜 안 좋으니깐 피해주세요! #shorts,류마티비 - 아산본 류마티스내과,29211,0,2023-02-23 10:28:56+00:00,36,19.32367149758454,General,Description,1150,25.40086956521739,3.27339694768624,0,0,1
LusBMIGP7-8,통풍,통풍! 예방과 치료 #shorts,길병원TV,25946,231,2023-04-06 05:00:09+00:00,57,20.5761316872428,Medical Pro,Description,1108,23.41696750902527,3.19527828034191,0,0,1
5tkL3lDu-5k,통풍,"[류마티스내과] 통풍 치료, 알고 보면 정말 어렵지 않습니다!",류마티비 - 아산본 류마티스내과,23276,0,2022-11-09 02:16:55+00:00,247,26.229508196721312,General,Description,1256,18.53184713375796,2.9720463197177303,0,0,0
We-8MkxomWU,통풍,"절단하고 싶은 고통에도 통풍을 방치했더니... 콩팥에 번져 만성신부전, 심혈관에 쌓여 심근경색이 왔다 I KBS 250827 방송",KBS 생로병사의 비밀,21400,218,2025-08-29 14:46:26+00:00,737,8.824884792626728,General,Description,232,92.24137931034483,4.5351916071763805,1,1,0
NwGxpyX4alQ,통풍,신경외과 전문의 송쌤의 통풍 자가 진단 썰 | 신경외과 전문채널 NO.1 우리동네 신경외과 #shorts,우리동네신경외과,21330,215,2022-08-25 03:00:06+00:00,21,5.0,General,Description,1332,16.013513513513512,2.8340079408401775,0,0,1
G88Pgxp5HX8,통풍,통풍에 좋은 영양제 알려드립니다! [약사용설명서],건강의 벗,20304,184,2023-09-06 08:00:06+00:00,285,6.0606060606060606,General,Description,955,21.260732984293195,3.1028242736203318,0,0,0
HRsuDN8B3Rg,통풍,통풍에 뭘 먹으면 좋을까? 이 약은 먹어도 될까? 개다래차?,지니어스강_무엇이든 물어보세요,20173,638,2021-03-29 09:24:26+00:00,547,5.617977528089888,General,Description,1846,10.92795232936078,2.478884580921988,0,0,0
PLuezkn7ktQ,통풍,[통풍 EP.7] 통풍일 때 먹는 약 #통풍 #먹는약 #주사,털보의사 김진균의 의학정보 & 건강상식,19960,325,2022-06-30 04:56:24+00:00,230,50.98039215686274,Medical Pro,Description,1388,14.380403458213257,2.7330941963870856,0,0,0
tZPL7oy9J0k,통풍,통풍 약을 끊으면 안 된다고..?😢 통풍의 오해와 진실 (feat. 송정수 교수님),SK케미칼 [SK Chemicals],19140,253,2023-10-06 08:00:32+00:00,581,31.46853146853147,General,Description,925,20.691891891891892,3.076938545188592,0,0,0
UDSzUyKITO0,통풍,매일 먹기만 해도 통풍에 좋은 음식 5가지 #shorts,식단플러스,27405,215,2024-08-05 13:00:35+00:00,33,9.375,General,Description,621,44.130434782608695,3.809556847796684,0,0,1
fnMBlAx3IPI,통풍,"""당장 끊어야 합니다"" 의사들도 두려워 하는 '병들의 왕 통풍'의 주요 원인 식습관",인생지혜,17313,752,2025-08-04 07:25:52+00:00,1944,13.333333333333334,General,Description,257,67.36575875486382,4.224872096285923,0,0,0
sm-eVWToIi8,통풍,"요산 수치 5.8? 통풍약,, 먹어야 하나요?😮",친절한 의사,17076,111,2022-11-24 06:00:15+00:00,151,15.748031496062993,Medical Pro,Description,1241,13.759871071716358,2.69191208415561,0,0,0
lbLe2zXGFSY,통풍,[미국의사] 통풍이 뭔가요? 어떻게 치료하나요? #통풍,HiDrLee,17909,184,2023-10-31 10:39:29+00:00,43,9.433962264150944,Medical Pro,Description,900,19.898888888888887,3.0396959943464936,0,0,1
eWsJcF4Ij20,통풍,"계란, 하루6알 먹으면 통풍 걸릴까? 안심하세요. 눈물나게 아픈 초기증상,무릎 발바닥 발가락 통증 관절염에 요산 수치 뚝! 퓨린 성분 없어 통풍에 좋은 음식입니다#요산수치내리는법",루이빈치과 류지헌,26834,954,2025-07-04 03:02:28+00:00,49,7.415254237288136,General,Description,288,93.17361111111111,4.545140005511945,1,1,1
Terf3kGDtPk,통풍,칼바람 스치는 요즘 주의깊게 살펴볼 것! '통풍' 알고보니 사망 질환의 예고편?!  [서재걸의 면역내과],히포크라테스 스튜디오,15232,356,2022-12-16 09:00:17+00:00,885,9.433962264150944,General,Description,1219,12.495488105004101,2.602355415138149,2,1,0
Nk2zt5Xw9aA,통풍,다리 자르고싶을 만큼 아프다..! ★통풍 발작★ 가정 응급처치법! | 행복한 아침 895 회,play 채널A,14936,27,2022-08-02 05:27:30+00:00,196,10.638297872340424,General,Description,1355,11.022878228782288,2.486811353752368,2,1,0
iK198aBX4WA,통풍,통풍에 맥주 안 좋다는데 다른 술은 괜찮다?,친절한 의사,16943,87,2023-05-25 04:52:33+00:00,53,17.857142857142858,Medical Pro,Description,1059,15.999055712936732,2.833157796215624,0,0,1
RHUnoQGFe18,통풍,통풍에 좋은 음식 TOP7  #통풍 #요산수치줄이는법 #퓨린,백세시대,21780,296,2025-05-23 15:20:02+00:00,71,16.077170418006432,General,Description,330,66.0,4.204692619390966,0,0,0
JC88uQ5SNtQ,통풍,"극심한 통증을 막아라, 통풍의 치료법",건강의학전문채널 하이닥,14261,135,2020-06-18 06:38:00+00:00,290,12.937219730941704,General,Description,2130,6.695305164319249,2.0406104239858895,0,0,0
xgw7WH0S__M,통풍,살이 찔수록 통풍에 위험한 이유는?!,고대병원,31126,379,2025-09-13 05:30:28+00:00,39,17.857142857142858,Medical Pro,Description,217,143.43778801843317,4.972848882102248,1,1,1
PiT9Xv8kAYE,통풍,의외로 살을 빼는 경우에도 통풍에 걸린다 #통풍 #운동 #급성통풍 #요산농도 #퓨린  #젖산 #수분 #금주,굿닥터인부산,19472,102,2024-10-28 08:42:29+00:00,59,1.6279069767441854,Medical Pro,Description,537,36.26070763500931,3.617939356807628,0,0,1
1xEBqPONQpA,통풍,통풍 환자는 무알콜 맥주도 마시면 안 될까? #SHORTS,알려주고 싶은 약 이야기,16666,104,2023-03-29 08:00:02+00:00,36,18.181818181818183,General,Description,1116,14.9336917562724,2.768435845739828,0,0,1
XsXAu5eiu_k,통풍,[건강인사이드] 딱히 안 아픈데…통풍 약 계속 먹어야 할까? 궁금했던 통풍 약물치료 팩트체크 해드립니다✔ | 통풍 2편 (류마티스내과 이슬기 교수),삼성서울병원,12043,160,2023-06-23 08:00:13+00:00,489,33.04597701149425,Medical Pro,Description,1030,11.692233009708739,2.540990232338179,0,0,0
iXZ5iGT0ERY,통풍,통풍에 좋은음식 베스트5 #통풍예방,헬스픽숏츠,21557,0,2025-01-03 00:00:34+00:00,36,38.46153846153846,General,Description,470,45.86595744680851,3.847291557880053,0,0,1
EpzJIs-Xvao,통풍,10년간 통풍 방치한 발의 충격적 변화… 관절이 이렇게까지 변한다고?│명의│#EBS건강,EBS 건강,11646,171,2025-08-11 09:00:21+00:00,1532,18.548387096774192,General,Description,250,46.584,3.8624965702777447,1,1,0
M2YLPaejYaY,통풍,요산 낮추는 천연 처방전 통풍 완화와 예방에 좋은 음식 5가지#건강 #건강정보 #건강관리,몸쓸건강,20023,368,2025-07-27 11:28:05+00:00,77,16.0427807486631,General,Description,265,75.55849056603773,4.338055031250731,0,0,0
3OUOm7GgCYc,통풍,[명의 의학백과📖] 통풍의 약물치료,고대병원,10805,76,2023-09-01 01:21:17+00:00,97,16.203703703703702,Medical Pro,Description,960,11.255208333333334,2.505951016699581,0,0,0
2gH5ggfJGO8,통풍,통풍 당일 검사 결과 치료까지 가능한 병원 #발통증 #통풍,류마티비 - 아산본 류마티스내과,15731,69,2023-06-09 08:20:00+00:00,20,30.303030303030305,General,Description,1044,15.06800766283525,2.7768301933972985,0,0,1
tOc6G92-Lek,통풍,한 번만 먹어도 통풍에 걸릴 수 있는 음식은?,나음힐링센터 방태환원장,24485,446,2025-07-03 11:02:09+00:00,38,2.5839793281653747,General,Description,289,84.72318339100346,4.451123307001713,0,0,1
3YBiq-eXZr0,통풍,움직이지 않고 운동을 한다?! 통풍에 좋은 운동법! [건강 나눔 프로젝트 청.바.지] 12회 20170922,TVCHOSUN - TV조선,9695,53,2017-09-22 06:21:55+00:00,70,6.849315068493151,Medical Pro,Description,3130,3.097444089456869,1.4103633865047713,0,0,0
1JYbNqUVsuk,통풍,통풍은 무슨약으로 치료할까? #gout,HiDrLee,11647,105,2024-04-28 00:23:25+00:00,42,27.51196172248804,Medical Pro,Description,720,16.176388888888887,2.843535701731956,0,0,1
rB2liAjI4IU,통풍,통풍 환자가 꼭 먹어야 할 기적의 음식 4가지… 요산 수치 뚝!,백세시대 건강습관,20003,322,2025-07-19 02:30:42+00:00,50,12.096774193548388,General,Description,273,73.27106227106228,4.30772140440728,0,0,1
AH4J93VgTQo,통풍,통풍으로 뼈가 녹았을 때 어떤 수술을 할까? #통풍 #올바른서울병원 #shorts,올바른TV,13942,64,2025-02-17 09:30:08+00:00,74,17.24137931034483,Medical Pro,Description,425,32.80470588235294,3.5206000200863024,0,0,1
x9dq1xa1djk,통풍,통풍을 악화시키는 최악의 음식들 | 대부분 모르는 통풍의 근본적인 치료법,암 찾는 의사 이원경,8957,449,2025-11-07 11:31:54+00:00,580,11.049723756906078,Medical Pro,Description,162,55.29012345679013,4.030519092701281,1,1,0
LTehPhaiKCs,통풍,"[류마티스내과] 통풍 병원, 어디로 내원해야 정확한 치료를 받을까요? l 길동류마티스내과",류마티비 - 아산본 류마티스내과,8586,0,2023-02-03 07:24:42+00:00,268,18.46965699208443,General,Description,1170,7.338461538461538,2.1208787315440087,0,0,0
lAxYr4wsfrY,통풍,통풍 - 심천사혈요법 창시자 박남희선생님의 라이브특강,simcheon,8533,0,2021-08-05 23:12:53+00:00,2569,5.524861878453039,General,Description,1717,4.969714618520675,1.7866991236690786,0,0,0
Zi_DtsuZXhQ,통풍,"통풍에 좋은 비타민, 안좋은 비타민 영양제",지니어스강_무엇이든 물어보세요,8095,166,2024-02-14 22:00:12+00:00,1560,11.494252873563218,General,Description,794,10.19521410579345,2.415486374994539,0,0,0
1alujT9uNqA,통풍,의사가 말하는 통풍이 진짜 무서운 이유? 합병증 | 너무 아파서 60대에 눈물 흘린 사연 | 통풍 원인과 증상 | 통풍 환자가 피해야 할 음식 | 귀하신몸,EBS 컬렉션 - 사이언스,7937,122,2024-11-03 11:00:02+00:00,702,9.45179584120983,General,Description,531,14.947269303201507,2.769287611012817,1,1,0
ijnBJv5cIyU,통풍,ENG l 요산 수치가 높다고 바로 통풍 치료를 하지 않는 이유 #고요산혈증,류마티비 - 아산본 류마티스내과,7881,65,2025-01-08 10:17:35+00:00,266,18.01801801801802,General,Description,465,16.948387096774194,2.8875002555641416,0,0,0
4_QXxkHjf_o,통풍,통풍이 있을 때 맥주만 아니면 괜찮다? / 류마퍼스트내과 송란,의학채널 비온뒤,24151,106,2025-11-21 22:00:12+00:00,55,19.138755980861244,General,Description,148,163.18243243243242,5.100978202454373,0,0,1
vZWOaok4AeU,통풍,"통풍에서 가장 흔한 엄지발가락 통증, 이유는?",한양대학교병원,18733,69,2025-10-09 09:01:25+00:00,26,4.728132387706856,Medical Pro,Description,191,98.07853403141361,4.5959128087044085,0,0,1
e-9t0kW8KAE,통풍,통풍 발생 이유와 주요 증상!,서울대병원tv,7658,86,2023-01-14 10:00:30+00:00,56,63.49206349206349,Medical Pro,Description,1190,6.435294117647059,2.006238137656541,1,1,1
-Vq49xJWGCQ,통풍,통풍의 진단과 치료방법,건강의학전문채널 하이닥,7414,63,2020-11-17 08:30:01+00:00,319,15.242914979757083,General,Description,1978,3.748230535894843,1.5577720298852202,0,0,0
_EJruW1FnYw,통풍,통풍에 좋은 음식과 나쁜 음식! 통풍 환자는 어떤 식단으로 먹어야 할까?,여섯시의 진료실,6908,50,2022-02-25 09:00:13+00:00,142,12.468827930174564,General,Description,1513,4.565763384005288,1.7166341512416363,0,0,0
cz0EqK_kzNU,통풍,"비타민B3 나이아신아마이드가 당뇨, 통풍 있는 분들에게 결석 제거 및 요산 배출에 도움이 되는 이유",배석철의 비타민B3 LAB,7026,313,2025-04-08 07:38:36+00:00,254,8.547008547008547,General,Description,375,18.736,2.9824443792270556,0,0,0
SfvZRjNZVfM,통풍,이것을 먹으면 통풍은 싹 사라집니다 #통풍 #통풍치료 #통풍음식,코리안갓닥터,8250,121,2024-02-22 11:00:31+00:00,55,6.494252873563218,Medical Pro,Description,786,10.49618320610687,2.4420150851586873,0,0,1
aOWS0Z25lH8,통풍,통풍 검사 초음파로 하셨나요? 정확한 진단을 위한 초음파 검사,류마티비 - 아산본 류마티스내과,8614,0,2023-03-17 02:02:08+00:00,32,23.92344497607656,General,Description,1128,7.636524822695035,2.156000282308484,0,0,1
saY3ZrM11jk,통풍,"생로병사의 비밀, 털보의사 김진균 병원장 출연 #통풍 #통풍약 #통풍관리 #통풍치료 #심혈관질환 #합병증",털보의사 김진균의 의학정보 & 건강상식,15182,97,2025-08-28 08:05:48+00:00,40,11.578947368421051,Medical Pro,Description,233,65.1587982832618,4.19205788675455,0,0,1
xdKoWhZRat8,통풍,"통풍초기증상! 혼술, 다이어트가 발통풍 원인?!",브레인튜브 Brain Doctor,6160,70,2024-02-20 09:23:47+00:00,292,16.216216216216218,General,Description,788,7.817258883248731,2.1767110375031162,1,1,0
xq_9mzTW0c8,통풍,맥주보다 안 좋은 통풍 부르는 습관?| 정세연의 라이프연구소,정세연의 라이프연구소,12770,222,2025-11-01 10:01:30+00:00,110,1.4285714285714288,General,Description,168,76.01190476190476,4.343960017200672,0,0,0
PBbwmGp4z4s,통풍,통풍 잡는 열매! ‘개다래 충영’  [내 몸 사용설명서] 110회 20160708,TVCHOSUN - TV조선,6007,38,2016-07-08 14:00:01+00:00,110,9.66183574879227,Medical Pro,Description,3571,1.6821618594231307,0.9866231333081061,0,0,0
z_v3BdByDp0,통풍,[명의 의학백과📖]  통풍의 진행 단계,고대병원,6012,67,2023-08-31 02:41:24+00:00,74,4.640371229698376,Medical Pro,Description,961,6.255983350676379,1.9818264182507184,0,0,0
mn5smu6TC88,통풍,술을 많이 마시면 급성 통풍이?,EBS 건강,6466,55,2024-03-25 23:00:32+00:00,54,14.705882352941176,General,Description,754,8.575596816976127,2.259217863878916,0,0,1
ne5akYBkQh0,지방간,이것을 매일 먹으면 지방간이 싹 사라진다. 간에 낀 끈적한 지방간 제거 방법 [한의학박사 김순렬],김순렬TV,3230027,49323,2021-09-15 22:00:17+00:00,603,12.084592145015106,Medical Pro,Description,1676,1927.2237470167065,7.564354519794266,0,0,0
Q560aY7XpLc,지방간,술도 안 하는데 나도 모르게 간을 망가뜨리고 있었던 식습관│음식만 바꿨을 뿐인데 3주 만에 달라진 간 상태│간경변과 간암│귀하신 몸│#EBS건강,EBS 건강,2571647,20738,2024-11-27 05:00:15+00:00,2950,13.174404015056462,General,Description,507,5072.282051282052,8.531743234539196,1,1,0
H4efHrUl_zA,지방간,지방간 치료 가능합니다. 치료 해야만 합니다,닥터조의 건강이야기,1842408,25505,2022-08-30 19:48:00+00:00,1027,4.366812227074236,Medical Pro,Description,1327,1388.400904295403,7.236627929111745,0,0,0
F9weoNc400M,지방간,"""딱 3주만 참았을 뿐인데"" 주위 사람들도 깜짝 놀랄 정도로 확 좋아진 건강｜균형 잡힌 식단과 꾸준한 운동의 중요성｜지방간 없애는 법｜명의｜#EBS건강",EBS 건강,553264,4085,2025-02-08 08:00:19+00:00,2160,4.570383912248629,General,Description,434,1274.8018433179723,7.151330156639835,0,0,0
ZQSVeZeBmGw,지방간,당근은 이렇게 드세요! 간에 낀 지방 지방간 말끔해집니다! 지방간에 좋은 음식 #지방간 #지방간제거 #지방간예방 #간질환예방,효초TV,617139,11970,2024-03-23 21:00:26+00:00,56,10.438413361169102,Medical Pro,Description,756,816.3214285714286,6.706032442912538,0,0,1
mh4afFBcVM4,지방간,지방간 - 이렇게 하면 100% 완치될 수 있습니다 (Feat. 초중증 지방간 완치자 가족 인터뷰) [콜레스테롤 대 사기극 6부],닥터쓰리 - 한미일의사의 쉬운 의학,383196,11506,2021-05-23 04:00:09+00:00,994,2.1208907741251326,Medical Pro,Description,1791,213.9564489112228,5.370435444405351,0,0,0
T_Tzvw7Qj8Y,지방간,"""평소 술 한 모금도 안 마셨는데"" 잘못된 식습관으로 살찐 간이 보낸 위험한 경고｜각종 암 유발하는 지방간｜살만 뺐는데도 확 달라진 내 몸｜명의｜#EBS건강",EBS 건강,340325,3135,2025-02-02 08:00:31+00:00,2284,2.336448598130841,General,Description,440,773.4659090909091,6.652173642220516,3,1,0
HEZSN4gX044,지방간,[비알코올성 지방간 명의]흔하고 가볍다?… 내 몸 갉아먹는 지방간,헬스조선명의,319389,3269,2022-06-09 04:41:14+00:00,601,11.82033096926714,General,Description,1409,226.6777856635912,5.427931408642417,0,0,0
Tf4aafzKua0,지방간,아침마다 삶은 계란 먹었더니 간수치가 터졌습니다! #삶은계란 #간수치 #콜레스테롤 #중년건강 #건강한중년 #장수의비밀 #건강정보 #50대건강 #건강관리 #건강상식 #60대건강,장수의 비밀,836447,13569,2025-07-07 01:30:22+00:00,12,1.756756756756757,General,Description,285,2934.901754385965,7.984769926771927,0,0,1
KZ-Xdkvs76A,지방간,지방간을 완치시키는 가장 확실한 방법 [LDL 10편] 우선 이것부터 끊고 이걸 드세요!!,닥터쓰리 - 한미일의사의 쉬운 의학,237403,11709,2023-09-29 10:00:14+00:00,805,1.0666666666666669,Medical Pro,Description,932,254.72424892703862,5.544099711304986,0,0,0
2DRvec-NDq4,지방간,"[Full] 귀하신 몸 - 30화 좋은 간, 나쁜 간, 이상한 지방간",EBSDocumentary (EBS 다큐),223776,2419,2023-12-15 17:00:02+00:00,2766,13.029315960912053,General,Description,855,261.7263157894737,5.571112865977671,0,0,0
m-q1zhhHaYk,지방간,"“밥은 거의 안 먹습니다” 소식, 금주해도 지방간이 생긴다? │명의│#EBS건강",EBS 건강,144580,1753,2024-09-23 10:00:46+00:00,1301,5.188067444876784,General,Description,572,252.76223776223776,5.536397756827516,0,0,0
SQtoznCgOCI,지방간,술을 거의 안 마시는데 왜 '지방간'일까? 🍺 | 비알코올성 지방간 환자가 더 많은 이유 | 지방간 부르는 식습관 | 귀하신 몸,EBS 컬렉션 - 사이언스,114920,836,2024-07-20 11:30:12+00:00,486,5.128205128205129,General,Description,637,180.40816326530611,5.200749538131048,0,0,0
6w_203tsX7w,지방간,50대 지방간 - 관리 방법이 달라야 한다 !!,99세까지 88하게 - 임영빈 내과,104757,2368,2021-06-12 03:00:01+00:00,296,1.3291139240506329,General,Description,1771,59.15132693393563,4.096863502591918,0,0,0
O2W-Hc15AEA,지방간,​지방간이 싹 사라집니다! 의사도 놀란 간 청소 음식 20가지 🥦 (강력 추천),꿈꾸는 또리,446152,683,2025-12-22 00:41:06+00:00,6,2.1951219512195124,General,Description,117,3813.264957264957,8.246503253402667,0,0,1
cz_-aEahepI,지방간,"[자막뉴스] ""두 달 안됩니다. 꼭 석 달"" 지방간 줄이는 놀라운 결과 / KBS 2023.11.19.",KBS News,97074,638,2023-11-19 07:00:14+00:00,118,8.040201005025125,General,Description,881,110.1861520998865,4.7112058425859535,0,0,0
jBFGEbFEB4A,지방간,지방간 자가치료 가능합니다.  이렇게 해야 간이 살아납니다.  약 없이 지방간 없애는 가장 확실한 방법.,교육하는 의사! 이동환TV,93608,1518,2024-01-17 11:00:46+00:00,549,1.3875088715400992,Medical Pro,Description,822,113.87834549878346,4.743873703200935,0,0,0
FaHrDHkwW3o,지방간,"하루 10분, 약간 숨찬 운동…지방간 회복된다 / SBS",SBS 뉴스,81820,518,2016-06-11 12:24:06+00:00,134,4.23076923076923,General,Description,3598,22.74041133963313,3.1671787158904334,0,0,0
WhjEHuBfAnA,지방간,"비알코올성 지방간 치료는 어떻게 하나요? (지방간 치료, 생활습관)",분당차병원_CHA Bundang Medical Center,71608,1012,2020-09-29 09:00:10+00:00,403,22.988505747126435,Medical Pro,Description,2027,35.32708436112482,3.5925635887082628,0,0,0
_S3MMivzGFg,지방간,현대인을 위협하는 지방간의 습격! 지방간에 대한 오해와 진실 | 박용우 | 건강 | 지방간 | 새해결심 | 다이어트 | 금주,꽁교육+,71252,1078,2025-01-07 10:00:29+00:00,723,4.08997955010225,General,Description,466,152.90128755364807,5.03631140698039,0,0,0
EsarG2RPXLQ,지방간,'지방간이 무서운 진짜 이유 | 지방간 | 지방간염 | 간경화 | 간암 | 명의 | #EBS건강,EBSDocumentary (EBS 다큐),67040,609,2024-06-22 01:00:07+00:00,314,19.07356948228883,General,Description,665,100.81203007518798,4.62312827076107,1,1,0
_K9QYCuSS1A,지방간,고지혈증 지방간 예방 효과 7배 높여주는 최고의 미나리 요리! 초간단 연근 새우 미나리전 만들기 #건강 #레시피,일등감의 쉬운 레시피,156427,1499,2025-12-04 12:31:34+00:00,19,1.0893246187363834,General,Description,135,1158.7185185185185,7.055932598205017,0,0,1
sKd5W-MvbnE,지방간,술도 안먹는 데 지방간? #조이키토 #소고기칩 #쇼츠 #숏츠 #김미경,조이키토,89191,736,2025-12-10 21:39:26+00:00,33,1.4903129657228018,General,Description,129,691.4031007751938,6.540168301592422,0,0,1
TzP9nIjqWfM,지방간,"술, 고기 안 먹는데 지방간? 지방간이 오는 의외의 이유들을 알려드립니다",김소형채널H,41146,1677,2020-10-09 22:00:04+00:00,651,1.0976948408342482,General,Description,2017,20.39960337134358,3.063372387806683,0,0,0
_ElE7LW5eHY,지방간,지방간 이 음식은 절대 피하세요!!(feat. 지방간에 나쁜음식),내과식당,40006,790,2022-06-17 11:00:17+00:00,413,11.194029850746269,General,Description,1401,28.555317630264096,3.386263681309231,1,1,0
oESoRXhs-mg,지방간,[풀버전] 현대인을 위협하는 지방간의 습격! 지방간에 대한 오해와 진실 | 박용우 | 건강 | 지방간 | 새해결심 | 다이어트 | 금주,꽁교육+,39402,679,2025-02-26 11:01:11+00:00,1757,3.663003663003663,General,Description,416,94.71634615384616,4.561389090078479,0,0,0
AtUXTCvPJeE,지방간,간암의 원인! 간염과 간암 #가천대길병원 #길병원 #명의,길병원TV,112454,669,2024-04-29 05:00:07+00:00,45,24.89626556016597,Medical Pro,Description,719,156.40333796940195,5.058811542679671,1,1,1
xpmqgVOyMv8,지방간,이미 생긴 지방간 확실하게 없애는 방법! #shorts,삼성서울병원,42702,607,2025-02-09 06:00:39+00:00,80,24.390243902439025,Medical Pro,Description,433,98.6189376443418,4.60135228350819,0,0,1
w_F5xJyKZzo,지방간,치매를 치료하는 기름. 지방간도 치료해요,진약사톡,68521,1509,2025-11-26 09:01:32+00:00,96,25.0,Medical Pro,Description,143,479.16783216783216,6.174135693138148,0,0,0
OJ94I3GDdUU,지방간,지방간이란?,EBS 건강,42464,498,2024-06-21 23:00:10+00:00,60,30.53435114503817,General,Description,666,63.75975975975976,4.1706844191015,0,0,1
3PWwDazCh1Y,지방간,술 끊으면 지방간 좋아지나요,간보는 의사언니 유정주,29466,742,2024-12-25 21:00:02+00:00,250,38.64734299516908,Medical Pro,Description,479,61.51565762004175,4.135417047287648,0,0,0
vwrdEH_rOG8,지방간,"지방간, 간 수치 없애주는 최고의 음식 3가지",건강한편,28103,1699,2024-11-29 22:12:00+00:00,60,20.83333333333333,General,Description,505,55.64950495049505,4.0368832486978805,0,0,1
mIu3yxmjbso,지방간,"[Full] 간에 불이 났다! 지방간 없애는 특급 솔루션! #간경변증ㅣ귀하신 몸ㅣ79화 간이 굳기 전에, 지방간 다이어트",EBSDocumentary (EBS 다큐),26918,399,2024-11-29 17:00:50+00:00,2714,3.355704697986577,General,Description,505,53.3029702970297,3.9945789270465686,0,0,0
B-IYTMDXj7s,지방간,명의가 알려주는 지방간 없애는 법 | 지방간에 좋은 음식 | 비만 | 체중관리 식단 | 지방간과 탄수화물,EBS 컬렉션 - 사이언스,24860,233,2023-11-11 11:30:04+00:00,388,3.500583430571762,General,Description,889,27.96400449943757,3.366053834872425,0,0,0
xgkTkXWgKWY,지방간,간에 낀 지방을 쫙 빼주는 지방간에 좋은 3가지 음식 간에 좋은 음식 꼭 드세요! #shorts #건강정보 #지방간,몬스테라_건강정보,33124,478,2023-06-24 12:07:44+00:00,60,4.237288135593221,General,Description,1029,32.19047619047619,3.5022629730371007,0,0,1
seuh7fqHy5A,지방간,지방간 약으로 치료할 수 있을까? 증상이 나타나면 이미 늦은 침묵의 장기 | 간이 굳기 전에 해야하는 지방간 다이어트  | 귀하신몸,EBS 컬렉션 - 사이언스,23204,251,2025-07-20 11:01:21+00:00,1167,6.90846286701209,General,Description,272,85.30882352941177,4.457931835382228,1,1,0
RyTl8UFCzBk,지방간,간암.간염.간경화.지방간. 발바닥이 이렇게 변합니다! #간암 #간염 #간경화 #지방간 #50대건강 #60대건강 #중년건강 #건강정보 #건강상식 #건강관리 #건강한중년,장수의 비밀,61352,559,2025-08-04 01:30:31+00:00,17,4.934210526315789,General,Description,257,238.72373540856032,5.47948715785036,1,1,1
cc6XJHPEkd0,지방간,[전격비교] 🧬 위고비 vs 마운자로 ⚔️ 지방간 에는 어떤 게 더 좋을까?,간보는 의사언니 유정주,14348,393,2025-10-10 10:26:02+00:00,788,7.755102040816327,Medical Pro,Description,190,75.51578947368421,4.337497117884094,0,0,0
mgDaMoCoKOw,지방간,술🍻도 안 마시는데 지방간이라구요❓😮,고대병원,24293,199,2025-11-20 09:01:27+00:00,48,27.77777777777778,Medical Pro,Description,149,163.04026845637583,5.100111937052486,0,0,1
rEK9uc6gF_0,지방간,"당근과 이것, 지방간이 녹아납니다 #간건강 #지방간 #당근주스 #시니어건강 #건강정보",시니어정보통 백세인생,25007,635,2025-10-12 13:16:49+00:00,17,7.285974499089253,General,Description,188,133.0159574468085,4.897958878284749,0,0,1
5cx7dQ-_I1Y,지방간,비알콜성 지방간에 특효인 간 건강에 보약만큼 좋은 음식 3가지! #shorts,몬스테라_건강정보,7191,175,2023-09-03 13:34:42+00:00,60,4.739336492890995,General,Description,958,7.506263048016701,2.1408027213493592,0,0,1
t4vjLV6TDag,지방간,"술 안 먹어도 위험한 비알콜성 지방간, 이렇게 치료합니다! [소화기내과 이문형 교수]",강동경희대학교병원,6877,105,2024-01-26 08:45:01+00:00,765,12.389380530973453,Medical Pro,Description,813,8.45879458794588,2.2469449529518792,1,1,0
2qfOtfDG74Q,지방간,다 같은 지방간이 아닙니다. 이런분들은 꼭 지방간 진료 받으세요,간보는 의사언니 유정주,4995,199,2022-08-01 09:00:02+00:00,243,49.645390070921984,Medical Pro,Description,1356,3.683628318584071,1.544073091302634,0,0,0
alMz1rEX3tQ,지방간,지방간 있으면 꼭 드세요. 간을 회복시켜주는 음식3가지,가치있는 시간 l 가시TV,9012,204,2025-09-08 09:00:04+00:00,73,5.376344086021505,Medical Pro,Description,222,40.5945945945946,3.727970221194655,0,0,0
Du7PUIBeKu8,지방간,지방간 탈출! 간에 좋은 음식 TOP3 알려드립니다,바로건강,10570,248,2025-05-19 03:05:31+00:00,49,3.8314176245210727,General,Description,334,31.646706586826348,3.485743980399668,0,0,1
5uBDsvckgHw,지방간,지방간 폭발하는 음식 4가지,건강한한국인 건강정보,12001,78,2026-01-10 11:00:12+00:00,21,1.5037593984962403,General,Description,98,122.45918367346938,4.815910604870906,1,1,1
YcGvnTHcmfM,지방간,"간경화와 간암의 출발, 지방간! 확실하게 없애는 방법 (소화기내과 송병근 교수)",삼성서울병원,3937,81,2025-02-06 06:00:20+00:00,781,23.863636363636363,Medical Pro,Description,436,9.029816513761467,2.305562308063886,1,1,0
AM-q7OPq7BM,지방간,하버드 의사가 알려드립니다. 술도 고기도 안먹는데 지방간 생기는 이유 | 간에 낀 지방 쫙 빼주는 최고의 음식 1가지 | 김병재 원장 1부 | 간경화 | 간암 | 지방간,라이프링크 스튜디오,4765,59,2025-01-29 07:15:00+00:00,36,3.805899143672693,General,Description,444,10.731981981981981,2.4623186153129666,1,1,1
G0CPfn5H_80,지방간,"지방간, 간경화 되기 전에 . 제발 '이것' 드세요!"" #건강정보 #건강한중년 #건강관리  #건강습관 #시니어건강 #노년건강  #장수비결 #꿀팁",건강박사 정보채널,3745,160,2026-01-02 07:43:43+00:00,120,5.05050505050505,General,Description,106,35.33018867924528,3.5926490397028417,0,0,0
yAV8zljaeg4,지방간,"고혈압, 고지혈증, 지방간! 한 번에 찾아온 병을 이겨낸 관리법 대공개",바른건강,2251,44,2025-08-11 01:00:55+00:00,667,13.422818791946307,General,Description,250,9.004,2.3029850130153724,0,0,0
qHzjGWZmYS0,지방간,"지방간, 증상이 없다고 안심하셨나요?",바로건강,6349,88,2025-05-14 02:06:15+00:00,45,24.64788732394366,General,Description,339,18.728613569321535,2.9820700473840875,1,1,1
4N6lbOQfeRM,지방간,"지방간 기름때, 이 음식 5가지로 싹 지웁니다",건식,4813,95,2025-09-15 15:22:59+00:00,57,6.289308176100629,General,Description,215,22.386046511627907,3.1521395415824753,0,0,1
MBvNgBRHreY,지방간,술보다 위험한 지방간 음식 TOP3,생활에힘,3994,77,2025-10-13 03:00:33+00:00,58,3.9761431411530817,General,Description,187,21.358288770053477,3.1071971145019783,1,1,1
RdijYEmeLyA,지방간,양파와 이걸 같이 먹으면 지방간 싹 사라집니다 #양파 #건강차 #지방간 #간건강 #숙면음식,건강속보꿀팁,4227,88,2025-11-13 00:22:04+00:00,28,12.539184952978056,General,Description,156,27.096153846153847,3.335632693169272,0,0,1
aid4Ey1GUx8,지방간,의사들이 절대 먹지 말라는 음식 5가지 (지방간 예방) -2,소복소복,4695,5,2025-09-24 02:53:01+00:00,7,17.24137931034483,General,Description,206,22.79126213592233,3.1693183761199664,1,1,1
ohl-LBoGUlM,지방간,지방간에는 타우린이 풍부한 낙지요리가 최고다!?,바른건강,1054,23,2024-07-11 01:00:19+00:00,777,12.422360248447204,General,Description,646,1.631578947368421,0.9675840262617056,0,0,0
-c9YZ1tnk5Q,지방간,지방간 예방에 좋은 음식 5가지 #건강 #건강정보 #지방간,건강이최고,1442,70,2025-03-30 03:00:49+00:00,57,5.235602094240837,General,Description,384,3.7552083333333335,1.559240508567187,0,0,1
YGQkqFFoKMM,지방간,지방간 탈출을 위한 완벽 식단 가이드: 핵심은 식이섬유!,닥터대니DrdannyFM,2563,40,2026-01-06 23:02:47+00:00,56,2.985074626865672,Medical Pro,Description,102,25.127450980392158,3.262986523315674,0,0,1
I3XF9Ig6CBw,지방간,"술 안 먹어도 지방간 생긴다, 지방간 없앤 검은 콩 식단",바른건강,907,22,2025-07-04 03:00:16+00:00,823,13.043478260869565,General,Description,288,3.1493055555555554,1.422940984229665,0,0,0
wnEQin_vsMw,지방간,술 안 마시는데 지방간? 의외의 이 원인 때문?! #shorts,삼성서울병원,1138,34,2025-02-05 06:00:39+00:00,70,18.867924528301888,Medical Pro,Description,437,2.6041189931350113,1.2820773561641432,0,0,1
Oqa_v0nKKrc,지방간,지방간을 예방하는 음식 5가지#지방간#간건강,건강산책,2107,39,2025-09-19 10:32:17+00:00,61,18.867924528301888,General,Description,211,9.985781990521327,2.3966018904236304,0,0,0
z393gKPLNyY,지방간,먹기만 해도 간 건강 쑥쑥 올라가는 최고의 음식5가지! 지방간은 없애고 간암 막아주는 음식! 간을 망치는 음식3가지. 간 기능 회복에 좋은 음식. 지방간에 좋은 음식.,건강지식TV,815,48,2025-08-17 00:11:53+00:00,42898,7.272727272727272,Medical Pro,Description,244,3.3401639344262297,1.4679121203082046,1,1,0
Yavt4_fiycY,지방간,약도 없는 지방간 방법은 4가지뿐,"엄마,아빠... 설마?",2918,22,2025-05-14 05:00:30+00:00,40,10.91703056768559,General,Description,339,8.607669616519175,2.262561697895783,0,0,1
y9gf7znk924,지방간,지방간 전부 녹이는 최고의 음식 ‘4가지’ #건강 #건강정보 #지방간,웃는건강,2312,30,2025-07-08 09:01:33+00:00,21,8.960573476702509,General,Description,284,8.140845070422536,2.2127528396627745,0,0,1
b8qG6GGiOFI,지방간,"지방간이 보내는 위험 신호 4가지, 무시하면 큰일 납니다.",건강하게 백세인생,1772,8,2025-10-24 08:48:59+00:00,61,9.75609756097561,General,Description,176,10.068181818181818,2.4040744891643286,3,1,0
zRo-neD5OhQ,지방간,🔥 간에 쌓인 지방 싹 녹인다! 지방간 완화시키는 '천연 해독제' 음식 5가지,감자콜라,1385,32,2025-10-18 18:03:43+00:00,78,1.5337423312883436,General,Description,182,7.6098901098901095,2.1529115552792253,0,0,0
YQmR_r5L5l8,지방간,술 한방울 안마시는데 지방간이 있다면?,정자동김박사,1980,12,2025-07-02 08:00:42+00:00,53,10.819165378670789,General,Description,290,6.827586206896552,2.057654187494929,0,0,1
fE1MVeldxuQ,지방간,심한 지방간 CT 진단,웰니스연구소,1777,3,2025-06-28 23:49:21+00:00,39,9.560229445506693,General,Description,294,6.04421768707483,1.9522070940569025,0,0,1
UDbMDSgGGN4,지방간,지방간 이 신호 보이면 이미 진행 중일 수 있습니다 #지방간 #건강정보, 쏙쏙연구소,2086,0,2025-12-25 20:30:04+00:00,63,13.574660633484164,General,Description,114,18.29824561403509,2.9600141909519118,1,1,0
D9hgpBUvaoU,지방간,지방간에서 간암까지 걸리는 시간 #지방간 #간암예방 #50대건강 #건강검진 #골든타임 #간경변 #체중감량 #당뇨관리 #중년건강,슬기로울 건강생활,2064,10,2025-10-14 07:00:12+00:00,56,6.172839506172839,General,Description,186,11.096774193548388,2.492938821485265,1,1,1
nOF17NtAbi0,지방간,간 해치는 최악의 생활습관 3가지 #음주습관 #간수치 #지방간,건강과 행복,1587,8,2025-09-23 14:45:06+00:00,61,8.670520231213873,General,Description,207,7.666666666666667,2.1594842493533726,1,1,0
a2x1fJ6Q40I,지방간,이런 사람 술 안 마셔도 지방간 적신호구독^^좋아요^^#지방간 #간건강 #건강 #정보 #의사 #시니어 #생활습관#피로 #영양 #Health #Liver #shorts,이 풀,1304,15,2025-12-27 01:00:00+00:00,25,2.2202166064981945,General,Description,112,11.642857142857142,2.5370924029585704,1,1,1
HllxRMBo8Z0,지방간,술보다 무서운 ‘비알코올성 지방간’ 주범 3가지#50대건강 #60대건강 #중년건강 #시니어건강,건강칼럼,1172,14,2025-12-24 22:00:18+00:00,104,10.0,General,Description,115,10.191304347826087,2.415137079232877,0,0,0
mGvyLrDOksQ,지방간,지방간 없애는 음식 vs 악화시키는 음식#간건강 #숙취해소 #간에좋은음식 #지방간 #건강정보 #간수치 #해장음식 #건강관리 #건강꿀팁 #shorts,오늘의픽,2356,17,2025-10-13 10:01:22+00:00,57,2.6335877862595423,General,Description,187,12.598930481283423,2.609991148567533,0,0,1
lJZCA3AuFjU,지방간,"""아침 한 스푼이 간을 살립니다""#지방간#간건강#간해독#아침습관#중장년건강#의사조언#건강한식습관#기름의진실#간경화예방#생활습관개선 #의사조언",생활건강,2828,23,2025-12-29 13:26:47+00:00,99,17.045454545454547,General,Description,110,25.70909090909091,3.2850039909414064,0,0,0
ji1QRrfmNTc,지방간,지방간 예방에 좋은 음식 꼭 챙겨드세요#시니어건강#노인건강#지방간#지방간예방#간수치관리#건강정보#지방간에좋은음식,정보드림TV,1407,20,2025-12-16 05:15:03+00:00,41,3.5460992907801416,Medical Pro,Description,123,11.439024390243903,2.5208386590140637,0,0,1
VS4CM_YMpyI,지방간,[지방간 관리]간이 피곤할 때 필요한 음식. 매일 토마토 이렇게 먹으면 지방간 관리에 도움 됩니다. #건강한중년 #건강정보 #간관리,알고가면100세,1589,16,2025-12-20 02:26:55+00:00,26,4.329004329004329,General,Description,119,13.352941176470589,2.663954881236986,0,0,1
-ziMKS9aHUw,지방간,"지방간, 마지막 경고 #건강정보 #동기부여 #시니어건강",픽스팩트,2156,4,2025-08-31 13:00:00+00:00,42,9.25925925925926,General,Description,230,9.373913043478261,2.339294293734666,1,1,1
UwIMUz0guD4,지방간,"지방간, 증상, 예방법 #시니어건강 #건강한중년 #지방간",건강다모아,1506,5,2025-09-19 02:45:26+00:00,35,60.0,General,Description,211,7.137440758293839,2.0964757274214088,1,1,1
I6uhItLNqHM,지방간,당뇨환자 70%는 지방간 간살리는습관 3가지 #당뇨 #당뇨병 #당뇨쇼츠 #건강 #지방간 #음식,당블리,1509,13,2025-11-28 08:00:32+00:00,56,6.172839506172839,General,Description,141,10.702127659574469,2.459770676516458,0,0,1
fascxQLBuFs,지방간,지방간의 위험 신호일수 있습니다#중년건강#시니어건강#노인건강#지방간#간건강#간질환#복부비만#건강정보,정보드림TV,1603,32,2025-10-09 05:15:02+00:00,38,3.2890365448504983,Medical Pro,Description,191,8.392670157068062,2.2399296145721115,2,1,1
qFOk2ZMo4FY,지방간,지방간 초기 증상 #지방간 #지방간초기증상 #간건강 #간수치 #ALT #AST #시니어건강 #생활습관병 #정기검진 #건강ON365,건강청심환,1219,4,2025-10-06 15:01:37+00:00,54,7.299270072992701,General,Description,194,6.283505154639175,1.9856122236211993,1,1,1
xBkGxn4pSxA,지방간,"지방간 수치 내리는 식단, 이 6단계만 지키세요",1분정보,2137,9,2025-12-20 21:30:10+00:00,12,7.614213197969543,General,Description,119,17.95798319327731,2.94222511950642,0,0,1
Be5vBUpLvjI,지방간,지방간 악화 신호 10가지 몸이 먼저 보내는 경고입니다 #중년건강 #당뇨 #치매 #지방간 #지방간악화 #간건강,진짜건강,2434,4,2026-01-09 09:05:07+00:00,6,10.6951871657754,General,Description,99,24.585858585858585,3.242039799867085,2,1,1
twEpYLxSsEo,지방간,"[간 해독] ""지방간 싹 치워주는 의외의 채소""",모하시나,1579,6,2025-12-28 08:26:37+00:00,33,8.19672131147541,General,Description,111,14.225225225225225,2.722953606604785,0,0,1
Zznortn1hyQ,지방간,지방간을 해결해요  #지방간 #체중감량 #금주 #야식 #간수치 #간암 #provincial government #건강검진 #건강정보 #건강습관 #건강상식,Newsestj1,1648,5,2025-07-27 02:00:29+00:00,31,19.23076923076923,General,Description,265,6.218867924528302,1.9766981434540307,1,1,1
VuMqc6zpb64,지방간,지방간 있을 때 과일 이렇게 골라 드세요 #지방간 #건강정보, 쏙쏙연구소,1308,0,2025-12-22 03:22:08+00:00,52,8.88888888888889,General,Description,117,11.179487179487179,2.4997531579049945,0,0,1
RQ-lrv2OvQI,지방간,"지방간, 간경화 왜 합병증이 무서운가",시니어 라이프 마을,1796,20,2025-12-26 09:09:51+00:00,35,6.711409395973154,General,Description,113,15.893805309734514,2.826947005013407,0,0,1
sDDn_d0dKqc,지방간,⚠️ 술 안 마셔도 간암 직행: 지방간 잡는 '주 2회 절식'의 비밀,백세건강24TV,2107,6,2025-10-10 11:17:19+00:00,73,4.329004329004329,Medical Pro,Description,190,11.089473684210526,2.492335130528612,1,1,0
07P63yYWvEo,지방간,지방간의 원인5가지  질병#건강#치료방법#증상#식이요법#수술#시술#의사#병원#검사#통증#지방간#간암#고지혈증#음주,건강한사람,1534,7,2025-11-12 19:43:38+00:00,78,34.63203463203463,General,Description,157,9.770700636942674,2.376829543550272,2,1,0
rl1s4pd1dV4,지방간,지방간 자가진단법! 3가지 이상 증상 있으면 주의하세요,튼튼시간,1658,9,2025-08-21 01:47:12+00:00,52,14.5985401459854,General,Description,240,6.908333333333333,2.067917055827882,2,1,1
w4PnGLDXG_E,지방간,"✅ 지방간, 금주만이 답이 아닙니다!  #지방간 #건강상식 #건강정보",1분튼튼,1575,15,2025-09-29 09:47:08+00:00,33,12.38390092879257,General,Description,201,7.835820895522388,2.1788140154930398,0,0,1
8eZo-sEmNjs,지방간,술 안 마셔도 생기는 간암 MASLD(지방간) 시대의 경고 #MASLD #지방간 #간암경고 #술안마셔도간암 #대사증후군 #간경변 #간건강 #비알코올성지방간,슬기로울 건강생활,1682,12,2025-12-15 02:30:06+00:00,49,9.92063492063492,General,Description,124,13.564516129032258,2.6785881683718937,2,1,1
3hbzZRnJgm4,지방간,의사가 추천하는 간 건강 영양제 3가지｜지방간·간수치 개선에 효과적인 건기식,닥터 살루스,516,20,2025-09-01 09:45:01+00:00,360,14.92537313432836,Medical Pro,Description,229,2.2532751091703056,1.1796622148253197,0,0,0
4MW6wQjDOBY,지방간,"이 음식, 간을 조용히 지치게 합니다 #간해독 #간피로 #지방간 #간수치 #간기능 #피로회복 #해독식단 #해독음식 #시니어식습관 #시니어건강관리 #노화예방 #시니어생활습관",건강멘토,1789,21,2025-10-23 22:00:07+00:00,35,3.4482758620689653,General,Description,177,10.107344632768362,2.4076065681332826,0,0,1
cXX6gX7aaxg,지방간,[온갖이슈] 16시간 금식하면 지방간 치료에 효과적,JTV ON,1326,0,2025-07-27 08:00:43+00:00,48,14.012738853503183,Medical Pro,Description,265,5.003773584905661,1.7923882023515647,0,0,1
ZgvIQy9auFY,지방간,⚠️ 지방간 방치하면 간암! 지금 이 음식 꼭 챙기세요,100세 시대의 건강,1651,4,2025-11-04 08:57:01+00:00,6,6.993006993006993,General,Description,165,10.006060606060606,2.398446085260658,1,1,1
jX8Hzih1O3A,지방간,"비알코올성 지방간, '이 건강식품'이 원인일 수 있습니다",노후레시피,1692,32,2025-10-29 23:01:09+00:00,16,12.195121951219512,General,Description,171,9.894736842105264,2.3882798140989285,0,0,1
Cxd8v6PfKAA,지방간,"[건강-간] ""간염·지방간이 위험해지는 실제 시점”/간 초기증상 / 간염 / 지방간 / 무증상 / 간경변 전조",아프지 말자구요,1797,4,2025-11-28 15:00:33+00:00,116,27.13178294573644,General,Description,141,12.74468085106383,2.6206519020725434,3,1,0
SWS6d8saUbk,지방간,뚱뚱한 지방간! 빠르게 해결할 수 있다고? #건강 #류은경 #완전소화 #간 #간암 #지방간 #다이어트 #해결 #치료 #저속노화,건강채널 토브,886,15,2025-08-25 04:13:13+00:00,146,3.316749585406302,General,Description,236,3.7542372881355934,1.5590362810570315,1,1,0
72QfzVE0-Hs,지방간,술한방울 안마시는데 지방간이라고요?ㅣ지방간ㅣ건강쇼츠시니어건강 #시니어건강 #건강정보 #노인건강,건백튜브,1192,7,2025-12-26 08:00:10+00:00,46,9.523809523809524,General,Description,113,10.548672566371682,2.4465705010444534,0,0,1
sv4Vb90-0os,지방간,말랐는데 지방간이라고? #shorts,아인파인,1883,3,2025-05-26 08:31:12+00:00,53,14.92537313432836,General,Description,327,5.758409785932722,1.9107876236145451,0,0,1
dJIvQvvp2AM,지방간,"""이음식""매일 먹다간 간이 망가집니다 #지방간 #간수치 #간망가짐",1분이슈,946,5,2025-09-03 23:00:50+00:00,30,10.638297872340424,General,Description,227,4.167400881057269,1.6423698311720727,0,0,1
_dHYPi4JrMU,지방간,"무서운 지방간, 피하려면 바꿔야 할 6가지 습관  #지방간 #간건강 #생활습관개선 #건강상식 #건강정보",지식이와지혜,1912,5,2025-07-28 23:00:42+00:00,6,11.235955056179776,General,Description,264,7.242424242424242,2.109294504829517,0,0,1
Bw7sAXzvr90,지방간,지방간 방치하면 어디까지 망가질까?,힐링마을 - 작은 습관이 만드는 큰 건강,1312,11,2025-12-14 05:00:27+00:00,70,13.80952380952381,General,Description,125,10.496,2.441999148776724,0,0,0
me7m5YBd0Ow,지방간,"지방간, 이렇게 생깁니다.",건강보감,1271,4,2025-07-26 02:00:53+00:00,11,29.41176470588235,General,Description,266,4.7781954887218046,1.7540914347568968,0,0,1
MxHmiCx7ZFw,지방간,"시간제한 식사, 간 건강에 효과? 지방간까지 개선! | 팩트체크",팩트라인 (FactLine),1228,2,2025-07-28 03:00:32+00:00,61,4.11522633744856,General,Description,264,4.651515151515151,1.73192367761739,0,0,0
FLcAqZVjY7U,지방간,배만 나온 줄 알았죠? 지방간일 수 있습니다[지방간][간건강][간경화예방],주치의처럼 - 50대부터 꼭 알아야 할 건강정보,1147,8,2025-08-11 23:38:42+00:00,16,11.976047904191615,General,Description,250,4.588,1.7206214413947154,0,0,1
QYHEWk07mkk,비만,‘초고도비만’ 아들의 밝혀지는 비만의 원인!ㅣ순간포착 세상에 이런 일이(Instant Capture)ㅣSBS Story,SBS STORY,3904943,17416,2013-11-14 13:31:15+00:00,310,12.552301255230123,General,Description,4538,860.4986778316439,6.758673521238593,0,0,0
JNS2daJ-P_I,비만,"""밥까지 말아 먹어야죠"" 남편은 30kg, 아내는 20kg, 입맛 잘맞는 부부에게 비극이 찾아왔다｜잘못된 식습관 때문에 온몸이 망가지고 있는 사람들｜만성염증｜귀하신 몸｜#골라듄다큐",EBSDocumentary (EBS 다큐),2789061,9282,2024-08-02 05:00:11+00:00,1175,9.345794392523365,General,Description,624,4469.649038461538,8.405288875828266,0,0,0
tg1JZ0frJg0,비만,비만의 원인...,퀵선동,2646581,22069,2025-12-04 01:30:57+00:00,60,3.8314176245210727,General,Description,135,19604.303703703703,9.883555405741548,0,0,1
BPgRNtYiFfM,비만,6년간의 고도비만 다이어트 프로젝트 종료,곽튜브,965219,14176,2025-10-24 10:00:11+00:00,1578,1.4619883040935673,General,Description,176,5484.198863636364,8.609808627956633,0,0,0
xafwITwhbrY,비만,한달 -10kg 감량하기 #다이어트 #오운완 #홈트 #홈트레이닝,윤보통,2034808,13932,2025-02-24 12:12:32+00:00,10,1.4587892049598834,General,Description,418,4867.9617224880385,8.490635994678815,0,0,1
TCwM1BcNdOo,비만,국물 없이 밥을 어떻게 먹어? 🍚 나트륨이 비만에 미치는 영향 | 복부비만 | 올바른 다이어트 방법,EBS 컬렉션 - 사이언스,755035,3679,2023-08-12 11:30:11+00:00,698,4.329004329004329,General,Description,980,770.4438775510204,6.648263924570058,0,0,0
noNs-zmSCH8,비만,[#건강다큐] 인생 최대 몸무게 185kg 초고도 비만으로 고통받는 그녀! 원인은 무너진 장 건강 때문이다?,채널아하: 채널A Health & Asset,476101,2070,2024-11-20 13:00:56+00:00,2575,5.617977528089888,General,Description,514,926.2665369649806,6.832241050629628,0,0,0
kRVJf_crI1k,비만,"""관리하려고 탄수화물 최소화했는데.."" 다이어트에 좋을 줄 알고 했던 '이 행동' 오히려 복부비만 키운 충격적 이유였다│명의│#EBS건강",EBS 건강,371040,3138,2025-08-16 10:35:11+00:00,1904,6.787330316742081,General,Description,245,1514.4489795918366,7.323467030204884,1,1,0
G8okoThwDWg,비만,[#밥친구] 🧀스모 선수급 식단🍷 140kg 초고도 비만 김정은의 건강 상태가 위험하다?!💥🔥🤫 | #이제만나러갑니다 686회,채널A WORLD,334724,2647,2025-03-02 13:00:29+00:00,3253,2.2831050228310503,General,Description,412,812.4368932038835,6.701268349223346,1,1,0
JyQFXp1Clis,비만,고도비만 아내가 운동을 못하는 황당한 이유 | MAKE ME Girl,닥터프리즘,576178,2920,2025-05-13 02:30:10+00:00,38,18.633540372670808,Medical Pro,Description,340,1694.6411764705883,7.43581622349041,0,0,1
DeB8kIQkitc,비만,"몸무게 빼봤자 소용없다! 비만 전문 교수가 말하는 진짜 살 빼는 법 | 박용우 가정의학과 전문의, 강북삼성병원 건강의학본부 교수",세바시 강연 Sebasi Talk,312478,4250,2025-06-18 09:00:18+00:00,1173,1.25,General,Description,304,1027.8881578947369,6.936234039834275,0,0,0
27i9Fey1Iyo,비만,"[#건강다큐] 아침부터 아귀찜 大자에 피자 2판 시켜 먹는 초고도비만의 식욕🔥 급격하게 찐 살, 혈관 건강은 괜찮을까?",채널아하: 채널A Health & Asset,296905,2583,2024-10-13 11:00:02+00:00,2534,5.882352941176471,General,Description,552,537.8713768115942,6.289476909429004,1,1,0
PzysO1kNGBs,비만,남친 위해 한 달 만에 굶어서 15kg를 뺀 여자 ㄷㄷ｜MAKE ME Girl,닥터프리즘,474118,2711,2025-01-17 08:55:19+00:00,25,23.121387283236995,Medical Pro,Description,456,1039.732456140351,6.947680028993635,0,0,1
V4LlJN7NTHo,비만,꿈의 비만치료제 '위고비'의 작동원리 #glp1 #유사체 #위고비 #삭센다,서울부민병원,405040,2027,2023-12-21 19:55:33+00:00,50,87.71929824561404,Medical Pro,Description,849,477.07891637220257,6.16977581587742,0,0,1
VKhiLazD1jY,비만,[#건강다큐] 건강에 켜진 적신호🚨 몸무게 85kg 허리둘레 44인치! 고도비만 그녀의 쉽지 않은 다이어트,채널아하: 채널A Health & Asset,239370,1379,2024-10-09 13:00:38+00:00,2383,7.194244604316546,General,Description,556,430.521582733813,6.067317527195717,1,1,0
ST7Ku5YXB60,비만,복부비만의 직.격.타 ‘술살’이란 말이 존재하는 이유 | 다이어트할 때 절대 입에 대면 안되는 1순위 | 술과 비만의 상관관계 | 귀하신 몸 | #골라듄다큐,EBSDocumentary (EBS 다큐),190855,1406,2023-07-07 11:00:31+00:00,961,3.717472118959108,General,Description,1016,187.8494094488189,5.240949922062335,1,1,0
qwnoqDB5OIo,비만,"[잘못된 밥상] 당뇨, 고지혈증, 고혈압에 갇힌 한국인 과연 비만에서 빠져나올 수 있을까?",MBN Entertainment,165955,1094,2024-04-01 06:32:28+00:00,2481,36.69724770642202,General,Description,747,222.1619812583668,5.407897881134577,0,0,0
Pfc_uyTFb0E,비만,허리 둘레 측정 불가♨ 246kg 빠지지 않는 살 때문에 괴로운 초고도비만 남성이 살 빼기 어려운 이유,채널아하: 채널A Health & Asset,126207,1015,2024-08-21 13:00:23+00:00,2435,5.58659217877095,General,Description,605,208.60661157024794,5.345232495700576,0,0,0
U8nQOMeGjNA,비만,위고비보다 센 '마운자로' 풀린다...비만치료 경쟁 격화 / YTN, YTN,115199,524,2025-08-16 20:52:53+00:00,134,2.6156433978132885,General,Description,245,470.2,6.155282632337377,0,0,0
8wVllhBzEAc,비만,"비만으로 인한 가속노화, 주범은 '00지방'?!",병원접수,110093,634,2025-05-16 03:00:16+00:00,553,41.0958904109589,Medical Pro,Description,337,326.68545994065283,5.792054184688815,0,0,0
aYk1cF5bH8k,비만,다이어트 성공이 불러온 예상치 못한 결과 | 기린성형외과,기린성형외과 Girin Plastic Surgery Korea,95837,449,2024-11-22 09:00:01+00:00,32,12.295081967213116,General,Description,512,187.181640625,5.237407669921952,0,0,1
fGNFk3BwxP4,비만,"""겉보기엔 괜찮은데"" 팔다리는 얇은데 배만 볼록 나온 마른 비만이 무서운 이유｜당뇨, 고혈압 유발하는 내장비만｜효과적으로 살 빼는 법｜명의｜#EBS건강",EBS 건강,59524,626,2025-08-23 09:00:57+00:00,2196,13.143483023001096,General,Description,238,250.10084033613447,5.525854612777352,0,0,0
p6LHSFX3VgY,비만,"살이 쭉쭉 빠지는 약? 위고비, 마운자로 한달 현실 후기 💉(부작용 • 효과 차이 • 싸게 사는법)",옌마드Yenmad,66481,1308,2026-01-04 05:21:17+00:00,915,6.369426751592357,General,Description,104,639.2403846153846,6.461843706794872,0,0,0
-garSE7ZWrU,비만,"소아과 의사가 밝히는, 비만에 대한 ""거짓말들"".",산소형제TV,57597,609,2025-07-01 12:00:01+00:00,835,4.419889502762431,Medical Pro,Description,291,197.9278350515464,5.292942121023529,0,0,0
BtFm9N-6iSc,비만,"수유 중인 통통한 우리 아기, 혹시 비만..? 수유양 줄여야하나?",산소형제TV,53196,536,2025-07-11 12:00:33+00:00,841,4.1450777202072535,Medical Pro,Description,281,189.30960854092527,5.248652264571985,0,0,0
QfCmJxz9izg,비만,50대 비만남성 코골이 수술후기 - 코골이가 너무 심했는데 수술 후 기구 사용도 없었습니다.,"BS코아이비인후과(서울점, 인천점)",189573,63,2023-03-14 00:21:35+00:00,462,7.84313725490196,General,Description,1131,167.6153846153846,5.1276202906063695,0,0,0
ghb4dpT4WXk,비만,"""위 절제 수술 후, 인생이 달라졌습니다"" 비만대사수술로 1년 만에 60kg 감량, 요요를 이긴 사람들의 변화│명의│#EBS건강",EBS 건강,41719,312,2025-08-09 10:00:58+00:00,1388,4.694835680751174,General,Description,252,165.5515873015873,5.115305095075135,0,0,0
B3Afa5kJTSU,비만,비만 치료만 25년! 다이어트 명의가 알려주는 내장 지방 쏙 빠지는 아침 공복 1위 음식! 살 빠지고 당뇨 해결! 약도 아닌데 기가 막힙니다ㅣ비만 전문의 이진복 원장 전체 몰아보기,의사친[의사사람친구],39754,534,2025-07-19 11:00:16+00:00,4153,6.756756756756757,Medical Pro,Description,273,145.61904761904762,4.987837710201077,0,0,0
NafKF2niD0E,비만,뚱뚱해진 대한민국…성인 남성은 46%가 비만 [9시 뉴스] / KBS  2023.03.03.,KBS News,37685,307,2023-03-03 12:59:24+00:00,153,1.7123287671232876,General,Description,1142,32.99912434325744,3.5263347696744307,0,0,0
TExymdTJ2Oc,비만,"전, 송편…😋 명절 앞두고 왕성해진 식욕의 결말은 비만 진단💥 | 다큐 플러스 365회 | JTBC 251005 방송",JTBC Life,36642,271,2025-10-05 01:32:26+00:00,618,10.309278350515465,General,Description,195,187.90769230769232,5.2412584952648755,0,0,0
_b7U0areUVs,비만,고도비만 치료⚡️ 위 소매 절제술,고대병원,86742,462,2025-10-24 05:30:18+00:00,33,69.76744186046511,Medical Pro,Description,176,492.85227272727275,6.202236429403429,0,0,1
iKkLDYWy2pc,비만,"[팩트추적 예고] 비만인들의 '꿈의 비만치료제', '위고비' 열풍 속 부작용의 그늘 / YTN", YTN,30952,56,2025-09-16 06:32:38+00:00,66,4.345794392523365,General,Description,214,144.6355140186916,4.981107020983709,0,0,0
2bWqz7eFd9U,골다공증,골다공증 환자의 인생을 바꾼 '이 운동' 꼭 하세요!,내 몸의 호르몬 밸런스,4253046,66679,2022-01-05 11:00:01+00:00,942,7.422360248447205,General,Description,1564,2719.338874680307,7.9085117378093415,0,0,0
0W3ePojHA_Q,골다공증,상추 이것과 같이 드세요! 골다공증에 최고입니다. 골다공증에 좋은 음식 상추 효능 #골다공증 #상추,효초TV,2013056,33644,2024-06-14 21:00:00+00:00,60,19.607843137254903,Medical Pro,Description,673,2991.1679049034174,8.003753455468818,0,0,1
WFUdHlILSoU,골다공증,골다공증에 좋은 음식이 옥수수? 뼈 튼튼하게 만드는 옥수수 먹는 법!,바른건강,1486751,18490,2022-09-16 07:47:25+00:00,942,3.367003367003367,General,Description,1310,1134.924427480916,7.0352020719633765,0,0,0
Da41W6s97gM,골다공증,자칫하면 생명까지 위협하는 골다공증의 위험│의외로 많이 간단한 골다공증 낫는 법?│집에서 가능한 골다공증 낫는 습관│귀하신 몸│#EBS건강,EBS 건강,1009495,13043,2024-02-26 07:00:06+00:00,1993,7.272727272727272,General,Description,782,1290.9143222506393,7.163880368096181,1,1,0
tah6p2WzbXY,골다공증,구멍난 뼈를 채워주는 골다공증에 좋은 음식 3가지 #shorts #건강정보 #골다공증,몬스테라_건강정보,791355,12644,2023-06-21 06:58:08+00:00,60,7.722007722007722,General,Description,1032,766.8168604651163,6.643551241774819,0,0,1
sVHynlLoAqk,골다공증,"뼈를 단단하게 채워주는 필수 영양소,  갱년기 골다공증에 필수 영양제를 안내드립니다.",약사가 들려주는 약 이야기,612252,11964,2022-08-26 10:00:38+00:00,642,6.451612903225806,Medical Pro,Description,1331,459.9939894815928,6.13338500491077,0,0,0
UOxZhG3YZ6I,골다공증,골다공증에 칼슘보다 효과 좋은 이것!,진약사톡,593133,17411,2024-09-25 09:00:33+00:00,59,43.47826086956522,Medical Pro,Description,570,1040.5842105263157,6.948498112474503,0,0,1
0fz8YariPcA,골다공증,[바른 리플레이🔁] 골다공증 '약' 없이 일상에서 골다공증 극복기!,바른건강,509390,7238,2023-03-25 03:00:00+00:00,3579,8.241758241758241,General,Description,1120,454.8125,6.1220815407444515,0,0,0
2dBGOWA-nlU,골다공증,뼈가 비어 갑니다… 이 음식 안 먹으면 늦습니다! [골다공증 예방 음식 3가지],건강한걸,795604,17402,2025-04-09 22:55:00+00:00,59,7.936507936507937,General,Description,374,2127.2834224598932,7.6630710288390915,0,0,1
zy54rjgkjOQ,골다공증,"골다공증 탈출, 필수 4가지 음식을 소개합니다. 네 가지 음식으로 골다공증 고민 끝~~ [한의학박사 김순렬]",김순렬TV,438391,12175,2024-06-24 22:00:47+00:00,562,7.280701754385966,Medical Pro,Description,663,661.2232277526396,6.495602701140439,0,0,0
7dG2sA_VJ0I,골다공증,골다공증 주사 맞다가 1년 동안 끊었더니 충격적인 골밀도 수치가 나왔다,기능의학의사 김원장,394207,5751,2025-01-08 11:00:18+00:00,1125,27.190332326283983,Medical Pro,Description,465,847.7569892473118,6.743772913592829,1,1,0
g96uZM7KZGY,골다공증,"[Full] 귀하신 몸 -  16화 구멍난 뼈 건강, 습관이 약이다 골다공증",EBSDocumentary (EBS 다큐),370523,5514,2023-09-08 17:00:24+00:00,2819,3.703703703703704,General,Description,953,388.79643231899263,5.965624634437918,0,0,0
85nGsQnG3FU,골다공증,치명적인 골다공증 뼈건강을 위한 필수 지식,진약사톡,260436,7356,2023-11-23 09:30:01+00:00,1626,11.204481792717086,Medical Pro,Description,877,296.96237172177877,5.69696720914275,1,1,0
sxurVuSoeuE,골다공증,골다공증 직전인데 어떻게 관리해야 할까요? #Shorts,여에스더의 에스더TV,260209,4498,2022-04-13 07:35:15+00:00,55,4.149377593360996,Medical Pro,Description,1466,177.49590723055934,5.184565672276488,0,0,1
Tmfv4JUKYEQ,골다공증,"미친효과! 골밀도 3배 높이는 골다공증에 좋은 운동| 골밀도증가, 골다공증예방| 이교수의 힐링가이드",일지의 브레인TV,301066,6028,2023-03-29 11:00:26+00:00,60,12.269938650306749,Medical Pro,Description,1116,269.77240143369175,5.601278620902385,0,0,1
LYq492sKEKg,골다공증,골다공증 운동 “매일 3분”으로 골밀도 높이는 방법 알려드려요.(골다공증에 좋은 운동),건강되찾기 프로젝트 | EMS 근력PT,204246,6295,2025-02-01 01:00:14+00:00,645,6.884681583476764,General,Description,441,463.14285714285717,6.140192386613787,0,0,0
vhGiCFyBdpM,골다공증,"골다공증, 의료보험으로 똑똑하게 치료받자! - 골다공증 치료 A to Z",마디세상병원,192933,4766,2022-08-01 09:44:39+00:00,1267,19.54397394136808,Medical Pro,Description,1356,142.28097345132744,4.964807551778284,0,0,0
LNBgX5Xyrvg,골다공증,"[건강강좌​]골다공증, 어떻게 진단되고 치료하나요?(22.10.13) 내분비대사내과 공성혜 교수",분당서울대학교병원,188731,3879,2022-11-14 00:00:39+00:00,3270,8.403361344537815,Medical Pro,Description,1251,150.86410871302957,5.022986099345789,0,0,0
IE3ZE1W8YiI,골다공증,"우유보다 10배 강했습니다! 뼈를 무너뜨리는 골다공증, 이 5가지 음식이 살립니다!| 70세의 건강 | 건강 정보 | 건강한 하루",건강한 하루,142517,5571,2025-12-19 09:22:23+00:00,2160,5.931198102016608,General,Description,120,1187.6416666666667,7.080566477565209,0,0,0
1C3Gm5UUEaM,골다공증,비타민C로 골다공증을 치료한다고?!! 아무나 모르는 놀라운 이야기,진약사톡,138994,4636,2025-10-03 09:00:02+00:00,1191,10.135135135135137,Medical Pro,Description,197,705.5532994923858,6.560398640881818,0,0,0
XNk2imNlfSA,골다공증,"""멸치 대신 이걸 드세요"" 골다공증 있을 때 인생을 바꾼 습관과 음식 모두가 이미 늦었다고 할 때 이렇게 뼈 고밀도 올렸어요!",건나물TV,126946,3023,2025-12-12 08:00:46+00:00,545,9.041591320072332,Medical Pro,Description,127,999.5748031496063,6.90832991699569,0,0,0
YfMOU1-8tI4,골다공증,골다공증이면 골밀도보다 이것을 올려야 합니다. 약과 주사로 골밀도만 올리면 망합니다.,기능의학의사 김원장,126742,3320,2025-10-27 11:01:08+00:00,1733,30.4,Medical Pro,Description,173,732.6127167630058,6.597981255528932,0,0,0
xhaNVIbheOE,골다공증,"골다공증은 영양 질환?! 골다공증에 좋은 음식과 영양제 [정진희쇼, 우리 시대 최고의 스페셜리스트를 찾아서] / 가천대 길병원 가정의학과 서희선",의학채널 비온뒤,126071,2536,2024-09-04 12:59:42+00:00,6037,2.738853503184714,General,Description,591,213.3181049069374,5.367461382844411,0,0,0
haVz6uNV3EA,골다공증,"70대, 골다공증 무릎통증? '이것' 1스푼 드세요! 부러진 뼈가 붙고, 관절통증까지 사라졌습니다!ㅣ시니어 건강",실버라디오_노후건강_시니어정보_노후지혜,121427,4075,2025-09-20 10:21:03+00:00,1610,17.152658662092623,General,Description,210,578.2238095238096,6.361688947829875,0,0,0
zZqV3oZ8RdE,골다공증,영양사가 60세 이후 절대 권하는 뼈 건강 음식 6가지｜골다공증 예방,황금기 지혜,444362,902,2025-09-28 08:30:29+00:00,6,4.925373134328359,General,Description,202,2199.8118811881186,7.696581608172727,1,1,1
2AsUcqnD3iA,골다공증,"[본방 종합] 증상과 통증 없이 어느새 몸을 무너뜨리는 골다공증, 예방부터 치료·회복까지 AtoZ I 뼈가 무너지면 몸도 무너진다, 골다공증 I KBS 250305 방송",KBS 생로병사의 비밀,112486,1592,2025-03-19 12:00:02+00:00,2289,14.455252918287936,General,Description,395,284.7746835443038,5.655203680551606,1,1,0
xcpSgVca4bM,골다공증,골다공증의 진단과 치료,서울아산병원,104772,1616,2018-10-19 07:56:50+00:00,2736,22.950819672131143,Medical Pro,Description,2738,38.26588750913075,3.6703561396308793,0,0,0
FbG8J0FSwLs,골다공증,"골다공증 A to Z, 이것만 알아두세요!",의학채널 비온뒤,87194,1485,2022-10-26 22:00:07+00:00,760,10.569620253164558,General,Description,1270,68.65669291338583,4.243578789125078,0,0,0
6F9IUvfmFzU,골다공증,"골절 후에야 알게되는 골다공증, 당신도 위험하다 (KBS 20230118 방송)",KBS 생로병사의 비밀,86960,1133,2023-01-26 09:00:08+00:00,569,1.1919504643962853,General,Description,1178,73.82003395585738,4.315085682753864,1,1,0
SjBfmBiQ33E,골다공증,골다공증 뼛속 꽉꽉 채워주는 음식 4가지만 기억하세요! #골다공증 #칼슘 #건강,으른건강,128056,2696,2025-02-20 09:00:35+00:00,59,9.174311926605505,General,Description,422,303.45023696682466,5.71850764839826,0,0,1
zAGe9yFT-EI,골다공증,[PEOPLE in 세브란스] 골다공증에 걸리는 사람 유형 세 가지~,세브란스,79006,1615,2020-02-13 08:05:52+00:00,285,9.705882352941176,General,Description,2256,35.020390070921984,3.5840851689762916,0,0,0
r1qgUUgadqo,골다공증,골다공증에 좋은 운동,박미경TV,92676,1552,2024-12-07 22:00:26+00:00,59,4.184100418410042,Medical Pro,Description,497,186.4708249496982,5.233623233035211,0,0,1
aHC50w_TOmE,골다공증,골다공증 치료 주사 맞다가 끊으면 골밀도가 확 나빠진다?? #골다공증주사부작용 #골다공증주사 #shorts,기능의학의사 김원장,98829,1700,2025-01-22 08:00:00+00:00,46,28.846153846153847,Medical Pro,Description,451,219.1330376940133,5.394232080375811,0,0,1
HNAD8TrkmAo,골다공증,칼슘 보다도 골다공증에 좋은 음식 4가지,건강한한국인 건강정보,127568,3089,2025-11-26 23:00:32+00:00,36,6.462035541195476,General,Description,143,892.083916083916,6.794680547440133,0,0,1
kvIdaHxzDnc,골다공증,골다공증 초고위험군 진단 4년 만에 골밀도 개선에 성공한 운동,바른건강,59816,745,2025-08-25 01:00:41+00:00,965,6.622516556291391,General,Description,236,253.45762711864407,5.539134327506585,1,1,0
DuZPMtwTdsI,골다공증,골다공증 예방 운동💪 #골다공증 #뼈 #건강 #운동 #홈트 #헬스 #근육 #생활정보 #shorts #KBS #무엇이든물어보세요 | KBS 230901 방송,에헤라 티비 : KBS LIFE,64691,791,2023-09-15 02:00:04+00:00,43,11.627906976744184,General,Description,946,68.38372093023256,4.239652271268574,0,0,1
8iE3AIHYPz4,골다공증,"💊골다공증,구멍난 뼈를 채워주는 음식 세 가지#건강비법 #건강상식 #건강정보#약선#40대#여성#50代 #60代 #70代 #80代#지혜 #힐링#공감#버스#지하철 #출근 #퇴근 #산책",행운의 신,115663,4776,2025-12-08 03:00:10+00:00,74,3.08641975308642,General,Description,131,882.9236641221374,6.784370706106014,0,0,0
QBrfcKg_jpM,골다공증,골다공증! 걱정하고 계신가요? 서울대병원 교수가 알려주는 골다공증에 대해서!!,서울대학교병원 강남센터,376685,6424,2020-09-21 23:30:02+00:00,567,11.428571428571429,Medical Pro,Description,2035,185.1031941031941,5.226301326871115,0,0,0
0Zy4DHK6uo8,골다공증,골다공증 있어도 오래 잘 사는 특급 비법 [유병장수],분당서울대학교병원,370704,6876,2024-11-14 07:15:01+00:00,1030,16.89189189189189,Medical Pro,Description,520,712.8923076923077,6.570732121401067,0,0,0
ZyD0XhqvmF4,골다공증,[#박현아교수] 골다공증 치료의 골든타임 | 생로병사의 비밀 - FULL 인터뷰,KBS 생로병사의 비밀,56126,929,2023-02-01 08:00:25+00:00,443,9.634146341463415,General,Description,1172,47.889078498293514,3.889554027942752,0,0,0
nuM29nhAvEg,골다공증,약이 좋을까 주사가 좋을까? 골다공증 치료 효과는! #골다공증 #치료방법 #shorts,마디세상병원,101316,1296,2024-02-14 01:20:42+00:00,44,19.704433497536947,Medical Pro,Description,794,127.60201511335012,4.856722481302448,0,0,1
tt7YNRezyKo,골다공증,"효도하고 싶다면 주목! 골다공증에 좋은 습관, 나쁜 습관 - 세브란스병원 내분비내과 이유미 교수",랜선진료소,58017,815,2025-10-10 01:49:34+00:00,752,11.764705882352942,General,Description,190,305.35263157894735,5.724736829240685,0,0,0
Xz-SFX1BlPs,골다공증,골다공증 치료는 이렇게 합니다!😎 l 골다공증의 치료방법을 알아보자! #shorts [강북연세TV],강북연세병원,68085,1014,2024-01-18 08:02:00+00:00,58,18.404907975460123,Medical Pro,Description,821,82.92935444579781,4.4299754264864335,0,0,1
ZDanp0i6oQY,골다공증,구멍난 뼛속 꽉 채우는 음식 7가지🦴 - 골다공증에 좋은 음식 7가지,알유건강 - 건강정보,79020,1543,2024-08-08 11:07:00+00:00,58,8.658008658008658,General,Description,618,127.86407766990291,4.858758187396567,0,0,1
56UYbEHTngU,골다공증,"골다공증, 생각지도 못한 곳에 답이 있습니다. 위산이 부족하면 골다공증이 온다고? 골다공증 예방 및 치료법!",진액보충 김상태 원장,49239,2143,2025-10-27 21:00:07+00:00,807,15.189873417721518,General,Description,173,284.6184971098266,5.654656994158925,0,0,0
eG6-Ls2NP38,골다공증,"골다공증, 그냥 두면 암만큼 위험하다 | 운동법, 저염방지, 명의 Q&A",EBS,48450,775,2023-02-09 10:00:23+00:00,546,3.4305317324185247,General,Description,1164,41.623711340206185,3.7524107026588385,2,1,0
u4fG54Mjbzc,골다공증,⚠️ 골밀도 낮다면? 골다공증 예방 체조🕺 집에서 10분씩만 하세요,이정표의 레그웰,101489,1707,2025-07-15 10:01:25+00:00,27,11.363636363636363,General,Description,277,366.3862815884477,5.9064138329125555,0,0,1
JOiSPBZDC04,골다공증,나도 모르게 찾아오는 골다공증ㅣ건강플러스,서울아산병원,45289,536,2021-06-09 01:29:12+00:00,292,18.42105263157895,Medical Pro,Description,1774,25.529312288613305,3.278250245786275,0,0,0
2s3Nc2dbeNI,골다공증,증상이 없어서 더 무섭다! 소리 없이 뼈 녹이는 '시한폭탄' 골다공증의 정체 I KBS 20181128 방송,KBS 생로병사의 비밀,41287,749,2025-12-19 13:00:06+00:00,2225,6.781011781011781,General,Description,120,344.05833333333334,5.8437134848641925,1,1,0
VWYnJ-bLadQ,골다공증,"약 말고, 뼈 살리는 운동법 3가지! 60대 골다공증 예방 비법 #골다공증 #뼈건강 #60대운동 #골밀도 #칼슘흡수 #골절예방 #근력운동",든든시니어튜브,81398,2108,2025-06-25 07:57:46+00:00,39,9.25925925925926,General,Description,297,274.06734006734007,5.617015940662224,0,0,1
qgBAl4Gsy9s,골다공증,의심해야 하는 골다공증 증상 3가지 [숫자로 보는 건강],분당서울대학교병원,34960,508,2022-12-20 07:15:04+00:00,530,24.81389578163772,Medical Pro,Description,1215,28.773662551440328,3.3936241957250357,1,1,0
6Pa35OByIwM,골다공증,골밀도 수치 집착에서 벗어나야 합니다. 오히려 뼈가 더 잘 부러질수 있습니다. #골다공증약부작용 #골다공증치료 #골다공증,기능의학의사 김원장,50437,865,2025-03-12 12:15:01+00:00,42,17.094017094017094,Medical Pro,Description,402,125.46517412935323,4.839966966939387,0,0,1
rLP0yJJqfLU,골다공증,"""골다공증 '이것' 많은 여성이 걸려요"" 골밀도 높은 뼈건강 척도는 치아(이빨) 건강! 임플란트 했다면 칼슘 영양제,주사,약 부작용 없이 뼈에 좋은 음식 vs 치아에 안좋은 음식",루이빈치과 류지헌,62812,1416,2025-06-11 02:00:04+00:00,70,5.923000987166831,General,Description,311,201.967845659164,5.3130475707281875,0,0,0
Jt-SB1RMzso,골다공증,"""황금보다 귀한 골다공증 음식 정보"" 우유 멸치 칼슘 영양제 아닙니다. 갱년기 뼈건강에 골밀도  쑥! 굽은 등 허리 통증, 골절, 피로 싹! 나이들면 키 작아지는 불상사 사라집니다",루이빈치과 류지헌,46526,1273,2025-11-27 01:15:01+00:00,63,12.195121951219512,General,Description,142,327.6478873239437,5.794986926342487,0,0,0
9_wSPeY-X0s,골다공증,[비법공개] 당신만 몰랐던 골다공증 환자를 위한 뼈 강화 영양제 - 골다공증이 도무지 개선되지 않을 때 반드시 섭취해야 할 3가지!,칼슘박사 SEAN LEE TV,23810,782,2024-03-26 04:55:13+00:00,724,6.633499170812604,Medical Pro,Description,753,31.620185922974766,3.484931296838635,0,0,0
ZY2YOl7X4Ag,골다공증,뼈에 구멍이 생긴다?! 골다공증 치료약,고대병원,26200,500,2024-07-21 12:30:18+00:00,55,19.607843137254903,Medical Pro,Description,636,41.19496855345912,3.7423009853426565,0,0,1
6ilQmINkYSM,골다공증,골밀도 높이는 운동 뼈가 약해지기 쉬운 중장년층을 위한 골다공증 운동법,물리치료사 pt종환,21009,327,2024-03-04 10:00:03+00:00,1502,13.513513513513514,General,Description,775,27.108387096774194,3.3360680050002487,0,0,0
BQuL4vtGlgk,골다공증,골다공증 운동 “매일 3분”으로 골밀도 높이는 방법 알려드려요.(골다공증에 좋은 운동),건강되찾기 프로젝트 | EMS 근력PT,26925,378,2025-02-03 12:37:30+00:00,27,4.716981132075472,General,Description,439,61.33257403189066,4.132484146805718,0,0,1
J4oY5wjRW7I,골다공증,골다공증에 좋은 영양제 #shorts,분당서울대학교병원,24755,299,2024-12-06 07:15:00+00:00,58,22.831050228310502,Medical Pro,Description,498,49.708835341365464,3.9261001625024687,0,0,1
QsjlgfaKnQg,골다공증,골다공증에 진짜 좋은 3가지 음식: 우유는 아닙니다 [골다공증 시리즈 *3],닥터 살루스,15476,330,2025-07-21 09:45:04+00:00,522,8.752735229759299,Medical Pro,Description,271,57.1070110701107,4.062286329040709,0,0,0
1a7kf-nc814,골다공증,골다공증은 왜 생길까?(골다공증의 원인과 예방+치료법),김범수교수의 발편한세상,13240,748,2024-05-17 22:00:01+00:00,523,4.926108374384237,General,Description,701,18.887303851640514,2.990081530718498,0,0,0
raLwuFTjaWI,골다공증,골다공증약 이게 문제다,칼슘박사 SEAN LEE TV,12396,370,2024-05-29 21:13:57+00:00,59,5.46448087431694,Medical Pro,Description,689,17.991291727140784,2.9439805439505875,0,0,1
rHLbpd6Ek0g,골다공증,"[생로병사의 비밀] 라이브Q&A - 골다공증 약, 평생 먹어야 하나요?",KBS 생로병사의 비밀,8772,78,2019-05-02 03:00:05+00:00,67,8.071895424836601,General,Description,2543,3.4494691309476995,1.492784792645518,0,0,0
rTvQO-RPSBM,골다공증,골다공증 치료제! 먹는 약? 주사? 이 영상으로 확실히 알려드리겠습니다!,더서울병원TV 관절건강채널,7849,69,2023-11-02 07:26:28+00:00,167,24.69135802469136,Medical Pro,Description,898,8.740534521158128,2.276295995117655,0,0,0
MeM5RfdCi2s,골다공증,가짜골다공증에 속지마세요!! #골다공증치료 #가짜골다공증 #골다공증,기능의학의사 김원장,14894,338,2025-10-12 08:00:33+00:00,46,19.23076923076923,Medical Pro,Description,188,79.22340425531915,4.384815295932643,0,0,1
jhne4wrx-kU,골다공증,"매일 약대신 이것 한스푼 드시면 뼈가 단단해집니다! 골다공증 예방하는 필수적인 음식5가지,나쁜 음식과 골다공증 치료에 도움되는 생활습관ㅣ골다공증에좋은운동ㅣ뼈건강 ㅣ골다공증치료방법ㅣ",건강 똑순이,7256,205,2025-02-14 19:15:04+00:00,803,19.047619047619047,General,Description,428,16.953271028037385,2.8877723283066508,0,0,0
oWBRfGjel9Q,골다공증,골다공증 '전단계'인 골감소증! 절대 방치하면 안되는 이유! #허리디스크 #허리통증 #골다공증,척추관절 바른TV-연세바른병원,9801,99,2024-09-21 22:00:26+00:00,60,8.064516129032258,Medical Pro,Description,574,17.074912891986063,2.8945249487793325,1,1,1
7PHWdVPKwqU,골다공증,골다공증 치료 🦴 골든타임 놓치지 마라! ⏰ [무엇이든 물어보세요] | KBS 방송,에헤라 티비 : KBS LIFE,11344,127,2024-08-14 08:47:24+00:00,60,3.3222591362126246,General,Description,612,18.535947712418302,2.9722562408915025,0,0,1
ZdwMTSRxKOI,골다공증,골다공증 치료제의 오해와 진실ㅣ백세수업,서울아산병원,6739,115,2023-08-22 03:41:44+00:00,240,38.75968992248062,Medical Pro,Description,970,6.947422680412371,2.072847684961834,0,0,0
vkazlsTqQiQ,골다공증,칼슘 & 비타민 D 말고 골다공증에 진짜 좋은 2가지 영양제,닥터 살루스,6208,185,2025-07-17 09:45:07+00:00,318,5.649717514124294,Medical Pro,Description,275,22.574545454545454,3.1601675475084243,0,0,0
nEXEQ7qwOBI,골다공증,걱정되는 골다공증약 부작용! 그렇다면 '이걸' 잘 드셔야합니다!,척추관절 바른TV-연세바른병원,5834,78,2024-05-12 04:00:26+00:00,243,33.557046979865774,Medical Pro,Description,706,8.263456090651559,2.2260772069580024,0,0,0
DdWfpvaXoo0,골다공증,골다공증 예방에 좋은 칼슘 폭탄 음식 20가지 | 뼈 건강 챙기세요 #칼슘 #골다공증 #건강음식,늘봄이야기,22613,82,2025-09-18 22:00:13+00:00,6,6.825938566552901,General,Description,212,106.66509433962264,4.679025430791157,0,0,1
yTR1tL_gfjE,골다공증,밥 대신 이것 안 먹으면 뼈가 부러집니다 #노인건강 #골다공증,솔바나,18758,109,2026-01-04 19:15:08+00:00,7,4.405286343612334,General,Description,104,180.3653846153846,5.200513695962457,0,0,1
x-MTD9IYmz8,골다공증,"골다공증 치료제, 6개월에 한 번만 맞는 주사가 있다!💉 #shorts",내귀에닥터,9731,82,2025-07-08 08:45:05+00:00,50,26.39296187683285,Medical Pro,Description,284,34.264084507042256,3.5628650099387125,0,0,1
P75h9xK-p28,골다공증,자두는 이것과 같이 드세요! 골다공증에 최고입니다.,용미TV,11212,176,2025-08-20 05:00:25+00:00,24,3.793103448275861,Medical Pro,Description,241,46.522821576763484,3.8612100499070614,0,0,1
ElJvaFb68KA,골다공증,된장국에 이것을 넣어 먹으면 골다공증 싹 사라집니다. 쿰쿰한 맛도 없애줍니다. #골다공증 #뼈건강 #된장국,효초TV,4915,195,2026-01-09 21:00:14+00:00,204,32.78688524590164,Medical Pro,Description,99,49.64646464646464,3.9248694285836487,0,0,0
ADl98qt3drQ,골다공증,골다공증 걱정된다면 두부 먹을 때 '이것' 한 스푼 꼭 뿌리세요! 뼈 구멍 꽉 채우는 '칼슘 제왕'의 정체,당신을살릴식사,13825,177,2025-11-18 12:24:37+00:00,24,4.197271773347325,General,Description,151,91.55629139072848,4.527817014998968,0,0,1
sKzdiURJDFs,골다공증,"[닥튜브] 골다공증, 어떤 사람이 주의해야 할까?",세브란스,4512,69,2023-07-14 09:30:16+00:00,270,28.76106194690265,General,Description,1009,4.471754212091179,1.6995992619304356,1,1,0
n0KT_O8xG8I,골다공증,생고구 이건 약 입니#중장년건강 #골다공증 #치매예방,건강중개소,10776,228,2025-11-17 06:26:28+00:00,19,4.504504504504505,General,Description,152,70.89473684210526,4.275203060964295,0,0,1
HVMPNkO1T38,골다공증,"골다공증, 왜 생기고 어떻게 치료할까? 뼈를 다시 만드는 최신 치료제 정리",배석철의 비타민B3 LAB,4485,317,2026-01-06 07:28:36+00:00,1339,8.152173913043478,General,Description,102,43.970588235294116,3.806008681312901,0,0,0
mJS09-gS_H0,골다공증,골다공증 필수 영양소! 칼슘보다 '이것'이 더 중요합니다!,마디세상병원,4512,21,2026-01-08 02:00:59+00:00,690,11.11111111111111,Medical Pro,Description,100,45.12,3.8312466954008584,0,0,0
gINa2rweU0Y,골다공증,"골다공증 탈출법, 뼈 마름을 막아라 | 엄지의 제왕",MBN Entertainment,11451,23,2025-08-21 00:23:30+00:00,21,1.3291139240506329,General,Description,240,47.7125,3.8859356706648276,0,0,1
8-o08sbsI50,골다공증,💀 뼈가 녹는다! 커피와 먹으면 골다공증 위험 커지는 '최악의 음식' (feat. 칼슘 도둑),시니어_오늘도청춘TV,10072,368,2025-10-08 21:45:01+00:00,25,1.893939393939394,Medical Pro,Description,192,52.458333333333336,3.9789025342676907,2,1,1
J68o_EDbbaE,골다공증,깻잎 '이렇게' 먹으면 골다공증 사라져요 깻잎의 효능 깻잎과 함께 먹으면 보약이 되는 음식 치매 예방 깻잎과 상극인 음식 신장 폐 살리려면 깻잎 이렇게 드세요 건강정보,한국인의 건강,3669,128,2026-01-06 10:00:35+00:00,2875,1.6279069767441854,General,Description,102,35.970588235294116,3.610122683974086,0,0,0
p1XP9ScBjTU,골다공증,골다공증 막는 뼈 튼튼해지는 음식 10가지,지혜로운쉼터,13728,76,2025-12-24 00:22:35+00:00,6,6.764705882352942,General,Description,115,119.37391304347825,4.7906028403244845,0,0,1
ZDwVTnOlNC0,골다공증,한달만에 골밀도 개선! 콩나물과 이것 같이드세요. 골다공증 멈추고 뼈 건강 개선됩니다! “시너지 효과로 골다공증 완화하는 방법” #골다공증 #골밀도 #뼈건강,효초TV,2980,102,2025-09-21 21:00:35+00:00,486,6.622516556291391,Medical Pro,Description,209,14.258373205741627,2.725128415045247,0,0,0
33YD2n8s50o,골다공증,"골다공증 막는 음식, 우유 말고 이것 드세요! #시니어건강",건강이 먼저다,5681,124,2025-09-03 12:21:20+00:00,60,19.607843137254903,General,Description,227,25.026431718061673,3.2591126261698675,0,0,1
I20aozNrAPo,골다공증,의사도 놀란 약없이 골다공증 극복한 80대 비결 #건강 #음식 #60대 #당뇨 #건강한중년 #골다공증,건강하랑,7612,92,2026-01-01 23:38:30+00:00,22,35.714285714285715,General,Description,107,71.14018691588785,4.278611266487948,0,0,1
BeDMqQgnB0c,골다공증,위험군에 따라 다른 골다공증 치료방법_분당차병원 가정의학과 김용환 교수#골다공증,분당차병원_CHA Bundang Medical Center,3044,52,2025-06-10 01:30:52+00:00,1295,50.66666666666666,Medical Pro,Description,312,9.756410256410257,2.3755018797776146,1,1,0
-zfQhE-C83E,골다공증,골다공증의 숨은 원인! 육식이 오히려 칼슘을 빼앗아 간다?! #골다공증 #뼈건강,하늘마을 힐링센터 TV,6194,147,2025-09-08 22:00:01+00:00,98,5.181347150259067,Medical Pro,Description,222,27.9009009009009,3.363872767674071,0,0,0
3YPMtV9o5kI,골다공증,"실제 방송에서 깜짝 놀란 골다공증 판정, 75세 쉬지 않고 일하시다 결국 고관절 골절되고 나서 알게 된 김용필 어머니 상태",바른건강,2606,34,2025-05-29 03:00:09+00:00,1923,6.289308176100629,General,Description,324,8.04320987654321,2.2020141862187836,0,0,0
bMAWL3GGFuM,골다공증,갱년기 여성 필독! 골다공증 꽉 잡는 6가지 특급 예방법 #골다공증 #뼈건강,행복마당,7298,35,2026-01-05 22:00:42+00:00,6,8.547008547008547,General,Description,103,70.85436893203884,4.274641416967831,0,0,1
KR8yJD2h0Ds,골다공증,노인정형외과: 골다공증 “부러질 것인가 vs 버틸 것인가” 強骨로 살아가기 / 석병원 이기석,의학채널 비온뒤,1995,71,2025-10-26 18:55:27+00:00,3066,25.38071065989848,General,Description,174,11.46551724137931,2.5229662116123452,0,0,0
2BYgN6BN7Rc,골다공증,골다공증 I 치과 치료 괜찮을까요? #임플란트 #부작용,에이스병원TV,2932,41,2024-09-12 07:15:00+00:00,41,17.73049645390071,Medical Pro,Description,583,5.029159519725558,1.796607617894273,0,0,1
15ale7BQu6A,골다공증,한의사가 추천하는 70세 이상 꼭 먹어야 할 골다공증 예방 음식 7가지👍매일 '이것'만 챙겨먹어도 뼈 건강 걱정없어요!#시니어건강 #골다공증 #골다공증예방 #백세건강 #건강정보,시니어백세팔팔,5231,84,2025-08-29 10:34:25+00:00,28,20.0,General,Description,232,22.54741379310345,3.1590159967294076,0,0,1
VA1m52-B1xc,골다공증,"골다공증 심할 때, 약보다 먼저 챙길 음식 #골다공증 #뼈건강음식 #중년건강",하루한알정보,6573,31,2025-12-23 03:45:04+00:00,6,21.50537634408602,General,Description,116,56.66379310344828,4.054629474012043,0,0,1
HkT6r9A14-I,골다공증,"건강 정보, 골다공증 예방은 좋은 식단과 올바른 생활습관이 필수 #건강 #건강정보 #건강관리 #지식 #영양식 #건강식단 #골다공증 #예방",무병장수-백세시대에 건강하게 사는법,5282,84,2025-08-31 09:00:20+00:00,59,5.714285714285714,General,Description,230,22.965217391304346,3.176603503770299,0,0,1
7aTwtL2MnN4,골다공증,"“헬리코박터 제균 치료, 여성 골다공증 예방에 효과” / KBS  2025.08.19.",KBS News,1708,7,2025-08-18 21:56:05+00:00,117,16.2748643761302,General,Description,243,7.02880658436214,2.0830358972825627,0,0,0
FXpqE2PLZQ8,골다공증,이 음식 먹으면 뼈에서 칼슘이 빠져나간다! 골다공증에 좋은 음식!,하늘건강법,3532,108,2025-08-20 00:00:16+00:00,60,3.3444816053511706,General,Description,241,14.655601659751037,2.7508287864736554,0,0,1
1EgSBdb7SyI,골다공증,한번만 말씀드릴께요. 골다공증  제발 이것만 피하세요~ #골다공증 #골다공증예방 #여성건강 #뼈건강 #건강 #건강정보 #여성 #시니어건강,나만 알기 아까워,3542,127,2025-11-04 22:15:00+00:00,26,5.309278350515465,General,Description,165,21.466666666666665,3.1120327292501515,0,0,1
99Vzpd5COOw,골다공증,골다공증 부르는 나쁜 습관 5가지 🦴 조심하세요!,건강한건강,3685,19,2025-09-21 12:09:59+00:00,9,4.174311926605505,General,Description,209,17.63157894736842,2.924857933967334,0,0,1
V-Y43PeqWR8,골다공증,"골다공증, 소리 없는 뼈 도둑의 무서운 진실 공개!",보고듣고,2262,15,2025-10-01 22:00:38+00:00,51,10.09433962264151,General,Description,199,11.366834170854272,2.5150182256665636,0,0,1
QE8EfDM4V6M,골다공증,"""60대 뼈건강 적신호 골다공증!"" 골다공증을 예방하는 7가지 황금수칙 #시니어#시니어건강#시니어tv#건강한중년#무악재시니어tv#노년#골다공증#골다공증예방",아시나의 아시나요?,2734,10,2025-09-08 05:57:02+00:00,60,7.211538461538462,General,Description,222,12.315315315315315,2.588914900195813,1,1,1
srIGQcpYQsk,골다공증,50대 필수 확인!! 골다공증 부르는 나쁜 습관 5가지 ❌,건강한건강,2829,12,2025-09-17 01:26:30+00:00,11,4.478672985781991,General,Description,213,13.28169014084507,2.658978307109813,0,0,1
Umy-k_HYJGc,골다공증,골다공증 위험! 뼈 건강 망치는 최악의 음식 TOP 3 #골다공증 #뼈건강 #시니어건강,시니어건강톡,2430,23,2025-08-08 21:00:37+00:00,38,7.874015748031496,General,Description,253,9.604743083003953,2.361301361698104,2,1,1
wexV2FqCSdk,골다공증,골다공증 예방에 좋은 채소 5가지는?,건강은,1534,34,2025-11-10 22:01:10+00:00,55,14.492753623188406,General,Description,159,9.647798742138365,2.365353179912904,0,0,1
ySc8rXwnWMg,골다공증,골다공증 예방에 좋은 음식 5가지 #shorts #1분건강 #골다공증 #골다공증예방 #뼈건강 #골밀도 #관절건강 #노년건강 #여성건강 #건강정보 #건강관리 #웰빙 #몸관리,하루한입 건강,1821,26,2025-12-25 10:22:23+00:00,53,7.434944237918216,General,Description,114,15.973684210526315,2.831664157069387,0,0,1
aJoEjMxIdfo,골다공증,"""화장실에서 미끄러졌을 뿐인데...""#골다공증, #골절, #폐경기, #골밀도, #뼈건강, #중년건강, #여성건강, #침묵의살인자, #고관절골절, #건강정보",온 건강TV,1564,11,2025-10-16 01:00:01+00:00,42,3.703703703703704,Medical Pro,Description,184,8.5,2.2512917986064953,0,0,1
YfcsYzcEOlc,골다공증,뼈를 단단하게! 매일 챙겨 먹으면 ‘골다공증’ 걱정 없는 음식 7가지 #건강정보#골다공증#뼈건강,하루한알정보,1945,13,2025-10-05 12:06:13+00:00,11,14.285714285714286,General,Description,195,9.974358974358974,2.3955615494521503,0,0,1
RcpLPo985t0,골다공증,아직도 골다공증 때문에 고민이신가요?#건강정보 #건강상식 #과일효능 #채소효능 #면역력강화 #혈관건강 #노화방지 #피부건강 #장건강 #소화건강 #심혈관질환 #시니어건강,생활공감,1959,25,2025-08-25 09:59:09+00:00,57,3.093289689034369,General,Description,236,8.30084745762712,2.230105520483662,0,0,1
ndAcSsv-jvU,골다공증,여성 흡연자에게 '골다공증'이 훨씬 빨리 오는 이유,척추발전소,1498,13,2025-10-22 11:01:36+00:00,69,1.492537313432836,General,Description,178,8.415730337078651,2.242381730749943,0,0,0
PvLYhH1nqFg,골다공증,골다공증이 ‘조용한 암’이라 불리는 이유,의사의건강메모,1226,10,2025-11-02 02:00:32+00:00,60,8.865248226950355,Medical Pro,Description,167,7.341317365269461,2.1212211613630507,1,1,1
wKtatcy0a0s,골다공증,골다공증 원인부터 치료법까지! #골다공증 #골다공증예방 #칼슘비타민D #골다공증치료,서울본정형외과,1420,16,2025-09-26 03:23:20+00:00,71,38.75968992248062,General,Description,204,6.96078431372549,2.074527526877407,0,0,0
xBT-UlDqIEY,골다공증,#구독자 이벤트 두부 잘못 먹으면 골다공증 위험이 발생합니다.,백세건강 연구소,1705,10,2025-09-14 12:19:15+00:00,52,3.424657534246576,General,Description,216,7.893518518518518,2.1853227550843917,1,1,1
Ob4zlTVqDqY,골다공증,"골절보다 무서운, 골다공증에 좋은 음식 3가지!",가만있자,2191,38,2025-12-31 09:45:02+00:00,36,8.823529411764707,General,Description,108,20.287037037037038,3.058098297638962,0,0,1
QHGjanGpLtw,골다공증,"""노년 건강 필수! 골다공증 예방 생활습관""",아무때 건강,1651,30,2025-09-20 10:15:50+00:00,61,10.0,General,Description,210,7.8619047619047615,2.181761725924782,0,0,0
KoJafXY4-VI,골다공증,"골다공증 예방, 식탁에서 시작됩니다! 뼈 튼튼 비법 10가지 #골다공증 #골다공증예방 #뼈건강 #뼈에좋은음식",오늘정보 ON,2038,17,2025-06-29 08:45:01+00:00,75,26.31578947368421,General,Description,293,6.955631399317406,2.0738800300186897,0,0,0
Aef1V6ooctg,골다공증,"골다공증, 시래기로 막는다",픽스팩트,1401,10,2025-09-02 13:00:31+00:00,51,7.8125,General,Description,228,6.144736842105263,1.9663759796476044,0,0,1
qc_P7gG4GPc,골다공증,60대이후 골다공증 막는 생활습관 TOP5 #골다공증 #골다공증예방 #뼈건강,구구팔팔 시니어건강TV,2171,28,2025-09-05 10:15:09+00:00,66,7.272727272727272,Medical Pro,Description,225,9.648888888888889,2.36545555703092,0,0,0
K_2ViE8HZIE,골다공증,골다공증 #대한가정의학회 #건강검진 #강북삼성병원 #정현숙 #홍성우 #한병덕 #간수치 #고지혈증 #종양표지자 #골다공증 #전립선,가정의학과 의사를 말하다 [대한가정의학회],2314,6,2025-09-30 02:30:13+00:00,25,17.441860465116278,Medical Pro,Description,200,11.57,2.531313022602156,0,0,1
g_7u_Yskkd4,골다공증,우유는 과연 골다공증에 효과가 있을까?,THE 건강정보 TV,1171,5,2025-09-24 09:15:04+00:00,54,10.416666666666666,Medical Pro,Description,206,5.684466019417476,1.8997863299390738,0,0,1
VwfZvM5k62A,골다공증,골다공증 #대한가정의학회 #암 #암치료 #최재경 #신진영 #한병덕 #암검진 #암표지자 #건강검진 #암관리 #골다공증 #심혈관질환 #골밀도 #빈혈 #비타민 #운동,가정의학과 의사를 말하다 [대한가정의학회],1847,9,2025-10-10 02:30:32+00:00,92,30.303030303030305,Medical Pro,Description,190,9.721052631578948,2.3722093440663197,1,1,0
X5anRqw_6tA,골다공증,당뇨병!  시솔 손잡이쑥뜸기로 해결 #골다공증치료 #골다공증예방 #골다공증,"시솔쑥뜸TV: 얼굴에, 무릎, 허리 아플 때",1752,18,2025-12-04 11:08:52+00:00,30,29.41176470588235,Medical Pro,Description,135,12.977777777777778,2.637468766930121,0,0,1
h852kE3RJXc,골다공증,소리 없는 질병 ‘골다공증’ 예방하는 법 #shorts,시니어 건강 한방,1950,18,2025-09-25 10:41:46+00:00,39,4.375,General,Description,205,9.512195121951219,2.35253602339944,0,0,1
NgpzGCQZGpI,골다공증,골다공증에 최악의 음식과 최고의 음식 3가지,건강전도사,1816,8,2025-11-26 09:00:39+00:00,15,3.460207612456748,General,Description,143,12.6993006993007,2.6173447876846336,1,1,1
P1P3aJUj_SA,골다공증,(1분 건강정보) 🦴 골다공증·뼈 건강 걱정되시나요? 🚫비싼 영양제 필요 없습니다.🩺 메디똑똑이 제안하는 뼈 회복 음식 3가지 #골다공증 #시니어건강 #뼈에좋은음식,메디 똑똑,1920,20,2025-12-21 08:45:03+00:00,82,2.6246719160104988,General,Description,118,16.271186440677965,2.8490395893170053,0,0,0
trkfWKKcnZw,골다공증,"골다공증 예방, 식탁 위 비밀병기 3가지#골다공증 예방 방법#칼슘 많은 음식#골다공증 예방 음식",건강20분,2386,10,2025-10-04 00:30:47+00:00,33,17.54385964912281,General,Description,196,12.173469387755102,2.5782049121760706,0,0,1
B16C8iZaVVA,골다공증,[골다공증 편] 골다공증 예방하는 과학적 방법 4가지 (하버드·NIH·메이요클리닉 최신 연구) #건강 #건강정보 #시니어 #시니어건강 #골다공증 #골다공증예방 #골밀도 #뼈,팔팔건강TV,1524,11,2025-09-28 10:20:04+00:00,61,4.478672985781991,Medical Pro,Description,202,7.544554455445544,2.1452941742421685,0,0,0
n5WFaTgq_Y0,골다공증,"“조용한 뼈 도둑, 골다공증! 4명 중 1명 위험하다” #shorts #골다공증 #건강정보 #시니어건강 #골절예방 #운동효과 #비타민D #칼슘 #건강관리 #조기검진 #예방의학",보험과건강365,1395,6,2025-09-18 00:01:00+00:00,37,18.38235294117647,General,Description,212,6.580188679245283,2.0255380910655,1,1,1
7RRgnuY4mMc,갑상선기능저하증,갑상선약을 먹으면서 피해야 하는 음식이 있다!? | 갑상선약을 먹는 다면 꼭 알아야 할 모든 것 #씬지로이드,내 몸의 호르몬 밸런스,2237738,32677,2020-12-24 01:55:51+00:00,294,11.0857908847185,General,Description,1941,1152.8789283874291,7.050884526821846,0,0,0
SzwbuVZgfiI,갑상선기능저하증,갑상선의 모든 것 ep 3. 갑상선 기능저하증 | 내분비대사내과 정재훈 교수,삼성서울병원,305817,5526,2020-11-26 08:00:04+00:00,726,23.4375,Medical Pro,Description,1969,155.31589639410868,5.051878936632787,0,0,0
lmgAd1PC9ZE,갑상선기능저하증,[갑상선암] 수술후 갑상선 기능 저하증 어떻게 관리해야할까요?,건강한 앨리스,278943,4543,2020-03-14 02:30:02+00:00,926,34.48275862068966,General,Description,2226,125.31132075471699,4.8387496591853125,1,1,0
fAPZ5JgWu_M,갑상선기능저하증,갑상선기능저하증의 증세와 약 복용에 대해 : 닥터U의 ' 갑상선기능저하증 완치훈련',닥터U와 함께,248996,4113,2016-04-08 00:55:56+00:00,504,5.05050505050505,Medical Pro,Description,3662,67.99453850354998,4.2340273493421,0,0,0
TttjdiGzBxs,갑상선기능저하증,"갑상선에 좋은 음식, 좋은 영양제는 어떤 것? - 갑상선 클리닉 #04 #갑상선암 #갑상선기능저하증 #갑상선기능항진증",굿라이프,233759,3137,2023-07-10 22:00:15+00:00,335,12.853470437017997,General,Description,1013,230.75913129318855,5.4456986051506036,1,1,0
I0foKe8Rf2w,갑상선기능저하증,집에서 손쉽게 '갑상선 이상'을 판별하는 방법!,굿닥터인부산,279143,1386,2023-06-16 09:25:36+00:00,54,27.77777777777778,Medical Pro,Description,1037,269.18322082931536,5.5991003245205775,0,0,1
pBnTJ_LZdrI,갑상선기능저하증,(ENG)갑자기 살이 찌고 무기력해진다면? 갑상선기능저하증을 의심해보자!,내과전문의 닥터케이 Dr.K,206033,4278,2021-05-21 08:51:02+00:00,865,15.576323987538942,Medical Pro,Description,1793,114.90964863357502,4.752810996523227,0,0,0
qjMRtIJTozI,갑상선기능저하증,"[갑상선 기능 저하증 : 자가면역질환] 갑자기 살빠지고. 몸에 힘 없고 피곤한 갑상선 증상 치료사례. 하지정맥류와 수족냉증, 탈모, 숨쉬기 답답할때 추천",루이빈치과 류지헌,1399785,71,2025-09-02 08:00:57+00:00,103,9.925558312655086,General,Description,228,6139.4078947368425,8.72264645130222,1,1,0
mY65yVVci-c,갑상선기능저하증,굶어도 운동을 해도 안 빠지는 살! 갑상선 저하증이 있다면 체중감량 시 필요한 것 & 피해야 할 것 ft. 다이어트,박미경TV,188749,3822,2023-02-19 00:51:37+00:00,581,13.58695652173913,Medical Pro,Description,1154,163.56065857885616,5.103279247395858,0,0,0
96TPzZt_y3g,갑상선기능저하증,[내 몸의 호르몬 밸런스] 5. 갑상선 기능저하증은 평생 치료해야 하나요?,대한내분비학회 Korean Endocrine Society,135235,2847,2019-12-17 07:34:25+00:00,637,12.38390092879257,General,Description,2314,58.442091616248916,4.085002588489066,0,0,0
iKd66UO4As4,갑상선기능저하증,갑상선기능저하증 환자에게 위험한 식습관,닥터조의 건강이야기,108130,3764,2024-12-30 20:11:00+00:00,395,5.307855626326964,Medical Pro,Description,474,228.1223628691983,5.434256196521122,1,1,0
My6IF5L8RDw,갑상선기능저하증,갑상선기능 저하증 원인과 증상 치료법,이학민의 가슴 따뜻한 이야기,105396,1834,2021-04-19 10:00:24+00:00,320,4.492753623188406,General,Description,1825,57.75123287671233,4.073312137939612,1,1,0
XAubYr7Z3tM,갑상선기능저하증,생로병사의 비밀 - 갑상선기능 저하증 환자 수 추이  20190123,KBS 다큐,101313,718,2019-01-23 15:01:16+00:00,123,35.714285714285715,General,Description,2642,38.347085541256625,3.6724219070952184,0,0,0
6VUHTqzfbK4,갑상선기능저하증,갑상선기능저하증에 좋은 음식!,건강특공대,91079,1443,2022-05-02 04:46:38+00:00,49,16.39344262295082,General,Description,1447,62.94333102971665,4.157997238454228,0,0,1
20v8rUi4eSY,갑상선기능저하증,"""콩나물무침 두부 '콩' 큰일났다"" 갑상선저하증(항진증) 알레르기 호르몬 불균형 심해집니다.서리태 완두콩 대두 콩물 등 밑반찬 조심.장누수 뇌염증 쑥! 뇌 혈관에 안좋은 음식입니다",루이빈치과 류지헌,157037,3915,2025-05-02 02:58:07+00:00,146,5.736137667304015,General,Description,351,447.3988603988604,6.105683149711413,0,0,0
0F0qT-i_brA,갑상선기능저하증,"갑상선 기능 항진증과 저하증! 자가면역질환 1, 2위 이겨내는 방법",이비엠TV,79373,1851,2025-04-08 12:00:02+00:00,3675,6.485084306095979,Medical Pro,Description,375,211.66133333333335,5.359700915992307,0,0,0
kAzo_IGSd_o,갑상선기능저하증,"갑상선기능저하증 완치운동! 만성피로, 체중증가, 변비, 식욕부진 생겼으면 무조건 하세요 #갑상선증상 #갑상선저하증운동",루이빈치과 류지헌,94687,2784,2024-05-17 02:30:18+00:00,54,8.859357696566999,General,Description,701,135.07417974322397,4.913200176326523,1,1,1
kk_5B-ofm1E,갑상선기능저하증,갑상선기능저하증 원인?,남상근의 정밀진단,94107,1339,2023-05-30 23:30:06+00:00,37,47.12041884816754,General,Description,1054,89.28557874762808,4.502977743877437,0,0,1
yCgr6f0vkvM,갑상선기능저하증,"혈탁, 갑상선 기능 저하, 근육부족이 수족냉증? / 냉적의 원인",김소형채널H,66271,1808,2020-12-08 22:00:09+00:00,580,3.3482142857142856,General,Description,1957,33.86356668369954,3.551442349364687,0,0,0
ApeWxILt1qQ,갑상선기능저하증,갑상선기능저하증의 유일한 치료 방법은 이 원인을 파악하는 것,닥터조의 건강이야기,64522,2502,2024-12-26 22:30:01+00:00,406,5.224660397074191,Medical Pro,Description,478,134.98326359832635,4.912531816386318,0,0,0
2WflKL0Ludc,갑상선기능저하증,활력이 떨어진다면 갑상선 기능 저하증을 의심하라 | 갑상선 | 명의 | #EBS건강,EBSDocumentary (EBS 다큐),62731,471,2024-06-13 01:00:02+00:00,137,4.901960784313726,General,Description,674,93.0727002967359,4.5440678907566925,0,0,0
qgzCDunOQ2M,갑상선기능저하증,갑상선기능저하증 이 음식 절대 먹지 마세요! ㅣ갑상선기능저하증 댓글읽기 /마음편한유외과 /자율신경기능의학 /아프지마쇼,아프지마쇼Show,59068,1380,2022-11-22 08:00:20+00:00,455,1.644736842105263,General,Description,1243,47.52051488334674,3.8819866957950344,1,1,0
yYNnYSOVtYI,갑상선기능저하증,갑상선기능저하증 증상,이비엠TV,83926,899,2024-11-01 12:01:23+00:00,60,25.0,Medical Pro,Description,533,157.4596622889306,5.065500064327773,1,1,1
5aul-gg2vJE,갑상선기능저하증,갑상선기능저하증 환자에게 권하는 음식 vs 금하는 음식,닥터조의 건강이야기,49057,1550,2025-01-01 23:38:11+00:00,309,5.307855626326964,Medical Pro,Description,472,103.93432203389831,4.653334650008943,0,0,0
MBVp6c7RA5g,갑상선기능저하증,“증상 없어도 혹시?”…중년 여성 위협 ‘갑상선기능저하증’ / KBS뉴스(News),KBS News,43362,276,2018-10-22 22:15:04+00:00,111,21.889400921658986,General,Description,2735,15.854478976234004,2.82461643608922,1,1,0
XHbu8uvZHvo,갑상선기능저하증,갑상선항진증환자가 절대 먹지 말아야 할 음식 1편!,안양 생기가득한방병원,75660,487,2023-09-14 02:00:11+00:00,16,14.423076923076923,Medical Pro,Description,947,79.89440337909187,4.393144642179369,1,1,1
unLD3lUcDfk,갑상선기능저하증,[갑상선/부신피로] 닥터지노 Q&A - 갑상선 기능저하증 완치 가능할까요?,살피다 몸과 의식의 미래를 묻다 with 닥터지노,37526,857,2018-11-15 15:09:42+00:00,561,3.745318352059925,Medical Pro,Description,2711,13.84212467724087,2.6974693998118693,0,0,0
sKe-JeAmfrE,갑상선기능저하증,갑상선기능저하증 다이어트에 좋은 운동과 음식 추천,이비엠TV,36933,970,2025-04-17 12:01:37+00:00,1481,14.669926650366747,Medical Pro,Description,366,100.90983606557377,4.624088462219681,0,0,0
PIff7PHk13I,갑상선기능저하증,일상생활을 위협하는 갑상선기능저하증ㅣ건강플러스,서울아산병원,271792,2927,2021-10-21 04:24:00+00:00,407,11.556240369799692,Medical Pro,Description,1640,165.72682926829268,5.1163567202278175,0,0,0
a4aSRwID0qc,갑상선기능저하증,조선욱 교수's Health Talk - 갑상선 기능 항진증과 갑상선 기능 저하증 치료법,서울대병원tv,32344,421,2019-01-07 10:40:50+00:00,913,54.23728813559322,Medical Pro,Description,2658,12.168547780285929,2.577831242422912,0,0,0
n0bhcfUHlu8,갑상선기능저하증,"갑상선 암의 원인은? 혹시 갑상선 기능 저하증, 갑상선 기능 항진증이 암으로 발전할 수 있을까요?",건강한 앨리스,31833,590,2020-01-31 23:00:08+00:00,497,16.129032258064516,General,Description,2269,14.029528426619656,2.7100168277982553,1,1,0
Z730rnwWXjc,갑상선기능저하증,갑상선 건강에 매우 안좋은 음식 4가지? - 갑상선 건강을 위해 피해야 하는 음식 - 갑상선 기능 저하증 예방 - 갑상선 저하증 증상,건강 9단 - 하루 건강 정보,48756,636,2025-01-31 11:00:48+00:00,60,31.6205533596838,General,Description,442,110.3076923076923,4.712298369169947,1,1,1
1XSuzWyyIdI,갑상선기능저하증,갑상선 기능 저하증이면 무조건 약 먹나요? #김종민원장 #갑상선기능저하증 #갑상선저하증,반드시 갑상선&당뇨를 잡겠습니다,59359,467,2025-01-14 23:00:03+00:00,43,8.695652173913043,General,Description,459,129.32244008714596,4.8700116879302415,0,0,1
pL1aw-4ypG4,갑상선기능저하증,하시모토갑상선염은 갑상선의 문제가 아닙니다,닥터조의 건강이야기,28759,1068,2025-03-07 22:34:44+00:00,347,8.171603677221654,Medical Pro,Description,407,70.66093366093367,4.271945740830915,0,0,0
_cX2XEFuMi0,갑상선기능저하증,갑상선기능 저하증/항진증 증 #shorts,길병원TV,30332,249,2023-06-22 02:00:11+00:00,52,10.582010582010582,Medical Pro,Description,1031,29.419980601357906,3.415099649137252,0,0,1
h6pliOimVtE,갑상선기능저하증,"운동해도 빠지지 않는 살, 나도 갑상선 기능 저하? 갑상선기능저하 다이어트 비만 자율신경 기능의학",아프지마쇼Show,26991,593,2021-04-13 08:41:10+00:00,614,5.181347150259067,General,Description,1831,14.741125068268706,2.756276718723796,0,0,0
7egGaJkH_xg,갑상선기능저하증,갑상선기능저하증의 근본적인 치료법 공개,이비엠TV,26544,700,2025-04-10 12:00:10+00:00,1530,20.38043478260869,Medical Pro,Description,373,71.16353887399464,4.278934916597227,0,0,0
7VHRpmbTIjs,갑상선기능저하증,[#명의] 갑상선 환자는 미역 먹으면 안 된다? 사실은...👨‍⚕️ 해조류(요오드) 섭취 논란 종결,EBS,24998,289,2024-06-19 10:00:11+00:00,212,7.017543859649122,General,Description,668,37.42215568862275,3.6486342642677605,0,0,0
N58jcX_ZGoM,갑상선기능저하증,"감기 몸살과 비슷한 갑상선 기능 저하증, 어떻게 하면 될까? | 자이홍의 건강극장 132화",서울대병원tv,23001,277,2023-03-09 01:00:19+00:00,482,31.25,Medical Pro,Description,1136,20.247359154929576,3.056232612585503,0,0,0
-m-_0fTOmbA,갑상선기능저하증,[자가진단법] 거울 하나로 확인할 수 있는 '갑상선 기능 저하증' 맛있는 이야기 미라클 푸드(Miracle Food) 125회 | JTBC 210828 방송,JTBC Life,20643,53,2021-08-28 04:19:19+00:00,186,34.48275862068966,General,Description,1694,12.185950413223141,2.5791519001215573,0,0,0
qboeJdOqBvI,갑상선기능저하증,조선욱 교수's Health Talk - 갑상선 기능 항진증과 갑상선 기능 저하증,서울대병원tv,20457,288,2018-12-28 22:55:38+00:00,1287,5.571030640668524,Medical Pro,Description,2668,7.667541229385307,2.1595851553451118,0,0,0
KGQNJmxvZfU,갑상선기능저하증,[태교학교 16교시] 임신 중 갑상선 기능에 이상이 생겼다고요..? 갑상선 바로 알기!,차병원 CHA Medical Center,20552,244,2021-01-06 06:44:15+00:00,479,23.715415019762847,Medical Pro,Description,1928,10.659751037344398,2.4561428288371365,0,0,0
fslewyw_vcc,갑상선기능저하증,"갑상선기능저하증 좋은음식 , 영양제 추천",이비엠TV,19851,500,2024-11-02 12:00:57+00:00,966,9.389671361502348,Medical Pro,Description,532,37.31390977443609,3.6458130097420858,0,0,0
F6-MC4ByL1A,갑상선기능저하증,"갑상선기능항진증vs저하증, 차이는?｜내분비대사내과 박상준 교수 #shorts",순천향대학교 서울병원 'Human Love',20242,209,2023-06-28 08:00:06+00:00,59,14.492753623188406,Medical Pro,Description,1025,19.74829268292683,3.0324639629506187,0,0,1
cINUFyjUkg8,갑상선기능저하증,갑상선기능저하증 전용 보충제,닥터조의 건강이야기,18405,676,2025-01-09 22:41:02+00:00,371,6.128702757916241,Medical Pro,Description,464,39.66594827586207,3.705391090561459,0,0,0
B_dwTCFZlNs,갑상선기능저하증,"갑상선 검사는 혈액vs초음파, 뭐가 더 좋을까? 갑상선 검진 방법과 수치 확인법 (갑상선 기능 저하증, 항진증 / 갑상선 결절(혹) / 갑상선 암)",차병원 CHA Medical Center,17305,162,2023-10-27 01:00:04+00:00,321,21.080368906455863,Medical Pro,Description,904,19.14269911504425,3.002841895939667,1,1,0
f8f505hJYBA,갑상선기능저하증,"갑상선기능저하증 운동 , 갑상선기능저하증 음식",이비엠TV,17199,385,2024-11-08 12:00:58+00:00,622,31.88405797101449,Medical Pro,Description,526,32.69771863117871,3.5174301386626183,0,0,0
7sWU0aR1qiM,갑상선기능저하증,갑자기 불어난 체중에 다이어트를해도 오히려 찌기만 한다? | 갑상선이 몸에게 보내는 이상신호 | 갑상선기능저하증 다이어트 | 명의 | #EBS건강,EBS 건강,16852,190,2023-11-14 08:00:03+00:00,798,10.909090909090908,General,Description,886,19.020316027088036,2.996747559331317,1,1,0
TVS_Cz-2Jl4,갑상선기능저하증,[육아브이로그] 1개월아기 | 신생아 갑상선기능저하증 | 아기와 강아지,서정적인 하루,16501,115,2020-07-25 17:14:47+00:00,712,7.575757575757576,General,Description,2093,7.883898709985666,2.1842405045698032,0,0,0
OeA-Gg89fEc,갑상선기능저하증,갑상선 걱정? ✔ 갑상선 기능 저하증과 항진증,길병원TV,13413,134,2023-06-03 05:00:09+00:00,352,16.483516483516482,Medical Pro,Description,1050,12.774285714285714,2.622803499922163,0,0,0
18gb-ma8f7g,갑상선기능저하증,갑상선기능저하증 증상: 자꾸 피곤하고 혀가 부어요,대전강남한의원,13353,114,2020-09-17 15:00:00+00:00,323,13.257575757575758,General,Description,2039,6.548798430603237,2.0213884023310325,1,1,0
FCAEZro1p0Y,갑상선기능저하증,갑상선기능저하증일 때 갑상선호르몬제 복용법 질문 해결,남상근의 정밀진단,16046,307,2023-08-04 06:00:05+00:00,60,22.3463687150838,General,Description,988,16.24089068825911,2.8472839279531583,0,0,1
9YVu2cYMabo,갑상선기능저하증,"""갑상선암 꼭 수술이 답? 갑상선기능저하증,씬지로이드 부작용,결절(혹) 있다면 필수시청! 염증 없애는 식단은 계란+버터,면역력 높이는 법은 줄기세포. 수술없이 갑상선약도 이제 뚝~",루이빈치과 류지헌,23547,748,2025-05-31 02:30:11+00:00,99,14.071294559099435,General,Description,322,73.12732919254658,4.305784279320626,1,1,0
LkbBa75iHRo,갑상선기능저하증,"갑상선기능저하증(갑상샘저하증) 과연 어떤 질환이고, 어떻게 진단될까?",광교 휴내과의원,12465,102,2020-08-20 09:39:53+00:00,212,6.849315068493151,General,Description,2067,6.030478955007257,1.9502548336593244,0,0,0
AW1KjWaploE,갑상선기능저하증,"갑상선 호르몬제 복용법, 이것만 지키면 됩니다(신지로이드·신지록신 복용 시 꼭 알아야 할 7가지)",남상근의 정밀진단,12395,302,2023-07-16 23:31:00+00:00,201,23.655913978494624,General,Description,1007,12.30883813306852,2.5884283358145534,0,0,0
7GI45wFCr3w,갑상선기능저하증,"[친절한양약사] 갑상선 기능 저하증 개선사례2  #자가면역질환 #갑상선기능저하증 고혈압, 당뇨, 고지혈증 까지 있는 여성환자의 치료사례입니다.",친절한양약사,11401,331,2019-06-30 23:00:00+00:00,466,32.846715328467155,Medical Pro,Description,2484,4.589774557165861,1.7209389566875304,0,0,0
8H5ylF3bt2I,갑상선기능저하증,"맨발걷기 치유사례 47, 갑상선기능저하증의 치유-  안윤옥님(여, 69세) 20210925 오금공원 찾아가는 맨발강의 증언 1","박동창의 맨발강의Dong Chang Park, Ph.D",10393,450,2021-09-25 11:13:50+00:00,536,11.194029850746269,General,Description,1666,6.238295318127251,1.9793857253768046,0,0,0
yanXAWIgBAA,갑상선기능저하증,"갑상선기능저하증, 약 평생 먹어야 하나요? #shorts",미즈메디병원,11603,169,2023-05-12 00:45:22+00:00,49,32.78688524590164,Medical Pro,Description,1072,10.823694029850746,2.4701054868286367,0,0,1
NwpRVodw2Vs,갑상선기능저하증,"갑상선기능저하증+류마티스 관절염 자가치료 음식! 손가락 마디 통증, 하시모토 갑상선염 증상이 저절로 좋아집니다. 자가면역질환(건선 아토피 천식) 원인 치료, 줄기세포 건강 브이로그",루이빈치과 류지헌,17882,518,2025-06-01 22:00:23+00:00,121,11.752136752136751,General,Description,321,55.70716510903427,4.037900571515883,1,1,0
V2KPyZd9hDA,갑상선기능저하증,"호르몬결핍의 원인 '갑상선기능저하증'의 원인과 증상, 치료법을 관악구 종합병원 에이치플러스 양지병원 내분비내과 윤태관 과장님과 함께 알아보겠습니다.",에이치플러스양지병원,9719,104,2023-11-09 07:13:14+00:00,232,50.505050505050505,Medical Pro,Description,891,10.907968574635241,2.4772078041372194,1,1,0
MPxAkxB46mI,갑상선기능저하증,갑상선기능저하증이란? 🦋 l 내분비내과 김경진 교수 #Short,고려대학교 안암병원,9417,124,2022-06-17 01:30:07+00:00,59,33.11258278145695,Medical Pro,Description,1401,6.721627408993576,2.044025146094365,0,0,1
wO7ffZjz_14,갑상선기능저하증,강아지도 갑상선기능저하증이?! 수의사가 알려주는 강아지 갑상선 정보!,청담우리동물병원,8763,141,2020-02-21 13:27:11+00:00,382,6.600660066006601,Medical Pro,Description,2248,3.8981316725978647,1.5888538411000095,0,0,0
AOE3n0FI8VA,갑상선기능저하증,갑상선 기능 저하증 여성이 85% 넘어 / YTN, YTN,8497,45,2015-12-27 14:10:43+00:00,117,13.998272884283246,General,Description,3765,2.2568393094289507,1.1807571880886392,0,0,0
sZEPq6WOkTE,갑상선기능저하증,"""여자들의 병, 갑상선 질환에 직빵운동"" 매일1분 갑상선기능저하증과 암 예방에 특효! 몸무게 들쑥날쑥, 만성피로 최고치일때 좋고, 갑상선기능항진증 결절, 모든 갑상선 증상에 추천",루이빈치과 류지헌,17808,629,2025-07-23 02:30:43+00:00,55,8.2389289392379,General,Description,269,66.20074349442379,4.207684311373015,2,1,1
6hT7d-ejbBk,갑상선기능저하증,갑상선기능저하증 대표 증상과 필수적인 검사,이비엠TV,8212,230,2025-04-03 12:15:00+00:00,875,43.26923076923077,Medical Pro,Description,380,21.610526315789475,3.1184155640282145,1,1,0
w5IueC2dctM,갑상선기능저하증,"""갑상선기능저하증에 불소치약, 난리났다"" 갑상선 수술후 씬지로이드 복용중엔 필수! 충치엔 소금치약 쓰세요. 불소는 요오드 효능 싹!갑상샘 호르몬 낮춰서 갑상선저하증 증상 심해집니다",루이빈치과 류지헌,12377,558,2025-05-19 01:01:02+00:00,115,13.88888888888889,General,Description,334,37.05688622754491,3.6390820463179683,1,1,0
gwqG3Gze670,갑상선기능저하증,갑상선기능저하증 - 심천사혈요법 창시자 박남희선생님의 라이브특강,simcheon,7442,0,2021-06-17 23:11:38+00:00,2538,3.8461538461538463,General,Description,1766,4.214043035107588,1.6513555692378132,0,0,0
HG7GnpeU_A8,갑상선기능저하증,"갑상선 기능저하증부터 우울증 까지? 의사들도 잘 모르는 키토제닉 식단의 놀라운 건강 개선 효과! [에이미 버거 인터뷰 3부 ,다이어트, 알츠하이머, 정신건강]",이상한 다이어트,7107,293,2024-11-25 14:14:38+00:00,1026,7.194244604316546,General,Description,509,13.962671905697446,2.7055585599206786,0,0,0
U9jd9jhprd0,갑상선기능저하증,[ENG SUB] 갑상선관리!! 어른보다 아이에게 더 중요한 이유_제 3장 선천성 갑상선 기능 저하증 congenital hypothyrodism,육아닥터 김숙자,6960,88,2019-08-30 08:43:21+00:00,328,3.98406374501992,Medical Pro,Description,2423,2.8724721419727612,1.3538930994735239,0,0,0
SVVXmNKZd68,갑상선기능저하증,"""살찌는 병, 갑상선기능저하증 증상 4가지"" 불면증, 탈모, 체중증가, 변비는 갑상선 호르몬 수치 낮으면 생깁니다. 자가면역질환, 목에 결절 혹 생기는 하시모토 갑상선염 치료사례",루이빈치과 류지헌,15170,361,2025-09-12 22:00:36+00:00,98,9.16030534351145,General,Description,218,69.58715596330275,4.256848201083097,1,1,0
TIVNr99r-wg,갑상선기능저하증,갑상선 기능저하증에 좋은 최고의 음식 5가지,건강우체국,10218,202,2025-03-01 02:00:20+00:00,115,1.0905125408942202,General,Description,413,24.7409200968523,3.2480819473275724,0,0,0
7UfaaZvVytc,갑상선기능저하증,갑상선기능저하증 환자들을 위한 성공적인 다이어트 방법|원장님이 추천하는 운동은??,메디컬티비,6570,72,2022-06-14 08:00:01+00:00,253,15.56420233463035,General,Description,1404,4.67948717948718,1.736860943355544,0,0,0
8vs8EmVynRA,갑상선기능저하증,#493. 갑상선기능저하증 집에서 치료하는 법,백투에덴TV,6516,0,2022-09-04 11:48:56+00:00,4096,2.192982456140351,Medical Pro,Description,1322,4.928895612708018,1.7798379583479451,0,0,0
mUkpWptYKF4,갑상선기능저하증,갑상선기능저하증 완치 가능할까요?,이비엠TV,9746,102,2024-12-08 12:00:59+00:00,60,14.084507042253522,Medical Pro,Description,496,19.649193548387096,3.027676265297568,0,0,1
Lr-EembKNe4,갑상선기능저하증,갑상선기능저하증 증상들이 있다면 반드시 병원에서 검사를 받으세요!   #갑상선암 #갑상선기능저하증 #갑상선저하증 #갑상선 #갑상선질환 #갑상선기능항진증,닥터BTS의 유선방송,6702,325,2024-03-21 08:00:17+00:00,55,12.022838499184338,Medical Pro,Description,758,8.841688654353563,2.286627307555435,2,1,1
Zn6MVR_zVKk,갑상선기능저하증,"""뇌가 죽어가는 최악의 신호 3가지! 갑상선기능저하증,불면증,치매"" 염증수치 높을때 피부가려움증 류마티스 관절염 갑상선 증상  쑥! 자가면역질환(건선 아토피 천식)에 줄기세포 치료",루이빈치과 류지헌,13519,315,2025-06-29 22:00:39+00:00,115,8.34326579261025,General,Description,293,46.13993174061434,3.8531204494928155,3,1,0
id24-PyAav4,갑상선기능저하증,#3 무증상 갑상선 기능 저하증(feat. 치료해야할까?),속편한내과[돈암],6255,121,2023-04-28 09:00:33+00:00,485,19.41747572815534,General,Description,1086,5.759668508287293,1.9109738516169006,1,1,0
B9v-DTyhDbk,갑상선기능저하증,갑상선기능저하증,서울배내과,6074,78,2020-10-21 16:28:06+00:00,202,62.5,General,Description,2005,3.029426433915212,1.393624041739039,0,0,0
qtxLvYZREkw,갑상선기능저하증,갑상선기능저하증에 도움이 되는 셀레늄? 김포 연세온유외과 외과의사 남상근,남상근의 정밀진단,6012,172,2023-07-09 23:30:16+00:00,114,12.1580547112462,General,Description,1014,5.928994082840236,1.9357146486746437,0,0,0
0775pE5v4qA,갑상선기능저하증,"갑상선 기능저하증 환자라면 꼭 봐야 할 음식 5선! (쉽게 따라해보세요),건강정보",건강백서,6463,95,2023-07-02 14:21:10+00:00,59,4.739336492890995,General,Description,1021,6.3300685602350635,1.9919848692293147,0,0,1
5kXLHONewDA,갑상선기능저하증,[서울성모병원] 추위 많이 타고 무기력해지면? 갑상선기능저하증 의심 - 내분비내과 임동준 교수,서울성모병원TV,5931,66,2022-05-25 02:18:45+00:00,192,5.0,Medical Pro,Description,1424,4.165028089887641,1.641910541063617,0,0,0
slXui2z2RAU,갑상선기능저하증,"뇌경색 후유증, 편마비 재활 이야기. 구안와사 어지럼증, 전조증상 나타나면 MRI 검사해보세요. 복시, 팔다리 마비와 안면마비, 보행장애 원인, 뇌졸중 예방 정보 #갑상선기능저하증",루이빈치과 류지헌,74009,10,2025-12-30 01:16:00+00:00,93,9.36768149882904,General,Description,109,678.9816513761468,6.522065814535725,3,1,0
Drpibs38BaA,갑상선기능저하증,"갑상선기능저하증, 평생 약을 먹지 않아도 되는 법 [케이미래의원 조병식 원장]",조병식 TV  ,5712,101,2023-09-06 07:04:09+00:00,280,9.615384615384617,Medical Pro,Description,955,5.981151832460733,1.9432139221373297,0,0,0
p4jD0vX-x90,갑상선기능저하증,검사는 정상인데 갑상선 기능 저하증? - 리버스 T3,살피다 몸과 의식의 미래를 묻다 with 닥터지노,5688,227,2022-12-07 02:00:21+00:00,424,20.0,Medical Pro,Description,1228,4.631921824104235,1.7284507380960934,0,0,0
xxmwIkmf8hE,갑상선기능저하증,소리없이 강아지를 죽이는 갑상선 기능 저하증의 증상,윤샘의 강아지상담소,6049,157,2024-11-11 08:00:46+00:00,55,13.88888888888889,General,Description,523,11.565965583173996,2.530992015092236,1,1,1
uBJwxtj_0Kk,갑상선기능저하증,갑상선기능저하증에 나쁜 음식은 무엇일까요?,장덕한방병원 갑상선센터,5308,61,2018-11-02 08:16:46+00:00,91,27.607361963190183,Medical Pro,Description,2724,1.9486049926578561,1.0813321746621074,0,0,0
bWouzYW3e9E,갑상선기능저하증,임신 중 갑상선기능저하증 약을?,남상근의 정밀진단,6865,45,2023-08-30 08:26:28+00:00,43,47.16981132075472,General,Description,962,7.136174636174636,2.0963201231391317,0,0,1
ttgw3d06kYo,갑상선기능저하증,갑작스러운 체중 증가.. 혹시 갑상선기능저하증인가요?💡 증상·진단·치료 총정리｜내분비대사내과 전자영 교수 [아주대병원TV],아주대병원TV,5206,48,2025-09-04 08:00:55+00:00,328,5.582034830430798,Medical Pro,Description,226,23.035398230088497,3.1795276699662463,1,1,0
45CDV0ItQZQ,갑상선기능저하증,내몸이 보내는 갑상선 이상신호🚨 갑상선기능저하증·항진증 비교해보기!,건강채널 민트TV,13505,222,2024-08-09 07:00:02+00:00,514,26.666666666666668,Medical Pro,Description,617,21.888168557536467,3.1306201201709043,1,1,0
9bozGvu25RE,갑상선기능저하증,갑상선기능저하증.. 황미진 선생님 인터뷰 [2부],닥터조의 건강이야기,4418,218,2025-06-15 21:30:05+00:00,314,2.9940119760479043,Medical Pro,Description,307,14.390879478827362,2.733775092340646,0,0,0
EbDuC4QUu4g,갑상선기능저하증,[친절한양약사] 갑상선 기능 저하증 개선사례3 #자기면역질환 #갑상선기능저하증  갑상선 질환은 영양치료로 치료가 가능합니다.,친절한양약사,4375,123,2019-07-07 23:00:00+00:00,385,30.303030303030305,Medical Pro,Description,2477,1.7662494953572871,1.0174924299546508,0,0,0
j0OF7lTtYl0,갑상선기능저하증,임신 중 갑상선기능저하가 온다면 어떻게 해야 할까요? 김포 연세온유외과 외과의사 남상근,남상근의 정밀진단,4365,54,2023-08-14 06:00:15+00:00,252,18.51851851851852,General,Description,978,4.46319018404908,1.698032901922954,0,0,0
8xnDHI53Urk,갑상선기능저하증,"갑상선 기능 저하증인데 부신 기능부터 점검하라고요? '갑상선 질환, 부신 기능부터 치료해야 합니다!'",닥터매거진,4374,183,2022-08-19 12:47:57+00:00,642,14.438444924406047,Medical Pro,Description,1338,3.2690582959641254,1.4513932633312465,0,0,0
8a_2DOZnFZY,갑상선기능저하증,약국에서 듣지 못한 이야기 #33 - 갑상선기능저하증,홍약사닷컴[홍약사TV],4306,0,2019-04-11 23:30:00+00:00,404,32.25806451612903,Medical Pro,Description,2564,1.6794071762870515,0.9855955671758344,0,0,0
4YsvQhQVWJw,갑상선기능저하증,갑상선기능저하증 약 부작용,이비엠TV,5894,60,2024-11-17 12:00:04+00:00,60,86.53846153846153,Medical Pro,Description,517,11.400386847195358,2.517727669478828,0,0,1
rfkFJLqgDbY,갑상선기능저하증,갑상선기능저하증 약 신지로이드 평생 먹어야 할까요??,닥터BTS의 유선방송,4149,502,2025-12-26 08:01:09+00:00,392,21.818181818181817,Medical Pro,Description,113,36.716814159292035,3.6301059939462217,0,0,0
ngySgoFDRRY,갑상선기능저하증,[신생아 갑상선기능저하증] 김신희 소아청소년과 교수,가톨릭대학교 인천성모병원,4113,39,2023-03-23 23:46:36+00:00,1083,30.53435114503817,Medical Pro,Description,1122,3.665775401069519,1.5402540372219957,0,0,0
jf7wSj8jJBk,갑상선기능저하증,휴지기 탈모를 유발하는 원인 갑상선 질환 / 갑상선 기능 저하증과 갑상선 기능 항진증으로 인한 탈모진행 양상,웅선의원- 홍성재 원장 탈모교실 (웅선클리닉),4051,31,2021-11-12 06:53:39+00:00,221,7.638446849140674,General,Description,1618,2.503708281829419,1.2538219167058666,0,0,0
NINhvifNx0Y,갑상선기능저하증,"갑상선기능 항진증, 저하증이 생기면 갑상선암에 잘 걸릴까? [암팩트🍄]",고대병원,5710,65,2025-01-15 09:00:33+00:00,42,8.620689655172415,Medical Pro,Description,458,12.467248908296943,2.6002607311289805,1,1,1
V4pgMQokrnY,갑상선기능저하증,"갑상선 기능 저하증의 치료방법, 무엇일까?",국민건강보험일산병원,5603,39,2024-10-28 05:31:26+00:00,58,30.303030303030305,Medical Pro,Description,537,10.43389199255121,2.4365819266323236,0,0,1
HaZfAS5N7lI,갑상선기능저하증,갑상선기능저하증에 과연 씬지로이드만이 정답일까? feat. 퀴노다인에스피 EP.125 고용량요오드치료,안재현약사 시즌2,3479,100,2021-03-17 10:05:22+00:00,367,21.00840336134453,Medical Pro,Description,1858,1.872443487621098,1.0551630569601609,0,0,0
YOKzBUHeHqQ,갑상선기능저하증,[내 몸의 호르몬 밸런스] 5. 갑상선 기능저하증은 평생 치료해야 하나요?,내 몸의 호르몬 밸런스,3481,113,2020-05-07 09:30:32+00:00,637,28.07017543859649,General,Description,2172,1.602670349907919,0.9565379756214647,0,0,0
reOCKhI4aBw,갑상선기능저하증,갑상선에 좋은음식 vs 피해야할 음식 3가지,남상근의 정밀진단,3430,80,2025-09-29 09:08:37+00:00,295,2.6761819803746656,General,Description,201,17.064676616915424,2.89395846335526,0,0,0
khL-NTZSDh8,갑상선기능저하증,"""갑자기 몸무게 10kg 쑥쑥! 갑상선기능저하증 치료"" 갑상선 질환 85%가 60대 여성, 식욕부진으로 몸에 힘이 없고 피곤, 냉증, 손 발 저림 시림에 줄기세포한 70대 치료사례",루이빈치과 류지헌,6214,87,2025-09-10 02:42:43+00:00,52,7.08502024291498,General,Description,220,28.245454545454546,3.3757241614466102,0,0,1
T1shOg6Lz8Q,갑상선기능저하증,갑상선 기능 저하증| 아무리 운동을해도 살이 빠지지 않던 이유! 갑상선 호르몬 증진 방법!,메디컬티비,3240,32,2022-04-26 08:00:13+00:00,230,30.837004405286343,General,Description,1453,2.229869236063317,1.1724416522241348,0,0,0
JHqEKgGK_Cs,갑상선기능저하증,"갑상선 기능저하증, 이렇게 시작됩니다",지식쏙쏙,12664,13,2025-12-02 11:00:40+00:00,6,6.756756756756757,General,Description,137,92.43795620437956,4.537297646027985,0,0,1
Cd_LcuHcNkc,갑상선기능저하증,"TSH가 높으면 어떤 문제가 생길까요? //TSH,T3,T4 의 이해와 갑상선기능저하증 설명",갑쌤,3351,73,2025-06-13 04:06:50+00:00,551,17.569546120058565,General,Description,309,10.844660194174757,2.4718771494976663,0,0,0
5BRwCbODdB8,갑상선기능저하증,갑상선기능저하증 치료 늦으면 위험한 이유 (feat.하시모토갑상선염),이비엠TV,4737,51,2024-12-05 12:00:06+00:00,57,31.57894736842105,Medical Pro,Description,499,9.492985971943888,2.350707031278272,1,1,1
FmIz9AwGgcs,갑상선기능저하증,"갑상선기능저하증 증상 및 갑상선기능저하증 원인 , 합병증",이비엠TV,3075,77,2024-10-30 12:00:15+00:00,566,20.361990950226243,Medical Pro,Description,535,5.747663551401869,1.9091963044309201,1,1,0
n38x5AGJX3c,갑상선기능저하증,갑상선기능저하증 치료 시그널,이비엠TV,4229,31,2024-12-03 12:01:03+00:00,51,58.8235294117647,Medical Pro,Description,501,8.441117764471057,2.245074380401114,0,0,1
AQeopwjXp70,갑상선기능저하증,"임신중, '갑상선 기능저하증' 태아에게 미치는 영향",삼성미래여성병원TV,3006,33,2021-12-05 23:00:03+00:00,271,7.299270072992701,Medical Pro,Description,1595,1.8846394984326018,1.0593999349365237,0,0,0
a46M35v-Cyk,갑상선기능저하증,갑상선 기능저하를 확인하는 방법,닥터덕 Dr Duk,6401,194,2025-05-26 15:00:00+00:00,64,2.155172413793104,Medical Pro,Description,327,19.574923547400612,3.0240730307555306,0,0,0
hr9kqYuI-ck,갑상선기능저하증,108.강아지 갑상선기능저하증에 도움이 되는 먹거리[평생피부과동물병원],평생피부과동물병원,2794,106,2023-01-02 07:10:31+00:00,978,14.285714285714286,Medical Pro,Description,1202,2.324459234608985,1.2013070246732913,0,0,0
m0AXY5o_oC4,갑상선기능저하증,"[오.순.도.순] 갑상선기능저하증 vs 항진증｜차이점, 원인, 치료까지 한눈에!｜순천향대서울병원 내분비대사내과 박상준 교수",순천향대학교 서울병원 'Human Love',2752,27,2025-06-19 08:00:50+00:00,416,10.269576379974326,Medical Pro,Description,303,9.082508250825082,2.3108020660963264,0,0,0
6OJcipEIODk,갑상선기능저하증,갑상선기능저하증 치료의 핵심 - 약물치료만으로는 안 된다!,이비엠TV,2944,109,2025-11-20 12:00:13+00:00,1778,24.417314095449505,Medical Pro,Description,149,19.758389261744966,3.0329504667396106,0,0,0
Fi4HuGy6YNo,갑상선기능저하증,"갑상선 기능 저하증, 이제는 놓치지 마세요! 당신도 걸릴 수 있습니다 #shorts",건강을 전하는 아들래미,3023,35,2023-03-28 22:30:02+00:00,44,21.27659574468085,General,Description,1117,2.706356311548791,1.3100492677501594,0,0,1
46xJ4uVD8Ug,갑상선기능저하증,갑상선기능저하증의 원인 /증상/ 검사법/ 양방치료 완벽정리,갑쌤,2667,54,2020-04-10 07:24:50+00:00,444,21.50537634408602,General,Description,2199,1.2128240109140518,0.7942695327887067,1,1,0
G8nhS3B-pB0,갑상선기능저하증,내분비학 개론 - 임신 중 갑상선 기능 저하증,세종성모내과 당뇨샘고고TV,2668,34,2021-03-29 07:47:59+00:00,265,12.987012987012989,Medical Pro,Description,1846,1.4452871072589382,0.8941625423146835,0,0,0
pSk03l_v2TU,갑상선기능저하증,갑상선 항진증과 갑상선기능 저하증의 증상과 치료 (갑상선 위치와 갑상선 결절),헬톡멘톡,2614,34,2020-05-03 01:20:37+00:00,190,3.091190108191654,General,Description,2176,1.2012867647058822,0.7890420824291277,1,1,0
Zfz0jQNVHQA,갑상선기능저하증,갑상선기능저하증 검사,이비엠TV,3836,18,2024-11-09 12:00:45+00:00,37,78.65168539325843,Medical Pro,Description,525,7.306666666666667,2.1170584052511425,0,0,1
1GIzIDwy9Bk,갑상선기능저하증,갑상선기능저하증 다이어트 할 수 있다!! 이렇게만 하면 내 갑상샘 기능 저하증 극복!! #shorts,다이어트 꿀단지,3684,30,2023-07-27 14:00:02+00:00,35,17.857142857142858,General,Description,996,3.6987951807228914,1.5473061313270942,0,0,1
q6w4UDxy0vw,갑상선기능저하증,갑상선기능저하증 갑상선기능항진증 있을 때 혀가 더 아픈 이유,대전강남한의원,2549,31,2020-11-05 15:00:11+00:00,362,12.173913043478262,General,Description,1990,1.2809045226130653,0.8245720847379275,0,0,0
uQO2rxmtMFw,갑상선기능저하증,갑상선기능저하증 임신,이비엠TV,3303,12,2024-11-11 12:01:09+00:00,39,23.80952380952381,Medical Pro,Description,523,6.315487571701721,1.9899936859352754,0,0,1
y1oy39JxLAc,갑상선기능저하증,"불현성 갑상선 기능 저하증, 난임과 연관이 있을까요?",희망 ON AIR | 서울IVF여성의원,2422,8,2024-07-03 08:00:41+00:00,356,6.651884700665189,General,Description,654,3.7033639143730888,1.5482779791683359,0,0,0
qKU8r3oNUzo,갑상선기능저하증,"공진단, 갑상선기능저하증에 도움이 될까?!",장덕한방병원 갑상선센터,2370,58,2020-09-24 12:01:08+00:00,319,31.630170316301705,Medical Pro,Description,2032,1.1663385826771653,0.7730384533880345,0,0,0
vdsf2P80Bis,갑상선기능저하증,"KNN 건강365 봉생병원, ""갑상선 기능 저하증"" 바로 알기",봉생기념병원(Bongseng Memorial Hospital),2231,11,2016-12-27 01:14:05+00:00,159,16.666666666666668,Medical Pro,Description,3399,0.6563695204471903,0.50462817143762,0,0,0
qD3iphtYekg,갑상선기능저하증,선천성 갑상선기능저하증의 원인?｜소아청소년과 이정호 교수 #shorts,순천향대학교 서울병원 'Human Love',2481,27,2023-05-25 00:59:25+00:00,60,38.96103896103896,Medical Pro,Description,1059,2.3427762039660056,1.2068016605264136,0,0,1
Wo6Ot6L9Uyw,갑상선기능저하증,갑상선기능저하증이 있을 때 나타나는 확실한 증상 5가지!# #건강 #이슈 #올바른정보#shorts,건강한민영TV-건강정보 채널,4855,40,2025-05-16 15:00:59+00:00,43,16.077170418006432,Medical Pro,Description,337,14.40652818991098,2.734791328031564,1,1,1
Bvk9avZuRBE,갑상선기능저하증,나는 갑상선 기능 저하 때문에 피곤하고 변비가 생기는 걸까??,신의손을찾아서 ,2173,29,2024-08-04 13:00:16+00:00,60,30.303030303030305,General,Description,622,3.4935691318327975,1.5026472928500203,0,0,1
dC8L5V4gcCU,갑상선기능저하증,"갑상선기능항진증, 당신이 놓칠 수 있는 6가지 신호! #갑상선항진증 #갑상선암 #갑상선기능저하증",행복한 건강라이프,2361,23,2024-09-24 18:36:14+00:00,58,16.270337922403005,General,Description,571,4.134851138353765,1.6360508533505318,2,1,1
7FvnpcQpc5k,갑상선기능저하증,내분비4.갑상선기능저하증,Kim nayoung,1890,42,2020-04-17 14:43:26+00:00,844,29.41176470588235,General,Description,2192,0.8622262773722628,0.621772695301884,0,0,0
PG4offPx7Ag,갑상선기능저하증,"강아지 갑상선기능저하증, 본원 치료사례💊 | 수의사가 직접 말해주는 강아지 호르몬 질환",탑스동물메디컬센터,1869,26,2023-08-15 10:30:15+00:00,202,36.14457831325301,General,Description,977,1.9129989764585467,1.069183126607015,0,0,0
dPi8HqD379w,갑상선기능저하증,"갑상선이 안 좋을 때 증상 (갑상선기능저하, 갑상선기능항진, 내과전문의가 알려드립니다)",철수와건강,1846,85,2021-08-05 13:39:07+00:00,546,6.472491909385114,General,Description,1717,1.0751310425160163,0.7300243047083605,1,1,0
hV_UAdWK1g8,갑상선기능저하증,갑상선기능저하증 임산부 약 복용 가이드라인,이비엠TV,2779,17,2024-12-07 12:00:53+00:00,59,38.46153846153846,Medical Pro,Description,497,5.591549295774648,1.8857884188763314,0,0,1
CRPvL2tVtn8,갑상선기능저하증,갑상선기능저하증 원인,이비엠TV,2512,25,2024-11-03 12:00:12+00:00,60,21.27659574468085,Medical Pro,Description,531,4.730696798493408,1.7458371286550323,0,0,1
pHH12F9ESw0,갑상선기능저하증,갑상선 기능저하증과 #다리시림 증상? #shorts,참하지외과 CHARM VEIN CENTER,1778,98,2023-11-29 03:00:31+00:00,50,34.14634146341464,General,Description,871,2.0413318025258325,1.112295512419567,1,1,1
FaSJrLKqhII,갑상선기능저하증,"갑상선암, 증상? 진단 (갑상선 항진증/갑상선 기능저하증)",찐의사 tv,1731,37,2021-03-20 02:54:43+00:00,194,1.862396204033216,Medical Pro,Description,1855,0.9331536388140161,0.6591526791235426,2,1,0
5_C5MsSpHhs,갑상선기능저하증,선천성 갑상선기능저하증 의심?｜소아청소년과 이정호 교수 #shorts,순천향대학교 서울병원 'Human Love',1953,29,2023-04-26 08:00:04+00:00,47,16.3265306122449,Medical Pro,Description,1088,1.7950367647058822,1.0278452602614767,0,0,1
FGeCPY9C-H8,갑상선기능저하증,임신준비 중이라면 갑상선 검사해야 되는 이유 #갑상선기능저하증  #임신준비 #갑상선검사,울산대학교병원tv,2212,22,2024-05-22 02:50:05+00:00,39,43.47826086956522,Medical Pro,Description,696,3.17816091954023,1.4298711783189904,0,0,1
vgqEgW0BbtY,갑상선기능저하증,갑상선기능저하증 영양제 효과,이비엠TV,2307,42,2024-11-26 11:01:05+00:00,52,13.157894736842104,Medical Pro,Description,508,4.541338582677166,1.7122360929953089,0,0,1
FLRlvOYlWQQ,갑상선기능저하증,"몸이 멈춘 것처럼 느려질 때, 갑상선 기능저하증",유앤미 [부산 24시UN동물의료센터],1647,1,2025-11-16 08:40:39+00:00,125,18.181818181818183,General,Description,153,10.764705882352942,2.4651040224918206,0,0,0
jW1CAcntO_A,갑상선기능저하증,이유 없이 자꾸 살이 찐다면 갑상선 기능 저하증을 의심해보세요!,안양 생기가득한방병원,1711,25,2023-04-04 22:52:42+00:00,52,14.545454545454543,Medical Pro,Description,1110,1.5414414414414415,0.9327314166956164,0,0,1
knQaOTWveLA,갑상선기능저하증,#갑상선기능저하증#하시모토갑상선염,송도 이레한의원 ,5010,30,2025-05-13 14:05:29+00:00,111,17.877094972067038,General,Description,340,14.735294117647058,2.755906222279845,0,0,0
WGDtj544TIE,갑상선기능저하증,갑상선 기능 저하증 다이어트 한약 먹는다고 살 빠질까?,슬림핏한의원 [슬림핏TV],1525,19,2022-03-18 09:46:57+00:00,118,20.0,Medical Pro,Description,1492,1.022117962466488,0.7041454583953549,0,0,0
1Ld_BdqCkyg,갑상선기능저하증,갑상선기능저하증 약,이비엠TV,1993,22,2024-11-15 12:00:02+00:00,59,74.07407407407408,Medical Pro,Description,519,3.840077071290944,1.5769306444222007,0,0,1
U7oPU9iWvP8,갑상선기능저하증,"갑상선 기능 저하증 원인과 치료방법 , Causes and Treatment of Hypothyroidism",여행은맛집,1499,2,2024-08-16 09:15:01+00:00,126,41.23711340206186,General,Description,610,2.457377049180328,1.2405102233114176,0,0,0
wspuSAx5gPE,갑상선기능저하증,(359)갑상선 기능저하증은 몸의 대사를 조절하는 갑상선 호르몬이 부족해지면서 생기는 질환이다. [[노후에 꼭 알아두면 좋은정보시리즈]],"정말의 유쾌,상쾌,통쾌",6193,28,2025-12-10 05:20:20+00:00,6,6.111111111111111,General,Description,129,48.007751937984494,3.891978488413891,0,0,1
hxkowOmd7rA,빈혈,생리혈로 보는 건강신호,필약사,2182817,21998,2025-09-26 12:47:00+00:00,49,9.00900900900901,Medical Pro,Description,204,10700.083333333334,9.278100261430875,1,1,1
NAE7Zc2-xO0,빈혈,"""평범한 노년을 보내고 싶었는데"" 자주 피곤하고 빈혈 있어서 병원 갔더니 혈액암｜중장년을 노리는 급성골수성백혈병｜조혈모세포이식과 치료 과정｜명의｜#EBS건강",EBS 건강,807891,6823,2024-09-02 08:00:19+00:00,1747,15.306122448979592,General,Description,593,1362.379426644182,7.217721769071678,1,1,0
0-90FuV7Po8,빈혈,"박소현 빈혈치료 시급, '백혈병' 전조증상?  힐링의품격 16회",JTBC Entertainment,102261,507,2015-11-22 03:44:56+00:00,119,28.571428571428573,General,Description,3800,26.91078947368421,3.329013333557501,2,1,0
KOhV28r3Vlc,빈혈,빈혈을 벗어나는 음식 6가지!! (feat. 철 결핍성 빈혈에 좋은 음식),내과식당,102441,1703,2023-02-10 10:00:10+00:00,388,4.225352112676056,General,Description,1163,88.08340498710233,4.489573065582117,0,0,0
Ds_LhnWO8qA,빈혈,철분제보다 좋은 빈혈에 좋은 음식 4가지 #shorts #건강정보 #빈혈 #건강식단,몬스테라_건강정보,91908,1560,2023-07-30 14:02:29+00:00,59,4.878048780487805,General,Description,993,92.5558912386707,4.538559024961471,0,0,1
tK9LJyejv5c,빈혈,빈혈은 왜 생기는가,기역,71908,1524,2019-04-26 09:00:07+00:00,476,23.80952380952381,General,Description,2549,28.210278540604158,3.3745206521502866,0,0,0
4IPYkUa6wf0,빈혈,"빈혈, 이것 매일 드세요 [방태환 원장의 5분 건강정보]",나음힐링센터 방태환원장,44948,1845,2023-02-13 10:25:30+00:00,401,2.004008016032064,General,Description,1160,38.748275862068965,3.682566465620493,0,0,0
7Ly_7cGE7Wo,빈혈,[노약사의 건강채널 DNA] ep1. 철결핍성빈혈을 치료하는 간단한 방법,노약사의 건강채널 DNA,40901,846,2021-08-27 11:33:17+00:00,581,35.97122302158273,Medical Pro,Description,1695,24.13038348082596,3.2240776113207237,0,0,0
uTmoC3DI6qs,빈혈,[닥튜버] 동네의사 송태호의 빈혈 1부 - 송내과의원 송태호 원장,의학채널 비온뒤,38824,815,2019-06-20 13:38:29+00:00,3768,6.447453255963894,General,Description,2494,15.566960705693665,2.8074103931115926,0,0,0
KiIlPblidyY,빈혈,빈혈이 있을때 철분제 어떤게 좋을까? 햄철vs비햄철  [약사용설명서],건강의 벗,35852,333,2022-11-16 08:00:16+00:00,338,10.471204188481677,General,Description,1249,28.704563650920736,3.391300692284589,0,0,0
tCp7LISKb2A,빈혈,시금치 이것과 같이 드세요! 노인 넘어짐 1위 빈혈에 최고입니다!  빈혈에 좋은 음식~ #빈혈 #빈혈예방 #시금치 #시금치효능,효초TV,32541,1277,2024-04-18 21:00:35+00:00,52,12.195121951219512,Medical Pro,Description,730,44.57671232876712,3.819396891526886,0,0,1
wujKUYyr7dw,빈혈,피곤하다! 빈혈의 증상은?ㅣ상계백병원 혈액종양내과 유영진 교수,인제대학교 백병원,47562,573,2024-06-07 02:33:15+00:00,57,51.54639175257732,Medical Pro,Description,680,69.94411764705882,4.261892491741317,1,1,1
jw4psQGB35Q,빈혈,"| 리틀약사[빈혈2] 빈혈은 왜 생기는 걸까? 다양한 원인이 있다고? 철결핍성 빈혈부터 골수문제, 비타민 결핍, 만성염증, 알코올, 스트레스, 중금속까지 모두 원인일 수 있다?",리틀약사,32171,529,2019-03-28 06:08:04+00:00,524,11.655011655011656,Medical Pro,Description,2578,12.479053529868114,2.601136890101323,0,0,0
uxmT3ph-wck,빈혈,"커피를 이렇게 마시면 악성 빈혈에 걸립니다. 커피 마시는 법, 커피 마시는 시간 #커피 #커피마시는법 #커피마시는시간 #빈혈 #악성빈혈",효초TV,31394,871,2024-05-20 21:00:38+00:00,57,6.980802792321117,Medical Pro,Description,698,44.977077363896846,3.8281429541111742,0,0,1
nP3a-dcvywE,빈혈,나는 빈혈일까? ‘빈혈 자가 진단법’ [광화문의 아침] 444회 20170320,TVCHOSUN - TV조선,28169,161,2017-03-20 06:00:56+00:00,125,7.092198581560283,Medical Pro,Description,3316,8.49487334137515,2.2507520046676572,0,0,0
g7EpMAYxCDw,빈혈,빈혈이 싹 사라지는 기적의음식 4가지,건강보약,37438,1662,2025-01-09 23:00:30+00:00,104,23.529411764705884,General,Description,464,80.6853448275862,4.4028746079005,0,0,0
YXnTc0KfVhM,빈혈,"빈혈에 좋은 방법 3가지, 팩트체크🔍 | 자이홍의 건강극장 ep.72",서울대병원tv,26646,278,2021-12-28 07:00:07+00:00,303,27.491408934707906,Medical Pro,Description,1572,16.950381679389313,2.887611378183951,0,0,0
hPFQeiVt-8k,빈혈,빈혈 예방에 좋은 철분이 많은 음식 5가지!,나는 건강인이다,33618,459,2024-04-16 04:15:01+00:00,44,13.88888888888889,General,Description,732,45.92622950819672,3.8485767836891838,0,0,1
97EdP2sQ0_E,빈혈,방치하면 위험한 빈혈🩸 빈혈에 좋은 성분/원인질환/빈혈검사수치 알아보기!,건강채널 민트TV,22262,32,2024-01-23 08:02:51+00:00,122,26.17801047120419,Medical Pro,Description,816,27.28186274509804,3.342220706790506,1,1,0
0P_auH22NZs,빈혈,빈혈이 있을 때 철분 보충만 하면 안 되는 이유 / 세종충남대병원 혈액종양내과 백승우,의학채널 비온뒤,65216,49,2025-12-11 23:00:02+00:00,593,12.307692307692308,General,Description,128,509.5,6.23539063760472,0,0,0
FtC_1fSTduQ,빈혈,혈액종양내과 전문의가 알려주는 철결핍성 빈혈 낫지 않는 이유는? - 내과사용설명서,"성누가병원 -정형외과, 치과, 내과, 한방과",18242,362,2022-07-22 05:35:15+00:00,490,13.636363636363637,Medical Pro,Description,1366,13.354319180087847,2.664050885077213,0,0,0
qS_heDBVupM,빈혈,‘괜찮겠지 하다가…’ 빈혈 놔두면 급성 심정지 위험 높인다 / KBS뉴스(News),KBS News,17121,127,2018-10-03 13:03:29+00:00,104,7.853403141361256,General,Description,2754,6.216775599128541,1.9764082602339326,1,1,0
nx8SCvz-bXc,빈혈,빈혈에 좋은 음식 3가지 - 50대 중년 이후 필수 건강 관리 방법,건강을 전하는 아들래미,28119,279,2024-06-22 11:45:02+00:00,48,6.802721088435374,General,Description,665,42.28421052631579,3.76778791553446,0,0,1
pUwQEcmAMaA,빈혈,[철분 결핍성 빈혈] 에 좋은 영양제 추천,뉴리TV Nuri TV,16008,189,2022-08-10 00:00:27+00:00,1013,4.448398576512456,Medical Pro,Description,1347,11.884187082405345,2.556000751885523,0,0,0
gJBIndRdh5A,빈혈,"[웨비나] 빈혈 알아보기! 빈혈의 이해와 치료 / 빈혈 원인, 빈혈 증상,  빈혈 어지럼증, 빈혈 검사,  빈혈 식품, 빈혈 수혈, 빈혈치료 (삼성서울병원 장준호 교수)",KBDCA 한국혈액암협회,15340,303,2024-05-29 08:16:21+00:00,2398,9.803921568627452,General,Description,689,22.264150943396228,3.1469135896122227,1,1,0
TTxmzX_Qiuc,빈혈,[김대영의 혈액사랑] 철결핍성빈혈의 치료-주사약,김대영의 혈액사랑,14566,340,2021-04-28 08:51:24+00:00,721,16.52892561983471,General,Description,1816,8.02092511013216,2.1995468909143088,0,0,0
IhdVHmE91kQ,빈혈,빈혈의 척도? 헤모글로빈,친절한 의사,12610,191,2022-09-06 06:00:04+00:00,316,6.993006993006993,Medical Pro,Description,1320,9.553030303030303,2.3564130511934347,0,0,0
Glydd7KCgco,빈혈,고기 안 먹어도 철분 충분! 빈혈 막는 채소 4가지   #철분 #칼슘 #건강정보 #건강관리 #시니어건강 #시니어 #빈혈,금빛인생,32853,1035,2025-08-13 06:10:59+00:00,19,4.065040650406504,General,Description,248,132.47177419354838,4.893890026224177,0,0,1
a4Bg6I4QP6M,빈혈,신장병으로 인한 빈혈: 빈혈도 다 같은 빈혈이 아닐수 있다,조동혁의100세 건강시대,10321,571,2024-04-30 23:33:51+00:00,840,33.333333333333336,General,Description,718,14.374651810584957,2.7327201669701275,0,0,0
ym3MQ_S4xxM,빈혈,빈혈 쉽게 보지마세요 - 대구파티마병원 혈액종양내과 이상환 과장,대구파티마병원,9717,133,2021-11-30 06:58:55+00:00,1489,15.904572564612328,Medical Pro,Description,1600,6.073125,1.956302390738069,0,0,0
gh0NbFubzmo,빈혈,어지럼증 원인과 빈혈 진단을 받는 이유!,닥터김 능인테라피 Neung-in Therapie,9433,227,2023-08-11 01:13:14+00:00,55,3.076923076923077,Medical Pro,Description,981,9.615698267074414,2.3623338741574815,0,0,1
oYcptvcvbBk,빈혈,"어지러우면 빈혈? '어지럼증', 원인을 알아야 낫는다! - 어지럼증 완치설명서 #01 #어지럼증 #빈혈",굿라이프,8095,207,2023-03-13 08:00:18+00:00,490,10.683760683760685,General,Description,1132,7.151060070671378,2.0981479888154273,0,0,0
U0293_4jmKQ,빈혈,철분 결핍성 빈혈을 극복하게 해준 비책,MBN News,7963,26,2013-12-13 02:11:55+00:00,193,4.048582995951417,General,Description,4509,1.7660235085384786,1.0174107323165282,0,0,0
3SFh1QuLVRc,빈혈,[빈혈/수혈] 강아지·고양이 빈혈에 대한 모든 것👩🏻‍⚕️수혈이 필요한 응급 상황은? 강아지와 고양이도 혈액형이 있을까? #강아지수혈 #고양이수혈,24시 루시드동물메디컬센터,7584,57,2025-06-25 09:15:00+00:00,275,4.550264550264551,General,Description,297,25.535353535353536,3.27847793955095,1,1,0
rizhKr2JS8M,치질,치질에 걸리는 과정 애니메이션/How Hemorrhoids Happen | Human Body Explained (Animated),끼르마,4159209,11613,2025-02-04 09:00:59+00:00,195,1.5552099533437014,General,Description,438,9495.910958904109,9.158721862491314,0,0,0
0ZXkC3ODjQM,치질,"[치센 2025 TV-CF] 먹는 치질약 치센, 그 차이를 경험해보세요. (이성민)",동국제약,3063271,48,2025-09-22 00:48:36+00:00,16,16.666666666666668,General,Description,208,14727.264423076924,9.597523676518513,0,0,1
E0d_eSOTLd4,치질,"치핵, 외치질, 내치질 절대로 수술하지 마세요 : 닥터U의 ' 치질 완치훈련 '",닥터U와 함께,1199298,22375,2016-06-09 23:08:42+00:00,920,6.289308176100629,Medical Pro,Description,3600,333.1383333333333,5.811555078887981,1,1,0
MhV6iFTL8z4,치질,[몰카] ENG/CN) 같은날 치질수술 포경수술한 부랄친구를 본다면? ㅋㅋㅋ 영상 안보고 웃긴건 무엇?! ㅋㅋ 이건 반칙이지! 거의 웃참용 제목이잖아! ㅋㅋ,낄낄상회,962152,25738,2020-12-25 05:00:05+00:00,330,20.6896551724138,General,Description,1940,495.95463917525774,6.2084987526662605,0,0,0
yT8YuDEFdiM,치질,치질을 수술 없이 극복할 수 있는 치질약 2가지 꿀 조합이 있습니다~ (혈관을 보호하고 강화시키는 치질 예방 핵심 성분은??),약사가 들려주는 약 이야기,906111,14668,2022-10-21 10:00:43+00:00,696,22.488755622188904,Medical Pro,Description,1275,710.675294117647,6.567621759803074,0,0,0
4NaeaFGk8aA,치질,딸기 팝콘(?)이 가득했던 가인이의 치질 수술 썰,예랑가랑,895621,10102,2022-11-05 03:26:48+00:00,1452,4.158004158004158,General,Description,1260,710.8103174603175,6.567811467857693,0,0,0
p1EFOK9V81I,치질,"강남, 10년을 기다려온 치질과 이별의 순간! | 동상이몽2 - 너는 내 운명 | SBS Enter.",SBS Entertainment,858049,2976,2020-01-13 15:31:43+00:00,197,3.154574132492113,General,Description,2287,375.1853957149104,5.930082095578865,0,0,0
uP2VYIdmaQ0,치질,변의를 느끼면 바로 화장실에 가야 하는 이유는? 명의가 알려주는 치질,EBS 컬렉션 - 사이언스,684605,2665,2022-03-18 11:00:40+00:00,449,8.0,General,Description,1492,458.8505361930295,6.13090151536527,0,0,0
wWCVMfu5IOQ,치질,치질: 집에서 할수있는 간단히 예방과 치료법,조동혁의100세 건강시대,609603,11574,2018-09-26 07:48:59+00:00,592,14.018691588785046,General,Description,2761,220.79065555957987,5.401733943999827,0,0,0
tIC_AB7koFs,치질,"먹는 치질약 치센, 과연 효과있을까?🤔 (+ 치핵 관리 꿀팁 대방출) - [광분하는 의사들 13화]",나는의사다,496936,3552,2020-12-09 10:00:14+00:00,428,11.737089201877934,Medical Pro,Description,1956,254.05725971370143,5.541488067848189,0,0,0
D6kEQfGCEWM,치질,치질과 구별되는 직장암 증상,상쾌한항외과,344644,1588,2020-09-08 03:24:14+00:00,248,19.00237529691212,General,Description,2048,168.283203125,5.131573070543136,2,1,0
eyKZzgJEr5c,치질,치질약 총 정리 + 정약사의 치질 셀프치료 후기 공유합니다.,정세운약사의 건강나눔,338081,7286,2021-05-01 03:48:43+00:00,544,25.16778523489933,Medical Pro,Description,1813,186.47600661886375,5.233650872522891,0,0,0
Nl3ul7nXINE,치질,"강남, 10년간 수술하기 두려워서 묵혔던 치질 | 동상이몽2 - 너는 내 운명 | SBS Enter.",SBS Entertainment,317000,1175,2020-01-13 15:22:23+00:00,159,5.797101449275362,General,Description,2287,138.60953213817228,4.9388494697892416,0,0,0
WbrWIVVGh_8,치질,치질수술 리얼후기...14일간의 기록 (수술비 / 통증 / 치핵3기),누룽지nooroonggee,282703,0,2023-03-19 01:17:13+00:00,1985,1.1111111111111107,General,Description,1126,251.0683836589698,5.529700414425018,0,0,0
aPFMm1wBTuM,치질,"[LIVE] 홍혜걸, 치질수술 생생후기 대공개!",의학채널 비온뒤,228335,5934,2021-12-04 06:44:14+00:00,5798,8.018018018018019,General,Description,1596,143.06704260651628,4.970278764886576,0,0,0
iiCEhVtW4Eg,치질,"치질 없애는 방법| 치질, 변비 사라지고 엉덩이 피부까지 매끈해지는 과학적 힐링법|브레인트레이너 이교수의 힐링가이드",일지의 브레인TV,219634,4729,2023-09-13 23:45:09+00:00,284,6.279434850863423,Medical Pro,Description,948,231.68143459915612,5.449670284569179,0,0,0
XIXS4rIRcMc,치질,극한의 고통 치질수술 후기 | 멈추지 않는 먹방 | 수술 비용 | 실손 보험,폭간트,210582,3245,2022-11-02 10:30:07+00:00,1443,12.456359102244388,General,Description,1263,166.7315914489311,5.122365031820783,0,0,0
kOR4mNlfEWg,치질,치질(치핵) 간단한 자가치료 방법. (+치센 쓰면 안 되는 이유) #shorts,정세운약사의 건강나눔,257210,3366,2023-03-30 03:45:52+00:00,47,8.281573498964804,Medical Pro,Description,1115,230.68161434977577,5.445364077188336,0,0,1
bB_ZqDJ6ing,치질,국민 절반 이상이 겪는 '치질' 속 시원한 해결법 달콤한 정보쇼 꿀단지 15회,JTBC Entertainment,164031,391,2014-07-17 02:16:04+00:00,340,16.233766233766232,General,Description,4293,38.208944793850456,3.668904904283111,0,0,0
v5jeM7AltaY,치질,나의 치핵은 어느 단계일까?,의사TV,154185,493,2020-03-13 05:00:29+00:00,158,30.136986301369863,Medical Pro,Description,2227,69.23439604849574,4.251838163235376,0,0,0
quMHNEwKrts,치질,혈변이 생길 때 대장암과 치질 쉽게 구분하기 #shorts #대장암 #치질,굿닥터인부산,225039,1507,2024-05-17 05:33:54+00:00,43,4.184397163120567,Medical Pro,Description,701,321.0256776034237,5.774631286475027,1,1,1
MlmoUUl5st0,치질,치질 자연치료 꿀팁,어디아파?,179241,0,2023-08-01 07:21:07+00:00,55,73.17073170731707,General,Description,991,180.86881937436934,5.203285654526991,0,0,1
KhWOsRVuE8U,치질,생활 습관만으로 치질을 치료 할 수 있다?! 약이 되는 정보 꿀단지 32회,JTBC Entertainment,152549,873,2014-11-22 12:14:21+00:00,119,7.220216606498194,General,Description,4165,36.626410564225694,3.6277062124453927,0,0,0
b7tPeA7UIe0,치질,항문에 혹같이 뭔가 만져져요! 치핵 치질 증상 단계별 치료법?,뉴고려병원공식유튜브,152269,627,2019-06-24 05:18:18+00:00,146,14.705882352941176,Medical Pro,Description,2490,61.15220883534136,4.12958635771683,1,1,0
dBk5bOtXeUA,치질,"치질 수술 안 하고, 그냥 살면 안 되나요?",대항병원,243937,728,2023-07-31 01:37:41+00:00,29,53.38078291814946,Medical Pro,Description,992,245.90423387096774,5.509000544324673,0,0,1
N8sA6q3Sr80,치질,치질수술 후 올바른 관리법,centum중앙항외과,126029,1591,2022-06-17 08:00:11+00:00,434,64.22018348623853,General,Description,1401,89.9564596716631,4.510380926869318,0,0,0
70nVb8-MvYA,치질,"치질 / 함익병피부과 함익병, 서울양병원 대장항문외과 양형규",의학채널 비온뒤,125388,3081,2023-08-12 14:05:28+00:00,7121,10.703933747412009,General,Description,980,127.9469387755102,4.859400992421758,0,0,0
ZCIWr-JhJpg,치질,#치질수술 꼭 해야 하는 이유 (feat. 그림),서울지에스항외과,127404,488,2023-04-27 03:32:33+00:00,45,14.705882352941176,General,Description,1087,117.20699172033119,4.772437254832857,0,0,1
a6XR1TziOSo,치질,치질 환자를 위한 한 가지 노하우(홍혜걸 박사),의학채널 비온뒤,115651,1692,2021-12-11 03:00:01+00:00,280,9.753086419753084,General,Description,1589,72.78225298930144,4.301118228288113,0,0,0
qIe25rVJRcM,치질,[엉덩이대장] 의사가 말하는 치질 수술 시기 (크기가 큰 치핵도 수술하지 않아도 된다고?!) #shorts,엉덩이대장,127209,692,2023-01-30 09:00:22+00:00,29,31.25,General,Description,1174,108.35519591141397,4.694601262330574,0,0,1
PXmSTwtNtSE,치질,치질수술 꼭 해야 하나요? / 치질 방치 괜찮은가? / 치질 치료 시기는?,의사TV,106029,567,2019-04-26 07:52:41+00:00,204,25.89641434262948,Medical Pro,Description,2549,41.596312279325225,3.751767683315231,0,0,0
OJU4zny_t08,치질,항문 비누로 씻으세요? #1분건강,서울대병원tv,3065373,31144,2024-04-30 22:45:00+00:00,30,24.69135802469136,Medical Pro,Description,718,4269.321727019498,8.359444449290516,0,0,1
jrCaQTwEHcA,치질,"치질(치핵), 자연치유가 가능할까? OX퀴즈로 알아보는 ‘치핵‘!",한림대학교의료원,274146,1012,2021-08-10 01:58:47+00:00,241,28.571428571428573,General,Description,1712,160.1320093457944,5.082223962847166,0,0,0
NxpJ4Jn6sFU,치질,꼭! 수술이 필요한 치핵&치질 종류ㅣ아이패드 그림으로 알아봐요!ㅣ서울GS항외과,서울지에스항외과,97807,599,2022-12-02 08:19:49+00:00,288,19.91150442477876,General,Description,1233,79.32441200324412,4.386073584754079,0,0,0
_yfaTPjFgsw,치질,치질(치핵) 꼭 수술해야한다? / YTN (Yes! Top News), YTN,97097,289,2017-02-13 00:15:48+00:00,149,17.508038585209004,General,Description,3351,28.975529692629067,3.40038137190437,0,0,0
7P4MfSCu-Oo,치질,"치질 수술 주의사항? 입원, 수술 후 관리 치질수술에 대한 모든 것! 강동구 치질수술, 강동구 거상치질수술, 강동구 치질병원, 거상치질수술",세상을 바꾸는 지식,96042,597,2021-07-30 06:28:55+00:00,223,41.86046511627907,General,Description,1723,55.74114915844457,4.0384996822324455,1,1,0
aMD9zvyrGWY,치질,요즘에는 치질 수술을 어떻게 하나요? 최신 치질 수술법,건강의학전문채널 하이닥,95179,566,2020-12-02 07:34:07+00:00,444,13.72549019607843,General,Description,1963,48.486500254712176,3.9016999102521757,0,0,0
MzARRkh_KRk,치질,치질.. 진작에 이렇게 할걸. 이 영상 안보면 치질 평생 갑니다 [식이섬유 15부],닥터쓰리 - 한미일의사의 쉬운 의학,91869,5723,2025-10-22 06:00:30+00:00,594,3.285870755750274,Medical Pro,Description,178,516.1179775280899,6.24827104485488,0,0,0
aorQsrsU4oA,치질,"74_치질약, 좌약이 좋을까? 연고가 좋을까? I 치질약 선택법 l 약먹을시간",약먹을시간,90921,878,2020-02-20 09:00:01+00:00,509,32.88490284005979,General,Description,2249,40.427301022676744,3.723940108485155,0,0,0
NoM7SR-Xqik,치질,"치질, 항문 수술 후 관리 및 주의사항 롱~~버전!! [식사편] 치질수술 후 술, 고기, 커피 등등... 먹어도 될까요?",엉덩이대장,91353,1273,2022-05-04 22:00:14+00:00,510,1.3960113960113958,General,Description,1445,63.220069204152246,4.16231576627138,1,1,0
_a8MX_Vu9AA,치질,"[치질약] 치핵 치질증상, 치질치료법, 치질연고 - 꼭 봐야할 약사 설명 - 치센, 푸레파인, 헤모렉스, 렉센",약사설명 약짱TV,89064,1305,2021-04-10 22:50:44+00:00,773,21.05263157894737,Medical Pro,Description,1834,48.56270447110142,3.903238624906888,1,1,0
lWIDX4vMVCM,치질,[치핵] 치질에 대한 오해와 진실 | 치질수술 생각보다 안 아픕니다,"대장항문전문병원, 한솔병원TV",87441,723,2023-05-16 02:30:18+00:00,387,54.42176870748299,Medical Pro,Description,1068,81.87359550561797,4.417316501220558,0,0,0
Jd7OK9Z07VY,치질,치질 수술 웬만하면 안 하시는 게 좋습니다. #shorts #치질 #치질수술,엉덩이대장,133493,671,2024-02-28 10:30:15+00:00,36,1.9267822736030829,General,Description,780,171.1448717948718,5.148336400173657,0,0,1
FFAkpd49-zk,치질,말 못할 고통 치질! 치질약은 어떤 걸 먹어야 할까? [약사용설명서],건강의 벗,72436,1368,2022-07-13 08:00:05+00:00,316,25.17985611510792,General,Description,1375,52.680727272727275,3.9830540408713375,0,0,0
Vaf_QTnLXwQ,치질,치질 수술을 하면 항문에서 벌어지는 일들 | 관리법과 항문에서 고슴도치가 나온다고 느껴지는 이유,응꼬형,72613,1293,2023-09-03 07:00:11+00:00,585,22.6243093922652,General,Description,958,75.7964509394572,4.341158427360014,0,0,0
f1SD7NTQfnU,치질,"""치질, 재발 걱정 끝!"" l 명의가 알려주는 확실한 치료법 l 치핵·치루·치열 완전 정복! l 대항병원 김도선 원장""",대항병원,65375,903,2025-02-13 02:56:51+00:00,1933,13.520499108734402,Medical Pro,Description,429,152.3892773892774,5.032978986811294,0,0,0
CzJ1Nu2bVjQ,치질,골반저근 키우고 치질 예방하자! 집에서 쉽게 따라 하는 '케겔 운동'   | 행복한 아침 972 회,play 채널A,61524,633,2022-11-18 04:26:10+00:00,219,10.989010989010987,General,Description,1247,49.337610264635124,3.918752516681955,0,0,0
4WBOuUlSlVU,치질,치핵? 치열? 치루? 항문질환의 종류와 수술법 | 치질 수술을 하면 괄약근이 약해지나요..?😨-[나는의사다 990회],나는의사다,60767,481,2022-07-07 10:00:04+00:00,742,27.88844621513944,Medical Pro,Description,1381,44.00217233888487,3.8067107628025996,0,0,0
5JRBetku5qw,치질,"치질 수술 후 ""통증"" 주의사항 롱~~ 버전! [통증편]  치질수술 후 통증에 대한 두려움! 이젠 안녕~",엉덩이대장,59580,824,2022-04-02 22:00:01+00:00,866,4.22475106685633,General,Description,1477,40.3385240352065,3.7217948505491623,1,1,0
Tiz771v_iLY,치질,치질 수술 후 상처 회복 기간 !! | 청주항문외과,외과의사오세헌TV (서울아산항외과),59847,482,2022-12-15 05:00:09+00:00,266,19.02748414376321,Medical Pro,Description,1220,49.05491803278689,3.913120763327141,0,0,0
UqhjsXOfkec,치질,항문 지키는 올바른 비데 사용법 #1분건강,서울대병원tv,66070,701,2024-04-30 10:15:30+00:00,55,24.09638554216868,Medical Pro,Description,718,92.01949860724234,4.532809133620623,0,0,1
lt0BHOi_LZU,치질,치질로 항문외과 방문하면 이런 검사가 진행됩니다.,어디아파?,58006,89,2023-04-12 09:00:23+00:00,112,29.895366218236173,General,Description,1102,52.637023593466424,3.9822395683106646,0,0,0
HegQ3TDjlWw,치질,"치질 수술 꼭 해야 할까 고민이라면, 이런 분은 수술 하지 마세요!",응꼬형,57149,999,2024-01-21 07:00:07+00:00,389,5.75268817204301,General,Description,818,69.8643031784841,4.260766825486266,0,0,0
qyn7aliDWWk,치질,"치질, 수술해야 하나요?",건강의학전문채널 하이닥,55991,361,2020-10-23 07:00:06+00:00,318,15.54794520547945,General,Description,2003,27.9535696455317,3.365693500235734,0,0,0
V14rjIDYWCQ,치질,치질수술 절대 함부로 하지마세요. 치질을 수술없이 극복하는 방법. 치질 있다면 꼭 봐야할 영상.,교육하는 의사! 이동환TV,55819,744,2023-07-07 11:00:25+00:00,1022,4.2024539877300615,Medical Pro,Description,1016,54.93996062992126,4.024278983982383,1,1,0
ZEurkeheW60,치질,치질 수술은 아프다?,EBS 건강,81522,455,2024-12-17 23:00:23+00:00,56,10.526315789473683,General,Description,487,167.39630390143736,5.126320153238601,0,0,1
-T7IWDvJ2lE,치질,"치질, 치핵, 치루 있다면 꼭 보세요!ㅣNo광고 No협찬ㅣ치센정, 치쏙정, 디오맥스정",시기월드,54284,924,2021-08-09 02:17:53+00:00,334,9.084507042253522,General,Description,1713,31.689433741973147,3.487051898529595,0,0,0
i4TrzlZ5H_c,치질,치질! 항문질환! 좌욕은 어떻게 해야되나요?【feat.건대성모외과】,하이닥터장 Hi Dr. CHANG,54047,324,2022-10-06 00:59:44+00:00,166,17.75147928994083,Medical Pro,Description,1290,41.896899224806205,3.7587995441796616,0,0,0
02KPmPkZNQs,치질,비타민 - 문제적 항문 질환 치질의 정확한 증상들.20160519,KBS Entertain,54494,148,2016-05-19 12:53:51+00:00,89,47.61904761904762,General,Description,3621,15.049433858050262,2.775673575312167,1,1,0
f2bkzLjM-Hw,치질,치질..이 방법으로 완치도 가능해요! 꼭 해보세요!,닥터 윌리엄 킴 Dr.William Kim ,64338,806,2023-06-30 15:40:18+00:00,57,22.55639097744361,Medical Pro,Description,1023,62.89149560117302,4.157186263342817,0,0,1
Ss8DqEnAhEA,치질,"'말할 수 없는 비밀, 치질이란? | 항문질환 | 치질 | 치열 | 치핵 | 치루 | 명의 | #EBS건강",EBSDocumentary (EBS 다큐),48288,250,2024-12-11 01:00:18+00:00,255,21.27659574468085,General,Description,493,97.947261663286,4.5945869977220966,0,0,0
ZMCf48tpExg,치질,"치핵, 치루, 치열이란? / 항문질환의 종류와 치료법은?",의사TV,47044,359,2019-04-19 01:42:56+00:00,244,24.344569288389515,Medical Pro,Description,2556,18.405320813771517,2.9655472972155934,0,0,0
oVrNtVSvFLk,치질,"치질, 치핵, 치루, 치열 어떻게 다를까? [의사결정] #shorts",CBS 경제연구실,73521,294,2024-04-27 00:00:31+00:00,40,5.432098765432098,General,Description,721,101.97087378640776,4.63444616946744,0,0,1
Jk2o8SLZmxc,치질,나는 치질(치핵) 몇 단계일까? 치질 자가진단 해보기!,TV웰니스,50331,299,2022-08-09 00:04:24+00:00,58,32.25806451612903,Medical Pro,Description,1348,37.33753709198813,3.646429496951819,0,0,1
pwO3vO8kl98,치질,치질수술과정살펴보기,어디아파?,73163,0,2023-11-10 09:33:00+00:00,33,62.5,General,Description,890,82.20561797752809,4.421314869315903,0,0,1
6lzcQZN9RkY,치질,어느 정도 피가 나와야 혈변이라고 하나요?,대항병원,58164,340,2023-05-25 06:31:32+00:00,52,28.80658436213992,Medical Pro,Description,1059,54.92351274787536,4.023984913332371,0,0,1
Ya_36p4eXxQ,치질,"치질, 무조건 수술해야 하나요? | 홍혜걸의 인사이트 인터뷰 요약 (기쁨병원 강윤식 원장)",의학채널 비온뒤,40345,696,2021-09-14 21:00:12+00:00,705,2.4223602484472053,General,Description,1677,24.05784138342278,3.2211868078257857,0,0,0
GsiNuVgS1jo,치질,치질좌약 변비좌약 제대로 넣는 법 확실히 정리해 드립니다.,초꼬약사 TV,40470,238,2022-08-07 12:02:45+00:00,671,21.27659574468085,Medical Pro,Description,1350,29.977777777777778,3.4332701015501494,0,0,0
5v7e3hNjMKU,치질,항문에서 피가?  치질?치열? 대장암?,centum중앙항외과,35755,347,2022-08-05 08:30:02+00:00,371,12.34567901234568,General,Description,1352,26.446005917159763,3.31222065344021,1,1,0
CW6Rrzr7Vkw,치질,혹시 나도 치질? 가장 흔한 치질 증상들 알려드립니다. #shorts #치질 #증상,엉덩이대장,50459,241,2024-02-16 10:00:07+00:00,33,1.9723865877712032,General,Description,792,63.71085858585859,4.169929017190991,1,1,1
yGWR2a3gZv4,치질,치질 수술 얼마인지 항문외과 의사가 직접 알려드려요! ㅣ 병원마다 수술 비용이 다른 이유,응꼬형,35038,613,2024-04-07 08:00:26+00:00,480,22.6243093922652,General,Description,741,47.284750337381915,3.877115782801432,0,0,0
4ifj1hiCzJc,치질,고통스러운 치질 수술 후기(약 2주일간 과정),은근 관리하는 남자,34664,296,2023-08-14 03:00:02+00:00,1122,9.803921568627452,General,Description,978,35.443762781186095,3.5957703266982275,0,0,0
ku6be90JRxg,치질,"치루 수술 후 관리와 증상, 치질과 다른 점은? 치루 수술 후 운동법 소개",의사TV,33978,172,2019-10-31 06:21:07+00:00,128,28.571428571428573,Medical Pro,Description,2361,14.39135959339263,2.733806286599399,1,1,0
5Gv4otvxVuQ,치질,항문에서 무언가 튀어나왔나요? 치핵의 대표 증상 알아보기! #shorts,순천향대학교 서울병원 'Human Love',47164,177,2024-12-16 08:00:04+00:00,42,47.61904761904762,Medical Pro,Description,488,96.64754098360656,4.5813644750661044,1,1,1
S3NrZeQsQ3c,치질,"치질 좌약, 치질 연고 사용법, 그것이 알고싶다!",치질대장,33768,333,2023-04-19 08:27:24+00:00,501,30.65134099616858,General,Description,1095,30.838356164383562,3.460671731640382,0,0,0
xM8RbyK1v5E,치질,올바른 좌욕 방법 #좌욕 #치질 #치핵,365일 내 몸 정비소,37902,239,2023-12-14 05:16:56+00:00,60,45.11278195488722,General,Description,856,44.27803738317757,3.8128220889444524,0,0,1
NVWSj4LMATI,치질,요가마님 [ 치질 요가 ] [ 치질 완화 요가 ] 골반 혈액 순환ㅣ항문 탄력ㅣ배변 개선ㅣ장기 마사지,이안요가,33126,708,2021-04-09 09:49:33+00:00,569,8.379888268156424,General,Description,1835,18.05231607629428,2.947188672990704,0,0,0
jeIiYcUW2zY,치질,치질약 치센! 우리가 몰랐던 3가지 사실,약드라이브,32547,311,2022-08-24 10:00:28+00:00,423,45.45454545454545,General,Description,1333,24.41635408852213,3.235392828587282,0,0,0
B_dSeEu4b0w,치질,"#치질연고 어떻게 발라요?, #항문연고 종류와 사용법",365일 내 몸 정비소,32026,418,2024-01-03 00:23:11+00:00,719,19.148936170212767,General,Description,836,38.30861244019139,3.6714436409270745,0,0,0
K5Md5UBaq_I,치질,치질에 좋은 음식은? / 변비에 좋은 음식 / 장 건강을 도와주는 식품,의사TV,28915,316,2019-04-19 07:23:39+00:00,126,7.776049766718507,Medical Pro,Description,2556,11.312597809076681,2.5106229503510553,0,0,0
msP6mU3qa4U,치질,"치질의 원인, ‘이것’만 고치면 된다고?",한림대학교의료원,28663,196,2021-05-14 01:54:46+00:00,205,18.181818181818183,General,Description,1800,15.92388888888889,2.828726167537811,0,0,0
Msv4RYwdSgg,치질,출산 후 치질 수술 2박3일 입원❤️‍🩹 | 면도칼 싸는 느낌🥵 | 응꼬에서 불나요🔥,wanda show,28029,468,2025-01-22 07:00:16+00:00,1143,5.416666666666666,General,Description,451,62.148558758314856,4.145490026023234,0,0,0
dgMWREl3prg,치질,치질 수술! 이 영상 보기전엔 하지 마세요! l 항문외과 의사가 알려주는 나에게 맞는 치질 수술법!,응꼬형,28106,446,2024-02-18 10:53:03+00:00,399,12.391304347826086,General,Description,790,35.57721518987342,3.599425510755645,0,0,0
sdgEI2FObAM,치질,🔥필수시청🔥아이패드 그림으로 보는 치질수술방법 | 항문질환 수술 어떻게 하나요? | 서울GS항외과,서울지에스항외과,27975,236,2021-12-29 05:19:55+00:00,257,20.40816326530612,General,Description,1571,17.8071292170592,2.9342360116259325,0,0,0
wGVGa6tMRpA,치질,[#밥친구] 일급 비밀 발각됨🚨 치질 때문에 극심한 고통 받은 정조의 X구멍까지 보게 된 치질 전문 의사ㅋㅋㅋ | 천일야사 189 회,채널A WORLD,27872,186,2024-06-19 08:00:30+00:00,3365,5.9523809523809526,General,Description,668,41.724550898203596,3.7547737174941815,0,0,0
9ciS3rbMGPE,치질,[푸레파인] 푸레파인 올바른 사용방법,일동제약 그룹,27455,130,2023-03-15 09:00:52+00:00,176,38.70967741935484,General,Description,1130,24.29646017699115,3.2306644719916853,0,0,0
AJk9llKjc3k,치질,치질=도넛방석은 국룰이다? #shorts,봄날의외과,31783,167,2021-08-24 07:10:33+00:00,25,35.08771929824562,General,Description,1698,18.717903415783276,2.9815270258643176,0,0,1
DW2Y4GOy_-g,치질,(난이도 매우 쉬움) 치질 좌욕 이대로 3분만 투자하세요,생활건강 연구소,28670,111,2024-07-24 08:34:38+00:00,59,16.348773841961854,General,Description,633,45.292259083728275,3.834974756698077,0,0,1
Hpl1IxcboHk,치질,"추운 날씨에 심해지는 치질…""화장실서 스마트폰 피해야"" [MBN 뉴스센터]",MBN News,23555,69,2023-02-11 11:34:36+00:00,125,3.498583569405099,General,Description,1162,20.271084337349397,3.0573486075718432,0,0,0
RbUcUcoJOfE,치질,치질수술 하면 변실금이 생길까? ｜치열수술 후 변실금 발생 연관성은?,의사TV,22358,127,2019-07-16 08:58:48+00:00,197,18.484288354898336,Medical Pro,Description,2468,9.059157212317666,2.308483385050615,0,0,0
2H_t_WymBls,치질,방치하지 말자! 치질의 치료법과 예방법은? / YTN (Yes! Top News), YTN,21239,70,2016-09-17 02:13:35+00:00,160,11.773162939297125,General,Description,3500,6.0682857142857145,1.9556179772801812,0,0,0
yOa2te7LBmc,치질,치질에 좋은 운동,치질보는 한의학박사 모사언원장,24880,306,2023-05-11 02:00:20+00:00,60,27.77777777777778,General,Description,1073,23.187325256290773,3.1858287462177857,0,0,1
VYxrNFcfzJ0,치질,"[수원항외과] 치질수술 가격, 비용?💵 정확히 알려드립니다!",우리동네 외과의사,21161,236,2023-01-31 06:00:10+00:00,164,28.391167192429023,Medical Pro,Description,1173,18.04006820119352,2.946545611352262,0,0,0
sI9a5gInNss,치질,항문에서 피가?! - 1편,백발백중_닥터신,33545,179,2023-10-21 08:04:00+00:00,60,7.142857142857143,Medical Pro,Description,910,36.862637362637365,3.6339648042804127,0,0,1
UGWJOFpWx04,치질,30대 남자 치질 수술. 2박 3일 입원 후기.,로이투데이 RoyToday,20474,138,2024-10-12 01:00:25+00:00,667,13.633540372670808,General,Description,553,37.02350813743219,3.6382046036460998,0,0,0
vCzGQ4oZTYc,치질,치질약 디오스민은 왜 점심 저녁때 한 알씩 먹어야 할까?,약사 이진수💊,31130,146,2024-07-17 15:05:31+00:00,53,115.3846153846154,Medical Pro,Description,640,48.640625,3.904809550909844,0,0,1
JKuzGcKEYkQ,치질,치질 수술 후 거즈교환하는 방법❗ #대항병원 #치질수술 #치질명의,대항병원,33968,161,2025-04-09 02:46:13+00:00,56,25.76112412177985,Medical Pro,Description,374,90.82352941176471,4.519868576459216,0,0,1
PG__UMb8JG4,치질,혈변이 나오는데 치질? 대장암? 구분하기 #shorts,삼성서울병원,37878,118,2025-03-31 06:00:23+00:00,58,64.51612903225806,Medical Pro,Description,383,98.8981723237598,4.604151390429692,1,1,1
lZkkFHS0U6A,치질,치질 수술 후 도넛 방석 사용 필수 인가요... 도와주세요 선생님!!,봄날의외과,19539,74,2021-07-30 05:35:22+00:00,134,17.793594306049823,General,Description,1723,11.340104468949507,2.512854484320621,0,0,0
9oTjFKyBxz0,치질,치질이 잘 생기는 사람 특징은? l 치핵을 예방하는 방법,의사TV,18860,162,2020-02-07 08:19:07+00:00,142,22.14022140221402,Medical Pro,Description,2262,8.337754199823165,2.2340657736303537,0,0,0
LMVCcIcox1o,치질,3년간 달고 산 치질수술 Real 후기 #치질수술 #치핵,365일 내 몸 정비소,18846,118,2024-03-13 08:47:19+00:00,529,40.16722408026756,General,Description,766,24.60313315926893,3.2427147330305326,0,0,0
Y1Lsol1FltQ,치질,[엄마약방] 치질!!수술없이 약으로 완치하기 #치질 #치센,엄마약방 Mom's Pharmacy,24877,133,2024-02-21 09:30:10+00:00,36,57.142857142857146,General,Description,787,31.609911054637866,3.4846162622488377,0,0,1
OOSl81GsRhc,치질,치질 수술 후 이렇게 관리하셔야 합니다. #shorts #치질,엉덩이대장,28988,180,2024-04-03 10:00:30+00:00,57,1.941747572815534,General,Description,745,38.91006711409396,3.6866286006952587,0,0,1
EbBLh_spe64,치질,치질 수술 재발 없이 고통 끝내는 가장 확실한 관리 방법!! #치질수술 #치질재발 #치질합병증,응꼬형,17771,385,2023-12-31 10:00:13+00:00,449,16.164021164021165,General,Description,839,21.181168057210964,3.0992436431690904,0,0,0
vJsKhj_7p6k,치질,"치질(치루, 치열, 치핵)에 좋은 것과 나쁜 것 | 자이홍의 건강극장 102화",서울대병원tv,17376,246,2022-08-23 02:32:37+00:00,470,28.49002849002849,Medical Pro,Description,1334,13.025487256371814,2.6408761927925664,0,0,0
daYx_AM7rkU,치질,치질 자연치유 치료법ㅣ 의사들도 알려주지 않는 자가 치료 방법 그 원리를 파헤쳐 드립니다.,실버피디아,29573,195,2024-06-20 23:15:02+00:00,39,47.97047970479705,General,Description,667,44.33733133433283,3.8141307843778454,0,0,1
pm7xmuWXPiQ,치질,치질 재발 잦은 이유는 무엇일까?│치질 재발 막는 수술법 공개,의사TV,17116,107,2020-03-30 00:57:33+00:00,141,34.05572755417957,Medical Pro,Description,2210,7.744796380090498,2.1684588240474554,0,0,0
kKs8VWaKE8c,치질,[엉덩이대장] 의사가 말하는 치질수술에 대해서 #shorts,엉덩이대장,17992,132,2023-01-31 09:00:21+00:00,25,47.61904761904762,General,Description,1173,15.3384484228474,2.79352112916118,0,0,1
FdQE-2cja8I,치질,치질의 전조증상,어디아파?,21280,0,2023-07-07 15:00:11+00:00,46,34.48275862068966,General,Description,1016,20.944881889763778,3.088533941023357,2,1,1
YBpNcI6C6ik,치질,공포의 화장실🔥 | 치질 100만 시대🤦🏻‍♀️  | 응꼬 부어서 못걸음... 살려줘😔,wanda show,16862,359,2025-01-30 12:16:49+00:00,858,9.25925925925926,General,Description,443,38.06320541760722,3.6651809860243088,0,0,0
DTkLmhbS7B8,치질,[엄마약방] 심각한 치질~수술없이 치료가능한 치질약 꿀조합 추천!! / 치센만으로도 잘 안 낫는다면?,엄마약방 Mom's Pharmacy,16356,250,2022-11-24 23:15:00+00:00,285,25.0,General,Description,1241,13.179693795326349,2.6518109267471544,1,1,0
hGvjnlDsm6A,치질,"[오.순.도.순] 남 몰래 아파하던 고통, 항문 질환 ""치질-치핵""에 대한 모든 것!｜순천향대서울병원 외과 송영민 교수",순천향대학교 서울병원 'Human Love',16433,39,2024-12-05 08:00:28+00:00,320,20.887728459530027,Medical Pro,Description,499,32.93186372745491,3.5243545058892956,0,0,0
O5mFDenq4YQ,치질,"치질검사, 항문외과 처음가면 어떻게 진행될까?",어디아파?,16271,58,2022-12-05 05:42:03+00:00,127,20.887728459530027,General,Description,1230,13.228455284552846,2.6552438527696944,0,0,0
Lio4enY5Wt4,치질,치질 자연치유가 가능할까? 3분만 ㅣ수지항외과,수지항외과,16279,89,2023-03-20 15:00:20+00:00,156,8.528784648187633,General,Description,1125,14.470222222222223,2.7389170292020504,0,0,0
vM2yzqGyLQk,치질,치질 수술 후 대변 보는게 무섭습니다 ! ㅣ청주 서울아산항외과,외과의사오세헌TV (서울아산항외과),16081,112,2023-04-17 15:00:45+00:00,252,20.242914979757085,Medical Pro,Description,1097,14.659070191431177,2.7510503140509397,0,0,0
xF3AIqBC85c,치질,좌약 넣는 꿀팁 1분컷! #치질 #약사 #좌약넣는법 #꿀팁,초꼬약사 TV,31102,113,2025-07-04 03:49:41+00:00,41,29.53586497890296,Medical Pro,Description,288,107.99305555555556,4.691284169700054,0,0,1
MUjnrNMczLI,치질,대장항문병원 문전약국 약사가 추천하는 치질약은 다를까? #shorts,초꼬약사 TV,22340,110,2024-04-04 13:41:00+00:00,49,37.03703703703704,Medical Pro,Description,744,30.026881720430108,3.434853980997765,0,0,1
2AUQqfQe-bY,치질,항문출혈 치질이원인? 대장암이원인?,상쾌한항외과,15106,75,2021-09-01 07:46:57+00:00,197,3.211991434689508,General,Description,1690,8.938461538461539,2.2964122338869646,1,1,0
gbBUX0C9zsM,치질,안아픈 치질수술은 없나요? 모형으로 보여드립니다^^ #shorts,하이닥터장 Hi Dr. CHANG,17433,88,2023-05-12 10:00:27+00:00,38,8.19672131147541,Medical Pro,Description,1072,16.262126865671643,2.848514903189509,0,0,1
OPe-N6EYEoY,치질,병원에서 자세히 안 알려주는 치질 수술방법! 외과의사가 직접 알려드려요!,응꼬형,14952,300,2024-02-25 10:53:11+00:00,381,24.239766081871345,General,Description,783,19.095785440613028,3.0005101135077044,0,0,0
hQJVPkvr4vA,치질,[2022 엉덩이대장 명장면] '대장VS마왕' 치질수술 해?! 하지마?! #shorts,엉덩이대장,15163,88,2022-12-29 04:23:21+00:00,56,24.793388429752067,General,Description,1206,12.572968490878939,2.6080802038572237,0,0,1
l85d1021t8A,치질,"항문 주위 고름, 치루의 증상일까?😲😮 #치루 #치루수술 #치루란 #치루증상 #치질치루 #치핵치루",기쁨병원,28180,77,2025-04-03 07:45:06+00:00,44,52.63157894736842,Medical Pro,Description,380,74.15789473684211,4.319591163733089,1,1,1
Zw1pcoMGhwI,치질,[서울송도병원]황도연 부원장님 인터뷰_치질이라는 질병의 엄밀한 정의는? 항문 통증을 없애는 세 가지 요인은?,서울송도병원,14835,165,2020-01-21 06:38:28+00:00,329,39.37007874015748,Medical Pro,Description,2279,6.509433962264151,2.0161600917323157,0,0,0
K9wCP8ixApk,치질,치질 수술 하기 전에 꼭 보세요..!!️(치질/항문질환 수술 전 주의사항),대장내시경은 역시 서울항외과의원,14108,82,2023-08-08 02:36:58+00:00,157,18.51851851851852,General,Description,984,14.33739837398374,2.7302941840319477,1,1,0
52JSG2FgbVs,치질,항문은 제발 이렇게 씻으세요. 치질 걱정 끝! 항문 건강 지키는 올바른 씻는 법 #건강 #건강정보,건강넘치게,35992,465,2025-06-27 06:00:08+00:00,20,7.413509060955519,General,Description,295,122.00677966101695,4.81223947304867,0,0,1
z6vuEo6arUE,치질,"임산부 치질, 어떻게 해야할까? 관리와 치질수술에 대하여ㅣ임산부 꿀팁!",의사TV,14088,103,2020-01-22 05:19:33+00:00,229,7.232415902140673,Medical Pro,Description,2278,6.184372256365233,1.9719081470801996,0,0,0
dUcY6P6fH6M,치질,치질 안 걸리는 비데 사용법 [의사결정] #shorts,CBS 경제연구실,19322,62,2024-05-02 06:34:22+00:00,33,4.285714285714287,General,Description,716,26.98603351955307,3.3317055828585627,0,0,1
KCGz2RjSojg,치질,치질수술 꼭 해야할까?,어디아파?,15995,0,2023-07-24 15:00:14+00:00,58,47.61904761904762,General,Description,999,16.01101101101101,2.8338608409149333,0,0,1
mRd70_xmb2E,치질,치질과 헷갈리기 쉬운 직장암! 이 증상이 있다면 의심해보세요!,서울대 보라매병원,16300,79,2024-06-26 10:30:15+00:00,53,37.9746835443038,Medical Pro,Description,661,24.659606656580937,3.2449180300201528,2,1,1
hGzDmcfSZwM,치질,"리얼 치질 수술 후기(3일차~5일차 브이로그)운동금지6일째, 안아프다면서!!!hemorrhoids surgery review day ,No exercise on day 6",연변마델,12876,68,2024-02-18 10:15:02+00:00,608,3.426966292134832,General,Description,790,16.29873417721519,2.8506333298796567,1,1,0
KlMk9Sj3ODI,치질,약국에서 살 수 있는 치질 치료약! 치지래과립!,꼬기약사TV,18701,72,2024-03-23 07:10:22+00:00,30,45.60260586319218,Medical Pro,Description,756,24.736772486772487,3.247920805291843,0,0,1
ATb629UXm3M,치질,이 자세 10초면 치질 탈출할 수 있어요,백세역전,17846,161,2023-08-25 07:00:06+00:00,44,4.166666666666667,General,Description,967,18.45501551189245,2.9681049037578364,0,0,1
CdkYqIyyYCw,치질,⭕️치질 고민 이제 끝!!!⭕️,강남맘약사,20600,143,2025-01-14 04:56:53+00:00,18,16.025641025641026,Medical Pro,Description,459,44.880174291939,3.8260330911192333,0,0,1
mg5nEtrZLFM,치질,#치질수술 후 변의가 올라오는 데 변을 보지 못하는 이유..!!,방외과,11152,36,2023-03-03 09:52:58+00:00,43,2.100840336134454,General,Description,1142,9.765323992994746,2.376330227250999,0,0,1
eAQbJsx2XUI,치질,안 아픈 치질 수술은 없는 걸까? #shorts,하이닥터장 Hi Dr. CHANG,16408,75,2023-08-25 10:00:40+00:00,38,16.129032258064516,Medical Pro,Description,967,16.96794208893485,2.888589174979699,0,0,1
93iGsbEjY1E,치질,치질 수술 후 빨리 회복하려면? - 2편,어디아파?,14293,91,2023-04-09 09:00:04+00:00,58,28.95322939866369,General,Description,1105,12.934841628959276,2.634392295886142,0,0,1
qh2oDXH98A4,치질,PPH 수술? 잘 알아보고 수술 받으세요 #치질 #치질수술 #치핵 #치핵수술 #치질증상,TV웰니스,15099,62,2024-08-07 05:44:12+00:00,49,16.438356164383563,Medical Pro,Description,619,24.392568659127626,3.2344565587415244,1,1,1
yc2cOjhIIGg,치질,치질 수술 전후: 실질적인 변화 확인하기,서울지에스항외과,16831,29,2024-12-02 01:23:29+00:00,22,30.805687203791468,General,Description,502,33.52788844621514,3.541767358249581,0,0,1
hqnGDv4AvUc,치질,치질수술 더 편하고 빠르게 하고싶은 사람~ 리가슈어 수술방에서 제대로 한번 보여줄게! #치칠 #치질수술 #혈변 #항문 #리가슈어,봄날의외과,10317,69,2021-04-23 04:53:38+00:00,152,13.651877133105804,General,Description,1821,5.665568369028007,1.8969552266681926,0,0,0
PBm7o67DYzY,치질,직장탈출증 치질과 어떻게 다를까?,장튼위튼병원,10144,80,2022-08-01 09:00:11+00:00,453,18.12688821752266,Medical Pro,Description,1356,7.480825958702065,2.1378078458510004,0,0,0
EZaPlEKsam8,치질,항문으로 뭔가 나왔다? 치질이 아닐 수 있습니다,서울대 보라매병원,16268,62,2025-07-28 22:00:21+00:00,53,16.260162601626018,Medical Pro,Description,264,61.621212121212125,4.1371040724853065,0,0,1
GnsWzgqV8QY,치질,"문재완, 아찔한 치질 정밀검사에 영혼 가출♨ㅣ동상이몽2 - 너는 내 운명(Dong Sang 2)ㅣSBS ENTER.",SBS Entertainment,9713,30,2021-11-15 15:00:54+00:00,182,2.0876826722338206,General,Description,1615,6.014241486068111,1.947942580276744,0,0,0
ctjghEA-B04,치질,치질 수술 리얼 후기 6-9일차..vlog..운동은 언제쯤...Day 6-9 of hemorrhoids surgery. vlog..When will you work out...,연변마델,9723,54,2024-02-22 10:15:02+00:00,648,1.230529595015576,General,Description,786,12.370229007633588,2.59303051943639,0,0,0
hnJNtsjVmlE,치질,치질과 직장탈출증 어떻게 다른가요?,대장내시경은 역시 서울항외과의원,9346,58,2023-07-18 01:56:51+00:00,129,8.130081300813009,General,Description,1005,9.299502487562188,2.332095591890574,0,0,0
YxjGBaf3uE0,치질,치질 통증 심하다면 주목!,서울지에스항외과,11794,24,2023-12-01 06:21:38+00:00,27,29.95391705069125,General,Description,869,13.571921749136939,2.6790965091852166,0,0,1
HreBtv3JwQY,치질,[임산부 치질]임신했는데 기존 치질이 심해지거나 없던 치질이 생겼을때 놀라지 마세요!!!,더끌림산부인과,9221,32,2022-12-15 11:00:21+00:00,357,11.627906976744184,General,Description,1220,7.558196721311475,2.1468895045628082,0,0,0
G2m4i2-pIXY,치질,치질병원에서 알려주는 항문 청결법은?,서울지에스항외과,8601,42,2020-03-12 01:40:01+00:00,39,19.851116625310173,General,Description,2228,3.8604129263913824,1.5811233985812048,0,0,1
xap3-WVVRB8,치질,항문에서 피가 난다? 치핵 의심! #장튼위튼병원 #치핵 #항문출혈,장튼위튼병원,14686,38,2024-05-06 23:00:34+00:00,31,10.416666666666666,Medical Pro,Description,712,20.626404494382022,3.073914998426019,0,0,1
g9bavPu20oA,치질,[똥꼬보는 간호사 2편]치질수술 후 배변 통증 겪은 후기,"아플땐, 여기요!",8550,35,2023-06-14 01:39:04+00:00,132,28.69757174392936,General,Description,1039,8.229066410009624,2.222357896054454,0,0,0
MvbuomC3Z3o,치질,치질수술 없이 집에서 자가치료 가능할까?,어디아파?,8608,60,2022-11-02 07:36:40+00:00,50,36.58536585365854,General,Description,1263,6.815518606492478,2.0561113220673968,0,0,1
8SMGpV5nkL8,치질,치질환자는 이럴 때 좌욕을 쉬십시오(feat.좌욕부작용) #youtubeshorts,Ko원장의 우리동네클리닉,11215,25,2024-06-14 08:19:15+00:00,40,5.571030640668524,General,Description,673,16.664190193164934,2.8715394373128125,0,0,1
g4E_wYy7yes,치질,항문질환 치질 궁금하다면?!,서울지에스항외과,10187,34,2023-10-23 07:08:26+00:00,29,25.31645569620253,General,Description,908,11.219162995594713,2.503005456765401,0,0,1
Ix-MyvGePHI,치질,대장항문외과 전문의가 척추 마취를 하지 않는 이유 #shorts #치질,엉덩이대장,12422,65,2024-02-24 10:00:17+00:00,38,1.9569471624266144,General,Description,784,15.84438775510204,2.8240175304041086,0,0,1
meVu7d6GMAo,치질,치질수술 늦게 하면 통증이 더 심한가?,어디아파?,9436,55,2023-01-29 09:00:23+00:00,60,27.52293577981652,General,Description,1175,8.03063829787234,2.200623051295331,0,0,1
-XqGTUXUsoc,치질,"튀어나온 치질, 아프지 않다고 놔두면? 이럴 땐 참아도 되지만…",응꼬형,8389,200,2025-06-01 06:00:01+00:00,682,9.851485148514852,General,Description,321,26.133956386292834,3.3007859467165326,0,0,0
12U7AwZ247I,치질,치질약 주세요...제껀 아니고 아빠 심부름이에요^^; #어떤약사 #약사 #약국 #약국템 #약국템추천 #치질 #치질약 #디오스민 #정맥순환제 #치질약추천,어떤약사,12765,77,2025-01-10 11:47:44+00:00,51,20.169851380042463,Medical Pro,Description,463,27.570194384449245,3.3523640200154494,0,0,1
DAFtjyeDh4w,치질,"치질연고 효과, 제대로 알려드립니다! #치질 #효과 #약사 #꿀팁",초꼬약사 TV,18526,46,2025-07-10 03:58:15+00:00,15,35.714285714285715,Medical Pro,Description,282,65.69503546099291,4.2001305192817915,0,0,1
GOBhbC49AVg,치질,"치질 수술 후 대변이 안 나와 관장을 고민한다면, 영상을 먼저 시청하세요!",방외과,7798,33,2023-10-26 09:18:46+00:00,88,5.504587155963303,General,Description,905,8.616574585635359,2.2634881290895876,0,0,0
in6KwfJST1g,치질,[#EBS평생학교] 1강 치질│윤상민의 친절한 주치의 - 대장·항문 질환,EBS 평생학교,7516,139,2024-02-12 05:35:20+00:00,799,10.909090909090908,General,Description,796,9.442211055276381,2.34585634693468,0,0,0
DiAoO-tk8Zk,치질,"치질수술 후기 | 치질수술 브이로그 | 치질수술4,5,6일차 | 퇴원 후 준비물",프리로와,7280,57,2022-10-06 10:22:41+00:00,138,62.727272727272734,General,Description,1290,5.6434108527131785,1.8936255142361078,0,0,0
h0r0Uw5pxPc,치질,치질수술 후 배변 통증 정도!,"아플땐, 여기요!",9851,19,2023-08-02 01:20:46+00:00,55,80.0,General,Description,990,9.95050505050505,2.3933855785326563,0,0,1
UpcdUq8PD-A,치질,항문이 찢어지는 치열😱 #대항병원 #치질명의 #EBS명의,대항병원,14378,47,2025-08-05 01:48:25+00:00,77,27.184466019417474,Medical Pro,Description,256,56.1640625,4.045925422964412,0,0,0
ZGDo7HLDTD4,치질,"‘엉덩이 중증 4년째’ 슬리피, 치질 치료 안 받는 이유♨",SBS Entertainment,6089,47,2025-04-14 13:57:44+00:00,88,2.1881838074398248,General,Description,369,16.501355013550135,2.8622783072776934,0,0,0
kprdCuryzfo,치질,"치질, 꼬리뼈 통증? 방석 하나로 해결해요! #치질방석 #꼬리뼈통증 #치질쿠션",나디로 Nadiro,12182,39,2025-06-06 16:21:05+00:00,19,5.9171597633136095,General,Description,316,38.550632911392405,3.6775816969021147,0,0,1
tfI8Eg_RduI,만성신부전,신장이 안 좋으면 나타나는 증상 및 만성신부전을 막기 위한 팁 [숫자로 보는 건강],분당서울대학교병원,3159993,32667,2023-03-21 07:15:01+00:00,820,6.564551422319475,Medical Pro,Description,1124,2811.381672597865,7.941786973662422,1,1,0
JQztw5kxLXk,만성신부전,신장이 망가질 때 나타나는 6가지 전조증상,김순렬TV,2131436,36748,2022-06-06 00:10:15+00:00,56,45.45454545454545,Medical Pro,Description,1412,1509.5155807365438,7.320206315726552,2,1,1
fCq3BrYh0BY,만성신부전,[짤방] 만성콩팥병 환자들이 조심해야할 약물 4가지-삼성서울병원 신장내과 김대중 교수,의학채널 비온뒤,1462550,21707,2021-05-27 21:00:11+00:00,288,7.241379310344829,General,Description,1787,818.4387241186346,6.708619623110854,0,0,0
6hdOOO4vhIo,만성신부전,"만성신부전 자연치유, 식이법",임기동TV,985302,19416,2017-11-13 06:38:24+00:00,2195,16.181229773462782,Medical Pro,Description,3078,320.1111111111111,5.771787203770258,0,0,0
Rfew14FtlTM,만성신부전,콩팥 녹이는 최악의 과일 4가지 vs 죽어가는 신장 살리는 기적의 과일 4가지! 30년 신장내과 명의의 밥상 공개 | 만성신부전 식단 |신장 | 신장건강 | 노후건강 | 건강 팁,노인 건강습관,622187,22062,2025-11-22 10:01:33+00:00,1576,3.3594624860022395,General,Description,147,4232.56462585034,8.350799618313719,1,1,0
xGwDUIakoPk,만성신부전,신장이 망가집니다. 의사들도 절대 먹지 않는 음식 4가지,건강한한국인 건강정보,896458,19434,2025-07-04 21:01:05+00:00,60,4.264392324093817,General,Description,288,3112.7013888888887,8.04356745469664,1,1,1
MWi_hdYDEbo,만성신부전,신장이 깨끗해집니다. 의사들도 매일먹는 음식 4가지,건강한한국인 건강정보,527619,17080,2025-08-08 11:00:43+00:00,59,7.109004739336493,General,Description,253,2085.4505928853755,7.6432196203289475,0,0,1
oOHthO1EC8I,만성신부전,콩팥 녹이는 최악의 견과류 5가지 vs 죽어가는 신장 살리는 기적의 견과류 4가지! 30년 신장내과 명의의 밥상 공개 | 만성신부전 식단 | 신장 | 신장건강 | 노후건강,의사 박성호 TV,248718,7588,2025-12-12 10:01:07+00:00,2379,6.65335994677312,Medical Pro,Description,127,1958.4094488188975,7.580398405201097,1,1,0
KBQAFj8vIjw,만성신부전,콩팥을 무너뜨리는 ‘죽음의 과일 3가지’ vs 다시 살리는 ‘기적의 과일 3가지’!30년 신장내과 명의의 진짜 식단 공개 | 만성신부전 | 신장건강 | 노후건강  시니어건강,내과 의사,115240,2536,2025-12-04 13:04:03+00:00,1353,10.893246187363834,Medical Pro,Description,135,853.6296296296297,6.750668193366724,0,0,0
8P83fCgVjIE,만성신부전,고양이 만성 신부전의 원인과 정의 그리고 각 단계별 증상,윤샘의 마이펫상담소-Pet Clinic,83787,2127,2020-10-15 09:00:02+00:00,449,5.235602094240837,General,Description,2011,41.664346096469416,3.7533635854084086,1,1,0
1Yh5KZC5iSI,만성신부전,신장을 떼어주고 싶은 남편과 미안해서 받을 수 없는 아내 | 산골마을에서 버스타러 가는데만 1시간 | 만성 신부전증에 걸린 아내의 곁을 지킨 남편 | 메디컬다큐 | 감동다큐,EBS 컬렉션 - 사이언스,70739,562,2024-04-07 11:30:02+00:00,1037,4.219409282700422,General,Description,741,95.46423751686909,4.569172343977278,0,0,0
ugJ040Ev1bg,만성신부전,검은콩을 ‘이 세 가지 음식’과 함께 드신다면? 신부전 위험이 예상보다 훨씬 높아집니다! 내과 의사가 밝힌 충격적인 경고 | 신장건강 | 시니어건강 | 노인건강습관 | 건강정보,시니어 가이드,75171,4048,2026-01-03 09:32:00+00:00,2897,4.340277777777778,General,Description,105,715.9142857142857,6.57495628772722,3,1,0
bjgYajxbIow,만성신부전,[닥터4가지] 만성 신부전 - 만성 콩팥병 원인 ✔ 진단 ✔ 치료방법,길병원TV,59853,890,2021-12-08 07:30:10+00:00,423,19.27710843373494,Medical Pro,Description,1592,37.596105527638194,3.6531513783143694,0,0,0
kiuodGQzV8k,만성신부전,"""저염? 저단백?"" 신부전증 식단, 이렇게 드세요!",내귀에닥터,58717,844,2022-06-10 09:00:19+00:00,268,39.1566265060241,Medical Pro,Description,1408,41.70241477272727,3.7542554706900746,0,0,0
hreoURePJQA,전립선비대증,전립선비대증 환자가 절대 하지 말아야 할 3가지,이준호 교수의 전립선TV,1862416,24285,2020-10-01 04:19:00+00:00,269,6.289308176100629,Medical Pro,Description,2025,919.7116049382716,6.825146854687343,1,1,0
IKaGkPNX2xY,전립선비대증,"205. 전립선 비대증에 좋은 운동, 지압점, 빈뇨, 야간뇨 | 한의학박사, 침구과전문의, 산청김, 김경태원장ㅣ ft 부부한의사",부부한의사,1070885,14951,2023-04-19 11:17:00+00:00,398,11.25703564727955,Medical Pro,Description,1095,977.9771689497717,6.886508321471826,0,0,0
DxHIskgmsZ0,전립선비대증,일반약으로 전립선비대증 치료? 시장 판도 바뀌나 / 머니투데이방송 (뉴스),MTN 머니투데이방송,636056,4027,2022-08-25 08:59:09+00:00,138,11.363636363636363,General,Description,1332,477.5195195195195,6.170697003205233,0,0,0
7TVRqcp_XHA,전립선비대증,"전립선 비대증으로 인한 하부요로 폐색 증상, 아이틴드(iTind) 시스템으로 몸에 남는 장치 없이 간단하게!",Olympus Corporation,750088,11,2025-11-20 14:02:28+00:00,57,2.541296060991105,General,Description,149,5034.147651006711,8.52419812964955,1,1,1
YKWLGMoMYFU,전립선비대증,[전립선비대증] 경증비대증부터 거대전립선까지! 추천 치료법 모두 정리해봤습니다!,유웰의 쾌뇨드림,2390392,43,2024-11-08 07:32:36+00:00,290,44.11764705882353,General,Description,526,4544.471482889734,8.421886737840712,0,0,0
fiK0XxqkUg4,전립선비대증,"전립선비대증, 잘 안 낫고 밤에 자꾸 깰 수 밖에 없는 이유? OO개선을 같이 하셔야 합니다!👩🏼‍⚕️",이지약사tv,410096,1577,2025-05-06 07:55:07+00:00,633,3.802281368821293,Medical Pro,Description,347,1181.8328530259366,7.075667563231694,0,0,0
xZEZejGHbT4,전립선비대증,전립선약 계속 드시나요? 소변 시원하게 보고 싶다면 꼭 보세요. 전립선 비대증 해결 방법.,교육하는 의사! 이동환TV,357044,3418,2024-11-27 11:01:09+00:00,931,3.468595624558928,Medical Pro,Description,507,704.2287968441815,6.558522284693082,0,0,0
_pb78mk7qIM,전립선비대증,전립선비대증의 증상과 치료법  / YTN 사이언스,YTN 사이언스,315034,972,2017-04-19 06:27:01+00:00,192,17.045454545454547,General,Description,3286,95.8715763846622,4.573386146503597,1,1,0
hhYayChfqRY,전립선비대증,"211. 전립선 비대증, 야간뇨에 효과 좋은 운동 l ft 부부한의사",부부한의사,343789,7490,2023-04-30 10:17:00+00:00,52,19.8019801980198,Medical Pro,Description,1084,317.1485239852399,5.762518330300571,0,0,1
4CjyoDnV0tc,전립선비대증,"전립선 비대증 치료 이제는 색전술! (비수술, 당일 퇴원)",휴먼영상의학센터,291639,282,2024-05-27 07:33:01+00:00,234,50.0,General,Description,691,422.0535455861071,6.04749875634498,0,0,0
k7qvd9GU_fQ,전립선비대증,"전립선, 야간뇨, 비대증 완치 사례 리얼 인터뷰, 압구정 한강한의원",압구정 한강 한의원,248671,601,2025-07-22 05:33:16+00:00,1419,18.59799713876967,General,Description,270,921.0037037037036,6.826549240580742,0,0,0
xkU7xU2WNi8,전립선비대증,[건강강좌​]전립선비대증과 과민성방광(22.10.21) 비뇨의학과 정성진 교수,분당서울대학교병원,203851,3084,2022-11-14 00:08:21+00:00,3651,8.566978193146417,Medical Pro,Description,1251,162.9504396482814,5.099564184886826,0,0,0
tmwL0RA_dXY,전립선비대증,전립선 비대증 치료제 종류는 다양하다? (어떤 경우에 어떤 치료제를 사용할까?),비정상토크,159902,2309,2021-12-06 10:15:02+00:00,767,23.64066193853428,General,Description,1594,100.31493099121707,4.618233794186104,0,0,0
iwMgkZhZmCw,전립선비대증,#전립선비대증 총정리!(원인/증상/치료법) 화장실이 두려운 중년남성 Click!👨🏻👴🏻💦,건강채널 민트TV,156936,2017,2020-11-10 01:51:56+00:00,204,25.97402597402597,Medical Pro,Description,1985,79.0609571788413,4.382788309261648,1,1,0
dS6fIZsxM08,전립선비대증,대학병원 아쿠아블레이션 수술만 n년차!  📢 전립선비대증 환자들 주목!! | 국소치료학회 강의,건전한 비뇨기과 김교수,168149,42,2024-12-18 08:00:33+00:00,826,15.95744680851064,General,Description,486,345.98559670781896,5.849283271038745,0,0,0
O9e5mNCN8_0,전립선비대증,전립선 비대증 수술! 홀렙수술 후 주의해야할 점은?,비정상토크,216488,537,2023-04-21 12:00:17+00:00,354,19.607843137254903,General,Description,1093,198.06770356816102,5.293644985798636,1,1,0
8ng3ed7RdWk,전립선비대증,전립선비대증 약물치료 부작용!!-전립선비대증이 있다면 꼭 봐야할 영상!,비정상토크,230077,857,2020-03-24 05:49:22+00:00,220,32.58655804480652,General,Description,2216,103.82536101083032,4.652295736989177,0,0,0
wrauz8a1kDs,전립선비대증,화장실만 들락날락... 전립선 비대증의 원인과 치료 방법 (KBS 20230215 방송),KBS 생로병사의 비밀,121388,946,2023-02-23 09:00:11+00:00,567,10.67398119122257,General,Description,1150,105.55478260869565,4.668659243587917,0,0,0
jw_8Hlo6Prc,전립선비대증,"전립선비대증에 의한 배뇨장애, 약국 판매 일반의약품 효과는? | 이게뭐약",헬스조선 Health Chosun,118391,1145,2022-11-04 05:47:49+00:00,594,10.0,General,Description,1261,93.88659793814433,4.552682472651874,0,0,0
c3JRCmkYA5E,전립선비대증,#전립선비대증 예방꿀팁! 이것만은 No No~⚠️ 피해야 할 음식·운동·약물?!,건강채널 민트TV,105441,1257,2021-04-21 07:16:37+00:00,228,20.83333333333333,Medical Pro,Description,1823,57.83927591881514,4.074809589723037,0,0,0
xfkG93NBotM,전립선비대증,전립선비대증 증상과 치료법 [숫자로 보는 건강],분당서울대학교병원,102620,1067,2023-11-30 07:16:45+00:00,500,39.38730853391685,Medical Pro,Description,870,117.95402298850574,4.778737057013589,1,1,0
Joa7bTBXXC4,전립선비대증,전립선 비대증약 언제까지 먹어야 하나요?😥,비정상토크,135870,1592,2023-03-13 04:00:07+00:00,58,40.0,General,Description,1132,120.02650176678445,4.7960095444807225,0,0,1
ghvox7kOtEY,전립선비대증,[PEOPLE in 세브란스] 몸이 보내는 전립선비대증 신호 세 가지!,세브란스,97819,918,2020-11-16 08:00:11+00:00,172,13.867924528301888,General,Description,1979,49.42849924204143,3.9205564764160243,1,1,0
Zip8BbOCARM,전립선비대증,"비뇨기과 교수가 알려주는 고가의 전립선비대증 수술 절대 실패하지 않는 방법 (5분 투자하고 1,000만원 넘는 수술비 아끼자!)",건전한 비뇨기과 김교수,94654,90,2024-02-12 10:17:14+00:00,372,16.304347826086957,General,Description,796,118.91206030150754,4.78675864330951,1,1,0
5tDzYJtzfUI,전립선비대증,"전립선비대증, 이런 경우엔 무조건 수술해야 합니다!!",건전한 비뇨기과 김교수,118474,41,2025-07-31 07:00:05+00:00,399,2.1730515191545585,General,Description,261,453.92337164750955,6.120128990806209,0,0,0
2fbXP7qahDA,전립선비대증,"화장실이 두려운 중년남성, 전립선비대증ㅣ건강플러스",서울아산병원,92904,643,2019-05-09 08:06:02+00:00,204,28.6181520850368,Medical Pro,Description,2536,36.63406940063091,3.627909741214681,0,0,0
f7VZkrhoyDA,전립선비대증,[명의보감] 겨울철에 심해지는 전립선 비대증 치료법은? / 연합뉴스 (Yonhapnews),연합뉴스 Yonhapnews,89236,737,2020-01-11 23:20:32+00:00,683,9.276437847866418,General,Description,2289,38.984709480122326,3.6884971180358703,0,0,0
8yOmY8W3tWQ,전립선비대증,"전립선비대증, 무조건 치료가 필요한가요??",건전한 비뇨기과 김교수,115005,79,2025-07-15 07:00:07+00:00,378,2.740981667652278,General,Description,277,415.18050541516243,6.031119073398722,0,0,0
1G7wp0jU078,전립선비대증,전립선비대증으로 병원을 다니고 있지만 효과가 없어요.. 어떻게 해야 하나요?,건전한 비뇨기과 김교수,121448,106,2025-08-07 06:00:01+00:00,363,2.744705208929595,General,Description,254,478.1417322834646,6.171996445675786,0,0,0
xABnrXG3kxs,전립선비대증,637. 전립선 비대증 '이것만' 하면 다시 젊어진다!! | ft 부부한의사,부부한의사,78554,1610,2025-04-03 11:01:26+00:00,506,13.317191283292978,Medical Pro,Description,380,206.72105263157894,5.336196086513725,0,0,0
8ILmPOTW_Rk,전립선비대증,"전립선 비대증, 이 3가지만 조심하세요! / 이대서울병원 비뇨의학과 윤하나",의학채널 비온뒤,73006,804,2023-08-02 14:30:02+00:00,373,5.075376884422111,General,Description,990,73.74343434343434,4.3140613735426445,0,0,0
MXylx07sbQ4,전립선비대증,전립선비대증 수술하면 약 안 먹어도 될까요? 🤔💊,비정상토크,70146,1012,2023-01-04 05:00:07+00:00,310,29.032258064516128,General,Description,1200,58.455,4.0852197238895425,0,0,0
zfhxS0gyAqM,전립선비대증,"전립선 비대증, 고민 한 번에 해결해드립니다.",비정상토크,68798,1199,2023-04-27 12:00:45+00:00,786,17.204301075268816,General,Description,1087,63.29162833486661,4.163429425797798,0,0,0
NZK3AZhRJ8w,전립선비대증,마취 문제로 홀렙수술 못하시는 분들 주목!! (전립선비대증 수술 마취는 어떻게?),비정상토크,203141,51,2025-01-16 08:00:17+00:00,336,10.943912448700411,General,Description,457,444.50984682713346,6.099219349533341,0,0,0
ffDvamj9XKU,전립선비대증,"중년 남성의 말 못할 고통, 부작용 없는 치료제 찾았다 / YTN 사이언스",YTN 사이언스 투데이,64112,271,2023-09-11 03:22:30+00:00,129,12.195121951219512,General,Description,950,67.48631578947368,4.226633955814862,0,0,0
AElI6lcZxSw,전립선비대증,[전립선설명회] 전립선비대증 수술 권하지 않는 이유는?,유웰의 쾌뇨드림,59684,579,2024-08-07 21:15:00+00:00,192,17.80415430267062,General,Description,619,96.4200323101777,4.57903186003691,0,0,0
7IYRMN50BcY,전립선비대증,"전립선 비대증, 수술 부작용 걱정된다면 시술 고려 '수증기 이용한 전립선 축소술'이란? | 슬기로운 건강토크",헬스조선 Health Chosun,57985,859,2023-12-27 08:30:02+00:00,1130,30.17832647462277,General,Description,843,68.7841043890866,4.2454062530183485,0,0,0
aYEN2Mfezto,전립선비대증,전립선비대증 수술은 언제? 수술 시기-서울대 전문의,닥터곰의 비뇨의학,54746,555,2022-06-08 00:38:35+00:00,217,3.9720558882235526,Medical Pro,Description,1410,38.82695035460993,3.6845438277196276,0,0,0
fzJCaLwKiLA,전립선비대증,"전립선 건강, 오해와 진실 ⑦전립선비대증 약물치료 | 메디컬 약손",대구MBC뉴스,53522,353,2023-03-24 01:00:24+00:00,269,12.658227848101266,General,Description,1121,47.74487065120428,3.8865999744969217,0,0,0
bKUipO7xGd4,전립선비대증,"전립선 비대증, 이 수술만큼은 꼭 아셔야합니다! 홀렙수술 오해 바로잡기 #류경호원장",비정상토크,99003,112,2025-09-04 11:16:30+00:00,1028,34.97615262321145,General,Description,226,438.06637168141594,6.084650589987722,0,0,0
yd0Nu67Glf0,전립선비대증,[명의 의학백과📖] 전립선 비대증 치료,고대병원,52879,269,2023-10-18 23:48:30+00:00,103,2.364066193853428,Medical Pro,Description,913,57.91785323110624,4.076144155613374,0,0,0
QSvQz7I7_Q0,전립선비대증,전립선 비대증 있는 분들이 절대 하지 말아야할 것들,건전한 비뇨기과 김교수,1190234,24123,2023-01-11 11:26:03+00:00,397,15.625,General,Description,1193,997.6814752724225,6.906435884235986,1,1,0
81q2J2BRqLY,전립선비대증,"남성들의 고민❓ 전립선 비대증, 발기부전 해결법 ✔",진약사톡,52596,1574,2025-08-12 10:00:14+00:00,1087,5.9523809523809526,Medical Pro,Description,249,211.2289156626506,5.3576654829787405,0,0,0
NwRQQ1suS44,전립선비대증,전립선비대증 치료제면 해결될까요? 70%가 잘못하고 있는 결정적인 실수,교수출신 지안비뇨의학,51131,622,2025-11-17 09:30:24+00:00,666,30.057803468208093,General,Description,152,336.3881578947368,5.821234071377174,0,0,0
Bp11xUAFnGg,전립선비대증,"전립선비대증 해결법 3가지, 팩트체크🔍| 자이홍의 건강극장 ep.66",서울대병원tv,45443,392,2021-11-16 09:01:16+00:00,303,21.08433734939759,Medical Pro,Description,1614,28.15551425030979,3.3726440630131536,0,0,0
R1L9r705ASE,전립선비대증,전립선비대증 치료제 총정리! Treatment for prostatic hyperplasia,비정상토크,45229,813,2020-03-17 08:56:22+00:00,265,20.949720670391063,General,Description,2223,20.345928924876294,3.0608610388167974,0,0,0
jp6IX2Cfucc,전립선비대증,수술이 필요한 전립선 크기는? 전립선비대증,닥터곰의 비뇨의학,42494,553,2020-05-03 06:30:50+00:00,234,12.195121951219512,Medical Pro,Description,2176,19.528492647058822,3.0218138063703313,0,0,0
vWNR9qzBXNQ,전립선비대증,전립선 비대증 수술의 유행이 바뀌고 있다? 현재 가장 표준인 비대증 수술법은? - 쉬편한세상 #27 #전립샘 #전립선비대증 #홀렙수술,굿라이프,41808,593,2023-08-28 08:00:32+00:00,319,31.94888178913738,General,Description,964,43.36929460580913,3.7925476672660015,0,0,0
_x2YPAuIMx4,전립선비대증,전립선비대증이 의심되는 증상,보건부대통령,94866,961,2025-12-10 08:01:01+00:00,25,5.813953488372093,General,Description,129,735.3953488372093,6.601767133256968,1,1,1
UOrw7wnZJKI,전립선비대증,전립선염 vs 전립선비대증 증상이 다르다고?,가톨릭대학교 은평성모병원,63564,280,2023-09-27 04:06:52+00:00,49,34.285714285714285,Medical Pro,Description,934,68.05567451820129,4.234913056322333,1,1,1
0jkrKllDHfQ,전립선비대증,전립선비대증수술! 3년만에 새로운수술 업데이트영상! 워터젯로봇수술? 홀렙수술?,비정상토크,37906,643,2023-07-07 08:00:02+00:00,569,24.013722126929675,General,Description,1016,37.30905511811024,3.645686294302683,0,0,0
kiZQukswkQU,전립선비대증,전립선 비대증과 전립선 암의 증상 차이는? #shots,헬스조선명의,59754,417,2023-08-10 08:00:25+00:00,60,5.882352941176471,General,Description,982,60.84928716904277,4.124700573615134,0,0,1
z0Y2yWMj9gM,전립선비대증,전립선비대증 약보다 더 중요한 게 있습니다! #지켜보다,서울대병원tv,65171,459,2025-05-26 23:45:10+00:00,40,13.513513513513514,Medical Pro,Description,327,199.29969418960243,5.299814715908762,0,0,1
BC0_fjDypkI,전립선비대증,전립선에 좋은 음식 best6 | 전립선 비대증 #shorts,Life-CuraTV,43072,538,2023-05-23 10:56:15+00:00,58,6.578947368421052,Medical Pro,Description,1061,40.59566446748351,3.7279959423043385,0,0,1
n4hlquWeVSI,전립선비대증,집에서 혼자 전립선 마사지를? 충격!! 전립선 비대증을 완화하는 민간요법?!,스탠탑비뇨의학과의원,30111,82,2025-03-14 11:01:15+00:00,256,8.928571428571429,General,Description,400,75.2775,4.334378006204578,1,1,0
QUFNdZ8b3Fc,전립선비대증,전립선 비대증 수술이 고민이라면? - 쉬편한세상 #24,굿라이프,26790,442,2022-09-05 22:00:10+00:00,462,39.09465020576132,General,Description,1321,20.28009084027252,3.057771933274131,0,0,0
CsnryS1o1Bs,전립선비대증,전립선에 좋은 운동과 습관 5가지  #전립선 #전립선강화 #남성건강 #전립선건강 #케겔운동 #전립선비대증 #요가브리지 #야간뇨 #전립선염 #중년건강 #노년건강,오늘도 건강해요,37265,1039,2025-06-22 22:00:11+00:00,69,3.676470588235294,General,Description,300,124.21666666666667,4.83004557014706,0,0,0
auHsgHsnAKE,전립선비대증,"전립선 건강, 오해와 진실 ⑧전립선비대증 수술 | 메디컬 약손",대구MBC뉴스,23739,133,2023-03-25 01:00:01+00:00,277,6.818181818181818,General,Description,1120,21.195535714285715,3.09989117470504,0,0,0
G5irvpBJCMM,전립선비대증,양성 전립선 비대증 치료는? 약물치료 VS 수술치료 | 오승준 교수,서울대병원tv,23677,295,2023-07-20 07:00:05+00:00,455,33.69434416365824,Medical Pro,Description,1003,23.606181455633102,3.2029976900573884,0,0,0
YEz59iPJUXA,전립선비대증,[전립선비대증] 이런 분들은 홀렙수술 하세요!,유웰의 쾌뇨드림,22437,233,2024-11-06 06:58:13+00:00,197,19.8019801980198,General,Description,528,42.49431818181818,3.7726303130536323,0,0,0
I6D0oivQ5CE,전립선비대증,"전립선비대증 약 언제까지 먹어야 될까요? 수술하면 약 안먹어도 될까요? - 닥터스탠탑 비뇨기과, 어디까지 알고 있니? #6",메디맵,22069,357,2024-01-18 08:00:08+00:00,346,19.51951951951952,General,Description,821,26.880633373934227,3.327932303494184,0,0,0
YKiG6QzKgXw,전립선비대증,전립선 비대증으로 '허리 통증'이 생길 수 있을까? - 쉬편한세상 #26,굿라이프,20542,362,2022-09-19 22:00:18+00:00,419,2.792207792207792,General,Description,1307,15.716908951798011,2.816420719261803,0,0,0
nVZNOcZwXS0,전립선비대증,"평생 먹는 전립선비대증약, 제대로 알고 먹자!/알파차단제(박동수 분당차병원 비뇨의학과 교수)",한국전립선-배뇨관리협회,19461,254,2024-07-08 02:02:16+00:00,368,21.3903743315508,General,Description,649,29.98613251155624,3.4335397660626077,0,0,0
ni3KwDCYvjU,전립선비대증,전립선약 평생 먹어야 한다?  전립선비대증 약 끊는 방법.  수술해야 할 시기.,교육하는 의사! 이동환TV,18950,503,2023-12-04 11:00:48+00:00,734,6.149825783972126,Medical Pro,Description,866,21.882217090069283,3.1303600626067603,0,0,0
N1aGkgkXnks,전립선비대증,"전립선 비대증, 가장 완벽한 수술법은 ?",비정상토크,27807,289,2023-10-18 08:00:19+00:00,51,9.345794392523365,General,Description,913,30.45673603504929,3.448613142567192,0,0,1
InGSCKe7f54,전립선비대증,전립선비대증 약물 치료의 한계점,서울베스트비뇨의학과,55086,12,2025-12-07 02:00:31+00:00,46,15.569620253164558,General,Description,132,417.3181818181818,6.0362423434805415,0,0,1
8Sb1552D5Es,전립선비대증,전립선비대증 수술 안해도 된다? (Surgery is not a must of BPH!),휴먼영상의학센터,17086,124,2020-05-27 06:40:25+00:00,118,26.31578947368421,General,Description,2152,7.939591078066915,2.190489847430886,0,0,0
3cMzF4tNWdE,전립선비대증,"수증기를 이용해 전립선 비대증을 치료하는 리줌 시술, 실제 시술 영상과 함께 설명해드립니다!",비정상토크,13929,212,2024-07-26 08:08:12+00:00,412,3.0395136778115504,General,Description,631,22.07448494453249,3.138727459209464,0,0,0
xJgc3HjYqZM,전립선비대증,"전립선비대증 예방하는 저속노화 식습관, '이 것' 섭취는 피하세요  | 남성 건강의 모든 것",헬스조선 Health Chosun,14654,61,2025-06-30 10:01:28+00:00,473,10.542168674698797,General,Description,292,50.18493150684932,3.9354451822219536,0,0,0
cjjv5K0kg78,전립선비대증,전립선 비대증? 매일 이 운동을 하면 어떻게 될까요? | 시니어 | 건강 | 운동,즐거운인생,11800,312,2025-09-18 21:00:44+00:00,1305,9.192139737991264,General,Description,212,55.660377358490564,4.037075154431208,0,0,0
I6By2novLu0,전립선비대증,"전립선비대증 약제,시술로 발생하는 역행성 사정! 진실은? #역행성사정",서울리더스 비뇨의학,11877,348,2024-04-05 05:53:01+00:00,320,7.889546351084813,General,Description,743,15.985195154777927,2.832342091377445,0,0,0
2nVIm3-Vs5Y,전립선비대증,전립선 비대증약을 먹었더니 탈모가 개선됐다? 이유는 바로 '남성호르몬'! - 고제익의 비아그라보다 달리기 #42,굿라이프,11141,183,2024-10-09 08:00:02+00:00,639,28.42377260981912,General,Description,556,20.037769784172664,3.0463193834001245,0,0,0
RZDN4rJIlBk,전립선비대증,"리줌이 비싼 이유, 사실 따로 있었다?! 최신 전립선 비대증 치료법, 리줌 시술 비용의 진실! [메가비뇨의학과 강서마곡점]",조시완의 비뇨상식,11312,154,2024-08-12 08:00:15+00:00,309,19.148936170212767,General,Description,614,18.423452768729643,2.966481241535909,0,0,0
4gbjN6IHUPs,전립선비대증,미리보는 홀렙 (전립선비대증 표준수술법) 수술설명서&회복기간(feat.부작용),서울리더스 비뇨의학,11049,406,2024-08-13 09:28:16+00:00,467,24.25876010781672,General,Description,613,18.02446982055465,2.94572603584589,0,0,0
zl5dwWxDFhI,전립선비대증,591. 야간뇨&전립선비대증 효과적인 마사지법 ft 부부한의사,부부한의사,16834,239,2024-09-17 10:01:03+00:00,58,10.135135135135137,Medical Pro,Description,578,29.124567474048444,3.405341033999811,0,0,1
pzE-_BgF4uQ,전립선비대증,"약물이 잘 듣지 않는 전립선 비대증, 수술로 치료할 수 있습니다.",서울아산병원,10692,149,2024-10-29 19:00:07+00:00,350,54.054054054054056,Medical Pro,Description,536,19.94776119402985,3.0420317764109712,0,0,0
6Gigs863FoE,전립선비대증,전립선비대증] 제발 이런 병원 가지마세요! 나에게 맞는 치료는 정해져있습니다,유웰의 쾌뇨드림,10976,180,2025-03-25 08:22:55+00:00,459,33.898305084745765,General,Description,389,28.215938303341904,3.3747143926681975,0,0,0
G8fWYW3uQBo,전립선비대증,"전립선비대증 약,  나에게 가장 적절한 약물은?",유웰의 쾌뇨드림,10070,138,2025-01-07 07:51:31+00:00,602,6.085192697768763,General,Description,466,21.609442060085836,3.1183676092974713,0,0,0
m4pnUzADZg8,전립선비대증,"야간뇨, 요실금, 전립선비대증 해결! 케겔 운동 황금 루틴 3가지",부부한의사,27555,407,2025-09-29 11:01:31+00:00,60,48.38709677419355,Medical Pro,Description,201,137.08955223880596,4.927902403960363,0,0,1
RFeRFPyZoL4,전립선비대증,"남성, 전립선 비대증 때문에 발기부전까지?! - 교육위원회 시즌2-11회",JTBC Entertainment,9746,30,2013-06-16 06:48:05+00:00,101,5.747126436781609,General,Description,4689,2.078481552569844,1.1244364730074492,0,0,0
TaW6ciYN2SU,전립선비대증,"229. 전립선 비대증, 야간뇨로 고생한다면 이곳을 꼭 치료하세요 | 한의학박사, 침구과전문의, 산청김, 김경태원장 ㅣft 부부한의사",부부한의사,9363,211,2023-05-31 10:17:00+00:00,214,28.24858757062147,Medical Pro,Description,1053,8.891737891737892,2.291699852314375,0,0,0
_DxF_YafTaw,전립선비대증,"전립선비대증, 리줌 수술의 특장점/단점???(김태진 일산차병원 비뇨의학과 교수)",한국전립선-배뇨관리협회,8971,114,2024-06-03 00:56:43+00:00,248,32.6797385620915,General,Description,684,13.115497076023392,2.6472732772400644,0,0,0
X1FVpFRwKI8,전립선비대증,전립선비대증! 유로리프트(전립선결찰술) 함부로 받으면 안 되는 이유!,톡투건강TV,10532,164,2024-05-21 08:00:16+00:00,643,7.751937984496124,Medical Pro,Description,697,15.110473457675754,2.7794695858120146,0,0,0
ukrXG-5MMak,전립선비대증,[전립선설명회] 전립선비대증 치료 리줌? 평가해볼게요,유웰의 쾌뇨드림,8667,107,2024-09-25 06:37:20+00:00,157,19.469026548672566,General,Description,570,15.205263157894738,2.785336075764014,0,0,0
auCgP29Wfb4,전립선비대증,비뇨의학과 전립선 비대증 검사 총정리!,비정상토크,8605,100,2023-04-12 04:00:03+00:00,273,27.58620689655172,General,Description,1102,7.808529945553539,2.1757205639993664,0,0,0
cLy2MqfPaGw,전립선비대증,전립선비대증 약물치료 제대로 하기!-서울대 전문의,닥터곰의 비뇨의학,7564,83,2023-11-07 03:10:44+00:00,236,4.265335235378032,Medical Pro,Description,893,8.470324748040314,2.2481631989057234,0,0,0
mtPpNAzv5qo,전립선비대증,"[전립선설명회] 전립선비대증 워터젯로봇수술, 솔직하게 평가해볼게요!",유웰의 쾌뇨드림,7531,73,2024-09-25 03:06:53+00:00,276,23.64864864864865,General,Description,570,13.212280701754386,2.6541064290018954,0,0,0
5TvD_b4rECQ,전립선비대증,"수증기로 전립선 크기 줄이는 전립선 축소술, 리줌이란? 전립선비대증 치료법 I 남성 건강의 모든 것",헬스조선 Health Chosun,6896,93,2024-01-09 04:00:03+00:00,708,33.333333333333336,General,Description,830,8.30843373493976,2.230920842435583,0,0,0
u09sKvr7VC4,전립선비대증,전립선 비대증 수술이 궁금하신 분들 보세요! 한번에 정리 끝내드립니다!,비정상토크,6855,123,2024-06-19 08:00:35+00:00,709,17.36613603473227,General,Description,668,10.261976047904191,2.421432100023576,0,0,0
pA6iBlHzUG4,전립선비대증,💡 건강 UP데이트 EP.04 전립선 비대증편,한국보훈복지의료공단,10884,13,2025-09-25 23:18:41+00:00,60,18.867924528301888,General,Description,205,53.09268292682927,3.9906989258148076,0,0,1
S2uACG2N05E,전립선비대증,전립선비대증과 커피(카페인)와의 관계.          경상국립대병원 현재석교수, 경상국립대병원 현재석 교수,6673,115,2025-04-09 02:49:31+00:00,361,13.043478260869565,Medical Pro,Description,374,17.842245989304814,2.9361014759124906,0,0,0
k6PE8T8IBuI,전립선비대증,전립선 비대증에 걸리면 어떤 증상이 있을까??   걸리면 엄청 아픔ㄷㄷ,좋은병원들(은성의료재단),15738,129,2023-11-29 02:30:17+00:00,33,5.037593984962406,Medical Pro,Description,871,18.068886337543056,2.948058019246496,1,1,1
ZwM6bw5nRxU,전립선비대증,알고보니 전립선비대증이 아니었다니!!!😖,비정상토크,6969,64,2023-03-20 09:00:31+00:00,53,42.5531914893617,General,Description,1125,6.1946666666666665,1.9733400107972903,0,0,1
tOFKOfpyPDU,전립선비대증,"로봇수술은 어떻게 사정능력을 보존할까? 전립선 비대증 치료, 워터젯 로봇수술로 사정능력을 보존하는 방법은?",비정상토크,8506,33,2025-04-09 08:00:53+00:00,435,26.687598116169543,General,Description,374,22.74331550802139,3.1673010385716838,0,0,0
wXzamBoQvJQ,전립선비대증,"전립선비대증 환자 99%가 모르는 사실ㅣ수술, 끝이 아닐 수 있습니다",유웰의 쾌뇨드림,5784,81,2025-04-16 01:03:56+00:00,244,31.83023872679045,General,Description,367,15.760217983651225,2.819008101153798,0,0,0
qxtJn7nBETE,전립선비대증,[전립선설명회] 가장 간단하게 전립선비대증 치료하는 방법?,유웰의 쾌뇨드림,5759,49,2024-09-05 08:14:57+00:00,181,8.1799591002045,General,Description,590,9.761016949152543,2.375930062270685,0,0,0
UbbBX0csJ1E,전립선비대증,"전립선비대증 개선을 위한 리줌 수술, 어떤 치료일까요? [ 부산으뜸비뇨의학과 ㅣ 리줌수술 ㅣ 전립선 수술 ㅣ 전립선비대증 ]",부산으뜸비뇨의학과,17877,1,2025-12-10 07:02:52+00:00,113,4.0,General,Description,129,138.58139534883722,4.93864791030675,0,0,0
HNCW5_Qcj8E,전립선비대증,감기약 먹었더니 이런 증상이? 전립선비대증 겨울철 관리와 치료법 I 공감닥터,헬스조선 Health Chosun,6089,106,2024-01-31 05:09:09+00:00,603,23.37662337662337,General,Description,808,7.535891089108911,2.1442797549101957,1,1,0
RDSMCMZHQ4g,전립선비대증,부작용 없는 전립선비대증 스텐트 치료 아이틴드 국내 최초 도입!,강동성심병원,5291,81,2025-03-17 07:00:30+00:00,307,30.303030303030305,Medical Pro,Description,397,13.327455919395465,2.6621776907958865,0,0,0
VOl2UNtzpzI,전립선비대증,⭐️전립선비대증 스텐트 치료 iTind 시술 국내 도입⭐️  | 전립선비대증 새로운 치료법 등장 | 아이틴드,퍼펙트비뇨의학과,5249,127,2025-03-17 11:28:24+00:00,522,16.701461377870565,General,Description,397,13.221662468513854,2.6547663281262444,0,0,0
KpynuFwXd00,전립선비대증,전립선 비대증이 생기는 원인은? 치료와 예방은 어떻게 해야 할까? (일산차병원 비뇨의학과 김태진 교수),차병원 CHA Medical Center,4845,42,2023-04-20 00:06:33+00:00,256,22.727272727272727,Medical Pro,Description,1094,4.428702010968921,1.6917000650339336,0,0,0
LR-azc2WN-w,전립선비대증,혈압 낮으면 특히 주의! 전립선비대증약 먹으면 어지러운 이유? - 고제익의 비아그라보다 달리기 #50,굿라이프,4687,90,2025-04-03 22:00:16+00:00,523,25.58139534883721,General,Description,380,12.33421052631579,2.590332952755478,1,1,0
uXfWERTpPSg,전립선비대증,🧠💡 건강 UP데이트 EP.04 | 전립선 비대증 편,한국보훈복지의료공단,7860,2,2025-09-25 23:18:52+00:00,47,49.79253112033195,General,Description,205,38.34146341463415,3.672279011420901,0,0,1
EpSy6EmAkkw,전립선비대증,"서울대병원, 전립선비대증 ‘리줌’ 시술 도입한 이유는?",퍼펙트비뇨의학과,4195,104,2025-06-04 08:00:28+00:00,752,17.10843373493976,General,Description,318,13.19182389937107,2.6526660170468244,0,0,0
Ic7ri-zBkEc,전립선비대증,전립선비대증 약물 총정리ㅣ전립선약.. 내성 생기나요?/ 알파차단제 효과와 부작용/ 과민성 방광 약물은?,유웰의 쾌뇨드림,4211,64,2025-05-22 06:23:51+00:00,846,34.285714285714285,General,Description,331,12.722054380664652,2.619004347288441,0,0,0
oOcs6J-ditY,전립선비대증,수증기로 전립선비대증 치료...사정장애 줄였다 [건강팁스터]/한국경제TV뉴스,한국경제TV뉴스,4101,49,2025-01-10 09:28:44+00:00,145,3.666666666666668,Medical Pro,Description,463,8.857451403887689,2.288227656895732,0,0,0
Soy_1_zavmQ,전립선비대증,전립선비대증 수술 후 주의사항,유웰의 쾌뇨드림,4072,63,2025-01-24 05:36:02+00:00,413,11.594202898550725,General,Description,449,9.069042316258352,2.3094655995523508,1,1,0
nFA3OMsi1bE,전립선비대증,"전립선 비대증 치료 완벽 정리 : 증상, 원인, 수술 방법",고려대학교 안암병원,3836,64,2024-11-26 08:00:39+00:00,706,35.703839122486286,Medical Pro,Description,508,7.551181102362205,2.1460694140352894,1,1,0
PwUn7HKIabY,전립선비대증,"홀렙과 다빈치 로봇수술의 차이, 당신에게 맞는 전립선비대증 수술은?",퍼펙트비뇨의학과,3754,104,2025-07-23 08:30:19+00:00,1067,19.182879377431902,General,Description,269,13.95539033457249,2.7050717923479493,0,0,0
yIMDa7Tj1yc,전립선비대증,#전립선비대증 사정을 못한다고?!😱 부작용없고 효과좋은 치료법은? 약 vs 색전술 vs 수술 비교!,건강채널 민트TV,4973,267,2023-10-18 05:01:39+00:00,410,35.50295857988166,Medical Pro,Description,913,5.446878422782037,1.8635960481984495,0,0,0
X4lzEvXc1B0,전립선비대증,전립선비대증 의사도 놀란 회복 비결! 매일 이것만 먹었더니 전립선이 살아났습니다.,쉬가쉬워지는동신TV,3502,91,2025-11-27 09:15:08+00:00,410,8.88888888888889,Medical Pro,Description,142,24.661971830985916,3.245010200778588,0,0,0
DiWhVL7XPUg,전립선비대증,전립선비대증 수술의 기준? 전립선 크기만 보고 수술하진 않습니다,퍼펙트비뇨의학과,3405,92,2025-05-28 08:00:30+00:00,492,8.71101871101871,General,Description,325,10.476923076923077,2.4403383303081236,0,0,0
UOL-Hc1waHI,전립선비대증,[전립선비대증] 의사들이 홀렙보다 리줌을 추천하는이유?,유웰의 쾌뇨드림,3343,54,2025-03-20 08:07:18+00:00,160,18.134715025906736,General,Description,394,8.48477157360406,2.24968752018755,0,0,0
N5DuyptM5Mk,전립선비대증,전립선비대증 홀렙수술 점수 메겨봤습니다 ㅣ 100점 만점에 몇점?,유웰의 쾌뇨드림,3399,61,2025-04-22 03:47:52+00:00,395,50.80213903743316,General,Description,361,9.415512465373961,2.343296278051059,0,0,0
rfbGRHfCmgE,전립선비대증,[전립선비대증] 알파차단제 복용시 주의사항,유웰의 쾌뇨드림,3298,49,2025-02-04 05:25:04+00:00,284,16.0857908847185,General,Description,438,7.529680365296803,2.143551888972287,1,1,0
hAiiMpjgjkk,전립선비대증,전립선비대증치료에 좋은 운동 3가지 #shorts #전립선비대증관리법,나인비뇨의학과,6154,43,2025-10-17 02:08:12+00:00,48,6.309148264984227,General,Description,183,33.62841530054645,3.5446745964820963,0,0,1
jkekHd4Y5eM,전립선비대증,의사 경고: 매일 자위하면서 전립선의 이상 변화를 모른다면 끔찍한 결과가 올 수 있습니다,60세 이후의 사랑,3180,57,2025-09-06 00:53:53+00:00,1302,4.316770186335404,General,Description,224,14.196428571428571,2.721060437838225,1,1,0
0OLhyiazu_8,전립선비대증,[수술로그] 아이틴드/ 전립선비대증 치료! 시대가 변했습니다,유웰의 쾌뇨드림,3033,53,2025-06-04 09:43:55+00:00,171,34.48275862068966,General,Description,318,9.537735849056604,2.3549627049571336,0,0,0
2Rb3Kx3qsIk,전립선비대증,전립선비대증 증상 소변자주마려움 전립선에좋은음식 7가지(건강보감[2]),박지영박사의 건강돋보기TV,3064,100,2024-02-16 09:30:00+00:00,452,3.4482758620689653,Medical Pro,Description,792,3.8686868686868685,1.5828242639160104,1,1,0
0itdHh6Hf4I,전립선비대증,[대한비뇨의학회] 다양한 전립선비대증 수술 / 서울베스트비뇨의학과 안치현,의학채널 비온뒤,2937,61,2025-07-20 00:02:21+00:00,2972,2.7986348122866893,General,Description,272,10.797794117647058,2.4679125748138593,0,0,0
yK2u56YxW-s,전립선비대증,"명의와 함께 알아보는, 전립선비대증&성기능 개선 솔루션",톡투건강TV,3027,50,2025-06-26 08:00:59+00:00,870,4.149377593360996,Medical Pro,Description,296,10.22635135135135,2.4182638140305337,0,0,0
cZ4zy6HzblU,전립선비대증,전립선비대증약 먹으면 사정량💦이 주는 이유,존슨쌤과 닥터J,2773,35,2025-01-14 11:00:56+00:00,351,8.356545961002785,Medical Pro,Description,459,6.041394335511982,1.9518062095804407,0,0,0
FkjAHj2j5z4,전립선비대증,전립선 비대증과 과민성 방광(25.11.14) 비뇨의학과 정성진 교수,분당서울대학교병원,2751,68,2025-11-14 06:15:40+00:00,3956,24.59016393442623,Medical Pro,Description,155,17.748387096774195,2.9311077272109816,0,0,0
PQI6ewpyDW4,전립선비대증,"전립선비대증 약, 평생 먹어야 할까 [경희대병원 이정우 교수] #shorts #전립선비대증 #약물치료 #전립선수술",경희의료원,3215,17,2024-09-24 03:00:17+00:00,46,15.454545454545451,General,Description,571,5.63047285464098,1.8916761221132579,0,0,1
IZdPyzsN_ik,전립선비대증,[전립선설명회] 전립선비대증 수술 후 성생활이 변했다?,유웰의 쾌뇨드림,2585,17,2024-08-23 03:28:25+00:00,198,11.884550084889645,General,Description,603,4.2868988391376455,1.6652318431829203,0,0,0
VMZrY3LU6rU,전립선비대증,"전립선비대증, 리줌과 전립선결찰술(유로리프트) 중 고민 중이시라면 여기서 종결해드립니다!",비정상토크,2485,40,2024-08-16 08:00:24+00:00,271,2.9411764705882355,General,Description,610,4.073770491803279,1.6240842279513394,0,0,0
8LP-A0af6AI,전립선비대증,[전립선설명회] 가장 완벽한 전립선비대증 수술은 워터젯로봇수술?,유웰의 쾌뇨드림,2437,35,2024-09-24 02:44:51+00:00,171,19.32367149758454,General,Description,571,4.267950963222416,1.66164147541372,0,0,0
rGdBa4Zygjo,전립선비대증,전립선비대증에 대한 모든 것 / 서울리더스비뇨기과 목동점 윤지환,의학채널 비온뒤,2220,73,2025-12-07 23:55:08+00:00,3070,21.47239263803681,General,Description,132,16.818181818181817,2.8802193864321466,0,0,0
5cV17u_vFCY,전립선비대증,"[대한비뇨의학회] 전립선비대증, 약? 시술? 수술? : 나에게 맞는 치료법은? / 퍼펙트비뇨의학과의원 한병규, 고대안산병원 비뇨의학과 박재영",의학채널 비온뒤,2186,34,2025-06-08 00:01:15+00:00,3441,6.022620169651272,General,Description,314,6.961783439490445,2.074653024948039,0,0,0
sWw56Weh6mc,전립선비대증,수술 없이 증상 완화! iTind 시술로 보는 전립선비대증 치료의 미래,서울베스트비뇨의학과,2253,33,2025-07-21 08:30:29+00:00,293,22.428571428571427,General,Description,271,8.313653136531366,2.231481402781403,1,1,0
MNFJ4V3a3Lo,전립선비대증,#소변장애 #전립선비대증 바로알고 쉬~원하게 해결하세요!🚽🧑🏻‍⚕️(증상/수술없이치료/PSA/영양제효과),건강채널 민트TV,2077,31,2022-09-13 05:01:32+00:00,253,17.699115044247787,Medical Pro,Description,1313,1.5818735719725818,0.9485153260716997,1,1,0
J2nr5AHYs-8,전립선비대증,[전립선비대증] 홀렙수술VS워터젯로봇수술ㅣ 이제 고민을 끝내자! 선택기준은?,유웰의 쾌뇨드림,2032,33,2024-12-05 06:44:26+00:00,191,4.150943396226415,General,Description,499,4.072144288577154,1.6237636647936053,0,0,0
N56CH_foXLo,전립선비대증,"전립선 비대증 새로운 치료 패러다임 '아이틴드 완전정복' 풀영상 [조정호원장님, 류경호 원장님의 아이틴드 총정리]",비정상토크,2088,59,2025-09-08 08:30:21+00:00,2253,12.919896640826874,General,Description,222,9.405405405405405,2.34232542164356,0,0,0
utzBRE5shz8,전립선비대증,"전립선비대증 치료의 신(新)기술, 수술 없이 해결! 추천하는 경우는?",유웰의 쾌뇨드림,1944,43,2025-05-26 02:31:34+00:00,220,29.288702928870293,General,Description,327,5.944954128440367,1.938015371208305,0,0,0
lWaJDe-k05k,전립선비대증,전립선비대증 1타 강사! 8분만에 예방부터 치료까지 모두!  솔직하게..,유웰의 쾌뇨드림,2721,27,2025-04-03 05:35:03+00:00,503,28.225806451612904,General,Description,380,7.160526315789474,2.0993086663800176,0,0,0
xIbhp3u5JWI,전립선비대증,전립선비대증 수술 없이 해결하는 방법,건전한 비뇨기과 김교수,1813,122,2024-09-04 09:00:51+00:00,544,8.583690987124463,General,Description,591,3.0676818950930627,1.403073278249,0,0,0
vbJQN4dKHJE,전립선비대증,"역사정 10분 정리, 전립선비대증 수술 후 꼭 알아야 할 진실",퍼펙트비뇨의학과,1860,75,2025-10-01 08:30:30+00:00,514,12.18700475435816,General,Description,199,9.346733668341708,2.336670882303297,0,0,0
dpMswMZD1VQ,전립선비대증,[전립선비대증] 홀렙수술과 워터젯로봇수술의 차이? 명확해!,유웰의 쾌뇨드림,1886,21,2025-02-12 07:22:01+00:00,249,41.37931034482759,General,Description,430,4.386046511627907,1.6838116300052777,0,0,0
M9_YzVZ6H2M,전립선비대증,"밤에 소변이 안 나와요..🚽 골치아픈 전립선비대증 ""수술없이"" 해결하는 방법!",건강채널 민트TV,1749,13,2025-05-12 07:30:15+00:00,346,59.23344947735192,Medical Pro,Description,341,5.129032258064516,1.81303686767534,0,0,0
ValvLYXGxQg,전립선비대증,"절개, 레이저도 필요없다? 전립선 비대증 수증기로 해결! (리줌시술)",비정상토크,1758,17,2025-02-27 08:30:11+00:00,279,5.763688760806916,General,Description,415,4.236144578313253,1.6555854600257314,0,0,0
uO92LRv3Wwo,전립선비대증,"‘전립선비대증 보험 100% 가능’ 이 말, 믿으셨나요? 진짜 수술비 공개합니다",유웰의 쾌뇨드림,1822,51,2025-11-11 03:26:01+00:00,446,28.708133971291865,General,Description,158,11.531645569620252,2.528257090661614,0,0,0
yG-Cx-ohYRQ,전립선비대증,전립선비대증 약도 부작용이 있다??,유웰의 쾌뇨드림,2679,23,2024-09-23 03:34:40+00:00,55,28.571428571428573,General,Description,572,4.683566433566433,1.7375789289241075,0,0,1
ArdZu06Gx20,전립선비대증,전립선비대증! 수술vs시술? 홀렙수술과 유로리프트 전격비교!,유웰의 쾌뇨드림,1559,21,2024-10-14 03:04:15+00:00,254,23.37228714524207,General,Description,551,2.82940108892922,1.3427084173171977,0,0,0
SQ3IH8uFalE,전립선비대증,"최신 전립선비대증 시술 리줌 VS 아이틴드 ""이것이 더 최고?👍🏻”",유웰의 쾌뇨드림,1502,25,2025-09-01 03:08:47+00:00,217,13.25581395348837,General,Description,229,6.558951965065503,2.02273255162197,0,0,0
2tlDgkZlRBI,전립선비대증,"비아그라, 시알리스를 전립선비대증 치료제로? 진짜일까?",퍼펙트비뇨의학과,1436,40,2025-08-06 09:00:03+00:00,468,16.548672566371682,General,Description,255,5.631372549019608,1.8918118037401541,0,0,0
Hz0cgJiekgw,전립선비대증,전립선비대증 환자가 직접 말해주는 전립선비대증 증상 #shorts,메디맵,1461,17,2023-08-16 07:00:08+00:00,50,11.7096018735363,General,Description,976,1.4969262295081966,0.9150604672121138,1,1,1
uRDVJUqI-J8,전립선비대증,전립선 비대증 딱 7분만 투자하세요,서면엘비뇨의학과의원,1292,16,2024-10-16 08:00:43+00:00,254,11.673151750972762,General,Description,549,2.3533697632058286,1.2099657397235473,0,0,0
vkYgD0yqjN0,전립선비대증,"전립선비대증 약, 사정에 어떤 영향을 줄까? | 역행성 사정 EP.04",퍼펙트비뇨의학과,1296,19,2025-03-10 08:30:21+00:00,386,28.96103896103896,General,Description,404,3.207920792079208,1.4369686520831575,0,0,0
4pRmePa8Lu0,전립선비대증,"“60세 넘으면 자위도 바꿔야 합니다”ㅣ비뇨기과 의사의 솔직한 조언, 이 자위법 몰랐다면 지금이라도 바꾸세요ㅣ노년의성ㅣ노후지혜ㅣ노후행복ㅣ시니어성건강ㅣ삶의철학ㅣ인생이야기ㅣ오디오북",노인 건강생활,1370,9,2025-10-23 08:31:23+00:00,1455,3.4904013961605584,General,Description,177,7.740112994350283,2.167923117999237,0,0,0
jxdqZinu_4s,전립선비대증,"전립선 건강, 오해와 진실 ⑥전립선비대증 진단법 | 메디컬 약손",대구MBC뉴스,1240,9,2023-03-23 01:00:12+00:00,208,4.464285714285714,General,Description,1122,1.1051693404634582,0.744395910674666,0,0,0
P81zZQt_JE0,전립선비대증,전립선비대증 수술은 언제? 최적의 타이밍 알려드릴게요!,유웰의 쾌뇨드림,1251,22,2025-04-28 05:36:42+00:00,241,36.82170542635659,General,Description,355,3.523943661971831,1.5093841050312913,0,0,0
6fKI4cT0bFo,전립선비대증,전립선 비대증으로 리줌 시술 전에 이 영상을 꼭 보셔야합니다!🔥ㅣ이한솔 비뇨의학과 전문의,메디팩트,1228,13,2025-09-26 06:24:29+00:00,452,5.385996409335728,General,Description,204,6.019607843137255,1.9487073536763746,0,0,0
JMDSRs2H_90,전립선비대증,전립선 비대증 약 복용하고 계신 분들 주목! 언제 수술을 결정해야할지 알려드립니다! [전립선비대증 수술결정 시기 1편],비정상토크,1402,23,2025-08-14 08:00:20+00:00,390,36.3901018922853,General,Description,247,5.676113360323886,1.8985359859316215,0,0,0
nLlLW9YFZ18,전립선비대증,"전립선 비대증, 약물 치료",고려대학교 안암병원,2332,18,2025-04-07 09:30:19+00:00,45,81.9672131147541,Medical Pro,Description,376,6.202127659574468,1.9743764906422712,0,0,1
wYfq_ssXHl4,전립선비대증,8분만에 총정리하는 2025 전립선비대증 치료법,유웰의 쾌뇨드림,1228,28,2025-08-25 05:35:58+00:00,461,24.24657534246576,General,Description,236,5.203389830508475,1.8250958894956468,0,0,0
bw1bAfiXMqQ,전립선비대증,"전립선티처) 전립선비대증 약 1탄 – 알파차단제, 효과 좋지만 혈압 낮은 분은 조심하세요!",유웰의 쾌뇨드림,1194,24,2025-04-24 02:04:16+00:00,337,39.64757709251101,General,Description,359,3.3259052924791086,1.464621434660408,0,0,0
n-pWZ9gzO5c,전립선비대증,"""전립선비대증 검사는 이렇게 진행됩니다” – 검진 시기와 방법 총정리",서울베스트비뇨의학과,1155,25,2025-07-07 08:30:33+00:00,233,8.084994753410282,General,Description,285,4.052631578947368,1.6199092123013956,0,0,0
PRTTcmOLxmo,전립선비대증,"전립선비대증 약물치료, 치료의 첫걸음",서울베스트비뇨의학과,1156,14,2025-10-13 01:00:31+00:00,375,28.776867963152505,General,Description,187,6.181818181818182,1.9715525796686508,0,0,0
F9s1FOyGwek,전립선비대증,전립선비대증이면 꼭 봐야 할 영상~!! (치료 종류 총정리),건전한 비뇨기과 김교수,1092,52,2025-07-08 06:15:00+00:00,649,3.1363352095059405,General,Description,284,3.8450704225352115,1.5779617803320831,0,0,0
Ou5BSQnQozM,전립선비대증,9초만에 끝내는 전립선 비대증 수술 (리줌) #전주 #비뇨의학과 #비뇨기과 #전북대병원 #스마트 #전립샘 #소변 #화장실 #빈뇨 #약뇨 #세뇨 #절박뇨 #요실금 #시술,전주 스마트 비뇨의학과,3169,27,2025-07-12 22:40:01+00:00,76,19.23076923076923,General,Description,280,11.317857142857143,2.511050009767591,0,0,0
83zEBc1ZavA,전립선비대증,"전립선 건강, 오해와 진실 ②전립선비대증의 원인 | 메디컬 약손",대구MBC뉴스,1104,7,2023-03-19 01:00:04+00:00,127,9.1324200913242,General,Description,1126,0.9804618117229129,0.6833300557545288,0,0,0
BOX4hxSgVzI,전립선비대증,이런 치료법도 있구나! [전립선비대증],유웰의 쾌뇨드림,3284,13,2025-08-27 01:31:46+00:00,54,33.70786516853933,General,Description,234,14.034188034188034,2.710326809939802,0,0,1
DHshDQrXatg,전립선비대증,10분만에 끝! 전립선 비대증 수술,고려대학교 안암병원,1939,14,2025-04-08 09:00:14+00:00,42,46.51162790697674,Medical Pro,Description,375,5.1706666666666665,1.8198068817832111,0,0,1
jeENLnzNHI0,전립선비대증,전립선비대증 실비보험 100% 적용 가능!,전립선케어클리닉,1456,14,2025-08-22 07:53:12+00:00,20,12.658227848101266,General,Description,239,6.092050209205021,1.9589744678830399,0,0,1
7juJL9Lvruw,전립선비대증,"전립선비대증 아이틴드, 치료효과에 대한 솔직한 평가⁉️",유웰의 쾌뇨드림,1063,25,2025-08-18 03:26:07+00:00,249,12.641509433962264,General,Description,243,4.374485596707819,1.681662866495828,0,0,0
Tey7jMYPZcs,전립선비대증,"전립선비대증치료술, 유로리프트 한계는? #shorts #전립선비대증치료 #프로게이터",나인비뇨의학과,1669,5,2025-11-28 07:56:29+00:00,67,3.333333333333333,General,Description,141,11.836879432624114,2.552322233881703,0,0,1
7pSLrZnyc9g,전립선비대증,"전립선비대증, 당뇨 환자는 치료 접근이 다릅니다",서울베스트비뇨의학과,993,16,2025-11-10 04:25:39+00:00,176,15.87912087912088,General,Description,159,6.245283018867925,1.9803506390356052,0,0,0
O_1U0veFNB4,전립선비대증,방광염 전립선 비대증 즉시효과 지압자리 ..,구본강 원장의 대체의학 연구소™,1398,40,2025-03-19 14:57:20+00:00,162,7.361111111111111,General,Description,395,3.539240506329114,1.512759708704011,0,0,0
DzRL2sZdEU0,전립선비대증,"배뇨증상, 조루증상 뭐 먼저 치료하나요? : 전립선비대증 약 알파차단제로 하부요로 증상/ 조루증 동반 치료",비뇨의학 TV- 이웅희,942,27,2024-04-02 10:04:05+00:00,230,20.169851380042463,Medical Pro,Description,746,1.262734584450402,0.8165740749521415,1,1,0
LkP3LjOXWSU,전립선비대증,"초거대 전립선 비대증, 로봇수술이나 절개하지 않고 내시경으로도 충분히 수술이 가능하다? 홀렙수술로 해결?",비정상토크,888,19,2025-08-27 09:00:47+00:00,509,20.023557126030624,General,Description,234,3.7948717948717947,1.56754697072494,0,0,0
60z251DWT58,전립선비대증,전립선비대증 자가진단법! 중년 남성이라면 무조건 봐야 할 영상,조시완의 비뇨상식,880,22,2025-03-19 10:43:02+00:00,188,2.1621621621621614,General,Description,395,2.2278481012658227,1.1718156926914045,0,0,0
4QyXHE3MzdI,전립선비대증,전립선비대증의 약물 치료는 어떻게 하나요? 또 치료 기간은 보통 얼마나 걸리나요?,건전한 비뇨기과 김교수,884,39,2025-08-23 01:00:09+00:00,716,8.124357656731757,General,Description,238,3.7142857142857144,1.550597412411167,0,0,0
UKOPAK_RV-U,전립선비대증,꿈의 전립선비대증 치료법! 아쿠아블레이션 로봇수술!,성랩,860,16,2023-05-05 08:30:06+00:00,203,22.35772357723577,General,Description,1079,0.7970342910101946,0.5861376899845171,0,0,0
Ft9HPwdF6ds,전립선비대증,"전립선 비대증 수술, 치료 효과는 비슷한데 결정적 차이는 사정기능에 있다?!",비정상토크,919,30,2025-08-29 08:00:23+00:00,598,26.722925457102672,General,Description,232,3.961206896551724,1.6016490370555727,0,0,0
vFlUZIeXf1U,전립선비대증,"전립선비대증 수술, 뭘로 할지 고민 중이세요?(김태진 일산차병원 비뇨의학과 교수)",한국전립선-배뇨관리협회,888,16,2024-05-27 01:59:59+00:00,302,29.585798816568047,General,Description,691,1.2850940665701882,0.8264071904879722,0,0,0
cSlYo644BpY,전립선비대증,"전립선비대증 로봇수술 대 워터젯, 비싼 수술 중 최강자는?",퍼펙트비뇨의학과,2047,9,2025-09-23 09:17:51+00:00,56,28.571428571428573,General,Description,207,9.88888888888889,2.3877429013343527,0,0,1
edkA_fUhLWc,전립선비대증,"전립선비대증 수술, 어떤 마취해야 할까? #조정호원장 #골드만비뇨의학과 #전립선비대증수술",비정상토크,1292,12,2025-01-19 08:00:36+00:00,40,6.726457399103139,General,Description,454,2.845814977973568,1.3469855383581995,0,0,1
rd9A126wviM,전립선비대증,전립선 비대증 약물로도 해결이 안된다? PSA가 높다? 이런 경우 전립선 비대증 수술 결정하셔야 합니다! [전립선비대증 수술결정 시기 2편],비정상토크,790,20,2025-08-22 11:01:28+00:00,483,33.60215053763441,General,Description,239,3.305439330543933,1.459879183902539,0,0,0
buuDt6ZdUrU,전립선비대증,60세 이후 전립선을 지키는 비결ㅣ 노년의성 | 건강 | 노후건강,김수진 박사 – 시니어 건강 TV,741,13,2025-07-30 10:12:56+00:00,2581,3.6752136752136746,Medical Pro,Description,262,2.8282442748091605,1.3424062842008386,0,0,0
5SpNkYFfnz0,전립선비대증,전립선 비대증 초기증상...병원은 언제?,유웰의 쾌뇨드림,751,9,2024-10-28 08:45:00+00:00,145,7.936507936507937,General,Description,537,1.398510242085661,0.8748478121554342,1,1,0
oimI41hSYzg,전립선비대증,"전립선 비대증 수술, 왜 아쿠아블레이션인가?",서면엘비뇨의학과의원,2511,5,2025-09-28 23:30:30+00:00,38,12.82051282051282,General,Description,202,12.430693069306932,2.5975426152577272,0,0,1
aaiCC405lGQ,전립선비대증,"전립선비대증 응급상황, 급성요폐 주의!  #shorts #전립선비대증 #요폐",나인비뇨의학과,1848,7,2025-07-04 08:14:59+00:00,41,5.780346820809249,General,Description,288,6.416666666666667,2.0037297199441397,2,1,1
iusb_GukbkE,전립선비대증,화장실이 불편해지기 시작했다면… 30대 전립선비대증 이야기,서울베스트비뇨의학과,725,6,2025-12-29 09:01:09+00:00,431,10.469613259668508,General,Description,110,6.590909090909091,2.0269513590584394,0,0,0
sS2xQj-pod0,전립선비대증,1분이면 끝나는 전립선비대증 자가진단 7문항｜3개 이상이면 병원 가셔야 합니다!,조시완의 비뇨상식,2213,2,2025-12-09 10:22:42+00:00,177,2.7404295051353884,General,Description,130,17.023076923076925,2.8916529880522135,0,0,0
gWgle5ClxoU,전립선비대증,전립선 비대증 - 대구파티마병원 비뇨의학과 허경재 과장,대구파티마병원,724,6,2023-10-31 07:40:32+00:00,1653,22.68431001890359,Medical Pro,Description,900,0.8044444444444444,0.5902527573973124,0,0,0
hROTHpbES0U,전립선비대증,전립선비대증 나이탓이 아닙니다! 방치하면 생기는 충격적인 결과,쉬가쉬워지는동신TV,761,21,2025-11-12 09:00:59+00:00,623,10.94890510948905,Medical Pro,Description,157,4.8471337579617835,1.7659515852721823,1,1,0
MNP1vreYGBo,전립선비대증,전립선 비대증 최신 수술치료 워터젯 로봇 수술(아쿠아블레이션)#shorts,헬스조선 Health Chosun,923,14,2024-09-23 05:00:20+00:00,36,28.571428571428573,General,Description,572,1.6136363636363635,0.9607424944449889,0,0,1
g9XObsg3uxU,전립선비대증,"전립선비대증 치료, 한번에 해결하고 싶다면 반드시 이런 병원 가세요!",조시완의 비뇨상식,705,20,2025-08-01 09:01:08+00:00,186,13.329798515376456,General,Description,260,2.7115384615384617,1.3114464703234583,0,0,0
QO9B9PSMtbA,전립선비대증,"""남자라면 필독!"", ""전립선 비대증 왜 커질까?""",시니어플러스,4866,10,2025-10-22 23:00:23+00:00,176,6.149116064565718,General,Description,178,27.337078651685392,3.344171146792725,0,0,0
sdYivPJXVXA,전립선비대증,수술 말고 ‘약’으로 끝낼 수 있는 전립선비대증의 진실,비뇨정보 | 메가 UDT ,735,13,2025-12-11 09:01:24+00:00,257,12.77777777777778,General,Description,128,5.7421875,1.9083844271638108,0,0,0
O-iMT08VG_s,전립선비대증,전립선비대증약 먹었더니 사정량이 줄어들었다? #shorts #전립선비대증 #전립선비대증치료,나인비뇨의학과,2321,7,2025-06-26 07:39:47+00:00,65,24.0,General,Description,296,7.841216216216216,2.1794244482060856,0,0,1
SkX-rvizAv4,전립선비대증,"리줌 수술, 병원 고르는 법~! #shorts #리줌 #전립선비대증 #리줌수술 #전립선치료 #비뇨기과 #건강정보 #남성건강",건전한 비뇨기과 김교수,2393,8,2025-09-11 21:00:34+00:00,56,19.43844492440605,General,Description,219,10.926940639269406,2.478799760579821,0,0,1
4UKNorihe2w,전립선비대증,발전하는 비뇨의학? 전립선비대증 신기술 설명회,유웰의 쾌뇨드림,640,14,2025-10-27 02:35:47+00:00,344,9.444444444444445,General,Description,173,3.699421965317919,1.5474395150500315,0,0,0
PEC7WgZf1-c,전립선비대증,"전립선비대증 수술 후 재발… 해결 방법, 있습니다 ✅",퍼펙트비뇨의학과,673,28,2025-11-05 08:30:16+00:00,406,18.41918294849023,General,Description,164,4.103658536585366,1.6299576426652769,0,0,0
_WQ96-Ysl6E,전립선비대증,"[희망ON EP04] 참고 버텨온 시간, 전립선비대증 홀렙수술 그 이후...",유웰의 쾌뇨드림,654,28,2025-12-22 05:53:05+00:00,1421,34.0632603406326,General,Description,117,5.589743589743589,1.8855144387655733,0,0,0
rCDreMjchF4,전립선비대증,전립선비대증 수술 이후로 심해진 절박뇨? '이것' 해결해주면 치료 가능합니다. #전립선비대증 #절박뇨 #절박성요실금,경희열린한의원,2376,6,2025-12-26 10:56:50+00:00,105,18.95734597156398,General,Description,113,21.02654867256637,3.0922484836552515,0,0,0
_WFj3GQ1z7U,전립선비대증,"이 혈액 수치, 그냥 넘기면 안 됩니다 | PSA로 보는 전립선암 신호",서울베스트비뇨의학과,1331,20,2026-01-07 09:00:56+00:00,295,14.11589008363202,General,Description,101,13.178217821782178,2.6517068306793314,2,1,0
hMCK6opcMeQ,전립선비대증,홍삼 오일에 이런 효과가?...전립선 비대증 완화 / YTN 사이언스,YTN 사이언스 투데이,590,5,2023-03-27 04:34:08+00:00,107,8.307372793354102,General,Description,1118,0.5277280858676208,0.4237817206334707,0,0,0
knig-0qdTJI,전립선비대증,"최신 전립선비대증 시술, 리줌과 유로리프트의 장단점 비교",강남성모비뇨의학과,625,9,2025-09-29 09:01:07+00:00,455,19.27710843373494,General,Description,201,3.109452736318408,1.4132898654619024,0,0,0
882O3t02n0s,전립선비대증,전립선비대증... '이 약'은 가능한 피하세요...,유웰의 쾌뇨드림,633,15,2025-09-15 06:03:55+00:00,361,23.474178403755868,General,Description,215,2.944186046511628,1.3722426076642402,0,0,0
LSsyj6zVEFo,전립선비대증,#전립선비대증치료 필요한 분들 꼭 보세요.,나인비뇨의학과,2106,2,2025-12-24 07:01:17+00:00,55,6.309148264984227,General,Description,115,18.31304347826087,2.9607806955311773,0,0,1
2fKfTO_VpoQ,전립선비대증,"소변 줄기가 약해졌다면... 전립선비대증 신호 7가지  남편, 아버지 건강 꼭 챙기세요! #시니어 #시니어건강 #백세습관",생활건강TV,1755,20,2025-12-13 23:55:31+00:00,49,7.317073170731708,Medical Pro,Description,126,13.928571428571429,2.7032769223495525,1,1,1
hTkpgnUHL6k,전립선비대증,약물로 버티면 방광이 망가진다? 100세 시대의 전립선비대증 치료,유웰의 쾌뇨드림,536,10,2025-12-01 03:01:00+00:00,442,33.149171270718234,General,Description,138,3.8840579710144927,1.5859764257551023,0,0,0
qlVu0V6bbMo,갱년기,갱년기 증상 무시하면 안되는 갱년기 신호 5가지,김소형채널H,2403648,19453,2020-06-21 20:00:07+00:00,526,2.34192037470726,General,Description,2127,1130.064880112835,7.030914839734135,3,1,0
qCE45vEyqcs,갱년기,호르몬으로 인한 갱년기증후군의 증상과 치료 방법 (KBS 20221228 방송),KBS 생로병사의 비밀,1199186,5760,2023-01-05 09:00:06+00:00,697,10.151515151515152,General,Description,1199,1000.1551292743953,6.908909741608039,1,1,0
piHvm6BDUFg,갱년기,혹시 내가 갱년기? 폐경기? 알려드릴게요 #폐경기 #갱년기 #조기폐경,Begin Again 강남세란의원 (Seran Clinic),1033386,6575,2025-05-07 07:09:37+00:00,273,4.11522633744856,General,Description,346,2986.664739884393,8.00224733777698,0,0,0
lXOK5PbomCU,갱년기,갱년기 여성에게 꼭 필요한 영양제 조합을 추천드립니다,약사가 들려주는 약 이야기,973999,16577,2019-08-01 09:00:08+00:00,539,17.964071856287426,Medical Pro,Description,2452,397.2263458401305,5.9870205517722805,0,0,0
KUwsidSep2A,갱년기,"갱년기가 오면 모든 통증이 더 심해집니다, 이유와 대처법을 알려드려요!",여의사의 산부인과 이야기.,741171,0,2024-05-02 09:00:21+00:00,591,9.695901278096075,Medical Pro,Description,716,1035.1550279329608,6.943272052486282,0,0,0
YvYJkg8rjvg,갱년기,"우울증,갱년기,불안~ 정신과 의사들이 알려주는 중년우울 극복하는 최고의 방법은? (정신건강 통합) #이시형 #김병후 #이광민 #우울증 #불안 #갱년기",셀코TV / 잘 먹고 잘 사는 방법,682965,8203,2024-07-19 21:00:27+00:00,2764,5.46448087431694,Medical Pro,Description,638,1070.4780564263324,6.9767943354004585,0,0,0
OChBxSgatwA,갱년기,갱년기 어떻게 대처해야 할까?,EBS 컬렉션 - 사이언스,656294,4056,2021-10-16 11:07:49+00:00,496,11.1731843575419,General,Description,1645,398.9629179331307,5.9913718376434195,0,0,0
0vYQUs5H5dU,갱년기,저녁대신 토마토랑 두부를 이렇게 드세요! 갱년기에 좋은 10분만에 간단하고 맛있는 다이어트 레시피👍다이어트 식단,루다 테이블 Luda Table,607455,6230,2025-03-21 13:20:03+00:00,195,3.885003885003885,General,Description,393,1545.6870229007634,7.3438705178238335,0,0,0
8yn8mcXexms,갱년기,중년 여성 건강을 위협하는 갱년기 증상들│슬기롭게 갱년기를 극복하는 방법│폐경이후 여성 건강 관리법│귀하신 몸│#EBS건강,EBS 건강,498388,4183,2024-07-16 05:00:05+00:00,2670,10.230179028132993,General,Description,641,777.5163806552262,6.657390032356767,1,1,0
PZ6abUIJ-ek,갱년기,갱년기 시작과 험께 터지는 '뱃살'의 진실?!,다이트TV,2188531,3867,2025-07-09 06:23:33+00:00,37,5.695187165775401,Medical Pro,Description,283,7733.325088339223,8.953423504945505,0,0,1
v9O9efYALbM,갱년기,"사춘기 vs 갱년기, 엄마가 두렵다는 연우?? #내아이의사생활 #02hby",두부우,964894,12873,2026-01-08 04:00:55+00:00,59,10.0,General,Description,100,9648.94,9.174706976697122,0,0,1
8Hy9dBpJzhM,갱년기,"여성 갱년기 고민별 맞춤 솔루션! 건강하게 갱년기 관리하는 법 (이소플라본, 여성호르몬, 불면증, 홍조, 우울증, 요실금, 골다공증)",여에스더의 에스더TV,407246,6032,2022-03-04 02:52:10+00:00,850,4.123711340206185,Medical Pro,Description,1506,270.4156706507304,5.603651485788152,0,0,0
bWGJClsaWgU,갱년기,갱년기 다이어트에 꼭 필요한 이것! #shorts,여에스더의 에스더TV,408168,5541,2022-07-18 01:10:29+00:00,60,5.076142131979696,Medical Pro,Description,1370,297.9328467153285,5.7002189552405955,0,0,1
mAl-KWw_Ir4,갱년기,갱년기에는 무조건 여성호르몬제를 먹어야 하나요? #shorts,여에스더의 에스더TV,426975,3851,2022-06-24 01:40:11+00:00,57,24.84472049689441,Medical Pro,Description,1394,306.2948350071736,5.727807661338741,0,0,1
POGbU6rwX7M,갱년기,🏆의사쌤도 극찬한 갱년기 관리법,지남쌤 스타일 Jinamssam style,403604,4751,2024-05-16 23:29:00+00:00,34,5.964214711729622,General,Description,702,574.934472934473,6.355993891957934,0,0,1
VaBUUYs6_pU,갱년기,갱년기 증상이 더 심해지는 잘못된 생활 습관😢 | 다큐초이스 44회 | JTBC 240217 방송,JTBC Life,277444,1263,2024-02-17 06:53:28+00:00,351,7.142857142857143,General,Description,791,350.7509481668774,5.862923391561234,1,1,0
KeYH0MQ2b34,갱년기,"[Full] 갱년기 증상이 있다면? 이 영상을 꼭 보세요ㅣ귀하신 몸ㅣ60화 갱년기,왜 나는 아플까?",EBSDocumentary (EBS 다큐),254861,2742,2024-07-12 17:00:16+00:00,2604,8.0,General,Description,645,395.1333333333333,5.981750854920343,1,1,0
rtFUMIFJ2-M,갱년기,갱년기 땀인 줄 알았는데... '암' 신호일 수 있습니다! 🚨,마음건강톡톡,458648,3816,2025-12-17 23:01:17+00:00,36,15.151515151515152,General,Description,122,3759.409836065574,8.232283229397597,2,1,1
rmgKDlAwLF0,갱년기,"갱년기 증상별 최적의 영양제 구성하기 (홍조, 땀, 춥고 열나고, 수면장애, 두근거림, 우울감, 과민증 등등)",약사가 들려주는 약 이야기,225932,3891,2019-09-16 09:00:08+00:00,676,16.80672268907563,Medical Pro,Description,2406,93.90357439733998,4.552861369788981,1,1,0
cLL-xu0USVU,갱년기,"갱년기에 생긴다는 홍조, 대부분이 홍조가 아니라 이것이라고?",오만스토리,484876,2520,2025-10-04 08:30:17+00:00,52,26.455026455026456,General,Description,196,2473.8571428571427,7.813937953279204,0,0,1
WzN9wP5WR2I,갱년기,갱년기 치료제 리비알? 자세히 알려드리겠습니다,의학채널 비온뒤,219060,2857,2022-02-10 21:00:26+00:00,271,3.888888888888889,General,Description,1528,143.36387434554973,4.972337017496676,0,0,0
c_KhB8nt0so,갱년기,[PEOPLE in 세브란스] 몸이 보내는 갱년기 신호 5가지!,세브란스,985886,8868,2020-05-04 08:00:12+00:00,273,14.417475728155338,General,Description,2175,453.2809195402299,6.118715772192019,1,1,0
7pJiFzmRfSA,갱년기,30년 경력 산부인과 원장. 여성갱년기 특효 해결법. 다른 데 돈 쓰지 마시고 여성호르몬으로 이렇게 치료하세요.,교육하는 의사! 이동환TV,536216,5168,2023-05-01 11:00:06+00:00,781,1.0565275908479137,Medical Pro,Description,1083,495.1209602954755,6.20681976855655,0,0,0
9xHOb-Q1Itk,갱년기,갱년기만 되면 나도 모르게 달라지는 몸의 변화 4가지 | 의사가 알려주는 갱년기의 모든 것,암 찾는 의사 이원경,210639,2961,2025-10-03 08:09:03+00:00,774,11.494252873563218,Medical Pro,Description,197,1069.233502538071,6.97563213031907,0,0,0
2cHI6um29ug,갱년기,"갱년기 다이어트가 더 어렵다?! 여에스더의 갱년기 고민타파 2편 (이소플라본, 여성호르몬, 갱년기 다이어트, 남성 갱년기)",여에스더의 에스더TV,173691,2928,2022-03-08 10:00:14+00:00,491,4.739336492890995,Medical Pro,Description,1502,115.6398135818908,4.759090670024253,0,0,0
uuWr_bic77I,갱년기,"""갱년기만 되면 왜 이렇게 아플까?"" 의사가 알려주는 갱년기의 모든 것 | 갱년기, 폐경기",암 찾는 의사 이원경,166964,3198,2024-10-11 08:04:47+00:00,678,3.793103448275861,Medical Pro,Description,554,301.37906137184115,5.71168140041284,0,0,0
KBMqru9Jw-Y,갱년기,갱년기 여성 수면유지장애 불면증 진짜 이유와 개선 방법 (통합본),이음여성한의원 김우성 원장,153830,1814,2025-11-12 05:44:47+00:00,1225,8.379888268156424,General,Description,157,979.8089171974523,6.888377656899847,0,0,0
3sUvnAlQye4,갱년기,50세 갱년기 한고은 최근 건강상태 본 미국한의사가 깜짝놀란 이유ㅣ고은손님 EP.4,고은언니 한고은,151639,3490,2025-12-25 09:00:04+00:00,1676,13.623978201634875,General,Description,114,1330.1666666666667,7.193811029689334,0,0,0
k0yTD8_W0EU,갱년기,"갱년기 극복을 도와줄 네 가지 음식!ㅣ폐경과 호르몬치료 [산부인과 조시현, 추성필 교수]",강남세브란스병원,135634,1306,2021-04-19 08:29:15+00:00,466,8.072289156626507,Medical Pro,Description,1825,74.32,4.3217457037889515,0,0,0
I3ycwbx8280,갱년기,"무조건 참겠다고?...여성 갱년기, 방치하면 다른 병으로 이어져 / YTN", YTN,117349,574,2019-11-30 20:47:50+00:00,160,10.508328546812177,General,Description,2331,50.34277134277134,3.938524154172547,0,0,0
xPDpNue1PjU,갱년기,혹시 나도 갱년기? 갱년기 어떻게 극복할까?,서울대학교병원 강남센터,103791,872,2020-08-18 05:39:02+00:00,469,16.455026455026456,Medical Pro,Description,2069,50.164813919768,3.9350520676664353,0,0,0
_odf5oPEZO4,갱년기,"갱년기 증상이 순서대로 나타난다구요? (초기, 중기, 후기)",이음여성한의원 김우성 원장,100047,675,2023-03-24 07:47:55+00:00,264,4.219409282700422,General,Description,1121,89.24799286351472,4.502561357226234,1,1,0
gLBqDwzcX8M,갱년기,"[폐경기 호르몬 치료 명의] ""폐경 후 35년, 덜 힘들게 살고 싶다면…""",헬스조선명의,103621,1416,2023-12-29 00:25:10+00:00,798,2.816901408450704,General,Description,841,123.2116527942925,4.821986987918684,0,0,0
CcU-8N6H3hs,갱년기,폐경 후 갱년기 호르몬 치료 오히려 유방암을 부른다? 오해 가득한 호르몬제의 진실 | 갱년기 호르몬제 치료 | 명의 | EBS 건강,EBS 건강,99801,1064,2023-09-06 08:00:15+00:00,2026,20.86677367576244,General,Description,955,104.50366492146597,4.658745690904845,1,1,0
FCDwLKpW1Nc,갱년기,갱년기 극복을 위한 추천템!｜여성 갱년기 영양제  BEST 3 추천ㅣ몸짱약사 민재원이 직접 먹어보고 알려주는 바로 이거약👍🏻,몸짱 약사 민재원,97500,863,2021-06-18 09:00:05+00:00,341,16.129032258064516,Medical Pro,Description,1765,55.240793201133144,4.0296423512637825,0,0,0
Px3DvRVCdq0,갱년기,"이것만 알아도 갱년기가 편해집니다! 갱년기 증상의 원인과 대처 방법 | 복부비만, 안면홍조, 불면증, 호르몬 치료, 프로게스테론",다이어트 과학자 최겸 Gyum Choi,95622,1541,2025-07-03 09:44:47+00:00,2807,10.570824524312895,General,Description,289,330.8719723183391,5.804749268996665,1,1,0
ANzfz3OLq8A,갱년기,갑상선 질환과 혼동되는 여성 갱년기 증상,고대병원,179501,1763,2024-12-28 05:30:04+00:00,36,14.285714285714286,Medical Pro,Description,476,377.1029411764706,5.935166489698874,1,1,1
DedKjRNjXfQ,갱년기,갱년기 증상 심한데… 건강기능식품 효과 있을까?,헬스조선명의,93000,586,2022-12-29 01:40:53+00:00,531,20.40816326530612,General,Description,1206,77.11442786069652,4.358174775516446,1,1,0
QyoLss3JSGA,갱년기,결혼은 해도 안해도 이해 못한다 #나는갱년기다 #YfumW,시네로제,173935,934,2026-01-03 01:00:40+00:00,39,4.464285714285714,General,Description,105,1656.5238095238096,7.413080086677093,0,0,1
Rk2_cGm0MRI,갱년기,오락가락 갱년기 감정 기복은 참고 견뎌야 하나? #shorts,여에스더의 에스더TV,88681,1558,2022-06-22 08:53:42+00:00,59,5.649717514124294,Medical Pro,Description,1396,63.52507163323782,4.1670538557666,0,0,1
PUqF0dgsW_g,갱년기,"폐경 늦추고 싶다면? 드셔야 할 것, 하셔야 할 것! #폐경기 #갱년기",Begin Again 강남세란의원 (Seran Clinic),88573,1272,2025-05-14 09:52:18+00:00,386,5.454545454545454,General,Description,339,261.2772861356932,5.569402288139252,0,0,0
zJLXsmog1kA,갱년기,여성 갱년기 힘든 이유와 덜 아플 수 있는 방법 #shorts,피부해결사 퓨린언니,123061,1313,2023-06-04 08:00:24+00:00,45,9.615384615384617,General,Description,1049,117.31267874165873,4.77333093972727,0,0,1
F35dpW5bohY,갱년기,"""나 갱년기 아니야!!"" 갱년기 물음에 발끈한 52세 미나!",바른건강,86078,551,2023-03-02 10:44:43+00:00,946,18.65671641791045,General,Description,1143,75.30883639545057,4.334788742796483,0,0,0
MSHwMPFKWDE,갱년기,폐경기와 갱년기의 차이 #shorts,오상신경외과의원,92540,1211,2023-08-19 03:00:18+00:00,36,15.151515151515152,General,Description,973,95.10791366906474,4.56547166085912,0,0,1
wM-g111fRrY,갱년기,"갱년기 호르몬제 추천하지 않는다는 함익병, 왜?",오만스토리,149808,1852,2025-09-28 01:56:00+00:00,64,29.62962962962963,General,Description,202,741.6237623762377,6.610189540121731,0,0,0
_p35wdmA_Xo,갱년기,갱년기 증상 차이를 만드는 진짜 원인 4가지,이음여성한의원 김우성 원장,70085,1104,2025-09-01 03:12:57+00:00,429,16.44736842105263,General,Description,229,306.0480349344978,5.727004200932417,1,1,0
LxRKY9WyUo8,갱년기,🏆갱년기 가볍게 지나가는 법,지남쌤 스타일 Jinamssam style,67234,1098,2024-06-09 23:20:00+00:00,37,9.107468123861567,General,Description,678,99.16519174041298,4.606820740477408,0,0,1
omOBZVx2xZc,갱년기,"호르몬 감소로 아파지는 폐경기 여성…""이것 먹으면 좋아"" 과학적 근거 마련",OBS뉴스,66267,555,2026-01-04 11:24:00+00:00,144,1.029285099052541,General,Description,104,637.1826923076923,6.458624593933457,0,0,0
lSOdp9UuwbE,갱년기,갱년기가 오면 나타나는 증상 설마 나도?!,산부인과TV,151557,1318,2025-10-22 00:34:44+00:00,28,2.6525198938992043,Medical Pro,Description,178,851.443820224719,6.7481073069565145,1,1,1
sbQDDyQRorg,갱년기,😋갱년기 만성염증 아침 한끼 이렇게 드세요🥗!#갱년기 #갱년기다이어트 #갱년기탈출 #마음과몸이심신활가 #약념연구소,심신활가,52862,743,2024-04-10 02:07:39+00:00,46,5.012531328320802,General,Description,738,71.62872628726288,4.285360522458421,0,0,1
4bn5YrpZFMs,갱년기,"진짜 징한 갱년기, 언제 끝날까? #shorts",여에스더의 에스더TV,51071,940,2022-06-22 08:04:21+00:00,59,19.48051948051948,Medical Pro,Description,1396,36.58381088825215,3.626573396194983,0,0,1
OU1LQdQbDWs,갱년기,갱년기! 호르몬제 없이 ✔ 가뿐히 넘어가기,진약사톡,50554,1323,2025-08-15 09:00:37+00:00,1053,10.75268817204301,Medical Pro,Description,246,205.5040650406504,5.33032009763421,0,0,0
RvmU398nIXQ,갱년기,"갱년기, 시작은 알아도 끝은 없다? 70대에도 올 수 있는 갱년기의 모든 것! 폐경 예상 나이까지?",바른건강,43318,324,2022-03-22 01:59:24+00:00,505,6.172839506172839,General,Description,1488,29.111559139784948,3.4049091226138377,0,0,0
eYDOaUWt6Ao,갱년기,이런 증상 있다면 남성 갱년기 의심!,고대병원,48460,892,2024-05-14 05:00:30+00:00,57,30.303030303030305,Medical Pro,Description,704,68.83522727272727,4.246138571176829,1,1,1
vScu4aXhv90,갱년기,갱년기 여성에게 좋은 음식 3가지! 여성건강에 좋은 음식 #shorts #여성건강 #갱년기,몬스테라_건강정보,42458,596,2023-07-11 14:48:39+00:00,60,5.617977528089888,General,Description,1012,41.95454545454545,3.760142474135427,0,0,1
NQNvT7kOKzA,갱년기,함익병이 갱년기 호르몬제 먹지 말라고 한 이유,고운얼굴,80320,996,2025-10-17 08:19:34+00:00,33,8.333333333333334,General,Description,183,438.90710382513663,6.086563576951579,0,0,1
UJjBocHLNds,갱년기,이유 없이 온몸이 아팠다?! 중년 여성을 괴롭히는 갱년기🤒 몸이 보내는 갱년기 증상들은?｜유쾌한 상담소｜JTBC 220419 방송,JTBC Life,39263,262,2022-05-07 07:00:14+00:00,598,3.474576271186441,General,Description,1442,27.228155339805824,3.3403198961631837,1,1,0
MWQ-iCozyqQ,갱년기,"갱년기에 유방암, 난소암 안 걸리려면 호르몬 치료 대신 '이것'을 먹어라!? [유사의학 vs 분당서울대병원]",분당서울대학교병원,38832,437,2023-07-11 07:15:00+00:00,827,25.134649910233392,Medical Pro,Description,1012,38.37154150197628,3.6730432584176453,1,1,0
B1U1fIBmfXg,갱년기,"갱년기 여성, 새벽에 깨는 진짜 이유 5가지 (자다 깨는 불면의 정체)",이음여성한의원 김우성 원장,38686,532,2025-10-18 01:15:06+00:00,641,5.338078291814947,General,Description,182,212.56043956043956,5.363919881882534,0,0,0
WQTwWPEekpU,갱년기,1년동안 간헐적 단식하면서 내가 이룬것 #50대 #갱년기 #간헐적단식,비타.성유,67708,120,2025-08-18 12:39:04+00:00,16,3.1645569620253164,General,Description,243,278.63374485596705,5.63348069283391,0,0,1
Nj82eoIQDxY,갱년기,'산부인과 의사'가 갱년기를 극복하는 방법!🧐 - [노노산부인과 ep220],나는의사다,94662,36,2026-01-09 06:45:43+00:00,651,20.33271719038817,Medical Pro,Description,99,956.1818181818181,6.863993361058388,0,0,0
wfcxN4LIXUU,갱년기,[#강동우교수] 갱년기 우울증의 원인과 극복 방법 | 생로병사의 비밀 - FULL 인터뷰,KBS 생로병사의 비밀,30944,245,2023-01-04 03:00:22+00:00,258,6.461318051575931,General,Description,1200,25.786666666666665,3.287904251278624,0,0,0
hAWGzNWHIUM,갱년기,조기 폐경 후 찾아온 갱년기 증상 도대체 언제 끝날까? 16년 째 온몸이 아픈 60대 여성 | 갱년기에 좋은 식단과 운동법 | 귀하신 몸,EBS 컬렉션 - 사이언스,30582,253,2024-08-23 11:30:26+00:00,1010,15.945330296127562,General,Description,603,50.71641791044776,3.9457752922330376,1,1,0
9-ffZqQtajo,갱년기,갱년기에는 어떤 게 좋을까? 서양승마 추출물 vs 백수오 [약사용설명서],건강의 벗,28440,1935,2022-11-02 08:00:02+00:00,387,10.0,General,Description,1263,22.517814726840854,3.1577582074401334,0,0,0
mf9juvdf4Ok,갱년기,※의사도 피할 수 없는 갱년기※ 건강한 줄만 알았는데 여성호르몬이 나오지 않는다? | 나는 몸신이다 437 회,play 채널A,27755,139,2023-05-26 11:43:26+00:00,377,9.615384615384617,General,Description,1058,26.233459357277884,3.304446340749364,0,0,0
uEnNq9Dqyds,갱년기,갱년기에 살찌고 몸이 아픈 이유 | 풀버전 영상은 바로 위 ▶️를 클릭해 주세요,살빠체 : 살빠지는 체질,56094,543,2026-01-02 08:21:37+00:00,46,4.484304932735426,General,Description,106,529.188679245283,6.273232941769715,0,0,1
1xkaOe0uOJQ,갱년기,홍조 등 갱년기 증상+편두통 장기 지속되면 심뇌혈관질환 주의 #shorts,오상신경외과의원,27132,562,2024-04-06 10:30:02+00:00,58,21.73913043478261,General,Description,742,36.56603773584906,3.6261003905120743,2,1,1
MXR9bdPm_vo,갱년기,"Dr. 毛王 참닥터, 여성 갱년기 탈모, 풍성 촘촘 빼곡 가능한가요?",Dr. 毛王 참닥터의원,84830,936,2025-09-11 10:00:39+00:00,194,22.06896551724138,Medical Pro,Description,219,387.351598173516,5.961911110148848,0,0,0
44OLX4daSB4,갱년기,"갱년기 안면홍조 개선에 도움되는 루바브! 외국에선 오래 전부터 써왔다는데, 그 효과는? #유료광고포함",김소형채널H,24532,729,2022-09-12 23:00:03+00:00,521,5.676442762535478,General,Description,1314,18.669710806697108,2.979079930040581,0,0,0
DFY1f4rTZHo,갱년기,"갱년기 부부관계 시 질건조증 통증을 줄이는 방법은? (영양제, 음식, 외용제 총정리)",이음여성한의원 김우성 원장,24796,228,2024-10-28 08:30:55+00:00,578,8.333333333333334,General,Description,537,46.17504655493482,3.853865078110191,0,0,0
GRsMsDGm-vg,갱년기,#갱년기 #무릎통증 치료를 받으신 환자 치료 #줄기세포무릎주사 #줄기세포치료,Begin Again 강남세란의원 (Seran Clinic),43434,116,2025-05-26 07:03:18+00:00,32,3.076923076923077,General,Description,327,132.8256880733945,4.8965381178570695,0,0,1
b1v045M9Ofg,갱년기,🍛갱년기 몸보신 삼계탕 10분 만에 만들수 있는거 모르시죠?#갱년기레시피 #갱년기 #쌍화차 #쌍화삼계탕 #라면보다쉬운요리 #심신활가 #나를챙기는시간#갱년기영양제  #나#여성건강,심신활가,23843,356,2024-04-15 05:57:06+00:00,34,3.886010362694301,General,Description,733,32.52796725784447,3.512379934060747,0,0,1
iAdaz9qHYN0,갱년기,"갈수록 심해지는 갱년기 증상, 어떻게 치료해야 하나요? / 갱년기 극복 / 갱년기 치료 / 자율신경 치료 /갱년기 2편",오상신경외과의원,18078,529,2023-08-11 11:40:05+00:00,561,10.650887573964496,General,Description,981,18.428134556574925,2.96672225036928,1,1,0
DrcRoQaIjd4,갱년기,갱년기 증상 완화를 돕는 효녀 유산균🙋🏻 '갱년기 유산균 YT1' TV정보쇼 알짜왕(alzzaking) 193회 | JTBC 201029 방송,JTBC Life,17588,126,2020-10-29 04:29:43+00:00,199,16.666666666666668,General,Description,1997,8.807210816224336,2.2831179126841166,1,1,0
4002INuLEYk,갱년기,혈관과 피부 갱년기에 바로 이것!! 베스트 진약사 식품!,진약사톡,17558,727,2025-05-24 09:00:05+00:00,1206,13.513513513513514,Medical Pro,Description,329,53.367781155015194,3.9957717202278737,0,0,0
Z0H4jFcp654,갱년기,갱년기에 나타나는 증상,메디컬티비,26458,167,2024-11-12 22:00:17+00:00,37,9.803921568627452,General,Description,522,50.68582375478927,3.945183541879108,1,1,1
Nx1GKbhZ-nY,갱년기,갱년기가 너무 힘들다면 이것이 이유일 수 있습니다 / 갱년기 증상 / 자율신경실조증 / 갱년기 1편,오상신경외과의원,16987,510,2023-08-10 11:19:36+00:00,498,10.526315789473683,General,Description,982,17.29837067209776,2.9068120215719877,1,1,0
UOYTncMUhI0,갱년기,"13년째 계속되는 갱년기, 부작용으로 15kg 쪘다? 일상을 망친 갱년기 증상들",바른건강,16649,122,2024-12-20 03:00:31+00:00,1381,17.75147928994083,General,Description,484,34.39876033057851,3.566676800616341,1,1,0
6XvJClZMP20,갱년기,갱년기에 좋은 음식 5가지,넘버원실버TV,19103,157,2023-04-01 03:00:03+00:00,30,18.181818181818183,Medical Pro,Description,1113,17.163522012578618,2.899415297792485,0,0,1
5YR7uiYC3sw,갱년기,🚨중년 여성들 주목🚨 『갱년기 증상』 3가지 ✓ TV CHOSUN 20210513 방송  | [알콩달콩] 81회 | TV조선,TVCHOSUN - TV조선,15373,93,2021-05-13 10:59:06+00:00,235,1.7340067340067344,Medical Pro,Description,1801,8.535813436979456,2.255054546056474,1,1,0
nGfjgGjdj88,갱년기,약 없이 스스로 갱년기 이기는 비결| 정세연의 라이프연구소,정세연의 라이프연구소,38211,407,2025-12-26 10:01:17+00:00,137,12.195121951219512,General,Description,113,338.1504424778761,5.8264437920584236,0,0,0
LXYQGK0-6uM,갱년기,폐경 완경되면 혈압이 높아진다? #완경 #폐경 #갱년기 #갱년기증상 #갱년기호르몬 #갱년기치료,Begin Again 강남세란의원 (Seran Clinic),34354,199,2025-05-13 08:01:05+00:00,42,5.291005291005291,General,Description,340,101.04117647058824,4.625376422711147,1,1,1
4_5v5eWjPnk,갱년기,[명의 의학백과📖] 갱년기와 호르몬 치료,고대병원,12207,163,2025-02-02 11:00:05+00:00,121,15.723270440251572,Medical Pro,Description,440,27.743181818181817,3.3584005849676695,0,0,0
fe7TOBpJjdY,갱년기,산부인과 명의가 알려주는 갱년기 호르몬제 |  #EBS건강,EBS 건강,11357,146,2025-08-20 01:00:48+00:00,359,13.157894736842104,General,Description,241,47.12448132780083,3.873791014945731,0,0,0
TOAFjrqgSZY,갱년기,갱년기라 얼굴 열나고 당기는 줄 알았죠? 함익병 원장이 말하는 반전 원인 😮,마음건강톡톡,26528,250,2025-12-29 08:00:44+00:00,30,16.33986928104575,General,Description,110,241.16363636363636,5.489613680968559,0,0,1
cvgBb6skfoY,갱년기,갱년기 극복 이 3가지만 기억하세요!! #갱년기 #갱년기다이어트,"맞춤주치의, 닥터JM",18760,173,2024-01-12 23:00:19+00:00,47,14.084507042253522,Medical Pro,Description,827,22.68440145102781,3.1648166648310516,0,0,1
zjn3JMWDNrM,갱년기,무릎통증과 갱년기 치료 진행 스토리 #무릎통증 #무릎퇴행성관절염 #무릎줄기세포치료 #갱년기,Begin Again 강남세란의원 (Seran Clinic),23111,42,2025-05-10 02:54:06+00:00,17,5.1020408163265305,General,Description,343,67.37900874635568,4.22506588785507,0,0,1
0Xu8u_n6vMw,갱년기,"갱년기 호르몬제만 네 번 바꾸며 깨달은 것 (페모스톤 콘티, 안젤릭, 리비알, 프로베라)",산소약사 TV ,16549,173,2025-06-20 08:45:00+00:00,119,6.055045871559631,Medical Pro,Description,302,54.79801324503311,4.0217382638256725,0,0,0
xJt7DdKSROc,갱년기,국민 애처가도 피할 수 없었던 갱년기😶 하희라 당황하게 한 최수종의 한 마디는?! | 미운 우리 새끼 | SBS,SBS ,43080,240,2026-01-12 02:30:58+00:00,122,6.024096385542169,General,Description,96,448.75,6.108691872830643,0,0,0
NMHXBXONi6o,갱년기,원장님이 먹고 있는 갱년기 호르몬제 전격공개!,트리니티 TV,8910,17,2024-11-15 09:00:31+00:00,427,4.3478260869565215,Medical Pro,Description,519,17.167630057803468,2.8996414422997887,0,0,0
M5ZsNL8ER9s,갱년기,"여성 갱년기, 방치한다면 돌이킬 수 없는 만성질환이 됩니다 #shorts #갱년기 #폐경",모형진 의학박사의 여성의학_포도여성의원,8638,273,2025-01-06 06:38:54+00:00,57,9.615384615384617,General,Description,467,18.49678800856531,2.970249734492811,0,0,1
39al4nt_0nc,갱년기,갱년기 남성에게 좋은 영양제 3대장 알려드립니다. [약사용설명서],건강의 벗,8392,1115,2023-06-07 08:00:02+00:00,376,4.587155963302752,General,Description,1046,8.022944550669216,2.1997707276614644,0,0,0
yljnZ0WBG94,갱년기,폐경기 갱년기 쉽게 이해하기 #shorts,여성미한의원 조선화 원장,11477,76,2024-08-06 10:01:01+00:00,59,5.2493438320209975,General,Description,620,18.511290322580646,2.970993288920711,0,0,1
MguuIO4Sk1A,갱년기,"[산부인과TV ] 갱년기 출혈의 솔루션, 노바슈어 자궁내막 소작술",산부인과TV,19265,221,2026-01-09 03:00:29+00:00,70,2.489626556016597,Medical Pro,Description,99,194.59595959595958,5.276051100924995,0,0,0
8IVziqKY52M,갱년기,"여성 갱년기, 절대 하면 안 되는 행동 7가지ㅣ이 습관이 증상을 악화시킵니다",실버밀리언,31270,119,2025-06-19 05:30:07+00:00,6,10.526315789473683,General,Description,303,103.20132013201321,4.646324798452191,2,1,1
DBSWbB6uWns,갱년기,갱년기 건강 크게 예민한 띠 VS 갱년기를 지혜롭게 넘기는 띠,띠별로그,27238,283,2025-12-09 10:00:19+00:00,5,2.061855670103093,General,Description,130,209.52307692307693,5.349595276201859,0,0,1
KWfh6wtLQO8,갱년기,11.갱년기 증상이 있다면 이 습관은 그만!#여자인한의원#갱년기증상#갱년기극복,공감진료실 여자인한의원,12922,112,2025-04-19 00:38:40+00:00,60,32.78688524590164,General,Description,364,35.5,3.597312260588446,1,1,1
xZpGyrqUUOs,갱년기,30대에 갱년기? 에겐남 남성호르몬 수치 올리기ㅋㅋㅋ #해품장팔팔장어미음나루점,광자,13935,266,2026-01-05 07:00:49+00:00,68,9.090909090909092,General,Description,103,135.29126213592232,4.914794229060731,0,0,0
rszSNKBmn9c,요실금,"요통, 요실금 그리고 정력에도 좋은 골반저근 운동!",이경희 TV,193575,4082,2023-02-19 22:00:16+00:00,499,13.0718954248366,Medical Pro,Description,1154,167.74263431542462,5.128374680298828,0,0,0
ysTY1NGHRUQ,요실금,"요실금 예방, 치료에 언제 어디서나 케겔운동 #shorts",여에스더의 에스더TV,196934,2587,2022-10-26 10:00:48+00:00,55,9.9009900990099,Medical Pro,Description,1270,155.06614173228346,5.050279902856453,0,0,1
jPvVJvf_bX4,요실금,그대로 따라하는 요실금 예방운동! 비뇨의학과 전문의가 알려드려요 | 서울아산병원,서울아산병원,103615,2062,2023-05-08 06:00:12+00:00,391,14.625228519195613,Medical Pro,Description,1076,96.29646840148699,4.577762692556749,0,0,0
ompv7jTg5dw,요실금,"소변이 자꾸 새는 요실금 치료법, 딱 2가지만 알려드립니다! / 그랜드비뇨의학과 황진철",의학채널 비온뒤,89780,1197,2023-12-29 14:30:22+00:00,285,2.987012987012987,General,Description,841,106.7538644470868,4.679849593278886,0,0,0
YVmx_34dZag,요실금,요실금 치료방법 3가지!! 요실금 증상부터 치료까지 | 여성건강 채널No.1_우리동네 산부인과,"우리동네산부인과, 우리동산",75432,1103,2022-08-27 11:54:46+00:00,1208,9.611398963730569,General,Description,1330,56.71578947368421,4.0555307838035075,1,1,0
ciaX-LhBd9I,요실금,가족들한테도 말 못 하는 요실금! 방광 꽉 잠그는 '밸브 운동'으로 완치하자(ft.필라테스) | 나는 몸신이다 393 회,채널아하: 채널A Health & Asset,74370,1085,2022-07-24 13:08:52+00:00,580,4.901960784313726,General,Description,1364,54.523460410557185,4.016805641535773,0,0,0
pxSwUv8JV7s,요실금,무엇이든 물어보세요 - 과민성 방광과 요실금을 치료하는 운동 20180202,KBS 교양,56287,595,2018-02-02 07:38:25+00:00,222,23.80952380952381,General,Description,2997,18.781114447781114,2.9847276667601426,0,0,0
67FwKOx_V9E,요실금,#요실금 증상에 따라 치료방법이 다르다!,내귀에닥터,54957,764,2021-03-09 02:44:16+00:00,389,2.244897959183673,Medical Pro,Description,1866,29.45176848874598,3.416144070917562,1,1,0
qBTISSEiTlI,요실금,요실금 막고 괄약근 강화시키는 골반 근육 운동!,바른건강,53888,685,2023-07-19 01:00:30+00:00,766,12.048192771084338,General,Description,1004,53.67330677290837,4.00137559713785,0,0,0
qREc0Ckjl4U,요실금,전문의 3인방이 말하는 요실금의 모든 것! 약이 되는 정보 꿀단지 26회,JTBC Entertainment,39511,263,2014-10-11 05:45:18+00:00,259,7.547169811320755,General,Description,4207,9.391728072260518,2.341010111999427,0,0,0
fxM2qPSiG-I,요실금,"나도 모르게 소변이 '찔끔' 새는 요실금,  '이 운동' 해야합니다 #shorts",서울아산병원,40253,1139,2023-05-08 06:15:03+00:00,55,11.627906976744184,Medical Pro,Description,1076,37.40985130111524,3.6483139709916954,0,0,1
hf_9csErppU,요실금,"요실금 수술의 종류와 부작용, 속 시원하게 알려드립니다(이소연 명지병원 비뇨의학과 교수)",한국전립선-배뇨관리협회,31419,361,2023-06-12 04:10:34+00:00,450,29.940119760479043,General,Description,1041,30.181556195965417,3.439826772453613,0,0,0
JMDZ8eg5Xuo,요실금,"복압성 요실금 치료법, 테이프 수술 - (20121027_433회 방송)_말 못할 고민 - 배뇨장애",KBS 생로병사의 비밀,30845,122,2020-07-11 09:00:05+00:00,34,2.1556350626118066,General,Description,2107,14.639297579496915,2.7497868223117274,0,0,1
6GwxkXjloNw,요실금,요실금 수술은 어디서? 산부인과vs비뇨의학과 - 서울대 전문의,닥터곰의 비뇨의학,30314,242,2020-08-17 07:58:54+00:00,150,6.369426751592357,Medical Pro,Description,2070,14.644444444444444,2.7501158663877225,0,0,0
L1h_QO_cqSg,요실금,요실금의 원인과 주요 증상 3가지! | [동산닥터스] 비뇨의학과 변혜진,계명대학교 동산병원,27087,295,2020-09-03 07:19:44+00:00,218,9.25925925925926,Medical Pro,Description,2053,13.193862640038967,2.652809662730262,1,1,0
8ULnTpITE1s,요실금,"요역동학 검사, 1분 안에 정리해드립니다! #shorts",서울아산병원,29259,197,2023-08-10 03:00:08+00:00,60,95.23809523809524,Medical Pro,Description,982,29.79531568228106,3.427362590175312,0,0,1
MTXvFKh90SM,요실금,[명의 의학백과📖] 복압성 요실금 수술,고대병원,15325,77,2023-10-18 23:48:30+00:00,79,11.655011655011656,Medical Pro,Description,913,16.785323110624315,2.878373572827423,0,0,0
RVnwqxOiSlY,요실금,외출할 때도 잠잘 때도 불쑥 찾아오는 고통. 의지와 상관없이 소변이 새는 ‘요실금’과 증상에 따라 달라지는 치료방법 (KBS 20230215 방송),KBS 생로병사의 비밀,14726,151,2023-02-23 09:00:08+00:00,463,4.287925696594428,General,Description,1150,12.805217391304348,2.6250465925456603,1,1,0
0Fy1RickQJE,요실금,"해보지 않으면 모르는 질레이저 효과, 수술 안 하는 요실금 치료는?",트리니티 TV,13915,56,2024-09-27 09:00:00+00:00,328,6.711409395973154,Medical Pro,Description,568,24.49823943661972,3.238609408079705,0,0,0
etFOGLYnKkQ,요실금,요실금 수술하지 않고 좋아질 수 있을까요?#요실금치료 #비비브,프린세스산부인과,19240,116,2023-09-23 10:24:04+00:00,39,29.761904761904763,General,Description,938,20.51172707889126,3.0685982319621,0,0,1
IPIe9IFA-IE,요실금,요실금치료기 에디케어 www.eddyjoa.com 02-547-8279,에디케어공식사이트,11019,15,2022-08-08 02:01:47+00:00,427,48.68913857677903,General,Description,1349,8.168272794662712,2.2157489146194473,0,0,0
uopciYOZa2o,요실금,"전립선암 수술 후 요실금, 발기장애, 사정장애 해결은?(박성열 한양대병원 비뇨의학과 교수)",한국전립선-배뇨관리협회,11117,164,2025-05-26 01:31:31+00:00,339,29.85074626865672,General,Description,327,33.99694189602447,3.5552606832727474,1,1,0
tmjYe3jShaw,요실금,케겔운동 쉽게하는 꿀팁 #케겔운동 #요실금 #과민성방광,배꼽한의사TV,26124,164,2024-09-12 13:09:22+00:00,24,5.082592121982211,Medical Pro,Description,583,44.80960548885077,3.8244937959613448,0,0,1
6xHbsXZbKxE,요실금,요실금 자가진단,비정상토크,9128,53,2023-04-28 03:00:07+00:00,54,55.55555555555556,General,Description,1086,8.405156537753223,2.2412581067137083,0,0,1
_OuHiOhvqYE,요실금,요실금 수술 전에 주의해야 할 점  '5가지',유로진W,7245,69,2024-01-26 04:00:27+00:00,199,34.53947368421053,General,Description,813,8.911439114391143,2.293689556203482,1,1,0
X-LRFw8USsI,요실금,절박성 요실금 치료 수술 받지 마세요 제발!! #shorts #요실금 #절박성요실금,포웰 비뇨의학과 소성민 박사,8911,91,2023-07-20 04:07:30+00:00,53,37.03703703703704,General,Description,1003,8.884346959122633,2.2909523906185836,0,0,1
HJm_iYNdIg0,요실금,[명의 의학백과📖] 복압성 요실금 검사,고대병원,5815,28,2023-10-18 23:48:30+00:00,48,4.662004662004662,Medical Pro,Description,913,6.3691128148959475,1.9972973210578155,0,0,1
AFBDrNOseBE,요실금,✨ 건강 UP데이트 EP.07. 요실금 Q&A,한국보훈복지의료공단,19699,24,2025-11-07 07:18:30+00:00,44,29.166666666666668,General,Description,162,121.59876543209876,4.808916953566407,0,0,1
-APZ0SP1PUg,요실금,기침할 때 소변 찔끔? 복압성 요실금 수술,고대병원,288405,3513,2024-02-22 04:00:00+00:00,59,76.92307692307692,Medical Pro,Description,786,366.92748091603056,5.907885856021342,0,0,1
MKShJTXeHk8,요실금,"나도 모르게 소변이 '찔끔', 요실금 제대로 다스리는 방법! | 서울아산병원",서울아산병원,70349,1154,2023-05-08 06:00:06+00:00,372,21.487603305785125,Medical Pro,Description,1076,65.38011152416357,4.195397486377244,0,0,0
VTlq1miwQOY,요실금,👵👴 건강 UP데이트 EP.07. 요실금 Q&A,한국보훈복지의료공단,20904,18,2025-11-07 07:20:27+00:00,53,14.150943396226417,General,Description,162,129.03703703703704,4.867819310164103,0,0,1
yBuVLBbdmBQ,요실금,비뇨기과에서 시행하는 요실금수술(TOT수술),유웰의 쾌뇨드림,6901,42,2023-04-10 09:17:28+00:00,204,21.12676056338028,General,Description,1104,6.250905797101449,1.9811263985937744,0,0,0
AuQNkddozzU,요실금,요실금 수술 절대 하지 마세요.,아나프게,4129,40,2024-05-04 04:07:35+00:00,58,40.32258064516129,General,Description,714,5.782913165266106,1.9144066800636448,1,1,1
__B-D18zUio,요실금,요실금 치료 수술 회복기간 차이가 없다!? #shorts #요실금 #요실금치료,포웰 비뇨의학과 소성민 박사,4465,52,2023-07-21 08:22:29+00:00,60,62.5,General,Description,1002,4.456087824351298,1.6967320172501892,0,0,1
gi8gGkS-p4A,요실금,"전립선 수술 후 요실금이 고민이라면, 인공요도괄약근 삽입술",서울아산병원,4021,65,2024-12-30 07:00:31+00:00,567,84.6774193548387,Medical Pro,Description,474,8.483122362869198,2.249513625210644,0,0,0
JE7rntkxacg,요실금,요실금수술 진짜 아픈가요?,트리니티 TV,8421,26,2025-05-26 08:49:47+00:00,24,9.345794392523365,Medical Pro,Description,327,25.75229357798165,3.286620210899405,0,0,1
x8HWoc_XAZU,요실금,요실금의 원인과 종류!! 그에 따른 치료방법 / 명지병원 비뇨의학과 이소연 교수,명지병원-MYONGJI HOSPITAL,3825,59,2019-10-21 07:44:41+00:00,307,35.714285714285715,Medical Pro,Description,2371,1.613243357233235,0.9605921154713538,0,0,0
CMLvN32w8JE,요실금,요실금수술 부작용 피하고 싶다면!? 꼭보세요!! #shorts,포웰 비뇨의학과 소성민 박사,3676,42,2023-06-26 05:36:06+00:00,59,68.4931506849315,General,Description,1027,3.57935735150925,1.5215586720164898,0,0,1
O5sZxH5-moY,요실금,"요실금수술, 얼마나 아플까요?",유웰의 쾌뇨드림,3513,35,2024-12-31 04:47:46+00:00,172,2.785515320334262,General,Description,473,7.427061310782241,2.131448112280807,0,0,0
yWlcilHrcXs,요실금,"요실금, 잦은 소변에 좋은 최고의 운동 2가지!! 폼롤러 하나로 해결 하세요!!",몸이편안하니 ,3304,0,2023-06-09 09:45:03+00:00,171,4.310344827586207,General,Description,1044,3.164750957854406,1.426656479798516,0,0,0
Wic_yi9lw_A,요실금,수술 없이 요실금 치료 가능?,광안자모병원,3728,36,2023-08-21 08:00:12+00:00,60,8.771929824561404,Medical Pro,Description,971,3.839340885684861,1.5767785308114908,0,0,1
Jd02NZR3AxU,요실금,👵👴 건강 UP데이트 EP.07. 요실금 예방을 위한 골반 근력 스트레칭,한국보훈복지의료공단,20345,33,2025-11-07 07:24:51+00:00,59,17.54385964912281,General,Description,162,125.58641975308642,4.840925235023386,0,0,1
RTrDP97cCgg,요실금,[명의 의학백과📖] 배뇨와 요실금,고대병원,2800,23,2023-10-18 23:48:30+00:00,46,7.042253521126761,Medical Pro,Description,913,3.0668127053669223,1.4028595735821117,0,0,1
SHufc6ngg3A,요실금,소변이 샌다면... 이 운동 해보세요 (ft. 요실금 운동),성장인(강남여성병원),3632,70,2025-01-31 09:00:23+00:00,345,2.3260073260073257,Medical Pro,Description,442,8.217194570135746,2.221070714709053,0,0,0
6sS2nZQy1g0,요실금,"소변찔끔 요실금, 괄약근 운동법으로 해결 #요실금 #소변찔끔 #괄약근운동",울산대학교병원tv,3789,40,2024-10-16 02:00:04+00:00,41,31.25,Medical Pro,Description,549,6.901639344262295,2.0670702498772893,0,0,1
INUQ4tC6c8I,요실금,요실금 검사 부터 수술까지 얼마나 걸릴까? #shorts #요실금 #요실금검사 #요실금수술,포웰 비뇨의학과 소성민 박사,3566,41,2023-07-26 10:22:51+00:00,60,68.62745098039215,General,Description,997,3.5767301905717153,1.5209848109655641,0,0,1
e8xjZlNSqQw,요실금,요실금 어떻게 사라졌나고요?,뚝딱간호사,2700,6,2025-01-09 03:20:58+00:00,22,2.0964360587002098,General,Description,464,5.818965517241379,1.9197077766612891,0,0,1
TDgX7lQIC0I,요실금,요실금수술 20년 저에게 수술 받은 환자분이 요실금 재발해 찾아왔습니다 #shorts #요실금수술,포웰 비뇨의학과 소성민 박사,2981,30,2023-07-19 09:56:22+00:00,23,76.92307692307692,General,Description,1004,2.9691235059760954,1.3785452909726408,0,0,1
ZUsTSlLjKvA,요실금,복압성 요실금 수술이 꼭 필요한 경우 #shorts,서울미즈메디컬TV,4052,22,2024-05-31 01:00:28+00:00,57,35.50295857988166,Medical Pro,Description,687,5.8981077147016014,1.931247129745239,0,0,1
zxGjpETTuEE,요실금,복압성 요실금은 수술이 정답입니다,유웰의 쾌뇨드림,2341,29,2024-12-10 07:45:54+00:00,200,3.1746031746031744,General,Description,494,4.738866396761134,1.74726169897393,0,0,0
2YsIYw-c2lU,요실금,#질레이저 #비비브 ? #요실금 수술?? 나에게 맞는 복압성 #요실금치료 방법!,와이미즈,5612,16,2025-04-15 08:43:04+00:00,42,50.0,General,Description,368,15.25,2.7880929087757464,0,0,1
fY4qK69M7pw,요실금,"요실금에 좋은 음식 5가지, 지금 꼭 챙겨 드세요! #시니어건강 #건강궁합 #건강상식#요실금",시니어 건강 카드,6651,68,2025-06-30 01:00:45+00:00,14,13.636363636363637,General,Description,292,22.777397260273972,3.1687354344849914,0,0,1
IeBmde46u78,요실금,"요실금, 야간뇨 빈뇨, 절박뇨 증상 완화하는 루틴 #요실금 #강남여성병원 #성장인",성장인(강남여성병원),3298,38,2025-02-03 09:00:27+00:00,37,37.03703703703704,Medical Pro,Description,439,7.5125284738041005,2.1415390164103125,1,1,1
qpJefCGgF04,요실금,허리건강과 요실금 한번에 잡기,물치맨,7741,126,2025-09-29 08:05:22+00:00,32,21.0727969348659,General,Description,201,38.51243781094527,3.676615503632121,0,0,1
V15f6LtkLac,요실금,"무작정 수술 받지 마세요! 요실금 비수술적 치료의 모든것 l 소중한 나를 위해, 헤스티아여성의원",헤스티아 여성의원,2112,28,2022-06-17 09:56:01+00:00,321,21.630170316301705,General,Description,1401,1.5074946466809422,0.91928410592882,0,0,0
exFm4qZw7GQ,요실금,못 참고 지리는..절박성 #요실금 치료 방법! #산부인과 #요실금치료,와이미즈,6563,22,2025-04-10 08:40:29+00:00,39,90.9090909090909,General,Description,373,17.595174262734584,2.922902098816562,0,0,1
2dsCTP2SXNg,요실금,다 같은 요실금이 아닙니다! 증상별 요실금 총정리 #요실금 #배뇨장애 #굿닥터인부산,굿닥터인부산,4443,20,2025-04-03 09:00:06+00:00,55,3.574660633484162,Medical Pro,Description,380,11.692105263157895,2.5409801673485406,1,1,1
feuQyHrjom8,요실금,전자기장 요실금치료기 '에디케어 www.eddyjoa.com,에디케어공식사이트,1783,12,2022-08-04 07:56:40+00:00,26,41.32231404958678,General,Description,1353,1.3178122690317813,0.8406237532995104,0,0,1
4AY9iYp27Cc,요실금,소변이 찔끔 요실금이 생기는 근본적인 이유 #shorts,서울미즈메디컬TV,2209,23,2024-05-18 01:00:02+00:00,58,21.05263157894737,Medical Pro,Description,700,3.1557142857142857,1.424484323451797,0,0,1
0YRRSYLOKxE,요실금,약물로 치료가 가능한 요실금 #절박성요실금 #요실금치료,미즈메디병원,4039,12,2025-07-29 09:00:03+00:00,28,107.14285714285714,Medical Pro,Description,263,15.357414448669202,2.794681277649911,0,0,1
pHjO3gdY6jk,요실금,요실금 잡는 음식 5가지! #요실금에좋은음식,라이프스케치,3725,31,2025-04-17 04:15:51+00:00,76,15.463917525773196,General,Description,366,10.1775956284153,2.4139113845280322,0,0,0
VSuyku7ZNfw,요실금,요실금 극복한 84세 할머니의 '단 하나' 운동!  #요실금 #건강쇼츠 #유튜브쇼츠,웰컴건강,3656,33,2026-01-10 09:01:00+00:00,58,4.254385964912281,General,Description,98,37.30612244897959,3.645609738475882,0,0,1
LBNjMpH5ag8,요실금,요실금 있다면 이 음식 조심! 소변 찔끔 새는 요실금을 악화시키는 음식과 생활 습관  [서울미즈병원],서울미즈메디컬TV,1256,18,2024-04-26 01:00:13+00:00,518,15.037593984962406,Medical Pro,Description,722,1.739612188365651,1.0078163732898313,0,0,0
wuMHEnfkIDA,요실금,최신 요실금 수술법 미니슬링 들어보셨나요?,나를위한산부인과 Naweclinic Nawe Clinic Global,6693,14,2025-05-22 08:45:59+00:00,64,10.309278350515465,General,Description,331,20.220543806646525,3.0549697599378898,0,0,0
JpCzbjl95l8,요실금,"요실금 약, 똑똑하게 챙겨 먹는 법!(이신영 서울의료원 비뇨의학과 과장)",한국전립선-배뇨관리협회,1128,18,2024-05-06 00:00:12+00:00,311,7.042253521126761,General,Description,712,1.5842696629213484,0.9494429391910556,0,0,0
WSD1Rb2SfzI,요실금,요실금 의심되면 달려가야 하는 곳은? #shorts,그레이트온 greEAT_on,988,16,2022-09-19 07:00:10+00:00,60,13.986013986013988,General,Description,1307,0.75592960979342,0.5629984088704236,0,0,1
legOPtkuv-4,요실금,요실금 있으면 이것 절대 먹지 마세요! 요실금 증상 악화시키는 음식 #shorts,서울미즈메디컬TV,1842,8,2024-04-27 01:00:22+00:00,53,17.857142857142858,Medical Pro,Description,721,2.5547850208044385,1.2682945890791222,2,1,1
x0esnJ_pRQo,요실금,#요실금 갑자기 새서 당황했어요..,아나프게,2699,2,2025-04-08 10:48:02+00:00,28,80.0,General,Description,375,7.197333333333333,2.1038088981281304,0,0,1
tq3i8bsjGzw,요실금,요실금 왜 생기는 걸까?,나를위한산부인과 Naweclinic Nawe Clinic Global,4033,5,2025-05-19 08:45:49+00:00,59,7.874015748031496,General,Description,334,12.074850299401197,2.5706905605088606,0,0,1
cMtH6_ztO1I,요실금,요실금 걱정이신 분들 주목! 케겔운동 효과 제대로 보는 올바른 방법 알려드립니다,희망 ON AIR | 서울IVF여성의원,2076,10,2025-07-11 23:00:44+00:00,61,11.887072808320951,General,Description,281,7.387900355871886,2.126790233602385,0,0,0
8KwQVQbngtE,요실금,요실금 증상이 보인다면 언제 병원에 찾아가야 할까?! #shorts,아인병원TV,832,9,2023-11-01 05:29:31+00:00,44,34.18803418803419,Medical Pro,Description,899,0.9254727474972191,0.655171520704589,1,1,1
pZ6XQINnH7g,요실금,출산 후에 요실금이 잘 생긴다?! #shorts #요실금 #출산,산뜻의사,1008,10,2024-03-21 09:15:05+00:00,34,11.27659574468085,Medical Pro,Description,758,1.3298153034300793,0.8457889955215337,0,0,1
q-GpZ3jVJwU,요실금,남자 요실금? 해결하는 방법,아나프게,769,7,2024-05-20 02:56:31+00:00,59,32.78688524590164,General,Description,698,1.1017191977077363,0.7427556753806092,0,0,1
X5wqnyye81o,요실금,"요실금 치료, 웃다가 소변이 샌다면?",산부인과 닥터 샛별쌤,1645,9,2025-08-25 09:31:10+00:00,60,19.8019801980198,Medical Pro,Description,236,6.970338983050848,2.0757270242754204,0,0,1
or-tKRecScQ,요실금,(슬기로운 방광tv) 요실금 수술의 오해와 진실  #강남비뇨기과#타워여성비뇨기과#타워여성비뇨의학과#타워비뇨기과#비뇨기과#여성비뇨기과#요실금#TOT#서초동비뇨기과#방광염,슬기로운 방광 tv,2152,20,2025-11-26 03:12:44+00:00,30,3.2872928176795586,Medical Pro,Description,143,15.048951048951048,2.775643492234738,0,0,1
WMZN6MtNyrs,요실금,"절박성요실금, 참지 말고 '이것'! #절박뇨 #요실금 #절박성요실금",경희열린한의원,1764,8,2025-04-05 10:51:43+00:00,59,4.962779156327543,General,Description,378,4.666666666666667,1.7346010553881064,0,0,1
qPl58vmeeuI,요실금,요실금 증상에 따라 치료법이 다르다고? 복압성/절박성/복합성 요실금의 효과적인 치료법 [서울미즈병원 박연이 병원장님],서울미즈메디컬TV,634,7,2024-05-17 01:00:23+00:00,336,33.67875647668394,Medical Pro,Description,701,0.9044222539229672,0.6441786837997598,1,1,0
OY5gxUyAUUw,요실금,재채기만 해도 찔끔!  복압성 요실금 치료는 어떻게 해야 할까? #shorts,서울미즈메디컬TV,879,6,2024-05-13 01:00:17+00:00,59,22.058823529411764,Medical Pro,Description,705,1.2468085106382978,0.8095107695621024,0,0,1
J1QzMUe0pBw,요실금,요실금 있으면 '이 시간 이후' 물 끊으세요 #시니어건강 #질병예방 #한국시니어 #건강 # 질병 예방 #생활습관,의사쌤,1967,13,2025-12-01 05:17:25+00:00,44,12.57861635220126,Medical Pro,Description,138,14.253623188405797,2.724817060959277,0,0,1
GCJbSySK2H0,요실금,요실금 개선 효과 입증된 슈퍼푸드 3가지! #요실금,3 PICK HEALTH,1281,15,2025-10-25 23:00:28+00:00,83,9.293680297397769,General,Description,175,7.32,2.1186622548331173,0,0,0
RCL3PwVocfg,요실금,병원가야하는 요실금 경고등 3가지 #시니어건강 #질병예방 #한국시니어 #건강 # 질병 예방 #생활습관,의사쌤,2025,8,2025-12-04 06:09:16+00:00,46,19.68503937007874,Medical Pro,Description,135,15.0,2.772588722239781,0,0,1
729qeYqXtLE,요실금,서서 볼일 봤다면 이미 요실금은...,별거아닌지식,1315,3,2025-12-16 22:00:16+00:00,32,10.526315789473683,General,Description,123,10.691056910569106,2.4588241829085744,0,0,1
tahdNrg2wjE,요실금,60대 건강 관리 요실금에 좋은 음식 요실금#요실금 #방광건강 #의사추천 #겨울건강 #60대건강 #골반근강화 #건강음식,백세청춘,1513,30,2025-12-12 11:45:13+00:00,89,23.80952380952381,General,Description,127,11.913385826771654,2.558264434359653,0,0,0
bFXUarqrk9Y,요실금,출산하고 요실금이 자꾸만 있을때 치료방법은? #산부인과 #shorts,산부인과 최쌤,2042,2,2025-10-21 08:00:44+00:00,62,43.01075268817204,General,Description,179,11.40782122905028,2.5183270180536725,0,0,1
jPBYNRG2rBA,요실금,"요실금 부끄러워 하지 말고 간단한 방법으로 예방, 관리해요! #100세시대 #건강 #건강정보 #요실금",새로나다,1595,14,2025-11-01 10:07:03+00:00,52,23.25581395348837,General,Description,168,9.494047619047619,2.350808202994611,0,0,1
slbU_UNDq3M,요실금,"요실금, 대다수는 걸리는 증상입니다. 부끄러워하지 마십시오.",시니어 건강 라이프TV ,1717,10,2025-09-30 09:01:00+00:00,32,9.9009900990099,Medical Pro,Description,200,8.585,2.260199376497608,1,1,1
_aSlJSm-gxA,요실금,웃다가 '찔끔' 했다면? 단 1분 투자로 요실금 꽉 잡는 법! #shorts #건강한중년 #건강정보,정보사랑 스튜디오,1511,12,2025-08-23 04:45:06+00:00,59,16.84532924961715,General,Description,238,6.348739495798319,1.9945288013471274,0,0,1
La_tSmR8Sig,요실금,"요실금 있는 분, 이 음식만큼은 피하세요 #요실금  #요실금식단  #요실금개선  #요실금예방  #요실금없애는법  #방광건강  #방광약화  #배뇨장애  #50대건강",건강한삶,1774,10,2025-04-21 00:15:02+00:00,89,9.336917562724016,General,Description,362,4.900552486187845,1.7750459882543144,0,0,0
06PYtGHaK0w,요실금,[똑똑!한 진료실] 부끄러움이 아닌 치료의 시작 '요실금'#국민건강보험일산병원 #요실금,국민건강보험일산병원,559,133,2025-02-24 01:14:41+00:00,60,40.81632653061224,Medical Pro,Description,418,1.3373205741626795,0.8490052195180264,0,0,1
xx4FqG5fjQc,요실금,앉아서 회춘하는 비밀?! 아무도 모르게 강해지는 법 #요실금 #전립선 #전립선건강 #회춘 #케겔운동 #운동하는남자 #운동하는여자 #건강관리 #건강정보  #이슈 #50세,슬기로운 시니어 라이프,4688,3,2026-01-02 05:30:36+00:00,57,10.1010101010101,General,Description,106,44.22641509433962,3.8116813208822626,0,0,1
oTHQZsl_11o,요실금,"전립선, 요실금 이겨내 봅시다",물리치료사,480,22,2024-09-12 21:53:09+00:00,294,9.803921568627452,General,Description,583,0.823327615780446,0.6006631919914556,0,0,0
9UcbqDnpXEY,요실금,요실금 종류! 알고 있는 것이 전부가 아닙니다!,유웰의 쾌뇨드림,590,235,2024-03-25 09:01:00+00:00,56,7.042253521126761,General,Description,754,0.7824933687002652,0.5780131530751388,0,0,1
UcfJ9loN3uk,요실금,#요실금 수술 절대 하지말라는 이유,건강정보,489,0,2024-12-20 01:42:04+00:00,31,43.85964912280702,General,Description,484,1.0103305785123966,0.6982991754693733,1,1,1
zt1nIWjjfuw,요실금,"남성 전립선에 좋은 항문 조이기 운동 (케겔) ㅣ치질,요실금 개선에도 탁월한 루틴",Rich Healing Fit (리치 힐링핏),1800,13,2025-11-04 02:11:24+00:00,7,4.901960784313726,General,Description,165,10.909090909090908,2.477302050402781,0,0,1
zsW5XOOTV7U,요실금,"소변이 찔끔, 나도 요실금일까?",이경숙 원장의 속사정,1353,4,2025-04-01 04:13:16+00:00,59,30.76923076923077,General,Description,382,3.5418848167539267,1.5133420837743843,0,0,1
7pODz5-IgAo,요실금,혹시 나도 요실금 증상 5가지 확인하세요  #요실금 #중년건강 #시니어정보 #여성건강 #남성건강 #배뇨장애 #건강상식 #건강정보 #요실금증상 #노년기건강 #중장년정보 #재채기소변,노련한 정보통,1432,9,2025-07-01 10:24:19+00:00,38,6.5359477124183005,General,Description,291,4.920962199312715,1.7784989693564373,1,1,1
5IKxMlIAidA,요실금,“속옷이 자주 젖는다면?” #요실금 #방광건강 #시니어건강#소변문제 #골반저근운동#배뇨관리 #SeniorHealth #HealthyAging,의사쌤,677,8,2025-12-17 08:00:06+00:00,52,43.47826086956522,Medical Pro,Description,122,5.549180327868853,1.879339901033018,0,0,1
B2Hm6D60aFk,요실금,"둘째 분만 후 소변이 새는 증상이 있어요! 산후 요실금, 정상인가요? #shorts  #w여성병원  #인천w여성병원 #인천산부인과 #요실금 #함경렬대표원장",W여성병원,984,45,2025-07-17 02:08:50+00:00,25,50.505050505050505,Medical Pro,Description,275,3.578181818181818,1.5213019363777758,1,1,1
K3kcTg54MMU,요실금,바이오피드백 치료 Biofeedback #변실금  #요실금 #요실금치료 #만성변비 #배뇨장애  #부산제2항운병원,부산제2항운병원,584,3,2024-04-19 02:04:17+00:00,23,14.336917562724016,Medical Pro,Description,729,0.8010973936899863,0.5883961422941381,0,0,1
EIKaKE_xSho,요실금,[오·순·도·순] 절박성 요실금 vs 복압성 요실금 치료 방법? #shorts,순천향대학교 서울병원 'Human Love',536,14,2025-03-05 08:00:18+00:00,52,31.446540880503143,Medical Pro,Description,409,1.3105134474327629,0.837469771450941,0,0,1
7gf74ceOOSk,요실금,"요실금 수술 이후에도 남아있는 빈뇨, 5시간만에 화장실 가게 된 비결? #요실금 #요실금치료 #요실금수술 #빈뇨",경희열린한의원,395,3,2024-12-01 05:30:31+00:00,47,20.120724346076457,General,Description,503,0.7852882703777336,0.5795798982024605,0,0,1
NeKyOADqvHs,요실금,요실금은 노화 때문만이 아닙니다 (의외의 원인) #요실금#시니어건강#노화오해#배뇨건강#골반저근#중년건강#SeniorHealth#Incontinence#건강정보#의사쌤,의사쌤,1433,10,2025-12-13 04:12:07+00:00,49,25.806451612903224,Medical Pro,Description,126,11.373015873015873,2.5155179621062986,0,0,1
XIVi2qwAZBE,요실금,"방광염, 요실금, 과민성 방광을 막는 방법 3가지#방광염 #방광 #요실금",건강박사,1052,11,2025-10-02 10:36:40+00:00,35,5.033557046979865,General,Description,198,5.313131313131313,1.8426317996018116,0,0,1
LdxohkA2yxo,요실금,노인이 많이 겪지만 ‘말 못 하는’ 증상 TOP 1 #요실금 #노인건강#말못하는증상 #시니어건강#골반저근 #방광건강#삶의질 #건강인식#SeniorHealth #의사쌤,의사쌤,854,8,2025-12-20 10:00:40+00:00,56,27.58620689655172,Medical Pro,Description,119,7.176470588235294,2.1012605890744758,1,1,1
LtvuvrBab60,요실금,[TIP] 혹시 나도? 요실금 자가 진단법 [무엇이든 물어보세요] 20190514,KBS 교양,350,4,2019-05-14 07:34:37+00:00,240,22.22222222222222,General,Description,2531,0.1382852627419992,0.12952297453940442,0,0,0
KFwut0Jiwy0,요실금,"샤워할 때 소변 보는 습관, 요실금 걸린다? #유튜브쇼츠 #건강정보 #건강",건강과 생활정보 | 시간 모자이크,980,8,2026-01-03 23:33:57+00:00,22,7.067137809187279,General,Description,105,9.333333333333334,2.3353749158170367,0,0,1
v9R5lJp4JEE,요실금,기침할 때 찔끔? 방광 나이 10년 젋게! 요실금 3분 루틴 #시니어건강 #시니어 #건강한중년 #건강 #건강정보 #건강관리 #요실금 #방광염 #50대건강 #60대건강 #음식,건강영양연구소,587,10,2025-10-27 03:01:04+00:00,155,8.23045267489712,General,Description,173,3.393063583815029,1.4800268387825979,0,0,0
HQtxzxMUX48,요실금,요실금 완화하는 음식 4가지,항상건강TV,1298,13,2025-08-24 22:00:28+00:00,59,9.615384615384617,Medical Pro,Description,237,5.476793248945148,1.8682255188861663,0,0,1
ltOrtmXW5Sk,요실금,요실금 악화시키는 음식 Top 5 🚫,아프지맙시다,1060,4,2025-08-30 02:00:50+00:00,97,10.416666666666666,General,Description,231,4.588744588744588,1.7207546803248488,0,0,0
wuF4CZeosmE,요실금,웃을 때 찔끔? 요실금 걱정 덜어주는 방광 튼튼 꿀팁 3가지 🚽,장수정보통,941,5,2025-12-01 22:01:11+00:00,62,5.9171597633136095,General,Description,138,6.818840579710145,2.05653628010093,0,0,0
in47XTKzZnk,요실금,"[오·순·도·순] 요실금 검사, 어떻게 진행되나요? #shorts",순천향대학교 서울병원 'Human Love',441,9,2025-03-02 11:30:31+00:00,43,39.47368421052632,Medical Pro,Description,412,1.0703883495145632,0.7277361981421527,0,0,1
ulyC9Fq4xUE,요실금,재채기 때 새요 ㅠㅠ 요실금!,joojoo_world,756,9,2025-11-03 01:53:31+00:00,56,10.362694300518134,General,Description,166,4.554216867469879,1.7145574352000506,0,0,1
ZPrWL0igKt4,요실금,[닥터스] 쉬쉬하던 그 이야기 요실금ㅣ박주영 원장(산부인과 전문의)｜삼성리한여성의원 (부산광역시 해운대구 좌동)｜ ☎️ 051) 929-0100,캐내네 메디컬,285,2,2025-10-29 11:01:17+00:00,1292,28.80658436213992,General,Description,171,1.6666666666666667,0.9808292530117262,0,0,0
ruVC-gE69bE,요실금,요실금 치료는 시기가 중요해요.,유로진W,1203,7,2025-07-17 09:01:20+00:00,33,12.307692307692308,General,Description,275,4.374545454545455,1.6816740038415758,0,0,1
1g_Ch_ONxxM,요실금,갑자기 샌다면  #요실금,건강정보,210,2,2025-03-17 11:33:55+00:00,23,55.55555555555556,General,Description,397,0.5289672544080605,0.4245925103723079,0,0,1
wv6XBDwdVdY,요실금,요실금에 케겔운동 정확하게 하는 방법,건강정보,224,1,2024-05-21 02:45:26+00:00,59,24.390243902439025,General,Description,697,0.321377331420373,0.27867462549478295,0,0,1
N-48OZ6VpMI,요실금,기침하다 오줌 샐 때 😫 20분 컷 요실금수술 TOT 당일퇴원 #요실금수술 #요실금 #TOT수술 #요실금치료 #여성요실금,이경숙 원장의 속사정,411,3,2025-10-02 05:38:48+00:00,57,20.338983050847457,General,Description,198,2.0757575757575757,1.1235512370153617,0,0,1
YORQIOmTT5g,요실금,케겔운동 잘못하다가 허리나가요! #요실금 #케겔운동,아나프게,196,3,2024-03-28 02:23:33+00:00,59,21.27659574468085,General,Description,751,0.2609853528628495,0.23189344142194349,0,0,1
g2sL_pItI-0,요실금,미니슬링 요실금수술 과정 #산부인과,산부인과 최쌤,388,5,2025-02-27 08:06:00+00:00,20,24.793388429752067,General,Description,415,0.9349397590361446,0.6600761937160634,0,0,1
WMJmAeDfJhg,요실금,폐경 후 요실금,이윤정 산부인과,194,7,2025-02-04 03:31:32+00:00,85,10.869565217391305,General,Description,438,0.4429223744292237,0.3666704837704113,0,0,0
OTrrleZgDzk,요실금,요실금 병원부터 오지 마세요- 당신만 모르는 요실금 자가 관리법. 요실금 남자도 흔합니다.,쉬가쉬워지는동신TV,150,9,2025-11-14 10:00:15+00:00,441,21.08433734939759,Medical Pro,Description,155,0.967741935483871,0.676886659688165,0,0,0
ZfJfI2liLHs,요실금,"요실금, 내가 혹시? 대표적인 검사 2가지 #shorts #요실금 #갱년기",모형진 의학박사의 여성의학_포도여성의원,510,9,2025-04-02 07:00:25+00:00,45,16.431924882629108,General,Description,381,1.3385826771653544,0.8495450523441084,0,0,1
Tl1YS_DpZqA,역류성식도염,역류성식도염 스스로 고치는 법을 대방출합니다. 이대로만 해보세요.,이재성 박사의 식탁보감,2158098,53195,2020-01-07 03:20:33+00:00,485,2.65017667844523,General,Description,2293,941.1679023113825,6.848183498939087,0,0,0
19buFp9pVQg,역류성식도염,"역류성식도염 스스로 해결 한꺼번에 몰아보기, 원인부터 식이요법, 호흡법까지",이재성 박사의 식탁보감,1958416,54634,2021-02-14 00:00:01+00:00,2650,4.45859872611465,General,Description,1889,1036.7474854420327,6.944807763843759,0,0,0
C9jYrWpF9f4,역류성식도염,"역류성 식도염에 좋은 음식과 나쁜 음식, 역류성 식도염 고치는 방법 4가지",닥터이승남TV,1523911,21298,2022-05-22 21:00:06+00:00,1246,13.274111675126903,Medical Pro,Description,1427,1067.9124036440085,6.974396965332704,0,0,0
fiup-1L4W90,역류성식도염,역류성식도염 완치법 유일한 하나 공개,김소형채널H,1333401,22550,2022-11-14 23:00:33+00:00,893,3.257328990228013,General,Description,1251,1065.8681055155876,6.972482631210859,0,0,0
5Jkx7zJBPX4,역류성식도염,역류성식도염의 증상과 치료 #식도염 #역류성식도염 증상 #역류성식도염 치료,속편한TV,1284620,31951,2019-12-02 10:43:28+00:00,786,4.032258064516129,Medical Pro,Description,2329,551.5757835981108,6.314590588869124,1,1,0
10Uu6kg2DOk,역류성식도염,역류성 식도염 고치는 법 이것만큼은 꼭 해보세요.,건나물TV,1239530,24363,2020-12-08 23:00:01+00:00,483,14.83679525222552,Medical Pro,Description,1957,633.382728666326,6.4526524452752705,0,0,0
JCBLqM5HNXo,역류성식도염,이것을 매일 먹으면 역류성식도염이 싹~ 사라진다. [한의학박사 김순렬],김순렬TV,1220310,23495,2022-03-12 22:00:06+00:00,419,12.738853503184714,Medical Pro,Description,1498,814.626168224299,6.703956122815686,0,0,0
YVJSku2GaAM,역류성식도염,역류성식도염 제발 이 음식 먹지 마세요! 위식도 역류질환 악화시키는 음식 9분류,김소형채널H,1106510,18607,2021-08-01 22:00:09+00:00,598,1.1160714285714286,General,Description,1721,642.9459616502033,6.467614812102622,0,0,0
CIOmoVvLqTo,역류성식도염,스스로 역류성식도염 사라지는 방법 이대로만 하세요~,건나물TV,942177,11567,2022-12-13 23:00:13+00:00,585,10.273972602739724,Medical Pro,Description,1222,771.0122749590835,6.6490004501044355,0,0,0
ff6Hn41DU-Q,역류성식도염,밥 먹고 누워도 역류성 식도염 걱정 없는 자세?! 의사한테 직접 물어봄 / 스브스뉴스,스브스뉴스 SUBUSUNEWS,888734,10686,2022-11-04 11:15:01+00:00,413,5.025125628140704,General,Description,1261,704.7850911974623,6.559310787750094,0,0,0
fdJQueq479s,역류성식도염,역류성 식도염을 스스로 고친 꿀팁 방출 합니다. 이렇게만 하시면 역류성 식도염을 고칠수가 있습니다,약사가 들려주는 약 이야기,882034,14624,2022-09-03 10:00:31+00:00,688,12.88244766505636,Medical Pro,Description,1323,666.692365835223,6.503827537273258,0,0,0
4rTmAzI6gMQ,역류성식도염,잘 낫지 않는 역류성 식도염 치료 #식도염 #역류성식도염 #위식도역류질환,속편한TV,809079,18675,2019-12-10 11:12:28+00:00,885,2.1645021645021645,Medical Pro,Description,2321,348.59069366652307,5.856763023480047,0,0,0
ONq61BfGLsA,역류성식도염,이것을 매일 마시면 역류성식도염이 싹 사라진다.[한의학박사 김순렬] CNC한의원,김순렬TV,772540,13813,2023-05-28 22:00:10+00:00,504,6.734006734006734,Medical Pro,Description,1056,731.5719696969697,6.596561588210831,0,0,0
dGqkB5s8d8k,역류성식도염,역류성식도염에좋은음식 속편한 음식 약초,김소형채널H,513330,9388,2022-03-15 22:00:14+00:00,594,3.2017075773746,General,Description,1495,343.3645484949833,5.841700830248762,0,0,0
HeFAXK8aVew,역류성식도염,역류성식도염은 왜 생길까?,고대병원,345998,6179,2024-02-27 03:30:10+00:00,49,33.333333333333336,Medical Pro,Description,781,443.01920614596673,6.095867818582175,0,0,1
6Xgr178OKyg,역류성식도염,이런 증상 검사 안해도 무조건 역류성 식도염?,친절한 의사,346091,3398,2023-06-08 02:00:02+00:00,41,40.98360655737705,Medical Pro,Description,1045,331.18755980861243,5.805699748580992,1,1,1
MpuhJQ6rhso,역류성식도염,역류성식도염과 잦은 트림을 고치는 특별한 호흡법을 알려드릴게요,이재성 박사의 식탁보감,247157,8214,2020-11-14 22:00:02+00:00,580,1.3333333333333333,General,Description,1981,124.76375567895002,4.834405192094316,0,0,0
1GWBWttlWqE,역류성식도염,역류성식도염의 최신 치료법! 스트레타 시술,고대병원,260738,3805,2024-04-07 05:00:00+00:00,28,28.571428571428573,Medical Pro,Description,741,351.8731443994602,5.866108628038992,0,0,1
3dpJafIgHqo,역류성식도염,"'역류성 식도염, 깔끔히 해결해드립니다' (서울백병원 가정의학과 박현아 교수)",의학채널 비온뒤,234648,3455,2022-06-19 09:00:02+00:00,833,4.792899408284024,General,Description,1399,167.72551822730523,5.1282732420564034,0,0,0
xiMdnDsgycg,역류성식도염,"""역류성 식도염, 안걸려요"" 밥먹고 졸리면 바로 누워도 되는 이유",아프지마쇼Show,224606,4397,2025-08-08 05:53:48+00:00,628,6.868131868131868,General,Description,253,887.7707509881423,6.789839329354743,0,0,0
Dl_Em8dHCNA,역류성식도염,(ENG/CN)속이 쓰리고 아플 때.. 역류성 식도염의 치료 방법은 무엇일까?,내과전문의 닥터케이 Dr.K,210625,4528,2020-06-26 09:00:04+00:00,941,15.306122448979592,Medical Pro,Description,2122,99.25777568331762,4.607744626104692,0,0,0
-avhna6-KzA,역류성식도염,"#9. 역류성식도염 약, 계속 먹어도 될까요? [왔다, 박교수! 시즌3] (서울백병원 가정의학과 박현아 교수)",의학채널 비온뒤,202820,4229,2022-06-06 12:56:00+00:00,3087,1.673151750972762,General,Description,1412,143.6402266288952,4.974249463490642,0,0,0
cDbNp2U978M,역류성식도염,"만성 위염, 역류성 식도염에 ""이걸"" 드시면 극적으로 개선되고 병원약을 끊게 됩니다.",약사가 들려주는 약 이야기,196677,4635,2024-10-22 10:00:45+00:00,732,14.084507042253522,Medical Pro,Description,543,362.2044198895028,5.894965815952385,0,0,0
oi1iccOvWP4,역류성식도염,재발하는 역류성식도염 약 없이 완치하려면? 음식? 운동? 한국인 치료법 따로 있다,진액보충 김상태 원장,163254,4486,2025-01-09 21:00:36+00:00,1167,9.25925925925926,General,Description,464,351.8405172413793,5.866016162326969,0,0,0
7HRxlqDjlg0,역류성식도염,(ENG/CN)내가 역류성 식도염? 역류성 식도염의 원인 증상!,내과전문의 닥터케이 Dr.K,148552,2632,2020-06-19 09:00:03+00:00,945,10.526315789473683,Medical Pro,Description,2129,69.77548144668859,4.259512633471309,1,1,0
oGBIe-ssDk0,역류성식도염,"역류성식도염 치료, 만족스러우신가요? 역류의 원인별 대책을 알아봅니다.",이재성 박사의 식탁보감,139611,5323,2019-12-30 07:09:54+00:00,605,3.5650623885918,General,Description,2301,60.67405475880052,4.121863336133409,0,0,0
XY4tag1AHJI,역류성식도염,"역류성식도염, 음식만 잘 먹어도 호전된다?",장튼위튼병원,130942,1354,2020-05-19 05:50:20+00:00,181,13.043478260869565,Medical Pro,Description,2160,60.62129629629629,4.121007529888117,0,0,0
loVc-MFXM5k,역류성식도염,참기 힘든 역류성 식도염! 증상과 치료 / 가천대 길병원 소화기센터 김경오 교수,길병원TV,125155,1330,2020-07-30 00:55:13+00:00,212,22.3463687150838,Medical Pro,Description,2088,59.940134099616856,4.109891974073961,1,1,0
4XoY5kVTa2s,역류성식도염,역류성 식도염에 좋은 음식 #shorts,메디맵,134753,1647,2023-02-17 08:00:02+00:00,46,16.06425702811245,General,Description,1156,116.56833910034602,4.767019773879686,0,0,1
nNxVOPBB-ZE,역류성식도염,역류성 식도염 방치하면 식도암 발병률 30~40배 높이는 ‘이것’ 생긴다! - 전정현의 위장 클리닉 #4ㅣ역류성 식도염 치료 수술 시술 바렛식도 수면내시경 위암검진 헬리코박터,굿라이프,119486,1582,2023-06-23 08:00:30+00:00,499,19.7682119205298,General,Description,1030,116.00582524271844,4.762223721957658,1,1,0
YjTmhlerSlU,역류성식도염,스트레스 해소& 역류성 식도염 예방까지?! 머리 숙이기 운동! [내 몸 사용설명서] 228회 20181123,TVCHOSUN - TV조선,110380,989,2018-11-23 11:00:06+00:00,100,6.622516556291391,Medical Pro,Description,2703,40.836108028116904,3.7337597950695107,0,0,0
DIe6Xh-rn58,역류성식도염,역류성식도염 완치를 위한 초간단 운동법! #한의사김상태 #shorts,진액보충 김상태 원장,132207,4364,2023-05-30 12:00:08+00:00,59,8.368200836820083,General,Description,1054,125.43358633776091,4.839717161114335,0,0,1
DIvpvZDvNY0,역류성식도염,무엇이든 물어보세요 - 역류성 식도염 증상 20180206,KBS 교양,93143,494,2018-02-06 05:49:33+00:00,136,31.25,General,Description,2993,31.120280654861343,3.4694876267384367,1,1,0
9iTSXwWsnmU,역류성식도염,역류성식도염 - 의사들도 간과하는 원인과 치료,닥터조의 건강이야기,89680,3213,2021-02-07 22:00:01+00:00,913,9.1324200913242,Medical Pro,Description,1896,47.29957805907173,3.877422824783345,0,0,0
Xl8KyDMT9a4,역류성식도염,역류성 식도염 재발 없이 완치가 가능할까? 위식도역류질환의 관리와 치료방법 | 소화기내과 김연지 교수,용인세브란스병원,91161,800,2024-01-25 04:28:53+00:00,262,16.598272138228943,Medical Pro,Description,814,111.9914004914005,4.727311713970435,0,0,0
thmjfjpZn0o,역류성식도염,역류성 식도염 l 위산 차단제 안 먹고 치료하는 방법 l 역류성 식도염의 생활습관 교정 l 닥터딩요,닥터딩요,1503712,32238,2020-04-02 09:00:21+00:00,599,10.60070671378092,Medical Pro,Description,2207,681.3375623017671,6.5255244947782245,0,0,0
WMa7cMTujT4,역류성식도염,"역류성식도염 치료, 꼭 약을 장기간 복용해야 하나요?",한국보건의료연구원 NECA,86989,771,2022-05-25 04:08:20+00:00,571,25.94033722438392,General,Description,1424,61.0877808988764,4.128549204665254,0,0,0
eCE-8y8amlk,역류성식도염,역류성 식도염 환자가 먹지말아야 할 음식은~,헬스케어투데이,100476,600,2016-03-21 22:54:43+00:00,22,12.56281407035176,General,Description,3680,27.303260869565218,3.342977023084269,0,0,1
oQBS48Dr7SY,역류성식도염,[명의] 명의가 알려주는 역류성 식도염 증상 | 식도염은 왜 생기고 어디가 아플까? | 타는 듯한 가슴 통증 - 식도가 보내는 SOS,EBS,82354,421,2023-01-06 10:00:24+00:00,135,11.940298507462687,General,Description,1198,68.74290484140234,4.244815692823461,1,1,0
Q9hHLOTktGo,역류성식도염,역류성식도염 완치를 위한 간단한 체조 운동법!,진액보충 김상태 원장,74614,3135,2023-05-27 12:00:19+00:00,482,13.422818791946307,General,Description,1057,70.59035004730369,4.270960289007869,0,0,0
SYdm3b6fGA0,역류성식도염,[Full] 귀하신 몸 - 31화 ''국민병'' 역류성 식도염 해방일지,EBSDocumentary (EBS 다큐),70379,775,2023-12-22 17:00:23+00:00,2845,13.6986301369863,General,Description,848,82.99410377358491,4.43074660320805,0,0,0
jraFdarbfvg,역류성식도염,"15. 역류성식도염,소화불량,불면증을 고치는 특별한 호흡법, 횡격막호흡법 안내 ㅣ한의학박사 서울김 ㅣ ft 부부한의사",부부한의사,69083,2017,2021-02-23 13:19:45+00:00,522,8.298755186721992,Medical Pro,Description,1880,36.74627659574468,3.630886837605151,0,0,0
JG5eJqzynEQ,역류성식도염,"역류성 식도염, 약 먹어도 안 낫는다면 이건 식도염이 아닙니다!! (서울백병원 박현아) #shorts",의학채널 비온뒤,75840,900,2022-07-11 02:00:03+00:00,54,10.0,General,Description,1377,55.07625272331155,4.0267124202960405,0,0,1
K12O-aZRym4,역류성식도염,위산이 식도를 넘어 후두까지 역류한다! '역류성 후두염',건강의학전문채널 하이닥,64517,860,2020-12-31 01:26:26+00:00,333,8.818342151675486,General,Description,1934,33.3593588417787,3.5368744369238723,0,0,0
HmHdXCtlqvw,역류성식도염,약 먹었는데도 고통스러운 역류성 식도염 / SBS,SBS 뉴스,61214,187,2017-12-09 13:58:31+00:00,117,2.7220077220077217,General,Description,3052,20.057011795543907,3.047233606588337,0,0,0
zYfL8EHsOtc,역류성식도염,역류성 식도염의 대표 증상은? [무엇이든 물어보세요] 20190806,KBS 교양,57920,292,2019-08-06 07:45:15+00:00,219,26.31578947368421,General,Description,2447,23.669799754801797,3.2055798135566325,1,1,0
s1xwByKVrBY,역류성식도염,역류성 식도염을 의심할 수 있는 증상 확인법✏️ 맛있는 이야기 미라클 푸드(Miracle Food) 72회,JTBC Life,56186,220,2020-10-21 03:51:54+00:00,180,34.48275862068966,General,Description,2005,28.02294264339152,3.3680866428457317,1,1,0
Ke9NmImHScY,역류성식도염,역류성 식도염 내시경 고주파로 치료 / YTN, YTN,55836,284,2019-09-21 20:46:59+00:00,116,11.806722689075633,General,Description,2401,23.255310287380258,3.1886355743335666,0,0,0
kHjn8UMetCY,역류성식도염,역류성 식도염으로 고생하는 분은 꼭 아셔야 합니다! 역류성 식도염 증상과 원인 - 전정현의 위장 클리닉 #3ㅣ역류성 식도염 카페인 커피 초콜릿 혈압약 위내시경 위암검진,굿라이프,55290,747,2023-06-16 08:00:28+00:00,530,14.197080291970805,General,Description,1037,53.317261330761816,3.9948420646517904,2,1,0
MZ2UD1TBHww,역류성식도염,"역류성 식도염과 협심증의 공통적인 증상 가슴 통증, 구별할 수 있을까?｜#명의",EBS,59383,254,2024-11-29 10:00:23+00:00,80,16.431924882629108,General,Description,505,117.590099009901,4.77567300086885,1,1,0
4xPKxOzfK-s,역류성식도염,역류성 식도염에 먹으면 좋은 음식 TOP5,건강장인TV,51237,980,2023-04-12 23:00:02+00:00,60,6.12676056338028,Medical Pro,Description,1102,46.494555353901994,3.860615080342369,0,0,1
Oao106H6OiY,역류성식도염,위식도역류. 위식도가 불타고 있어요 (역류성식도염) [닥터트루스] 슬기로운 심장생활 21,삼성서울병원,48719,1020,2021-01-22 08:00:04+00:00,400,9.418604651162791,Medical Pro,Description,1912,25.480648535564853,3.2764142222932473,0,0,0
5P6_EthOflM,역류성식도염,[#비디오헬스] 콜록콜록! 마른 기침! 역류성 식도염의 증상?!,서울대병원tv,48190,394,2020-09-21 04:00:03+00:00,194,14.88095238095238,Medical Pro,Description,2035,23.68058968058968,3.20601709180644,1,1,0
Ifp9AI-onzk,역류성식도염,역류성 식도염에 좋은 음식과 피해야 할 음식은?...내과 김동석 원장,건강의학전문채널 하이닥,46433,461,2021-08-06 22:00:04+00:00,208,11.566771819137749,General,Description,1716,27.05885780885781,3.334304368530714,0,0,0
PkXWIkRI-io,역류성식도염,"목이물감, 역류성식도염 치료를 받아도 사라지지 않는다면? 이것을 의심하세요! 자율신경 실조증 목이물감! #shorts #목이물감 #자율신경",자하연TV,67567,886,2024-06-26 06:28:26+00:00,60,14.92537313432836,Medical Pro,Description,661,102.21936459909229,4.636856476909077,0,0,1
zb3oUv_Kx20,역류성식도염,"역류성식도염, 위염, 소화불량 등 위 영양제 이거 하나만 드셔도 충분합니다. 내 증상에 딱 맞는 최고의 선택은? 매스틱검 vs 징크카르노신 vs DGL",영양과학자 양과자,37801,988,2025-03-25 05:01:58+00:00,481,5.319148936170213,General,Description,389,97.17480719794345,4.586749636601116,1,1,0
-YjHz5w71pM,역류성식도염,"역류성식도염 증상, 원인, 예방법 모두 공개 #Shorts",위담한방병원,46540,0,2024-06-04 20:00:00+00:00,55,31.00775193798449,Medical Pro,Description,683,68.14055636896047,4.236141481452141,1,1,1
WpeB1x9_BIk,역류성식도염,역류성 식도염 빨리 완치되는 방법 6가지!｜역류성 식도염편 [G1 홈닥터 13회 미방영분],성지병원TV,36125,278,2022-06-07 03:47:32+00:00,303,32.25806451612903,Medical Pro,Description,1411,25.602409638554217,3.281001799600388,0,0,0
ZCretMci-AI,역류성식도염,"성가신 역류성 식도염😔, 과민성대장증후군🤦‍ , 효과적인 관리 방법은? 🏥 소화기 질환 편│궁금하닥",헬스피디아,35464,1266,2023-03-17 03:00:20+00:00,346,2.092198581560284,General,Description,1128,31.43971631205674,3.479383484204558,0,0,0
fNz_PQOBe54,역류성식도염,"역류성 식도염, 잘 먹기만 해도 된다?!",필한방TV:필한방병원,35423,360,2020-07-31 02:16:22+00:00,106,18.01801801801802,Medical Pro,Description,2087,16.973167225682797,2.888879935998732,0,0,0
c7edHKD2PEY,역류성식도염,역류성 식도염 이 행동은 꼭 고치세요 #shorts,삼성서울병원,43686,365,2024-06-20 06:00:13+00:00,43,24.390243902439025,Medical Pro,Description,667,65.49625187406296,4.197145583277321,0,0,1
FshSTerw5dQ,역류성식도염,역류성 식도염의 증상과 치료방법은?...내과 전문의 이병호 원장,건강의학전문채널 하이닥,34451,260,2021-07-08 22:00:16+00:00,148,14.409221902017292,General,Description,1745,19.74269340974212,3.0321940598344965,1,1,0
bE-sjEtUayI,역류성식도염,"양배추 보다 효과적인 위장 영양제 DGL 1등 추천. 역류성식도염, 구내염, 헬리코박터, 위궤양 [영양제리뷰55]",영양과학자 양과자,33630,686,2025-02-20 03:27:00+00:00,510,9.75609756097561,General,Description,422,79.69194312796209,4.390638732967936,0,0,0
ZH-RDocYPGk,역류성식도염,약 없이 역류성 식도염 낫는 방법,러브에코Love Echo,49513,620,2023-09-01 04:47:12+00:00,60,15.68627450980392,General,Description,960,51.57604166666667,3.962260534358094,0,0,1
L2_ptDfbb-s,역류성식도염,"위염, 역류성 식도염이 낫지 않는 이유 #Shorts",위담한방병원,32621,0,2024-04-18 07:20:40+00:00,53,15.810276679841897,Medical Pro,Description,730,44.68630136986302,3.821798501759288,0,0,1
qKWk_gMD5bc,역류성식도염,위에 좋은 운동법! 역류성식도염 완치 운동! 소화가 잘되고 가슴답답함도 편안해집니다.,진액보충 김상태 원장,28027,1125,2024-03-01 07:00:21+00:00,669,6.666666666666667,General,Description,778,36.02442159383033,3.611577737988092,0,0,0
tEH8mNqnviQ,역류성식도염,"3분 만에 역류성식도염 파헤치기, 역류성식도염 증상부터 원인, 치료방법까지 알려드립니다. 역류성식도염 의심된다면 바로 시청하세요 [위담 건강지식인]",위담한방병원,26069,0,2020-12-04 04:01:23+00:00,192,22.988505747126435,Medical Pro,Description,1961,13.293727689954105,2.659820817962488,1,1,0
xZQKCqxL2yI,역류성식도염,"""설마 나도 역류성식도염?"" Check !",위강한의원,55101,198,2025-07-24 09:17:04+00:00,12,7.092198581560283,General,Description,268,205.6007462686567,5.330788168821593,0,0,1
5bQgQX6MBAs,역류성식도염,역류성 식도염을 유발하는 나쁜 음식 3가지 #shorts #건강정보 #역류성식도염,몬스테라_건강정보,21111,286,2023-06-29 13:54:47+00:00,60,4.694835680751174,General,Description,1024,20.6162109375,3.0734435395667883,0,0,1
S_-IVG2mBq8,역류성식도염,역류성식도염의 모든 것 제 2탄! 느슨해진 위식도괄약근? 원인 지목부터가 잘못됐으니 치료가 안되죠,우리 모두 튼튼,20392,914,2024-10-24 04:46:56+00:00,903,7.905138339920948,General,Description,541,37.69316081330869,3.6556628612480386,0,0,0
RnpvrYYVBf0,역류성식도염,잘 안낫는 역류성식도염 이것 2가지만 드세요~~#역류성식도염 #점막회복 #위산과다,조약사의 건강비책,20820,332,2023-03-20 03:30:08+00:00,57,31.746031746031747,Medical Pro,Description,1125,18.506666666666668,2.970756287483814,0,0,1
tFcihg0tBKU,역류성식도염,"역류성 식도염, 난치성 염증성 장염 극복 방법!",진약사톡,19270,806,2024-07-26 09:00:48+00:00,1499,3.745318352059925,Medical Pro,Description,631,30.538827258320126,3.4512193981651,0,0,0
wL7YGilRw00,역류성식도염,역류성식도염 있을 때 수면 자세만 바꿔도 좋아집니다!,위담한방병원,18737,0,2023-02-13 08:53:09+00:00,210,20.737327188940093,Medical Pro,Description,1160,16.15258620689655,2.8421489614788378,0,0,0
IdFiTqL_79o,역류성식도염,역류성 식도염 어떻게 치료할까? | 닥Q멘터리 EP.48 역류성 식도염 치료방법,보령,17737,45,2023-03-03 01:50:30+00:00,250,25.13966480446928,General,Description,1142,15.531523642732049,2.8052690819790875,0,0,0
UUtMTaLUh4M,역류성식도염,역류성 식도염인데 왜 숨차고 두근두근?,닥터스 체인지,16876,0,2023-04-18 11:07:50+00:00,161,30.76923076923077,Medical Pro,Description,1096,15.397810218978103,2.7971478026820895,0,0,0
N_w9F2Mhrx4,역류성식도염,무엇이든 물어보세요 - 가슴통증의 원인 - 역류성 식도염 20180206,KBS 교양,16041,71,2018-02-06 05:49:33+00:00,194,50.0,General,Description,2993,5.359505512863348,1.8499506247795898,0,0,0
CLtziVi5Ijw,역류성식도염,생로병사의 비밀 - 4년 전 역류성식도염 진단 받은 백경진 씨  20181226,KBS 다큐,16008,64,2018-12-26 14:12:09+00:00,169,29.41176470588235,General,Description,2670,5.995505617977528,1.945267888275368,0,0,0
6WKZc0Yrff4,역류성식도염,"역류성식도염, 역류성후두염 치료에 좋은 한약",모커리 근육신경재활TV,15248,197,2022-07-08 08:28:35+00:00,369,24.15458937198068,Medical Pro,Description,1380,11.049275362318841,2.4890045222212778,0,0,0
Urb3svCuMtE,역류성식도염,속 쓰린 역류성식도염 있을 때 양배추 먹으면 도움 되나요?😕 #shorts,화홍병원 - 건강화홍TV,21237,73,2023-02-16 06:04:16+00:00,27,23.64864864864865,Medical Pro,Description,1157,18.355229040622298,2.9629626176264656,0,0,1
QEscMb9kfWA,역류성식도염,역류성식도염 때문에 기침이 자꾸 나올때는 여기를 눌러주세요.,강한뇌,19782,259,2023-11-22 07:28:27+00:00,61,13.333333333333334,General,Description,878,22.530751708428244,3.158308149038513,0,0,0
j566AHk_7V8,역류성식도염,'역류성식도염의 모든 것' 영상 보고 찾아오신 분 이야기 들어보시죠! 느슨해진 식도 괄약근 치료를 위해 안해본 것이 없다는..,우리 모두 튼튼,14106,614,2024-11-01 05:41:11+00:00,859,10.95290251916758,General,Description,533,26.465290806754222,3.3129230550055673,0,0,0
6iwqfmEAKxA,역류성식도염,역류성식도염의 치료에 비타민c가 도움이 될까요? 위산억제제의 부작용,동네의사 닥터윤,13500,191,2021-08-07 03:45:02+00:00,368,17.54385964912281,Medical Pro,Description,1715,7.871720116618076,2.182868702731031,0,0,0
z9GouB5NVWo,역류성식도염,[Full] ( ? )을 찾는 게 중요합니다! #비염 #천식 #역류성식도염ㅣ귀하신 몸ㅣ92화 당신의 기침이 낫지 않는 이유,EBSDocumentary (EBS 다큐),12094,145,2025-02-28 17:01:23+00:00,2743,8.968609865470851,General,Description,414,29.21256038647343,3.4082577447524174,0,0,0
1rdOmwwd3CU,역류성식도염,"위식도괄약근이 약해지는 진짜 이유, 역류성식도염 완치하려면",진액보충 김상태 원장,19807,453,2025-02-04 04:00:02+00:00,60,27.027027027027028,General,Description,438,45.221461187214615,3.8334442180898156,0,0,1
zF3BaPsxqQ8,역류성식도염,"후비루, 역류성식도염 구분 치료",상쾌한의사 김성찬 ,15024,147,2024-03-14 22:00:36+00:00,59,11.764705882352942,Medical Pro,Description,765,19.63921568627451,3.027192940195353,0,0,1
UE3j3mXc7HI,역류성식도염,"역류성식도염 장상피화생, 진액을 보충하면 이 정도로 좋아질 수 있습니다. 치료 안된다는 말에 낙담하지 마세요.",우리 모두 튼튼,10136,529,2024-12-03 05:00:31+00:00,418,12.455516014234876,General,Description,501,20.231536926147704,3.0554876671668,0,0,0
xeIOgHxcOD0,역류성식도염,"역류성식도염, 위산분비 억제하면 절대 안 낫습니다. 역류성식도염 완치를 위한 필수시청영상! #장상피화생",진액보충 김상태 원장,10049,577,2023-10-25 22:00:34+00:00,628,11.922503725782414,General,Description,906,11.091611479028698,2.4925119459865877,1,1,0
_mWn27G-OPo,역류성식도염,역류성 식도염 환자가 커피 마실 수 있는 방법,저속노화,21851,29,2025-09-26 10:30:36+00:00,24,37.03703703703704,General,Description,204,107.11274509803921,4.6831746186948235,0,0,1
34UOSvrJcY8,역류성식도염,"고통스러운 역류성 식도염, 가슴쓰림.. 원인은 따로 있어요",진약사톡,8563,446,2025-03-19 09:00:05+00:00,701,4.672897196261682,Medical Pro,Description,395,21.678481012658228,3.1214165018661237,0,0,0
iA41PIZ5vgo,역류성식도염,[명의 의학백과📖] 역류성 식도염 치료제,고대병원,8515,105,2023-09-14 01:30:17+00:00,92,10.0,Medical Pro,Description,947,8.99155227032735,2.3017399630050153,0,0,0
qpASOcm4gGw,역류성식도염,재발하는 역류성후두염 여기가 문제입니다 #역류성후두염 #역류성식도염 #식도염,두청한의원 김도환 한의사,9007,66,2024-12-23 10:30:21+00:00,54,3.3444816053511706,Medical Pro,Description,481,18.725571725571726,2.9819158511317454,0,0,1
FTot2Uu0Rfo,역류성식도염,"역류성식도염 약은 소금이다  #소화불량, 만성기침, 가슴통증, 내시경",알고싶은 건강 이야기,7688,81,2023-06-11 12:28:40+00:00,39,9.26612305411416,General,Description,1042,7.378119001919385,2.1256234265203355,0,0,1
WVqLUAwbRqY,역류성식도염,의사들이 말하는 역류성 식도염에 안좋은 음식 5가지 - 50대 중년 이후 필수 건강 관리 방법,건강을 전하는 아들래미,8355,86,2024-06-10 11:45:02+00:00,36,12.5,General,Description,677,12.341211225997046,2.590857832917223,0,0,1
xoHjNU0bm6A,역류성식도염,#소화불량#역류성식도염#입냄새#제산제 🔴속 뻣뻣하고 소화 불량·식도염.. 고통스러운 이런 위장질환들 약 안먹고 낫는 해결책 알려준다! [이지향 약사의 무엇이든 물어보약 13화],한국불교 대표방송 BTN,6812,185,2023-10-06 05:00:10+00:00,2619,2.40694789081886,General,Description,925,7.364324324324325,2.1239755570370296,0,0,0
_-lFfsyshzY,역류성식도염,"역류성 식도염, 간염! 진약사 체험 사례. 이렇게 했더니 쉬웠어요 [몰아보기]",진약사톡,6532,327,2026-01-03 09:00:53+00:00,1506,7.84313725490196,Medical Pro,Description,105,62.20952380952381,4.146454982988401,0,0,0
2MICJ5bbh-o,역류성식도염,역류성식도염 방지 베개의 숨겨진 활용법 발견!? ※#신경외과전문의 의사가 직접 써봤습니다※,연세하나병원,7765,58,2024-10-18 01:24:54+00:00,43,8.595988538681949,Medical Pro,Description,547,14.195612431444241,2.721006730357082,0,0,1
H_MA1sFJklY,역류성식도염,[이러면 낫는다] 역류성 식도염 있으신 분은 '이렇게' 누워 주무세요 #shorts,조선일보 의학·건강,12661,46,2025-06-11 03:00:29+00:00,29,5.037593984962406,General,Description,311,40.71061093247589,3.7307555552479745,0,0,1
YKfV3xdyjIw,역류성식도염,[닥터소확행 8화] 역류성 식도염 약 (PPI) 오래 복용하면 뼈가 약해진다고요? 부작용이 걱정되요!  위식도역류질환 약 장기 복용할 때 이렇게 하세요. 안전한 장기복용법!!!,닥터 소확행,6166,141,2022-08-26 10:00:18+00:00,649,27.243947858473,Medical Pro,Description,1331,4.632607062359129,1.7285724011079504,0,0,0
sdwk-c8oUM0,역류성식도염,너무나도 괴로운 역류성 식도염 끝짱내기,칼슘박사 SEAN LEE TV,5646,351,2024-06-10 00:12:04+00:00,579,9.45179584120983,Medical Pro,Description,677,8.3397341211226,2.2342777851463382,0,0,0
1Oyi2TUAedM,역류성식도염,역류성 식도염에 좋은 음식 10가지,이안한방병원,4974,34,2024-07-26 05:22:46+00:00,139,12.12121212121212,Medical Pro,Description,631,7.882725832012678,2.1841084729650473,0,0,0
4lhz8FnG3oQ,역류성식도염,역류성식도염 물 먹는 4가지 방법,걷는 청년,4782,137,2023-10-29 04:30:32+00:00,242,9.70873786407767,General,Description,902,5.301552106430155,1.8407959691543676,0,0,0
som5frsTDjM,역류성식도염,역류성식도염에 위산차단제? 오히려 그 반대로 해야 합니다,진액보충 김상태 원장,4694,275,2025-12-24 21:01:04+00:00,1046,2.183406113537118,General,Description,115,40.81739130434783,3.733312312914413,0,0,0
7k0-js5Aor0,역류성식도염,역류성식도염 계속 안 낫는다면? 자율신경 실조가 원인입니다. #역류성식도염,자하연TV,6546,168,2024-08-21 08:18:28+00:00,60,63.29113924050633,Medical Pro,Description,605,10.819834710743802,2.4697790280175544,0,0,1
Q-R4KTA2dzQ,역류성식도염,"""역류성 식도염 딱! 낫는법"" 소화안될때, 위산(신물)이 올라올때 식도가 타는 느낌에 약도 소용없다? 명치통증,속쓰림,등통증,기침,입냄새 증상에 좋은음식과 줄기세포 주사 치료 병원",루이빈치과 류지헌,7321,232,2025-06-09 22:00:27+00:00,122,8.256880733944953,General,Description,313,23.389776357827476,3.194164042765022,1,1,0
myPrvBBWBlk,역류성식도염,가슴이 아픈데 역류성 식도염? 역류성 식도염 증상 알아보기 / 위식도 EP.10-2 [명의가 답하다],의학채널 명답,9522,13,2025-10-07 01:00:49+00:00,529,13.333333333333334,General,Description,193,49.33678756476684,3.9187361729066548,1,1,0
_GF0PxCjKkM,역류성식도염,"역류성식도염, 위산과다증 때문이 아닙니다. 이것이 문제입니다",진액보충 김상태 원장,6083,132,2025-01-16 06:40:14+00:00,60,6.25,General,Description,457,13.310722100656456,2.6610090535570396,0,0,1
ePObJy37YVc,역류성식도염,"기침, 트림, 속쓰림 싹~ 역류성식도염, 위식도역류질환에 효과적인 횡격막 호흡 마사지법",박미경TV,3923,194,2025-01-04 22:00:28+00:00,634,12.048192771084338,Medical Pro,Description,469,8.364605543710022,2.236937214743087,0,0,0
EWXyH8pxfVA,역류성식도염,4가지 역류성 식도염 환자 간식,걷는 청년,3483,83,2023-04-21 08:00:06+00:00,311,36.14457831325301,General,Description,1093,3.1866422689844467,1.4318990448830953,0,0,0
UhGe_2DpZkg,역류성식도염,"가슴 통증, 역류성 식도염이 아니라 협심증일 수 있다?｜참포도나무병원 심장내과 박중일 원장",참포도나무병원,3427,51,2024-07-03 06:17:59+00:00,515,5.53864168618267,Medical Pro,Description,654,5.240061162079511,1.830989983948607,0,0,0
JK5qstegiNw,역류성식도염,"133화. 잠 방해하는 ""역류성 식도염"" 없애는  3가지 자가치료법",SLEEP Dr. 신원철 꿀잠튜브,3312,100,2023-07-26 10:00:22+00:00,310,6.493506493506493,Medical Pro,Description,997,3.321965897693079,1.4637103676539998,0,0,0
X7FGVUx5BcE,역류성식도염,"#광고 끔찍했던 역류성 식도염, 위염 탈출 후기😭#역류성식도염 #위염",담백씨의 건강레시피,4892,35,2025-02-09 14:55:40+00:00,51,3.086150490730644,General,Description,433,11.297921478060045,2.509430262575136,0,0,1
OlmlBDEeA6E,역류성식도염,"역류성식도염 약, 🔥 평생 먹어야 한다고? 약사가 알려주는 마법 식단! 🥗 l 항생제 덜 먹기🌿 l 위식도 역류질환 ㅣ 소화불량 ㅣ 속쓰림 ㅣ 위산역류 ㅣ 역류성식도염 음식 ㅣ",나의약사 ㅣ 현명한 건강습관,14161,83,2025-05-12 05:53:40+00:00,175,28.75399361022364,Medical Pro,Description,341,41.52785923753666,3.7501593726480213,0,0,0
2WxLyv3yL3g,역류성식도염,[임직원 요청 리뷰 3탄] 역류성 식도염 VS 척추 건강│역류성 식도염 방지 베개 리얼 리뷰 │※#신경외과전문의 의사가 직접 써봤습니다👨‍⚕️※,연세하나병원,3020,29,2024-10-15 05:00:01+00:00,318,10.025062656641603,Medical Pro,Description,550,5.490909090909091,1.8704025965471682,0,0,0
MYoWWKvSHoU,역류성식도염,30대 직장인 역류성 식도염으로 1년동안 이렇게 살았습니다,걷는 청년,2903,89,2023-05-05 09:21:52+00:00,901,47.61904761904762,General,Description,1079,2.690454124189064,1.305749519366007,0,0,0
63PqM5mJ0xE,역류성식도염,"위염, 역류성 식도염 완치를 위한 2주 챌린지! 도전자 3명의 결과는?",바른건강,2907,69,2024-03-06 03:00:03+00:00,1114,13.79310344827586,General,Description,773,3.760672703751617,1.5603889825755546,0,0,0
GQN3Aq-uQzs,역류성식도염,'이것'만 지키면 역류성 식도염 예방할 수 있습니다!...내과 태재웅 원장,건강의학전문채널 하이닥,2850,38,2021-11-09 08:00:08+00:00,236,9.045226130653266,General,Description,1621,1.75817396668723,1.0145688544983045,0,0,0
Bm5BCP3PMII,역류성식도염,역류성식도염 있는 사람들은 잘 때도 그냥 자면 안 된다고요?,신규철 TV,7581,36,2025-04-16 02:00:10+00:00,25,17.094017094017094,Medical Pro,Description,367,20.6566757493188,3.0753137556171373,0,0,1
ok2OlchyeLM,역류성식도염,"신물이 계속 올라오는 증상, 위산이 역류하는 역류성 식도염이란? #Shorts",위담한방병원,6587,0,2025-04-20 02:00:57+00:00,86,5.9523809523809526,Medical Pro,Description,363,18.146005509641874,2.952094104293987,1,1,1
gHPWmJZrP04,역류성식도염,위염 부르는 아침 습관 4가지 #공복음식 #위염주의#역류성식도염 #아침습관#위건강 #소화건강#빈속주의 #시니어건강,건강동행365,6043,96,2025-12-28 01:39:03+00:00,48,10.75268817204301,General,Description,111,54.44144144144144,4.015327354569653,1,1,1
Hg1zAWLKmV8,역류성식도염,"역류성식도염, 심해지면 식도암까지?!",한양대학교병원,2500,30,2023-08-08 08:44:53+00:00,491,25.0,Medical Pro,Description,984,2.540650406504065,1.26431044092014,1,1,0
06tqTgAMzt8,역류성식도염,역류성 식도염 있으면 이렇게 주무세요 #불면증,잠박사TV 허정원,5746,32,2025-05-09 01:16:09+00:00,59,4.651162790697675,Medical Pro,Description,344,16.703488372093023,2.8737617033305445,0,0,1
o_mEWeAssfA,역류성식도염,역류성식도염과 영양요법...,천약사의건강과 약이야기,2477,288,2026-01-10 00:46:36+00:00,319,12.76595744680851,Medical Pro,Description,98,25.275510204081634,3.2686373344272646,0,0,0
tVmNKZQales,역류성식도염,역류성 식도염으로 고생이시면 무화과를 드세요 #시니어건강 #정보 #뉴스 #꿀팁 #건강 #역류성식도염 #식이섬유 #무화과 #과일,지금부터라도 건강하게,8374,1197,2025-08-02 21:00:51+00:00,47,1.3176895306859209,General,Description,259,32.33204633204633,3.506519286535985,0,0,1
rMFWuUe2Ijo,역류성식도염,"역류성 식도염 증상과 발생 원인, 나도 혹시 역류성 식도염?😖",기쁨병원,4241,24,2025-03-27 06:44:21+00:00,43,36.36363636363637,Medical Pro,Description,387,10.958656330749355,2.4814553952837852,1,1,1
LdLMc7ZVmMI,역류성식도염,헷갈리기 쉬운 역류성 식도염과 후두염,#랩이비인후과,4100,25,2025-08-04 06:44:53+00:00,67,28.49002849002849,General,Description,257,15.95330739299611,2.830462941222222,0,0,0
udmmh3vOb00,역류성식도염,[숀리의 스페셜 리포트] 역류성 식도염의 진짜 원인과 대책,칼슘박사 SEAN LEE TV,2077,139,2024-11-04 00:09:01+00:00,1280,6.172839506172839,Medical Pro,Description,530,3.918867924528302,1.593078407387334,0,0,0
JH9lpQVAazE,역류성식도염,역류성 식도염에는 옥시회사에서 나온 개비스콘말고 이것드세요!!!,도해한의원-건강의모든것,2760,20,2023-08-07 06:11:01+00:00,48,28.98550724637681,General,Description,985,2.802030456852792,1.335535254779231,0,0,1
EkZiKGPVShk,역류성식도염,역류성 식도염과 부정맥 Gastroesophageal Reflux Disease(GERD) AND Cardiac Arrhythmias Dr. & Prof. Rho,노태호의심장이야기,2015,88,2024-06-02 15:00:21+00:00,3439,11.299435028248588,General,Description,685,2.9416058394160585,1.3715882137301951,0,0,0
EwHk3i2Qi3Q,역류성식도염,딱 1분: 역류성 식도염(GERD) 핵심 정리,IMRN♡위아너스_김명애TV,4299,69,2025-12-30 07:29:34+00:00,60,3.3928571428571423,Medical Pro,Description,109,39.440366972477065,3.6998284686036067,0,0,1
Hf6eBTfNVu8,역류성식도염,"당신이 모르는 역류성 식도염의 진실 | 역류성식도염증상, 소화불량, 역류성식도염약, 역류성식도염음식, 역류성식도염치료",에이스처방_A's prescription,1955,51,2025-08-27 05:56:42+00:00,426,15.625,General,Description,234,8.354700854700855,2.2358789821651617,1,1,0
k_psf3Hj8wU,역류성식도염,이런 증상 있으신 분들은 역류성 식도염입니다 (증상 원인),남양주백병원(NDBTV),2002,14,2024-08-22 11:34:24+00:00,494,11.419249592169658,Medical Pro,Description,604,3.314569536423841,1.4619975597499755,1,1,0
nqo5NwUpkhA,역류성식도염,[건강선생] 역류성 식도염 증상 개선하려면,건강선생,6806,32,2025-06-05 06:00:48+00:00,6,14.184397163120568,General,Description,317,21.470031545741325,3.1121824901010733,1,1,1
goO4NtOdFhY,역류성식도염,"스트레스가 위염, 역류성 식도염의 주된 원인? 대표적인 스트레스성 질환 알아보기!",여섯시의 진료실,2448,25,2024-04-26 09:00:37+00:00,60,3.257328990228013,General,Description,722,3.3905817174515236,1.4794617279785,0,0,1
91iwundq7fU,역류성식도염,"역류성식도염 증상, 가슴답답 호흡곤란, 심장문제",위편장쾌한의원 서울용산점 /건대입구점,1611,14,2024-02-10 05:00:07+00:00,104,16.87116564417178,General,Description,798,2.018796992481203,1.1048584051650625,1,1,0
f7JUl2PCycg,역류성식도염,"역류성 식도염, “피해야 할 음식 vs 도움 되는 음식""",건강의학전문채널 하이닥,3148,13,2025-11-21 10:01:11+00:00,27,5.736137667304015,General,Description,148,21.27027027027027,3.1032526172652473,0,0,1
nR4XMenJ3wo,역류성식도염,중증 역류성식도염과 소화불량 원인은? 노현민 원장,세상을 바꾸는 지식,1283,16,2022-03-03 07:06:23+00:00,634,54.26356589147287,General,Description,1507,0.8513603185136032,0.6159206761889159,0,0,0
xjSWCGkpb2M,역류성식도염,"담즙 역류성 위염, 치료 안 하면 어떻게 될까요?",친절한 외과전문의 송쌤&김쌤,1282,14,2025-07-15 07:39:01+00:00,165,7.590132827324478,General,Description,277,4.628158844765343,1.727782362870438,0,0,0
D6J8lP1--V8,역류성식도염,"역류성식도염 및 위장질환 원인, 담적! 치료방법은? 노현민 원장",세상을 바꾸는 지식,1206,15,2019-12-26 09:00:12+00:00,763,80.8080808080808,General,Description,2305,0.5232104121475054,0.4208202207376833,0,0,0
_NDRd7hsldE,역류성식도염,"잦은 위장병, 역류성식도염 원인은? 위담한방병원 노현민 원장",세상을 바꾸는 지식,1205,23,2020-10-05 08:37:27+00:00,686,28.40909090909091,General,Description,2021,0.5962394854032657,0.46765054128153316,0,0,0
FShTxBcOzoA,역류성식도염,역류성 식도염인데 비타민 C 먹어도 될까요?,닥터한스 ZIP,2198,10,2025-06-28 10:31:21+00:00,63,1.658374792703151,Medical Pro,Description,294,7.476190476190476,2.137261112568662,0,0,0
xHQS-4A4DHM,과민성대장증후군,315. 배에 가스가 많이 찬다면 피해야 할 음식5 ㅣft 부부한의사,부부한의사,3285462,41150,2023-09-28 10:17:00+00:00,59,16.574585635359117,Medical Pro,Description,933,3521.395498392283,8.166896576446259,0,0,1
bibrNRWRz8k,과민성대장증후군,"의사들이 경고하는 대장암 위험 신호! 이런 증상 있다면 바로 병원으로 가세요! | 대장암, 대장암 전조증상, 과민성대장증후군",암 찾는 의사 이원경,896669,9110,2023-06-27 08:14:29+00:00,916,10.253164556962028,Medical Pro,Description,1026,873.9463937621832,6.774162620209092,6,1,0
PR4eUe9HIJM,과민성대장증후군,"만성 변비, 설사, 복부팽만 소화불량의 원인인 '과민성 대장증후군'에 '이 영양제'를 드시면 해결됩니다 (과민성 대장증후군의 원인을 치료해야 합니다!)",약사가 들려주는 약 이야기,565951,11119,2024-01-05 10:00:16+00:00,748,20.304568527918786,Medical Pro,Description,834,678.5983213429257,6.521501919728402,0,0,0
cRmD1IrL-tg,과민성대장증후군,(ENG/CN)약 먹지 않고 과민성 대장 증후군을 치료하는 방법이 있다?,내과전문의 닥터케이 Dr.K,370142,7338,2020-07-10 09:00:21+00:00,707,14.492753623188406,Medical Pro,Description,2108,175.58918406072107,5.173826040885002,0,0,0
6KeXLLiQ20k,과민성대장증후군,왜 나만 배에 가스가 찰까? 검사와 치료 방법! #과민성대장증후군 가스형 치료,아프지마쇼Show,317554,4324,2021-03-23 08:00:04+00:00,1168,13.79310344827586,General,Description,1852,171.46544276457882,5.150196884602776,0,0,0
yEV19hY82sg,과민성대장증후군,"배가 꾸루룩, 트림/방귀가 자주 나오는 이유? 과민성대장증후군 가스형일 수 있습니다 자율신경 기능의학",아프지마쇼Show,290879,3757,2021-03-19 09:00:35+00:00,833,3.571428571428572,General,Description,1856,156.72359913793105,5.060844128543194,0,0,0
Vn-orGdsHl0,과민성대장증후군,먹었다 하면 배아프고 설사하고.. 지긋지긋한 과민성 대장 증후군! #Shorts,내과전문의 닥터케이 Dr.K,332617,4502,2022-04-21 08:50:02+00:00,60,10.638297872340424,Medical Pro,Description,1458,228.13237311385458,5.434299885080658,0,0,1
4Upugzd6gg8,과민성대장증후군,이것을 매일 마시면 과민성대장증후군이 싹~사라진다. 30일만에 과민성대장 탈출하기 [한의학박사 김순렬],김순렬TV,233644,5046,2022-04-17 22:00:01+00:00,431,2.487562189054726,Medical Pro,Description,1462,159.81121751025992,5.080231114947651,0,0,0
o18YHABZl2Q,과민성대장증후군,과민성대장증후군과 궤양성대장염의 공통원인. 장누수증후군(새는장증후군) 있을 때 반드시 해야할 3가지 원칙 [한의학박사 김순렬],김순렬TV,234393,466,2025-03-01 22:52:20+00:00,649,3.8339222614841,Medical Pro,Description,413,567.5375302663439,6.343067327311248,0,0,0
o5-kqAGiaRA,과민성대장증후군,"간헐적단식으로 8개월간 13kg 빠졌어요 (+위경련, 과민성대장증후군 치료)",다이어트 과학자 최겸 Gyum Choi,180693,3507,2023-07-20 08:59:22+00:00,3134,4.056795131845842,General,Description,1003,180.15254237288136,5.199339451870707,0,0,0
yGIx98X7d-c,과민성대장증후군,복부 팽만과 복부 가스가 생긴다면 바로 이 기능에 문제가 생긴 건 아닌지 확인해보세요. *복부팽만감 원인 / 복부가스 차는 이유*,숲속과민,241086,1377,2024-06-03 13:09:28+00:00,42,4.219409282700422,General,Description,684,352.46491228070175,5.867784222364116,0,0,1
QmC65-sdoWw,과민성대장증후군,"묽은 변, 풀어지는 변, 잦은 설사, 장염, 과민성대장증후군. 더 이상 참지마세요. 확실한 치료법이 드디어 나왔습니다.[한의학박사 김순렬]",김순렬TV,145103,556,2025-09-06 01:52:06+00:00,559,2.385524372230428,Medical Pro,Description,224,647.78125,6.475095602876823,0,0,0
LzwVg31bd2c,과민성대장증후군,"복부팽만증 3단계 치료법. 과민성대장증후군, 부글부글 차는 가스 없애고 싶다면? [한의학박사 김순렬]",김순렬TV,115808,3368,2019-11-12 04:40:38+00:00,389,3.236245954692557,Medical Pro,Description,2349,49.3009791400596,3.9180245429213945,0,0,0
E8kJKYPE0Uk,과민성대장증후군,"[한성우 원장] 자주 가스차고, 과민성대장증후군 달고 사시는 분들! 칼프로텍틴검사 들어보셨나요? 아주 간단합니다!","맞춤주치의, 닥터JM",103097,19,2024-02-16 09:00:20+00:00,210,14.814814814814817,Medical Pro,Description,792,130.1729797979798,4.876516908638323,0,0,0
EchRDnSXBm4,과민성대장증후군,#배가아픈이유 무조건 #과민성대장증후군 일까? #배아플때 꼭 봐야할 영상,아프지마쇼Show,97854,1175,2020-08-21 15:13:50+00:00,621,8.174386920980927,General,Description,2066,47.363988383349465,3.8787554951198753,0,0,0
hy5-PxWwhLo,과민성대장증후군,"[Full] 귀하신 몸 - 4부 많이 가는 남자, 적게 가는 여자",EBSDocumentary (EBS 다큐),96436,1288,2023-06-13 05:03:14+00:00,2737,8.032128514056225,General,Description,1040,92.72692307692307,4.540385480703536,0,0,0
SmBDhINqELE,과민성대장증후군,과민대장증후군으로 고생이라면? #Shorts,여에스더의 에스더TV,104234,1894,2022-05-17 02:55:21+00:00,40,4.098360655737705,Medical Pro,Description,1432,72.7891061452514,4.301211107502549,0,0,1
l5RzmTqCnYg,과민성대장증후군,잦은 복통·설사 '과민성 장 증후군'...원인·치료법에 한 걸음 더! / YTN, YTN,89486,882,2024-02-19 19:23:03+00:00,179,4.469696969696969,General,Description,789,113.4169835234474,4.7398495252997845,0,0,0
3ibSlhKJ_WI,과민성대장증후군,"새벽감성, 과민성 대장 증후군, 과민성 두통, 스트레스, 어깨 뭉침, 자율신경계 고장, 평소에 걱정이 많은 신청자는 어떻게 물리치료를 받고 어떤 운동을 해주는 게 좋을까?",올라운더 장박사 ,79527,745,2024-05-16 08:00:05+00:00,717,7.194244604316546,General,Description,702,113.28632478632478,4.7387069204786885,0,0,0
t5nSCDJalYQ,과민성대장증후군,"과민성대장, 과민한 장, 예민한 장으로 인한 설사 이 유산균으로 잡을 수 있습니다. [아이허브, 쿠팡파트너스 광고 활동 포함]",영양과학자 양과자,79533,1590,2024-07-01 22:00:37+00:00,421,7.092198581560283,General,Description,656,121.23932926829268,4.805980838396389,0,0,0
wHUy3Mu1YZA,과민성대장증후군,과민성대장증후군은 무엇일까?,우리 모두 튼튼,71608,535,2018-09-03 05:52:37+00:00,233,3.636363636363636,General,Description,2784,25.721264367816094,3.285459666703723,0,0,0
XHikA8ol9mk,과민성대장증후군,[변한의원] 과민성대장증후군의 위험성과 치료법 (평화방송),변한의원,65138,717,2017-02-16 04:32:10+00:00,2808,14.414414414414416,General,Description,3348,19.4557945041816,3.0182661921905583,1,1,0
NgXdL38G9Ko,과민성대장증후군,"설사, 심한 복통의 과민성대장증후군 예방법 #shorts",위담한방병원,74580,0,2022-10-31 08:55:59+00:00,57,11.049723756906078,Medical Pro,Description,1265,58.95652173913044,4.093619661864152,0,0,1
80zH-DieFsM,과민성대장증후군,"과민성장증후군 증상, 진단 #과민성장증후군 #과민성대장증후군",속편한TV,57813,2030,2019-12-17 14:28:12+00:00,954,17.167381974248926,Medical Pro,Description,2314,24.98401037165082,3.257481363134469,1,1,0
uuMchaeuCa8,과민성대장증후군,‘과민성대장증후군’을 스스로 조절하는 방법은? [굿모닝 정보세상] 86회 20191015,TVCHOSUN - TV조선,56326,288,2019-10-15 07:36:02+00:00,142,20.0,Medical Pro,Description,2377,23.69625578460244,3.2066516444754423,0,0,0
dwm4X8DszMA,과민성대장증후군,[#건강강좌] 과민성 대장 증후군 원인부터 예방까지,서울대학교병원 강남센터,50253,752,2021-09-23 00:00:09+00:00,1066,3.1926121372031666,Medical Pro,Description,1668,30.12769784172662,3.4380980286744167,0,0,0
Lz2zawiYX4Q,과민성대장증후군,"경련성 복통, 배변장애, 복부팽만감… 과민성대장증후군의 새로운 치료법 _ 위담 유튜브 강의 프로젝트 [10강]",위담한방병원,42997,0,2019-08-13 06:22:26+00:00,1129,26.239067055393587,Medical Pro,Description,2440,17.621721311475408,2.924328711801534,0,0,0
tIiPD0DczUI,과민성대장증후군,"시도때도 없이 꾸르륵! 복통,설사 과민성대장증후군 원인은 무엇일까?",변한의원,39627,0,2021-02-24 09:49:40+00:00,309,12.73148148148148,General,Description,1879,21.08940926024481,3.0950982746681404,0,0,0
w74rWzDaN1E,과민성대장증후군,유산균제품이 과민성대장증후군에 도움이 될까?,우리 모두 튼튼,37597,215,2018-09-03 01:16:07+00:00,164,3.53356890459364,General,Description,2784,13.504669540229886,2.6744706348408944,0,0,0
dzz07dc2gmE,과민성대장증후군,이렇게 관리하면 부글거리는 내 대장도 편~안!😆 | 과민성대장증후군으로 스트레스 받는 사람 여기 여기 모여라! - [나는의사다 1012회],나는의사다,36202,454,2022-12-15 10:00:31+00:00,566,14.5985401459854,Medical Pro,Description,1220,29.67377049180328,3.4234079080268756,0,0,0
T8i7dGVodLI,과민성대장증후군,화장실을 자주 가는 그녀 - 과민성대장증후군,우리 모두 튼튼,36032,147,2019-04-16 04:50:55+00:00,47,4.878048780487805,General,Description,2559,14.080500195388824,2.713402531485208,0,0,1
BdANdRVM-b8,과민성대장증후군,방귀를 껴라?! 과민성대장증후군 확 좋아지게 하는 필수 관리법,송현희의 건강ON,33467,469,2023-03-26 22:00:04+00:00,468,12.71186440677966,General,Description,1119,29.907953529937444,3.431013546573942,0,0,0
p2osg12gb4w,과민성대장증후군,"위궤양, 변비와 치질, 과민성대장증후군까지 고생없이 한번에 해결! [#위궤양 #변비에좋은음식 #치질에좋은음식 #과민성대장증후군]",하늘마을 힐링센터 TV,32817,1504,2021-10-31 21:00:30+00:00,1880,3.289473684210526,Medical Pro,Description,1630,20.13312883435583,3.0508418961204837,0,0,0
ISbSmQgAziw,과민성대장증후군,"과민성대장증후군에 김치, 된장, 등.. 발효 음식 먹어도 괜찮을까? #shorts",내과전문의 닥터케이 Dr.K,32215,567,2023-02-21 09:00:08+00:00,60,3.0395136778115504,Medical Pro,Description,1152,27.96440972222222,3.366067825339456,0,0,1
LCoZsGXcBmA,과민성대장증후군,"과민성대장증후군, 면역이 떨어진 분들을 위한 유산균",서약사 사랑의서약,26583,398,2021-09-29 13:52:19+00:00,319,3.787878787878788,Medical Pro,Description,1662,15.994584837545126,2.832894754343969,0,0,0
38bypyyEYds,과민성대장증후군,과민성대장 재발하지 않기 위한 생활습관 3가지 [밝은빛한의원],지엔케어,25449,438,2019-10-25 01:32:35+00:00,261,13.513513513513514,General,Description,2367,10.751584283903675,2.4639880641737135,0,0,0
NFUfhgQn1rQ,과민성대장증후군,과민성 대장증후군의 증상과 진단 기준 - 1 #ebs건강 #명의,EBS 건강,46145,421,2025-06-24 02:28:46+00:00,60,64.51612903225806,General,Description,298,154.8489932885906,5.04888754670317,1,1,1
TSRmam_NjzA,과민성대장증후군,"과민성 장 증후군 환자와 불안, 우울증😱 - 722회(20.01.15) 사람 잡는 건강 걱정, 건강염려증",KBS 생로병사의 비밀,24809,307,2020-01-16 03:30:01+00:00,111,11.695906432748538,General,Description,2284,10.862084063047286,2.4733471001430076,0,0,0
hB_uNsIlUfc,과민성대장증후군,담적병 과민성대장증후군 복통 설사 복부팽만 가스에 좋은 혈자리 5개(담적보감[65]),박지영박사의 건강돋보기TV,24194,1001,2024-10-04 09:30:17+00:00,331,3.3112582781456954,Medical Pro,Description,561,43.12655971479501,3.787061862272827,0,0,0
d_Das9jfUR0,과민성대장증후군,과민성 대장 증후군을 약 없이 치료하는 방법! #Shorts,내과전문의 닥터케이 Dr.K,26179,384,2022-05-16 09:00:26+00:00,59,8.849557522123893,Medical Pro,Description,1433,18.26866713189114,2.9584803119951943,0,0,1
in55qbZInM8,과민성대장증후군,"[과민성대장증후군증상] 설사,복통 등이 계속 반복 되시나요?",건나물TV,22597,524,2020-08-10 23:00:05+00:00,534,11.267605633802816,Medical Pro,Description,2077,10.879634087626384,2.4748255127552974,1,1,0
gsmekZteRpo,과민성대장증후군,스스로 진단해보는 과민성 대장증후군 TEST! [60초 셀프체크 2화],HIRA건강보험심사평가원,22783,95,2022-12-16 01:58:25+00:00,244,3.215434083601286,General,Description,1219,18.689909762100083,2.980106309710115,0,0,0
3rtnGMFb7nM,과민성대장증후군,의사가 알려주는 과민성 대장 증후군의 모든 것,위비앙TV,33087,370,2025-04-03 06:38:19+00:00,419,3.774104683195592,Medical Pro,Description,380,87.07105263157895,4.4781439049609855,0,0,0
OS21vWl6c0k,과민성대장증후군,배에서 꼬르륵 소리 해결법 (과민성 대장증후군),사람이다,21765,412,2020-10-18 10:50:09+00:00,31,8.474576271186441,General,Description,2008,10.83914342629482,2.471411281086653,0,0,1
Vk3ONgjKxtk,과민성대장증후군,과민성대장증후군의 근본적인 치료 방법?,오만스토리,57093,1038,2025-12-27 23:00:39+00:00,21,30.120481927710845,General,Description,112,509.75892857142856,6.2358977148399495,0,0,1
FYj4WHbmtBU,과민성대장증후군,어느날 점액변을 본다면?#대변 #과민성대장증후군,변한의원,29016,0,2025-03-06 08:40:27+00:00,57,53.57142857142857,General,Description,408,71.11764705882354,4.278298772439941,0,0,1
T6b12SYTfPA,과민성대장증후군,과민성대장증후군에 좋은 '이질풀',김소형채널H,17755,334,2018-10-16 01:00:02+00:00,228,13.6986301369863,General,Description,2741,6.477562933236046,2.0119069278337296,0,0,0
jRaEtAcOmQc,과민성대장증후군,과민성대장증후군 치료는 자율신경치료가 중요! (위장벽의 신경세포의 문제) - 과민성대장 1편,오상신경외과의원,17487,337,2022-05-20 04:53:07+00:00,469,10.92896174863388,General,Description,1429,12.237228831350595,2.583033225833899,0,0,0
_P0VQB-trUg,과민성대장증후군,"과민성 대장 증후군과 궤양성 대장염의 차이는?! | 건강함의 시작, 몸의 대화 body talk EP.2",tvN Joy,16636,93,2020-05-18 12:07:32+00:00,123,15.151515151515152,Medical Pro,Description,2161,7.698287829708469,2.1631262051097098,0,0,0
GaeuEoT_HS0,과민성대장증후군,"과민성 대장 증후군 환자가 가장 자주하는 질문, 오늘 풀어드립니다.",성지병원TV,16496,284,2021-07-07 06:12:16+00:00,1493,18.91891891891892,Medical Pro,Description,1746,9.447880870561283,2.3463991703405562,0,0,0
TPJYaEJV5TQ,과민성대장증후군,"""요구르트(야쿠르트), 변비에 매일아침 1병?"" 과민성대장증후군 장건강 디톡스하려다 뇌가 박살!그냥 변비에 좋은 음식 식이섬유 영양제,유산균 프로바이오틱스 프락토 올리고당 드세요",루이빈치과 류지헌,25795,846,2025-04-30 02:10:49+00:00,111,5.399568034557236,General,Description,353,73.07365439093485,4.305059927799324,0,0,0
uoBN6QHNoPQ,과민성대장증후군,"장건강 포뮬러 1 ㅣ과민성대장증후군ㅣ헬리코박터 억제ㅣ프로바이오틱스ㅣ프리바이오틱스ㅣ락토바실러스 아시도필루스ㅣ비피도박테리움 비피덤,락티스,롱검ㅣ항상제에도 살아남는 유산균",몸마음주파수,15871,209,2021-05-13 08:21:28+00:00,916,3.3548387096774195,General,Description,1801,8.812326485285952,2.283639399923997,0,0,0
__iw5GIyFzo,과민성대장증후군,과민성대장증후군이 사라지고 치매가 예방되는 장이 좋아지는 5가지 습관. [한의학박사 김순렬],김순렬TV,15509,1158,2024-05-18 22:00:14+00:00,603,4.943181818181818,Medical Pro,Description,700,22.155714285714286,3.142241587468771,0,0,0
qCDzZPVFAfk,과민성대장증후군,무엇이든 물어보세요 - 과민성 대장 증후군(신경성 장 질환) 원인 20160629,KBS 교양,15419,81,2016-06-29 02:42:14+00:00,201,22.22222222222222,General,Description,3580,4.306983240223464,1.6690235457897942,0,0,0
75FGzDzNhEU,과민성대장증후군,과민성대장증후군 증상과 치료 유산균 효과,삼십초 상식,15149,2093,2024-02-08 12:45:00+00:00,57,56.17977528089887,General,Description,800,18.93625,2.9925396826548267,1,1,1
QEsNvwdQXd8,과민성대장증후군,주변에서 쉽게 구할 수 있는 과민성 대장 증후군/ 소화불량에 좋은 본초인 '황련'과 그 주요 성분인 '베르베린(berberine)',숲속과민,14526,429,2021-11-10 14:01:36+00:00,745,9.118541033434653,General,Description,1620,8.966666666666667,2.299246191728531,0,0,0
dJtRj3wQe8U,과민성대장증후군,과민성대장증후군으로 오래 고통받으신 분들 주목! 근본적인 원인과 치료 방법 정리해드리겠습니다 [힐링 알고리즘 바로잡기 18부] 자율신경 기능의학,아프지마쇼Show,14191,250,2022-02-18 09:00:30+00:00,581,9.118541033434653,General,Description,1520,9.336184210526316,2.3356507691072754,0,0,0
w57xzOTeR7E,과민성대장증후군,"왜 나만 배에 가스가 찰까? 배에서 꼬르륵 소리, 가스가 자주 찬다면 이 음식 절대 먹지마세요! 과민성대장증후군 가스형입니다 [한의학박사 김순렬]",김순렬TV,14533,412,2025-09-26 09:57:41+00:00,544,2.0796460176991154,Medical Pro,Description,204,71.24019607843137,4.279996623369047,1,1,0
PFlPbVij5k8,과민성대장증후군,"복부팽만 해결, 저절로 새는 방귀, 가스실금 과민성대장증후군과 자율신경실조증과의 관계 [한의학박사 김순렬]",김순렬TV,13780,422,2020-01-06 10:38:17+00:00,544,5.46448087431694,Medical Pro,Description,2294,6.006974716652136,1.9469060410833479,0,0,0
0-7NbbR1iIY,과민성대장증후군,SIBO(소장세균과증식) & 장누수 & 과민성대장증후군 표준 치료법 VS 명쾌한 치료법​,명쾌한 최원장,13385,468,2023-01-10 14:01:19+00:00,688,11.79245283018868,General,Description,1194,11.210217755443885,2.5022731221522743,0,0,0
AqgKQG10BQQ,과민성대장증후군,잔변감이 생기는 원인   #과민성대장증후군,숲속과민,19402,159,2024-05-29 02:28:33+00:00,55,10.0,General,Description,689,28.15965166908563,3.3727859615645013,0,0,1
S_muzjC00Cs,과민성대장증후군,방귀녀 과민성대장증후군2,미스터윤-Mister Yoon,13086,97,2024-01-12 08:56:20+00:00,233,3.8314176245210727,General,Description,827,15.823458282950423,2.8227742388181856,0,0,0
qpXfmHN6n9Q,과민성대장증후군,차에 화장실까지? 과민성 대장 증후군으로 고통받는 남자의 고백. 일상 속 고통과 그가 선택한 극단적 해결책│귀하신 몸│#EBS건강,EBS 건강,12809,153,2025-04-15 10:01:18+00:00,1567,1.639344262295082,General,Description,368,34.807065217391305,3.5781452263763214,0,0,0
n3m64K9CqEk,과민성대장증후군,"변비, 설사에 고통받는 과민성대장증후군에 도움되는 홈요가 ep.29",YO&P(요앤피) 멤버십,12719,208,2019-09-02 06:12:38+00:00,578,2.469135802469136,General,Description,2420,5.255785123966942,1.8335066554611468,0,0,0
xxALw18bpqw,과민성대장증후군,"말 못할 고통, 과민성 대장 증후군이란? (수요일N스타일) @좋은아침 5184회 20171018",SBS Entertainment,12700,96,2017-10-18 07:02:56+00:00,171,5.376344086021505,General,Description,3104,4.091494845360825,1.627571470228172,0,0,0
zqgjlOkWE_U,과민성대장증후군,과민성 대장 이렇게 해보세요! 해결됩니다👍,위키약사영양제연구소,19287,225,2024-06-30 14:20:18+00:00,61,2.5839793281653747,Medical Pro,Description,657,29.356164383561644,3.4129996067187833,0,0,0
ZAke_BDvDgY,과민성대장증후군,#과민성대장증후군#조루증#대하증#만성설사#위장에좋은약초[약초방송],HBS약초방송,12082,594,2021-02-16 09:30:06+00:00,648,17.857142857142858,General,Description,1887,6.402755696873344,2.001852322359001,0,0,0
TAfs0KL6Myw,과민성대장증후군,과민성대장증후군 변비형을 치료하는 바로 그 음식 [한의학박사 김순렬],김순렬TV,11030,392,2020-05-15 02:34:35+00:00,325,3.8314176245210727,Medical Pro,Description,2164,5.097042513863216,1.8078038198164441,0,0,0
eO7PsRknbSQ,과민성대장증후군,약 없이 과민성 대장 증후군 치료하는 법!? | 원인 3가지,응꼬형,10807,261,2024-11-03 07:00:19+00:00,527,5.1010101010101,General,Description,531,20.35216572504708,3.0611531736423103,0,0,0
U9xGfskqaoA,과민성대장증후군,'약지 두 번째 마디'를 주목하라👀 혹시 나도 과민성 대장 증후군? 맛있는 이야기 미라클 푸드(Miracle Food) 132회 | JTBC 211016 방송,JTBC Life,10391,27,2021-10-16 05:24:15+00:00,207,31.25,General,Description,1645,6.316717325227963,1.9901617745504636,0,0,0
m0_-LXx7yrM,과민성대장증후군,"[의터뷰] 잦은 복통과 설사, 혹시 '이것'? | #과민성대장증후군 #과민성대장증후군치료",김해복음병원,10046,135,2024-04-12 08:00:26+00:00,353,24.84472049689441,Medical Pro,Description,736,13.64945652173913,2.684403237282738,0,0,0
iVir01ykzLY,과민성대장증후군,먹으면 바로 화장실로 달려가는 과민성대장증후군 환자 사례 #과민성대장증후군 #설사 #IBS,김원장네 건강해우소,15109,136,2025-01-21 05:37:02+00:00,72,10.0,General,Description,452,33.426991150442475,3.5388408831872784,0,0,0
FV8gGmgt0Mc,과민성대장증후군,과민성대장증후군 가스형 인 것 같아요~ 어떻게 해야 치료되나요? 과민성대장증후군 가스형 | 김상진 한의사.,Doctalk,8793,34,2020-11-02 07:43:21+00:00,186,11.937557392102846,General,Description,1993,4.411941796287005,1.6886079556843776,0,0,0
iqmCEjr37yg,과민성대장증후군,갑자기 배가 아파요! 과민성 대장 증후군 !  | 닥Q멘터리 EP.86 과민 대장증후군 원인,보령,11288,112,2024-08-19 04:59:12+00:00,294,14.545454545454543,General,Description,607,18.59637561779242,2.97534463167756,0,0,0
Z_QZNWa0ir4,과민성대장증후군,"변비, 설사, 잔변감 등 각종 배변장애 유발하는 과민성대장증후군의 새로운 치료방법_ 위담 유튜브 강의 프로젝트 [25강]",위담한방병원,8279,0,2019-12-24 05:23:22+00:00,556,29.41176470588235,Medical Pro,Description,2307,3.58864325964456,1.5235843942441791,0,0,0
Uddzrmn4Rd0,과민성대장증후군,과민성대장증후군 증상에 좋은 유산균 추천 TOP 3,삼십초 상식,8853,235,2023-06-06 12:45:02+00:00,58,23.529411764705884,General,Description,1047,8.455587392550143,2.2466058252521446,1,1,1
YV2_azq05TI,과민성대장증후군,과민성대장증후군 해결. 묽은변 풀어지는변은 이 4가지를 딱 30일 동안 마시면 사라집니다! [한의학박사 김순렬],김순렬TV,8647,345,2025-12-29 08:25:18+00:00,748,9.03180542563143,Medical Pro,Description,110,78.60909090909091,4.377128293729808,0,0,0
G4m8pkoVlZk,과민성대장증후군,"48. 과민성 대장증후군, 설사, 변비의 특효약! 이질풀의 엄청난 효능과 활용법!｜건강백과",곽준수교수약초피디아,7900,280,2020-06-20 14:33:07+00:00,359,19.8019801980198,General,Description,2128,3.712406015037594,1.550198608816649,0,0,0
8XvW69caeRk,과민성대장증후군,[변한의원] 쿠키TV 건강플러스 '과민성대장증후군' 변한의원 변기원 원장,변한의원,7585,39,2015-11-18 02:39:28+00:00,1347,3.091190108191654,General,Description,3804,1.9939537329127235,1.0965948326090702,0,0,0
p7RuZ1n8pB4,과민성대장증후군,복부팽만 과민성대장증후군의 원인과 치료방법 [한의학박사 김순렬],김순렬TV,7592,264,2020-04-03 02:37:25+00:00,344,6.622516556291391,Medical Pro,Description,2206,3.441523118766999,1.4909973623850723,0,0,0
AoG3e25bt1s,과민성대장증후군,"""배가 꾸륵거려요"", ""가스가 차요"" 과민성대장증후군 때문이라고? ㅣ과민성대장증후군 댓글읽기",아프지마쇼Show,7396,160,2022-11-17 08:30:03+00:00,359,2.9239766081871346,General,Description,1248,5.926282051282051,1.9353231686974035,0,0,0
p80BLFuXl7E,과민성대장증후군,과민성 대장 증후군 최악의 음식 3가지 - 복통 - 속 메스꺼움 - 중년 필수 건강 정보 - 50대 60대 - 소화 불량 - 구역감,건강 9단 - 하루 건강 정보,8885,181,2024-10-30 12:15:08+00:00,60,17.857142857142858,General,Description,535,16.60747663551402,2.8683236206744023,0,0,1
-zHY2pHFPzY,과민성대장증후군,과민성대장증후군의 끝판왕 '가스실금'의 경향성,숲속과민,9055,71,2024-07-26 01:03:13+00:00,49,15.873015873015872,General,Description,631,14.350237717908083,2.7311309604219614,0,0,1
ncS932itp5k,과민성대장증후군,과민성 대장 증후군엔 저 포드맵(FODMAP) 식이 해 보세요!,내일의 의사들,6914,78,2023-12-07 12:18:17+00:00,449,5.58659217877095,Medical Pro,Description,863,8.011587485515642,2.198511247611515,0,0,0
QX0fN-g87fM,과민성대장증후군,과민성대장증후군 남편의 처절한 뉴욕 생존법,도보미네(Dobominee),6851,93,2023-04-28 11:40:22+00:00,736,4.048582995951417,General,Description,1086,6.308471454880294,1.9890341485969947,0,0,0
fZqjnwyX3C0,과민성대장증후군,만화로 보는 과민성대장증후군 치료,비타민한의원,6664,0,2019-01-04 02:18:34+00:00,503,8.333333333333334,General,Description,2661,2.5043216835776025,1.253996973534327,0,0,0
yh-ffgvHcIo,과민성대장증후군,과민성대장증후군 환자라면 ‘이 음식’ 조심하세요! #shorts,오상신경외과의원,13612,196,2025-07-24 03:01:04+00:00,102,10.909090909090908,General,Description,268,50.791044776119406,3.947217253549939,0,0,1
IbCMcWCSjjg,과민성대장증후군,과민성대장증후군 환자에게 '이런'약을 처방한다고..? #shorts #보이는라디오#나는의사다#한지민,나는의사다,6113,52,2023-01-19 06:10:52+00:00,47,5.434782608695652,Medical Pro,Description,1185,5.1586497890295355,1.8178575634271614,0,0,1
APAmSeCxkjQ,과민성대장증후군,과민성 대장증후군 IBS 은 소화장애일까. 불안장애일까.,경희바른한의원,5754,71,2019-07-01 06:15:15+00:00,875,8.0,General,Description,2483,2.3173580346355216,1.199168693433082,0,0,0
1QBCGb9_7N8,과민성대장증후군,(광고❌) 과민성대장증후군 완치한 꿀팁 3가지 #과민성대장증후군,건강멘터리,5834,99,2025-10-17 06:21:22+00:00,489,18.46965699208443,General,Description,183,31.879781420765028,3.492857922378931,0,0,0
UrqVLFjtPwA,과민성대장증후군,과민성대장증후군의 끝판왕 같은 '가스실금'의 원인 *골반기저근(골반저근)의 과긴장* /복부 팽만과 복부 가스,숲속과민,8451,59,2024-06-17 08:48:47+00:00,53,9.9009900990099,General,Description,670,12.613432835820895,2.6110570137951465,0,0,1
7T2PmODcdxY,과민성대장증후군,만성 복통과 설사인데 혹시 큰 병? l 염증성 장질환과 과민성 대장증후군 구분 방법 #소아청소년과 최연호 교수,삼성서울병원,5576,97,2024-09-25 06:00:03+00:00,632,11.969532100108816,Medical Pro,Description,570,9.782456140350877,2.377920381861834,0,0,0
GzSkAYzDpOQ,과민성대장증후군,과민성대장증후군 어떤 유산균 먹어야해?,삼십초 상식,6242,204,2023-03-03 13:00:19+00:00,60,5.122950819672131,General,Description,1142,5.46584938704028,1.8665343859667325,0,0,1
ySfb8tKFvvU,과민성대장증후군,식습관 관리로 과민성대장증후군을 치료할 수 있을까요?  [인천성모병원 10분 하와유]  최영희 소화기내과 교수,가톨릭대학교 인천성모병원,4900,23,2022-07-29 07:16:07+00:00,368,14.227642276422763,Medical Pro,Description,1359,3.6055923473142015,1.5272712927735579,0,0,0
xp638mCabgs,과민성대장증후군,설사가 멈추지 않는 과민성대장증후군 의외의 원인?!,위담한방병원,4898,0,2023-01-25 09:59:02+00:00,417,18.69158878504673,Medical Pro,Description,1179,4.154368108566582,1.6398445315979844,0,0,0
qt_1zZ1qxhY,과민성대장증후군,과민성대장증후군 천년초 추출물이 해결 합니다.,한국농업기술진흥원,4834,5,2021-10-18 06:02:54+00:00,173,7.957559681697613,General,Description,1643,2.9421789409616554,1.371733601145649,0,0,0
ObHkDa6Psj8,과민성대장증후군,과민성 대장 증후군으로 나타나는 순환계 신경계 증상,송약사의 온전한 치유,4745,177,2019-04-11 02:00:16+00:00,475,8.658008658008658,Medical Pro,Description,2564,1.8506240249609984,1.047537926439831,1,1,0
dVE2Te8kUdE,과민성대장증후군,"[TJB뉴스] 과민성대장증후군 환자, 콩 커피 피해야",TJB NEWS,4646,26,2019-09-01 12:05:31+00:00,169,7.751937984496124,General,Description,2421,1.9190417182982238,1.0712553837527958,0,0,0
0TKeCjam_6c,과민성대장증후군,약없이 과민성대장증후군 완치 방법! (유산균 아님),건강병원,4241,36,2023-09-21 16:59:24+00:00,128,14.388489208633093,Medical Pro,Description,940,4.511702127659574,1.7068734915507386,0,0,0
GQuXlznRp9A,과민성대장증후군,"스트레스 받을 때 아픈 증상 흔한 부위 - 과민성 대장 증후군, 두통, 복통 (정신과전문의 강의)",정신과의사정우열,4053,111,2019-05-28 23:59:46+00:00,234,12.048192771084338,Medical Pro,Description,2517,1.6102502979737783,0.9594461163433403,1,1,0
t5_UO-9A9rI,과민성대장증후군,일본 돈키호테 급똥약?! 과민성대장증후군 주목!,쇼퍼홀릭 지니,4896,38,2023-09-30 14:08:56+00:00,58,21.27659574468085,General,Description,931,5.258861439312567,1.8339982898660072,0,0,1
RD_NcwwIM1M,과민성대장증후군,"과민성대장증후군가스형과 설사 증상 / 밝은빛한의원 Irritable bowel syndrome, diarrhea symptoms",밝은빛한의원TV - 최원장 잘잘잘톡,4023,45,2020-05-28 14:40:10+00:00,245,12.10287443267776,Medical Pro,Description,2151,1.8702928870292888,1.0544140757943745,1,1,0
VM082couiEI,과민성대장증후군,과민성대장증후군인줄 알았는데 수백 개의 용종이..?😱100% 대장암으로 이어지는 가족성 선종성 용종증-[나는의사다 1006회],나는의사다,3999,63,2022-11-03 10:00:30+00:00,714,4.975124378109452,Medical Pro,Description,1262,3.1687797147385104,1.427623358629649,1,1,0
rKdvXlKQjzw,과민성대장증후군,설사하는 사람들 여기 다 모여라! (2편) #설사 #과민성대장증후군 #만성질환극복기 #건강,건강클리닉 365,3951,0,2023-08-18 19:12:11+00:00,926,1.5873015873015872,General,Description,974,4.0564681724846,1.6206682499636542,0,0,0
s6Ec_D-cGEQ,과민성대장증후군,과민성대장증후군 증상 방치하다가는 암까지 걸린다? 치료 유산균 효과,삼십초 상식,3802,751,2024-03-11 12:00:45+00:00,57,48.07692307692308,General,Description,768,4.950520833333333,1.7834787507405783,2,1,1
DtrmckrGM4M,과민성대장증후군,"복통, 설사, 가스로 고생할 수 있는 과민성 대장증후군에 대하여",서울베스트의료의원,3794,36,2021-12-08 06:00:03+00:00,196,4.893964110929853,General,Description,1592,2.3831658291457285,1.2188119069672159,0,0,0
D4qRplnXybk,과민성대장증후군,"아토피피부염 원인, 과민성 대장증후군 동시에 치료하는 방법",청아TV-아토피를 이겨낸 한의사 임은교,4154,60,2024-02-03 07:23:43+00:00,21,17.02127659574468,Medical Pro,Description,805,5.160248447204969,1.8181171090705706,0,0,1
UJaNn_e77xI,과민성대장증후군,꽃가루알레르기 과민성 대장증후군이  사과를 피해야 하는 이유 #shorts,서울대 별난약사 건강노트,4262,46,2023-07-05 05:20:10+00:00,52,11.551155115511552,Medical Pro,Description,1018,4.18664047151277,1.6460861795898392,0,0,1
MfB9VyiSS7Y,과민성대장증후군,"과민성대장증후군을 완치하는 치료제, 습관, 설사 변비 원인 l 배아픈이유2부",닥터이걸의학TV,3751,52,2020-07-30 04:49:12+00:00,436,8.23045267489712,Medical Pro,Description,2088,1.796455938697318,1.0283528792810084,0,0,0
4HwsUVBEGSI,과민성대장증후군,"과민성 대장 증후군!! 앗! 급똥!!  2편, 과민성 대장 증후군의 치료및 예방",야칸다,3344,98,2020-05-05 09:45:08+00:00,355,10.92896174863388,General,Description,2174,1.5381784728610857,0.9314466870960767,0,0,0
D7g0qN1LAWw,과민성대장증후군,"[위장병상담톡] 수능 전 과민성대장증후군, 예방할 수 있는 꿀팁 대방출!",장덕한방병원 위장병 센터,3287,39,2020-11-04 07:49:54+00:00,207,8.220793140407288,Medical Pro,Description,1991,1.6509291813159217,0.9749102129990731,0,0,0
eKuMih2Rrtc,과민성대장증후군,과민성대장증후군에 좋은음식 포드맵식단이란?(feat. 복부팽만가스 배에가스차는이유) [담적보감⑪],박지영박사의 건강돋보기TV,3282,133,2022-04-01 09:00:17+00:00,487,3.7593984962406015,Medical Pro,Description,1478,2.2205683355886334,1.1695578457173186,0,0,0
MOyr-LK6pOc,과민성대장증후군,수험생 자녀의 과민성대장증후군을 완화하는 3가지 방법,하니쌤의 진료노트,6384,81,2025-04-25 08:25:15+00:00,60,3.3444816053511706,General,Description,358,17.83240223463687,2.9355789093933056,0,0,1
o3vhjkxsQHc,과민성대장증후군,"장건강에 유산균보다 더 필요한 이것 | 예민한 장, 소금과 이것으로 살아났어요 | 과민성 대장 진짜 원인 |  장나라도 고생한 증상 | 자율신경, 냉증 | 짠맛의힘 |",고마온TV 건강자립,3053,212,2025-06-19 10:45:10+00:00,484,1.5174506828528074,Medical Pro,Description,303,10.075907590759076,2.404772262077728,1,1,0
qgp-M0_vwDk,과민성대장증후군,과민성대장증후군,성남정병원 Hospital Seongnam Chung,3002,26,2021-02-15 04:54:07+00:00,168,19.607843137254903,Medical Pro,Description,1888,1.590042372881356,0.9516742357634718,0,0,0
3X4SbCjbg2w,과민성대장증후군,"소음인 11편, 소음인 성격탓에~ 과민성대장증후군?",강남담온한의원,2941,114,2022-02-04 00:00:03+00:00,237,2.73224043715847,General,Description,1534,1.9172099087353325,1.0706276487817543,0,0,0
CIX7YW8RQek,과민성대장증후군,과민성대장증후군 음식이 중요합니다.,친절한 외과전문의 송쌤&김쌤,2910,50,2022-07-08 09:00:13+00:00,186,13.157894736842104,General,Description,1380,2.108695652173913,1.1342032337708123,0,0,0
bo-On2mz_zw,과민성대장증후군,약안먹고 설사 변비 과민성대장증후군 셀프 극복 관리방법 공개합니다!!!,자율신경질환을 치료하는 두근두근한의원,2888,65,2023-07-07 08:30:12+00:00,620,9.30232558139535,General,Description,1016,2.84251968503937,1.346128319394556,0,0,0
ddepWv2ew-Q,과민성대장증후군,[구미차병원] 갑자기 배 아프면 '과민성 대장 증후군'이다? 🧐실제 진단방법을 알려드립니다!_소화기내과 김태연 교수,구미차병원,2796,56,2023-04-04 00:01:35+00:00,338,22.388059701492537,Medical Pro,Description,1110,2.518918918918919,1.2581538171302444,0,0,0
7jXPmJEDJeA,과민성대장증후군,과민성대장증후군 약 먹지 않고 해결하는 방법이 있다? - 건강을 부탁해,이은아의 치매를 부탁해,2702,86,2023-06-13 06:00:02+00:00,275,6.920415224913495,General,Description,1040,2.598076923076923,1.2803995146986167,0,0,0
qOZPMfd4r5g,과민성대장증후군,복통/설사/변비/가스까지 과민성 대장 증후군은 어떻게 치료해야할까?,위강한의원,2535,32,2022-08-12 11:00:36+00:00,485,31.073446327683616,General,Description,1345,1.8847583643122676,1.0594411405813797,0,0,0
w5LaUEh5Ccc,과민성대장증후군,"변비와 설사, 복통이 반복되는 과민성 대장증후군 특징 증상 _ 위강한의원 부천점",위강한의원,2467,8,2019-02-25 07:19:38+00:00,70,19.607843137254903,General,Description,2609,0.9455730164814105,0.6655565436975498,1,1,0
brB-K1NIzIw,과민성대장증후군,#과민성대장증후군증상 설사와 변비 반복되면 의심해봐요 _송파구잠실인애한의원,예원TV,2404,6,2020-04-29 09:15:52+00:00,275,20.79002079002079,Medical Pro,Description,2180,1.1027522935779817,0.7432471026114408,1,1,0
h76dmNfampw,과민성대장증후군,잦은 설사와 변비 과민성대장증후군인가요?｜과민성대장증후군  증상,친절한 외과전문의 송쌤&김쌤,2416,44,2022-07-01 09:00:19+00:00,247,65.04065040650407,General,Description,1387,1.741888968997837,1.0086470876134281,1,1,0
WauAI-9-Gmo,과민성대장증후군,"과민성대장증후군 가스형, 아버지에게서 유전된 걸까요? ㅣ과민성대장증후군 가스형, 최기문 한의사.",Doctalk,2275,9,2021-01-25 08:37:37+00:00,111,8.579599618684462,General,Description,1909,1.1917234154007335,0.7846881820190112,0,0,0
u54dsyvv9fw,과민성대장증후군,[건강 쏙! 쏙!] ‘뱃속 불안 장애’ 과민성대장증후군…증상 개선·관리법은? / KBS  2025.08.19.,KBS뉴스 전북,2516,15,2025-08-19 11:26:06+00:00,420,14.44317749904979,General,Description,242,10.396694214876034,2.4333233321965606,1,1,0
7skeahfRo1s,과민성대장증후군,소화와 변비 과민성대장증후군에 최고인 과일 #shortsvideo,스마트한농부,2157,42,2023-12-05 20:30:00+00:00,59,5.05050505050505,General,Description,865,2.4936416184971097,1.2509446359008056,0,0,1
avcmvSVIOqY,과민성대장증후군,과민성 대장 증후군의 대장질환과 대장내시경 검사의 모든 것…내과 김진서 원장,건강의학전문채널 하이닥,2083,20,2021-12-02 08:00:01+00:00,290,5.8422590068159685,General,Description,1598,1.3035043804755946,0.8344316070528012,0,0,0
PaGxAGO3k0A,과민성대장증후군,"긴장만 하면 난리나는 과민성대장증후군, 발표,면접,소개팅까지 방해!담적병 상담소에서 싹 다 알려드릴게요~ [위담 담적병상담소]",위담한방병원,2044,0,2020-11-10 04:16:54+00:00,310,5.432098765432098,Medical Pro,Description,1985,1.0297229219143578,0.7078992920700565,0,0,0
0CVF83yZepU,과민성대장증후군,[날씨한방] 시도 때도 없이 꼬르륵 ‘과민성대장증후군’,웨더뉴스,1987,14,2022-04-06 10:32:29+00:00,558,1.6618075801749264,General,Description,1473,1.348947725729803,0.8539674515891397,0,0,0
pAEdhkkJIRw,위염,"위축성위염, 장상피화생 치료 #위축성위염 치료 #장상피화생 치료",속편한TV,1976447,56450,2020-04-03 08:46:00+00:00,818,20.40816326530612,Medical Pro,Description,2206,895.941523118767,6.798990668315856,0,0,0
nwRfmAVpuTQ,위염,"위가 안좋으신 분은 꼭 드셔야 하는 영양제는 바로 이 것!  (위염, 위궤양, 기능성 위장장애, 위통, 소화불량, 속쓰림, 역류성 식도염 ) 건강한 위를 위한 영양제",약사가 들려주는 약 이야기,1068839,20353,2020-03-09 08:01:50+00:00,513,8.94454382826476,Medical Pro,Description,2231,479.0851636037651,6.17396351233864,0,0,0
I5VbXMAR3Ks,위염,"272. 소화불량, 위염, 잦은 설사에 속편한 황태미역계란죽 | ft 부부한의사",부부한의사,724019,10373,2023-08-10 10:17:00+00:00,47,13.452914798206278,Medical Pro,Description,982,737.2902240325866,6.60433700479174,0,0,1
oqX7mq1nfW4,위염,"“70대 위처럼 너덜너덜하다고..” 이렇게 먹는 습관, 위염을 부른다. 암이 되는 소화불량 │귀하신 몸│#EBS건강",EBS 건강,496752,3447,2025-05-14 07:30:22+00:00,1273,3.861003861003861,General,Description,339,1465.345132743363,7.290528279529363,1,1,0
Qh5O9kDbOGA,위염,위염이 위암으로 발전되나요?,1분만에암(국가암정보센터),578794,1715,2025-07-24 23:00:28+00:00,39,4.926108374384237,General,Description,268,2159.679104477612,7.678177851485935,1,1,1
TIn91WH4HxY,위염,"만성위염, 위축성위염, 장상피화생에 이것이 최고의 약초입니다[약초방송]",HBS약초방송,360391,8809,2022-10-26 21:00:13+00:00,624,21.27659574468085,General,Description,1270,283.7724409448819,5.651690408510438,0,0,0
i0WRp-zZmXY,위염,"불편한 속 이렇게 달래보세요~ 위염 관리법 총정리!! / 삼성서울병원 소화기내과 이준행 [우리 시대의 최고의 스페셜리스트를 찾아서] (위장장애, 기능성소화불량증, 과민성장증후군)",의학채널 비온뒤,337362,7619,2023-02-14 14:31:31+00:00,6856,2.232415902140673,General,Description,1159,291.0802415875755,5.6770285644751395,0,0,0
gG-NIT3PlnA,위염,"307. 소화불량, 위염이 있다면 고쳐야 할 식사습관 5가지 ㅣft 부부한의사",부부한의사,345630,7305,2023-09-20 10:17:00+00:00,60,17.54385964912281,Medical Pro,Description,941,367.3007438894793,5.908899843241213,0,0,1
EH-xDAwflUw,위염,위암의 원인. 헬리코박터균을 제거하라!,김순렬TV,487205,10030,2024-12-09 02:25:09+00:00,56,14.084507042253522,Medical Pro,Description,495,984.2525252525253,6.892897979129454,1,1,1
EiYHTKvz6VQ,위염,소화 불량 증상 위염보다 ‘이것’ 때문 #Shorts,위담한방병원,381251,0,2023-09-28 20:00:04+00:00,46,38.095238095238095,Medical Pro,Description,933,408.62915326902464,6.0152522461656845,1,1,1
F2UmxJndh64,위염,"""도통 낫지 않는 속쓰림"" 설마설마했는데 위염 아닌 위암｜위암을 불러오는 위염의 종류｜소중한 위 건강하게 지키는 법｜명의｜#EBS건강",EBS 건강,192182,1939,2024-10-20 08:00:11+00:00,1464,18.867924528301888,General,Description,545,352.62752293577984,5.86824416409124,1,1,0
cF0bGA3Zt9Q,위염,"324. 소화불량, 위염, 몸이 냉하고 근육이 적다면 꼭 보세요 ㅣft 부부한의사",부부한의사,172862,3988,2023-10-07 10:17:00+00:00,58,18.867924528301888,Medical Pro,Description,924,187.08008658008657,5.236867864568196,0,0,1
Y9vDXod6n-c,위염,무심코 지나친 이 증상! 위암 발병률 10배 높인다? - 전정현의 위장 클리닉 #5ㅣ위염 치료 위염 증상 만성 위염 장상피화생 수면내시경 위암검진 헬리코박터,굿라이프,156540,1900,2023-06-30 08:00:15+00:00,574,1.1001788908765668,General,Description,1023,153.02052785923755,5.037085891317525,2,1,0
Dnp8Re6qQhY,위염,위염 빨리 낫는 법,건강특공대,144502,1307,2022-05-10 12:00:07+00:00,58,11.11111111111111,General,Description,1439,100.41834607366226,4.619254002539781,0,0,1
SJvKEdM19kY,위염,위염 위궤양 | 위 건강을 되찾는 좋은 음식 5가지 (위염 위궤양에 좋은 음식) #shorts,Life-CuraTV,139909,1758,2023-05-24 09:28:28+00:00,54,20.71005917159763,Medical Pro,Description,1060,131.98962264150944,4.890271099925816,0,0,1
6uyfjORvvQQ,위염,"[Full] 귀하신 몸 - 35화 암이 되는 소화불량, 위염 관리법",EBSDocumentary (EBS 다큐),98326,1118,2024-01-19 17:00:04+00:00,2810,3.90625,General,Description,820,119.90975609756097,4.79504444996107,1,1,0
8HoCzdEAAng,위염,"380. 소화불량, 위염이 있다면 국 끓일 때 이것 꼭 넣으세요 ㅣft 부부한의사",부부한의사,97696,3473,2023-12-14 10:17:00+00:00,56,8.474576271186441,Medical Pro,Description,856,114.13084112149532,4.746069230500068,0,0,1
IcbiCwUQxks,위염,위염과 위암사이! 만성 위축성 위염 / 가천대 길병원 소화기센터 김경오 교수,길병원TV,78948,870,2020-08-07 01:35:53+00:00,208,12.437810945273633,Medical Pro,Description,2080,37.95576923076923,3.6624268802383333,1,1,0
1iYLpGBdcWc,위염,"위염 관리법, 이렇게 먹어야 합니다! ...내과 이근숙 원장",건강의학전문채널 하이닥,71782,711,2021-05-27 22:00:03+00:00,237,5.382131324004305,General,Description,1787,40.16899832120873,3.7176855051775615,0,0,0
7w9SPo5269o,위염,[EBS 명의] 위염은 어떻게 암이 되는가 - 위염과 조기 위암,EBS,51843,681,2020-05-25 11:15:00+00:00,683,3.584229390681004,General,Description,2154,24.068245125348188,3.221601910731255,1,1,0
gqHLmPpfjLw,위염,소화가 안 되는 위염이 고민?... 내과 이근숙 원장,건강의학전문채널 하이닥,47714,409,2021-05-26 08:00:09+00:00,253,11.45475372279496,General,Description,1788,26.685682326621922,3.320915396047505,0,0,0
4x_SysrrfL8,위염,"위축성 위염, 장상피화생 완치가 불가능한가요? 아니요! 약없이 치료하기",긍정닥터,225882,4931,2023-05-03 10:00:06+00:00,312,10.92896174863388,Medical Pro,Description,1081,208.95652173913044,5.3469004699443925,0,0,0
Wbio8HObSHc,위염,스트레스성 위염으로 너무 힘들어요 #Shorts,여에스더의 에스더TV,45723,696,2022-05-04 02:02:21+00:00,48,4.098360655737705,Medical Pro,Description,1445,31.64221453287197,3.485606375002476,0,0,1
hlA9StQTuGg,위염,위염 있을 때 약 안 먹어도 되는 이유,건강의학전문채널 하이닥,44513,325,2023-09-04 00:00:14+00:00,53,2.044989775051125,General,Description,957,46.51306165099268,3.8610046553661017,0,0,1
i80sc_6LISc,위염,"안 되는 건 없다. 장상피화생 이렇게 고치는 겁니다. (위축성 위염, 역류성식도염)",우리 모두 튼튼,35915,1279,2025-11-29 21:00:47+00:00,1751,5.825242718446602,General,Description,140,256.5357142857143,5.551158406741555,0,0,0
qS6ssJ_-7H0,위염,"만성위축성위염, 장상피화생에 좋은음식 5가지",박지영박사의 건강돋보기TV,69231,1180,2025-04-01 09:30:23+00:00,157,3.968253968253968,Medical Pro,Description,382,181.2329842931937,5.205286001883618,0,0,0
peQNL1n1t68,위염,"위염에 걸렸을 때 대처방법 3가지, 꼭 확인해 주세요! #shorts",정재면내과 - 분야별 전문의 7인 진료,37295,0,2024-08-23 06:53:32+00:00,44,7.092198581560283,General,Description,603,61.84908789386402,4.140736422502375,0,0,1
VrqfCFYtCsk,위염,"위 내시경 검사 결과 '미란성 위염', '표재성 위염', '위축성 위염', '장상피화생'?! 완치될 수 있고, 위암으로 이어지진 않나요? (차움 소화기내과 오하영 교수님)",차병원 CHA Medical Center,31054,351,2023-11-30 01:00:27+00:00,358,12.4031007751938,Medical Pro,Description,870,35.694252873563215,3.60262014534727,1,1,0
2Bu4SAiinKw,위염,위염은 어떻게 위암이 될까?,EBS 컬렉션 - 사이언스,21761,212,2021-08-08 11:05:28+00:00,297,19.011406844106464,General,Description,1714,12.696032672112018,2.6171062049187386,1,1,0
Va6gZer2lrI,위염,"296. 소화불량, 위염 있을 때 의외로 피해야 할 음식 2편(추천음식 포함) ㅣft 부부한의사",부부한의사,21738,633,2023-09-07 10:17:00+00:00,57,18.072289156626507,Medical Pro,Description,954,22.78616352201258,3.1691040469981715,0,0,1
zP6_4vuKWrg,위염,"소화불량‣만성 위염▸위암 | 30년 간 만성 위염에 시달리다 2주 만에 호전된 사연 | 암이 되는 소화불량, 위염 관리법 | 귀하신 몸",EBS 건강,20701,442,2024-01-17 10:00:48+00:00,886,9.98003992015968,General,Description,822,25.183698296836983,3.2651370147079994,1,1,0
Q0fgozvWjns,위염,"[알쓸신꿀] #7 현대인들이 가장 흔히 겪는 질환, 위축성위염 ㅣ 위축성위염 환자가 피해야 할 음식",장덕한방병원,19059,317,2021-03-03 02:00:03+00:00,229,7.262638717632551,Medical Pro,Description,1872,10.181089743589743,2.414223935569809,0,0,0
NdV46EcPaZc,위염,급성위염,메디컬티비,20660,93,2024-12-16 09:00:30+00:00,30,16.129032258064516,General,Description,488,42.33606557377049,3.768985211502194,0,0,1
1_l_ydMwv6s,위염,[명의 의학백과📖] 위염이란?,고대병원,12453,68,2023-09-13 01:15:39+00:00,79,4.149377593360996,Medical Pro,Description,948,13.136075949367088,2.6487301077652066,0,0,0
H4f7_pjuhx0,위염,"헬리코박터균과 위염, 전문의가 말하는 해법은?",한양대학교병원,10294,145,2024-09-09 09:27:34+00:00,293,18.404907975460123,Medical Pro,Description,586,17.56655290102389,2.921361730832921,0,0,0
DUe-Gw9Ud0U,위염,위염(만성위염) 줄이는 예방법ㅣ상계백병원 소화기내과 최정민 교수,인제대학교 백병원,13489,141,2024-02-06 23:37:45+00:00,58,52.63157894736842,Medical Pro,Description,802,16.81920199501247,2.88027663961528,0,0,1
v9FlGGcn6X4,위염,위축성 위염의 원인 3가지 #Shorts,위담한방병원,10957,0,2024-08-27 20:00:30+00:00,58,14.492753623188406,Medical Pro,Description,599,18.292153589315525,2.9596984634706764,0,0,1
LUQ5044kDIA,위염,[명의 의학백과📖] 만성 위염이 위암이 되는 과정,고대병원,8353,66,2023-09-13 01:15:44+00:00,62,2.2123893805309733,Medical Pro,Description,948,8.811181434599156,2.2835226979874452,1,1,0
B_NPyBjhCLE,위염,"자꾸 속이 쓰릴때 ,내시경을 보면 미란성 위염, 궤양이 발견됩니다.",닥터이걸의학TV,7921,132,2023-05-15 22:15:00+00:00,202,3.225806451612903,Medical Pro,Description,1069,7.409728718428438,2.1293892164406207,0,0,0
3ZGoq6wp05I,위염,"표재성 위염, 미란성 위염의 원인과 치료 방법 #Shorts",위담한방병원,8940,0,2024-08-27 09:15:01+00:00,60,19.02173913043478,Medical Pro,Description,599,14.924874791318866,2.7678823390297587,0,0,1
QRiKvKuXzy0,위염,"20년 만성 위염을 잠재운 기적의 식재료 '이것' (위염, 위궤양, 역류성 식도염)",당신을살릴식사,13483,138,2025-11-03 10:40:36+00:00,24,6.389776357827476,General,Description,166,81.22289156626506,4.4094337494996525,0,0,1
3XL_sEPXoKE,위염,약제 유발성 위염이란?,EBS 건강,5360,107,2024-10-28 00:06:14+00:00,52,10.309278350515465,General,Description,537,9.981378026070763,2.3962009314916393,0,0,1
WpbD5M47oro,위염,위염의 두 가지 종류 #Shorts,위담한방병원,6024,0,2024-08-21 20:00:26+00:00,57,3.4129692832764507,Medical Pro,Description,605,9.95702479338843,2.39398078421055,0,0,1
yelSz8shYT0,위염,"위염, 위 빨리 낫게 도와주는 음식 5가지",STUDIO JJ [스튜디오 제이제이],4874,100,2024-08-14 01:03:48+00:00,51,21.73913043478261,General,Description,612,7.9640522875816995,2.1932223889852223,0,0,1
DrK7XDNWd3A,위염,"만성 위염, 위궤양 환자에게 꼭 필요한 영양제🍋 #가나다 #지식 #건강지식",ganada global,5968,34,2024-10-18 10:00:22+00:00,37,10.75268817204301,General,Description,547,10.910420475319928,2.4774136871369645,0,0,1
mmSBYXcJVgg,위염,위염과 위궤양 뭐가 다를까?,내과식당,5614,40,2025-06-27 13:11:40+00:00,90,1.5873015873015872,General,Description,295,19.030508474576273,2.997256535005855,0,0,0
2CeEHvCeTHQ,위염,위장약 필요 없습니다! 소화불량 · 위염 잡는 매실보다 5배 좋은 음식 TOP5,건강지식TV,2949,119,2025-09-15 21:00:02+00:00,587,4.297994269340975,Medical Pro,Description,215,13.716279069767442,2.6889543007598817,0,0,0
JYiE0x9BpmM,위염,암이 되는 위염? 한국인 단골질환 위염 종류와 관리법 #생활건강플러스 (박형준 교수),삼성서울병원,2385,65,2024-07-16 06:00:08+00:00,760,14.231499051233396,Medical Pro,Description,641,3.720748829953198,1.551967437427631,1,1,0
LFAEXEXEeMA,위염,위염의 원인은? #Shorts,위담한방병원,2368,0,2024-08-28 20:00:18+00:00,52,21.02102102102102,Medical Pro,Description,598,3.959866220735786,1.6013787687472456,0,0,1
dQuND6JrH-k,위염,"표재성, 미란성, 위축성 위염 어떻게 다를까?",위담한방병원,2298,0,2024-08-29 08:00:21+00:00,453,4.032258064516129,Medical Pro,Description,597,3.849246231155779,1.5788232766144936,0,0,0
0yQwqCP0HAU,위염,"식도염, 위염의 가장 좋은 약재는 두가지만 아시면 됩니다",도해한의원-건강의모든것,3703,35,2023-08-07 06:27:11+00:00,21,16.666666666666668,General,Description,985,3.7593908629441626,1.5601196900847596,0,0,1
hy0Pzp_TkPY,위염,위암 발병률 6배! 위험한 위염은? #shorts,삼성서울병원,2451,44,2024-07-17 06:00:18+00:00,52,26.31578947368421,Medical Pro,Description,640,3.8296875,1.574781765778399,2,1,1
2xIWFzfviTk,위염,"위염, 위궤양이 심해지면 위암으로 발전할 수도 있나요? [암팩트🍄]",고대병원,1987,31,2024-12-27 09:00:04+00:00,40,14.285714285714286,Medical Pro,Description,477,4.165618448637317,1.6420248337650691,1,1,1
7chk7G5n6ZE,위염,위염 관리할 때  무심코 간과하는 ‘이것’ #shorts,삼성서울병원,1310,28,2024-07-18 06:00:05+00:00,56,35.714285714285715,Medical Pro,Description,639,2.0500782472613457,1.1151672451300259,0,0,1
gEVKHISw234,위염,"치매, 백내장, 위염, 암예방은 애호박을 드세요! 면역력 보약입니다. #애호박 #치매 #백내장 #위염 #암예방",용미TV,3039,44,2025-08-17 22:55:39+00:00,30,25.36231884057971,Medical Pro,Description,244,12.454918032786885,2.599344692208391,1,1,1
d78B6XTrxQk,위염,위벽을 갉아먹는 매운 음식 습관 #위염 #위궤양 #매운음식경고 #위건강주의 #소화기질환,건강속보꿀팁,3720,49,2025-08-11 01:25:21+00:00,16,10.989010989010987,General,Description,250,14.88,2.7650604558189897,2,1,1
g0mZd1yhaek,위염,"위염에 좋은 음식 6가지, 회복을 빠르게 돕는 식단 #위염 #위염에좋은음식 #위염식단",튼튼60초,2892,38,2025-10-05 06:08:03+00:00,64,9.950248756218905,General,Description,195,14.830769230769231,2.7619554659384127,0,0,0
Jz41rGqNVxU,위염,"""약 먹어도 속 쓰릴 때?"" 위염엔 이것이 먼저! 약보다 효과 좋은 양배추 당근 샐러드 비밀!",활력쿡,2439,64,2025-10-28 05:45:01+00:00,60,18.79699248120301,General,Description,172,14.180232558139535,2.7199940918856758,0,0,1
vZXdtlOYf58,위염,위염을 일으키는 아홉가지 원인,칼슘박사 SEAN LEE TV,1036,46,2025-01-18 23:00:44+00:00,44,29.41176470588235,Medical Pro,Description,455,2.276923076923077,1.186904895813788,0,0,1
anLN3a99czc,위염,위염 완화 차 BEST 3 | 위점막 재생부터 메스꺼움까지 완화 #위염 #위염 완화차,쏭이네 생활꿀팁,2056,16,2025-10-02 00:00:06+00:00,32,3.695652173913043,General,Description,198,10.383838383838384,2.4321946639051863,0,0,1
D-Yz4hVzOVA,위염,위염에 좋은 음식 TOP 10        #위염에좋은음식 #위건강 #위염치료 #속편한음식 #위산조절 #위염완화 #소화잘되는음식 #위장보호 #위염다이어트 #위염증상완화 #위에좋은차,세상의모든정보,1980,8,2025-04-05 11:00:15+00:00,63,20.83333333333333,General,Description,378,5.238095238095238,1.8306748854777286,1,1,0
vhbLCuwPI1E,위염,"건강듬뿍 마늘, 독이 되게 먹는 위험한 습관 3가지. 생마늘, 위염, 건강상식",건강듬뿍,2310,46,2025-11-15 21:01:04+00:00,66,6.153846153846154,General,Description,154,15.0,2.772588722239781,1,1,0
3GtP3t4zvdk,위염,"위염 vs 역류성 식도염, 통증 위치가 다릅니다! #위염 #식도염 #속쓰림",하루한알정보,2946,13,2025-10-12 01:48:44+00:00,10,30.303030303030305,General,Description,188,15.670212765957446,2.8136234600860166,0,0,1
sgO4i8UzJ4o,위염,위염에 안 좋은 음식 2#위염#건강관리#식단,건강엣지_HealthEdge,2053,3,2025-08-17 09:01:18+00:00,38,17.857142857142858,General,Description,244,8.413934426229508,2.2421909773958966,0,0,1
eWzlCsbZFMQ,위염,"공복에 먹으면 독이 되는 음식 8가지  (ft. 속쓰림, 위염, 소화불량)",깨알건강,1547,15,2025-06-09 00:05:00+00:00,58,1.9157088122605364,General,Description,313,4.942492012779553,1.7821285761670937,0,0,1
AimuY0cm-rg,위염,"""위염만 보고 끝? 헬리코박터를 꼭 확인해야 하는 이유!"" #헬리코박터 #위내시경 #위염 #위암예방 #건강검진 #헬리코박터제균 #의학채",주내과 건강자료실,1869,9,2025-07-04 12:14:20+00:00,53,19.305019305019304,General,Description,288,6.489583333333333,2.0135131662532104,1,1,1
9Uyt-X56sd4,위염,단순 위염인 줄 알았는데… 위암이었습니다 | 30대 위암 조기발견,광교 휴내과의원,791,10,2025-10-20 09:22:13+00:00,494,11.50537634408602,General,Description,180,4.394444444444445,1.6853696174011146,1,1,0
oNplaMzMvoE,위염,위염약 복용시 골다공증 예방 방법 #약국 #약사 #골다공증 #위염 #건강,유약사tv,726,6,2025-01-30 13:27:06+00:00,37,22.388059701492537,Medical Pro,Description,443,1.6388261851015802,0.9703341914269328,0,0,1
B6j1SIOALrA,위염,김치만 먹었을 뿐인데 속이 쓰립니다 | 위염일까 식도염일까? | 시니어 건강경보 | 위장질환 | 건강정보,100세비밀,1827,41,2025-07-26 02:00:11+00:00,61,4.545454545454546,General,Description,266,6.868421052631579,2.0628574136643008,0,0,0
61QaOecamgs,위염,갑자기 소화가 안될 때 몸이 보내는 신호!     #소화불량 #건강정보 #응급처치  #역류성식도염 #위염,내 몸에,2165,11,2025-08-23 07:19:53+00:00,129,26.54867256637168,General,Description,238,9.096638655462185,2.312202562064994,2,1,0
ksYRJ4M_49w,위염,"명치 통증, 이 신호 무시하면 큰일 납니다 #췌장신호 #심장병 #위염",몸이 보내는 신호,1648,7,2025-12-14 11:01:23+00:00,37,12.641509433962264,General,Description,125,13.184,2.6521145687719065,2,1,1
OcXyGzH3f9c,위염,"위염있을 때 절대 먹지 말아야 할 음식 3가지(속쓰림, 통증 더 악화돼요)",건강시네마,1406,21,2025-04-07 09:30:16+00:00,55,1.834319526627219,General,Description,376,3.7393617021276597,1.5559024646408601,1,1,1
qMlJec0-xlI,위염,"낫지 않는 위염, 앞으론 이렇게 드세요 #위염",요리하는 한의사,1981,5,2025-08-07 09:01:17+00:00,60,7.0772946859903385,Medical Pro,Description,254,7.799212598425197,2.1746622400291327,0,0,1
MGVKepVgS4s,위염,속쓰림 위염엔 민들레 🌿 약보다 빠른 천연 위장약 │ 자연의선물약초 #민들레 #포공영 #위염,자연의 선물 약초,1898,18,2025-11-07 01:50:24+00:00,35,15.772870662460567,General,Description,162,11.716049382716049,2.5428649265512426,0,0,1
c-qbNJp38QY,위염,속쓰림 줄이는 10초 습관! #역류성식도염 #위염 #시니어건강 #영양사 #건강정보 #오늘하나실천,건강 읽어주는 영양사,1960,7,2025-09-16 06:40:03+00:00,25,25.42372881355932,General,Description,214,9.158878504672897,2.3183480526593034,0,0,1
Navk9en75XM,위염,이런 복통… 위염 아닙니다! #건강#노인건강 #시니어건강 #위암 #위암초기증상 #shorts #소화불량 #위염구별 #위염# 암경고신호#건강경고,시니어백년건강,2095,11,2025-11-21 11:00:48+00:00,51,11.594202898550725,General,Description,148,14.155405405405405,2.7183572607560933,4,1,1
Qpkh6HOC8U0,위염,위장이 망가지면 나타나는 증상 5가지 #위장병#건강100세#위염,조영식 TV,1364,18,2025-09-10 22:00:33+00:00,51,8.04289544235925,Medical Pro,Description,220,6.2,1.9740810260220096,1,1,1
7AA_KKKirno,위염,"마누카꿀 효능? 위염 있는분들 '이 등급' 아니면 효과 없습니다 (UMF MGO 차이, 먹는법)    #건강음식 #꿀 #건강",온집건강 ,1185,8,2026-01-06 21:30:01+00:00,44,8.791208791208792,General,Description,102,11.617647058823529,2.5350963943118554,0,0,1
ybX2tKixL5g,위염,위염 잡는 음식 top 5 !,아프지맙시다,1564,24,2025-08-15 23:01:04+00:00,82,11.018306636155607,General,Description,246,6.357723577235772,1.9957505883275086,0,0,0
th9frIFQ9R8,위염,만성 위염 이제 안녕! 50년차 명의가 추천하는 식사법 TOP 5 #위염 #위염예방 #소화불량 #위건강 #건강식사법 #50대건강 #60대건강 #시니어건강 #위산역류 #식사습관,실버알짜배기,1542,40,2025-10-17 08:45:03+00:00,50,7.389162561576355,General,Description,183,8.426229508196721,2.2434961766240393,0,0,1
4jzsI210S1M,위염,위를 망가트리는 매운 음식 습관 #위염 #위궤양 #매운음식 #위건강 #시니어건강,스마트 건강사연,1719,14,2025-09-03 14:22:51+00:00,16,5.882352941176471,General,Description,227,7.572687224669603,2.148581245264548,0,0,1
cSf362Qng1g,위염,위염도 종류가 있다?! 담즙 역류성 위염이란,친절한 외과전문의 송쌤&김쌤,514,7,2025-07-08 01:54:02+00:00,136,16.49484536082474,General,Description,284,1.8098591549295775,1.0331343592886026,0,0,0
0AR-3MY0gc0,위염,위염이나 역류성 식도염을 예방하려면 ‘3·3·3 법칙’을 꼭 기억하세요.,위강한의원,1331,23,2025-08-07 09:42:29+00:00,31,9.67741935483871,General,Description,254,5.24015748031496,1.8310054192928444,0,0,1
11yLNb4mIRE,위염,의사들도 절대 안먹는 위염 유발 음식 3가지!!! #위염 #건강 #건강정보 #건강잔치,평생건강,1351,16,2025-07-11 08:45:00+00:00,36,21.27659574468085,General,Description,281,4.807829181494662,1.7592068661903066,1,1,1
My3qWH3jJuY,위염,“위염·위궤양에 좋은 반찬 TOP5 | 속 편한 건강 밥상” #건강식품 #다이어트 #혈압관리,밥도락,1371,18,2025-09-04 10:00:41+00:00,47,5.58659217877095,General,Description,226,6.066371681415929,1.9553471489427265,0,0,1
lQAeajEa7yY,위염,"위암발생률 15배까지_ 위축성 위염, 장상피화생의 진단과 치료",쏙닥터 류수형,461,21,2025-09-10 10:01:23+00:00,433,21.27659574468085,Medical Pro,Description,220,2.0954545454545452,1.1299347597971507,1,1,0
CIt-DXIsEgo,위염,위축성 위염 진단받았다면? 이 치료는 절대 하셔야합니다,내과의사 황금빛,446,13,2025-09-19 07:04:11+00:00,426,17.964071856287426,Medical Pro,Description,211,2.1137440758293837,1.1358258850085439,1,1,0
Id6gjsKorWs,위염,“위염을 부르는 일상 습관 5가지｜모르고 반복하는 위험한 루틴” #위염 #위건강 #위염증상 #건강습관 #소화불량 #속쓰림 #건강정보 #중년건강 #여성건강 #건강루틴 #헬스케어,오늘도건강하게,1161,18,2025-12-13 00:00:33+00:00,81,7.326007326007326,General,Description,126,9.214285714285714,2.3237873006446486,2,1,0
QbkZwxKNEqk,위염,"위염 있는 분, 아침에 절대 먹으면 안 되는 음식 #건강 #건강정보 #여름건강",건강꿀톡,830,18,2025-08-19 09:30:28+00:00,61,11.627906976744184,General,Description,242,3.4297520661157024,1.4883436154740608,1,1,0
CBdXrmWA-nk,위염,👉 위염·위암 예방 조합! 양배추 + 이것 레시피 #음식 #건강한중년 #위염,장수건강,1250,11,2025-09-17 00:00:21+00:00,21,14.285714285714286,General,Description,213,5.868544600938967,1.9269522353106991,1,1,1
E2MW0sVuuKo,위염,위장약 필요 없습니다! 소화불량 · 위염 잡는 매실보다 5배 좋은 음식 TOP5,건강지식TV,407,20,2025-12-21 01:20:27+00:00,42899,7.653061224489796,Medical Pro,Description,118,3.4491525423728815,1.492713638125959,0,0,0
HXhbeKq1CII,위염,"위염 걸리고 후회하는 생활습관, 꼭 고치세요!",건강채움플러스,1346,5,2025-06-14 08:00:15+00:00,41,6.134969325153374,General,Description,308,4.37012987012987,1.680852092610062,0,0,1
9qVHWnKoOzk,위염,위염과 위암 증상 구별하는법,내몸돌봄 ,1181,8,2025-07-11 22:38:10+00:00,36,25.0,General,Description,281,4.202846975088968,1.649205970975978,2,1,1
8Kb6l3KyIYs,위염,"하루 한끼 바꿨더니 위염이 싹! 속쓰림에 좋은, 속이 편해지는 감자스프",활력쿡,896,19,2025-11-05 21:00:14+00:00,56,5.1993067590987865,General,Description,164,5.463414634146342,1.8661577592819145,0,0,1
MAdfWyAmYUw,위염,위염에서 위궤양으로 넘어갈때 신호#시니어건강#노인건강#어르신건강#위염#위궤양#소화불량#명치통증#위건강#건강정보,정보드림TV,944,21,2025-10-30 05:15:03+00:00,42,16.286644951140065,Medical Pro,Description,170,5.552941176470588,1.8799139834369676,1,1,1
Dr2VJ7ERCfA,위염,"위염 예방하는 최고의 식재료, 알고 계셨나요? #위염 #건강정보",행복 돋는 건강TV,1113,4,2025-06-25 11:38:37+00:00,26,11.235955056179776,Medical Pro,Description,297,3.7474747474747474,1.5576128445695143,0,0,1
OR-3-TEELlw,위염,위염을 악화시키는 음식 3가지 #위염주의 #소화기건강 #약보다밥,약보다밥,1136,20,2025-09-19 04:00:29+00:00,36,13.66120218579235,General,Description,211,5.38388625592417,1.8537770429342975,1,1,1
NGmbOMzv7ik,방광염,"방광염에는 '이거 한알'만 드시면 없어집니다 (방광염, 질염, 여성 질환, 영양요법, 조합방법, )",약사가 들려주는 약 이야기,2093089,33609,2022-05-21 10:00:11+00:00,697,6.651884700665189,Medical Pro,Description,1428,1465.748599439776,7.290803392932342,0,0,0
qIP9Tc-1u4E,방광염,남편과 관계만 하면 방광염에 걸려요...,산부인과 의사언니,1448807,5731,2023-05-26 08:00:20+00:00,597,9.66183574879227,Medical Pro,Description,1058,1369.382797731569,7.222845394195842,0,0,0
pyhGWjOF2Rg,방광염,이것을 매일 마시면 만성 방광염이 싹 사라진다.[한의학박사 김순렬] CNC한의원,김순렬TV,802539,16435,2022-05-15 22:00:30+00:00,481,14.78743068391867,Medical Pro,Description,1434,559.6506276150627,6.329097944348095,0,0,0
vQ5LKaMCG5M,방광염,방광염 영양제 딱 3가지🌿 | 지긋지긋한 방광염 크랜베리🍒로 해결😲요도염 방광염 🇨🇦청정 캐나다 영양제 추천,뉴리TV Nuri TV,586185,5244,2019-03-12 12:43:15+00:00,688,7.241606319947333,Medical Pro,Description,2594,225.97725520431766,5.4248498151235065,0,0,0
woR1OA9hn-M,방광염,"성관계하면 방광염이 걸리는데 범인은 누구? (수강생 : 장동민, 이상준, 최혜진, 송준민)",숏부인과,447904,5661,2025-02-28 09:01:15+00:00,1250,8.032128514056225,General,Description,414,1081.8937198067633,6.9873921071963,0,0,0
NdCTu_jgRGQ,방광염,"자꾸 재발하는 방광염, 잘 걸리는 이유부터 예방법까지 한번에 몰아보기",이재성 박사의 식탁보감,332010,10059,2021-12-19 00:00:10+00:00,855,2.074688796680498,General,Description,1581,210.0,5.351858133476067,0,0,0
n48biMGVgzQ,방광염,방광염엔 무조건 항생제? 자연 치유력 높이는 게 우선,헬스조선 Health Chosun,271325,5262,2021-10-19 04:50:49+00:00,793,5.934718100890208,General,Description,1642,165.24056029232642,5.113435897727374,0,0,0
E2vcGmGCb8c,방광염,방광염은 약없이 관리하고 치료 할 수 있어요! 방광을 제대로 관리하는 법 확실히 알려드립니다!,연세신통TV,205436,4676,2021-03-13 01:36:49+00:00,360,12.371134020618555,Medical Pro,Description,1862,110.33082706766918,4.712506192686965,0,0,0
XLKHtV9XtLg,방광염,방광염! 치료해도 재발하는 이유는? - 쉬편한세상 #11 방광염치료법,굿라이프,184916,5426,2022-02-07 08:00:23+00:00,523,23.49869451697128,General,Description,1531,120.78118876551274,4.802225899715251,0,0,0
9QvR3ntB4yk,방광염,"방광내시경 꼭 받아야 할까? (혈뇨, 통증, 배뇨장애 있다면 주목!)",비정상토크,172913,1408,2021-05-07 06:26:41+00:00,402,6.263048016701461,General,Description,1807,95.69064748201438,4.5715166809464485,0,0,0
WxQ-huwmr7E,방광염,이 증상이 있다면 '방광염'을 의심해보자!,건강의학전문채널 하이닥,145961,1155,2021-01-24 01:00:04+00:00,440,19.672131147540984,General,Description,1910,76.4193717277487,4.349237030000954,1,1,0
ScuruyPr9rY,방광염,"방광 건강 지키기, 방광의 모든 것 [이지향약사의 무엇이든 물어보藥 2 21회]",한국시니어TV,142600,3242,2025-02-18 12:00:06+00:00,2891,19.17545541706616,Medical Pro,Description,424,336.3207547169811,5.821034272095676,0,0,0
1WPhqQMbWJQ,방광염,과민성 방광 자가테스트! 과민성 방광의 정확한 진단과 치료법 까지!-장진석 원장,닥터곰의 비뇨의학,136059,1950,2020-01-18 07:47:46+00:00,1085,12.12121212121212,Medical Pro,Description,2282,59.622699386503065,4.1046694002737265,0,0,0
mGfEW16l33E,방광염,방광염의 예방과 치료 (가천대 길병원 비뇨의학과 김광택),의학채널 비온뒤,125624,2529,2022-04-04 09:55:59+00:00,3087,1.583011583011583,General,Description,1475,85.16881355932203,4.45630832055206,0,0,0
T30VcUhIRTg,방광염,보도블록 틈에서 자라는 이 풀을 절대 밟지 마세요! 방광염 잡는 마디풀의 놀라운 비밀,숏뚜기,220257,2891,2025-10-11 03:30:30+00:00,41,14.814814814814817,General,Description,189,1165.3809523809523,7.06166103085781,1,1,1
pdGmfEErm1I,방광염,"완치도 어려운데, 너무나 흔한 고양이 특발성 방광염! 늦기 전에 보세요!",미야옹철의 냥냥펀치,99911,2877,2021-06-04 10:00:21+00:00,562,2.232142857142857,General,Description,1779,56.16132658797077,4.045877561119348,0,0,0
smdnwtLWK_8,방광염,방광암의 2가지 치료 방법,고대병원,98399,1825,2024-03-31 05:00:25+00:00,54,25.64102564102564,Medical Pro,Description,748,131.54946524064172,4.886955898329625,1,1,1
QvUbqqAul2o,방광염,방광염 증상과 원인 | 여성이 잘 걸리는 이유 '이것' 때문?  +신우신염🤷‍♂️,"닥터 조혜진, 어니스트TV (Honest TV)",72899,686,2020-08-26 00:30:01+00:00,337,25.210084033613445,Medical Pro,Description,2061,35.370693837942746,3.5937633360218446,1,1,0
q3N8TeiSFEg,방광염,"야간뇨 방광염 야뇨증에 '이것' 드세요.소변줄기 쏴~전립샘비대증 빈뇨 다뇨 잔뇨감 원인 싹!오줌이 찔끔 안나올때,방광이 찌릿 아플때 튼튼하게하는법. 소변이 자주 마려운 증상에 좋아",루이빈치과 류지헌,105440,2680,2025-03-13 01:45:06+00:00,77,4.681647940074907,General,Description,401,262.9426433915212,5.575731819661367,1,1,0
d0XgxPnN2ME,방광염,아무리 치료를 해도 자꾸 방광염에 걸린다면?,비정상토크,92781,800,2023-05-22 12:00:33+00:00,52,6.5359477124183005,General,Description,1062,87.36440677966101,4.481469250323928,0,0,1
YqIxJihigw8,방광염,소변 자주 마려운 이유 2가지 - 방광 건강 - 건강 상식 - 소변 자주 마려움 - 소변 자주 보는 증상 - 중년 건강 정보 - 50대 60대 - 소변 잔뇨감,건강 9단 - 하루 건강 정보,90217,713,2024-11-04 12:00:44+00:00,60,10.638297872340424,General,Description,530,170.22075471698113,5.142953687183267,1,1,1
58IvBLkq7u0,방광염,방광염 자꾸 재발한다면 딱 2가지만 기억하세요! 여성호르몬과 물 1.5L / 그랜드비뇨의학과 황진철,의학채널 비온뒤,54682,744,2024-02-17 14:30:02+00:00,307,4.749262536873156,General,Description,791,69.13021491782554,4.250353727107442,0,0,0
k1OSy0lx3cI,방광염,고양이가 방광염에 걸렸다면 어떤 행동을 보일까? 고양이 특발성 방광염의 원인과 증상 그리고 치료방법.,윤샘의 마이펫상담소-Pet Clinic,52587,1237,2023-08-28 09:00:34+00:00,397,10.416666666666666,General,Description,964,54.55082987551867,4.017298455227311,1,1,0
_ReHyeuxSLA,방광염,"방광염 궁금증 Q&A! 치료, 예방법까지 | 관계? 소변? 목욕탕? 케겔운동? 스타킹?🙄","닥터 조혜진, 어니스트TV (Honest TV)",40488,332,2020-09-02 07:12:23+00:00,391,17.167381974248926,Medical Pro,Description,2054,19.71178188899708,3.0307027117350924,0,0,0
takbtcngGKU,방광염,과민성방광염 원인과 치료방법! | [동산닥터스] 비뇨의학과 변혜진,계명대학교 동산병원,37833,450,2020-09-15 02:28:18+00:00,195,3.4722222222222223,Medical Pro,Description,2041,18.536501714845663,2.9722845985929274,0,0,0
NiFdN_a4n68,방광염,"방광염 증상, 급성 방광염 도대체 방광염은 무엇일까?",서울베스트의료의원,187271,3032,2021-05-11 02:37:14+00:00,397,9.695290858725762,General,Description,1803,103.8663338879645,4.652686528600408,1,1,0
GhW161INyoQ,방광염,여성 방광염 이 영상으로 완벽정리! - 서울대 전문의#여성방광염,닥터곰의 비뇨의학,123145,888,2020-08-10 06:43:53+00:00,324,11.976047904191615,Medical Pro,Description,2077,59.28984111699567,4.0991636171851145,0,0,0
BPgTJ-OTYQI,방광염,환삼덩굴은 방광염에 좋은 약초! 요로염 방광염에 좋은 약초 #요로염 #방광염,용미TV,102670,1148,2025-05-28 11:30:19+00:00,16,23.07692307692308,Medical Pro,Description,325,315.9076923076923,5.758610540014432,0,0,1
8JJ1hOhrWXU,방광염,"흔하게 걸릴 수 있는 급성 방광염! 증상, 진단부터 치료, 예방법까지 모두 알려드립니다 !",비정상토크,36445,347,2023-09-13 08:02:16+00:00,538,18.54493580599144,General,Description,948,38.44409282700422,3.6748842978545007,1,1,0
nDZoKFcGdos,방광염,방광염! 생활습관으로 타파~,시기월드,46586,578,2023-04-23 01:00:43+00:00,57,13.69158878504673,General,Description,1091,42.70027497708524,3.777354394463561,0,0,1
wIg3HZ3CkYQ,방광염,"요로감염, 방광염등 소변이 자주 마렵고 밤잠을 자주 설친다면 이것을 드세요. (크랜베리 효능, 복용법, 제품 고르는 법)",리틀약사,34001,969,2021-12-21 10:00:24+00:00,420,15.625,Medical Pro,Description,1579,21.53324889170361,3.1149919469641842,0,0,0
wYV3YJBZ46o,방광염,#임산부방광염 #방광염혈뇨 #방광염예방법,더끌림산부인과,39743,297,2023-03-14 01:30:17+00:00,59,22.71028037383178,General,Description,1131,35.13969938107869,3.587391966952361,0,0,1
SX_IlP18IwI,방광염,"방광염,  과민성 방광, 방광기능 강화, 생리통를 스스로 관리하는 법/ 빈뇨, 야간뇨 관리법",연세신통TV,32930,956,2023-08-29 09:00:30+00:00,535,8.997429305912597,Medical Pro,Description,963,34.19522326064382,3.5609103705729717,0,0,0
6jBF_yY2XJ0,방광염,"방광염에 효과적인 식이요법, 이걸 무조건 드셔야합니다! - 50대 중년 이후 필수 건강 관리 방법",건강을 전하는 아들래미,44891,335,2023-03-30 09:30:03+00:00,37,10.1010101010101,General,Description,1115,40.2609865470852,3.719917417853745,0,0,1
4YSVFfYHemU,방광염,[엄마약방] 찌릿찌릿 괴로운 방광염 ~참지 말고 바로 약국가서 이 약을 드시면 됩니다/방광염치료법,엄마약방 Mom's Pharmacy,24630,284,2022-07-04 23:00:01+00:00,255,38.67403314917127,General,Description,1384,17.796242774566473,2.933656997446071,0,0,0
5QnP0efMlUA,방광염,여성 초기 방광염 치료원칙 3가지!   | 전립선방광TV #shorts,전립선방광TV,27178,245,2022-09-11 15:37:50+00:00,60,19.174041297935105,Medical Pro,Description,1315,20.667680608365018,3.075821777441722,0,0,1
7RG1Duhd2DU,방광염,방광염 3총사 😣 | 몸짱약사 민재원,몸짱 약사 민재원,38074,156,2023-12-14 00:00:05+00:00,9,4.922644163150492,Medical Pro,Description,856,44.478971962616825,3.817250064462759,0,0,1
5eBi25-iTyk,방광염,[무엇이든물어보세요] 과민성 방광 치료에 도움이 되는 운동 #shorts | KBS 221004 방송,에헤라 티비 : KBS LIFE,25036,353,2022-10-18 09:15:00+00:00,59,11.764705882352942,General,Description,1278,19.58998435054773,3.0248047609883035,0,0,1
3HsQJRcF65U,방광염,"매일 먹으면 방광의 염증, 만성 방광염이 싹 사라지는 베스트 음식을 알려드립니다.[한의학박사 김순렬]",김순렬TV,18679,970,2024-08-03 22:00:02+00:00,551,3.3798882681564244,Medical Pro,Description,623,29.98234349919743,3.4334174776796282,0,0,0
b6ugyuVMDXY,방광염,항생제로도 잘 낫지 않는 방광염 치료 방법은? #Shorts,위담한방병원,23459,0,2024-03-07 20:00:20+00:00,56,20.32520325203252,Medical Pro,Description,772,30.387305699481864,3.4464035340856296,0,0,1
dZuFmQO2Qq8,방광염,방광염 진단과 치료 ✔ 8가지 방광염 종류 / 가천대 길병원 비뇨의학과 김광택 교수,길병원TV,15259,293,2023-05-16 02:00:14+00:00,2987,17.75147928994083,Medical Pro,Description,1068,14.287453183520599,2.7270324386060243,0,0,0
3lc4J27aXH8,방광염,딱 보면 바로 아는 여성 방광염 증상,신·소·애 SINSOE women's clinic,23095,117,2024-12-20 14:45:00+00:00,54,6.711409395973154,General,Description,484,47.71694214876033,3.886026857654416,1,1,1
wsIPbNE0FnY,방광염,"지긋지긋한 방광염😣어떻게 해야 할까?ㅣ방광염, 요도염에 도움이 되는 영양제 BEST 3💓",뉴리TV Nuri TV,13919,96,2020-02-21 03:00:11+00:00,647,8.035062089116144,Medical Pro,Description,2248,6.191725978647687,1.9729311955880247,0,0,0
difDD-SLF8k,방광염,"과민성방광염, 소변이 자주 마려울 때 [ENG SUB]",황성수힐링스쿨,13247,558,2023-01-05 06:18:15+00:00,280,2.857142857142857,General,Description,1199,11.04837364470392,2.4889296835832777,0,0,0
awvJ6NV9Sgo,방광염,여의사 비뇨기과와 방광염에 좋은 음식 TOP3 알아보기,미즈러브여성비뇨의학과MIZLOVE FEMALE UROLOGY,12915,86,2023-08-22 07:00:12+00:00,223,12.953367875647668,General,Description,970,13.314432989690722,2.6612683282434713,0,0,0
v7ba9WF0eUQ,방광염,화장실을 너무 자주 가요! '간질성 방광염' ㅣ 비뇨의학과 김시현 교수,순천향대학교 천안병원,12207,156,2023-06-13 07:40:53+00:00,695,27.21088435374149,Medical Pro,Description,1040,11.7375,2.5445503985488434,0,0,0
mbQO6y7AkfY,방광염,방광염 자꾸 걸리면 벌어지는 놀라운 일들,으랏차차 여성건강,15622,141,2023-11-17 22:00:31+00:00,60,27.21088435374149,General,Description,883,17.691959229898075,2.9280934436833332,0,0,1
hpN9gVQLV58,방광염,[무엇이든 물어보세요] 과민성 방광😰 치료에 도움이 되는 운동법이 있다?! #shorts | KBS 220328 방송,에헤라 티비 : KBS LIFE,10767,140,2022-03-30 09:15:03+00:00,58,8.130081300813009,General,Description,1480,7.275,2.1132389212631266,0,0,1
RaFodLzbriM,방광염,"방광염으로 소변이 역류하면 생기는 질환, 알고 계셨나요?",비정상토크,10114,136,2023-01-25 08:00:09+00:00,297,9.933774834437086,General,Description,1179,8.578456318914334,2.2595164431862993,0,0,0
MRpoEqowCl8,방광염,"방광염 증상 (소변이 자주 마려워요, 소변볼 때 아파요, 잔뇨감), 병원가지 않고 해결할 수 있는 방법 BEST3!!!",아이엠닥터 임창락,17208,179,2025-02-06 09:06:43+00:00,51,41.66666666666666,Medical Pro,Description,436,39.46788990825688,3.700508817875796,1,1,1
_eZhNRmmeDQ,방광염,"잦은 방광염, 왜 자꾸 재발하나요?",비정상토크,9148,137,2021-10-21 09:00:14+00:00,294,4.962779156327543,General,Description,1640,5.578048780487805,1.8837381634413766,0,0,0
gYfeI5y1EjM,방광염,효과 직빵 질유산균 고르는법 #질염 #질유산균 #방광염,아는약사,14147,120,2025-08-24 13:58:03+00:00,55,16.949152542372882,Medical Pro,Description,237,59.69198312236287,4.10581161557627,0,0,1
HBAncJMhW9k,방광염,"항생제 없이 방광염 치료 완전정복 오줌소태, 빈뇨, 야간뇨, 야뇨증, 배뇨장애, 방광 세균감염, 요실금, 요로감염, 세균성 방광염｜차은수 원장",위담한방병원,8503,0,2024-02-29 08:55:39+00:00,452,25.12562814070352,Medical Pro,Description,779,10.915275994865212,2.4778212739303727,0,0,0
L0SDy4ipRkY,방광염,"여자 방광염, 항생제로도 안 나을 때 꼭 챙겨 먹어야 할 것은?",이음여성한의원 김우성 원장,7516,197,2024-12-09 05:09:02+00:00,532,6.493506493506493,General,Description,495,15.183838383838383,2.784013113646427,0,0,0
Qd2LY-Q8xWE,방광염,절박뇨? '이것' 모르면 치료 안 돼요. #절박뇨 #과민성방광 #방광염 #전립선염 #전립선비대증,경희열린한의원,10974,108,2024-11-01 01:58:04+00:00,56,13.544018058690744,General,Description,533,20.589118198874296,3.072189400657614,0,0,1
-ATBvUtBr-g,방광염,#방광염 에 좋은약! #shorts #비뇨기과,강남더의원,9859,0,2023-09-11 11:13:59+00:00,60,7.407407407407407,General,Description,950,10.377894736842105,2.4316724148216164,0,0,1
4b-of3mT2Rg,방광염,방광염에 걸린 강아지의 증상은? #shorts,유앤미 [부산 24시UN동물의료센터],6856,237,2022-07-27 01:48:32+00:00,26,2.8117048346055995,General,Description,1361,5.037472446730345,1.7979854552797219,1,1,1
MDqcspIG2aw,방광염,약 없이 과민성 방광 해결하는 방법 5가지#건강 #건강관리 #건강정보,몸쓸건강,10311,246,2025-07-22 12:32:47+00:00,75,12.93103448275862,General,Description,270,38.18888888888889,3.668393259905787,0,0,0
PYfrbOyr0x0,방광염,"간질성 방광염으로 고통받는 분들! 어떻게 치료해야할 지, 일상에서 주의해야할 점들 어떤 것이 있는지 확인하고 가세요! (간질성 방광염의 치료와 일상생활에서의 주의사항)",비정상토크,4937,76,2024-09-13 08:00:35+00:00,444,19.00237529691212,General,Description,582,8.482817869415808,2.2494815157080637,1,1,0
XGQQISbmsL0,방광염,방광염! 항생제 꼭 써야하나요? - 내과사용설명서,"성누가병원 -정형외과, 치과, 내과, 한방과",4415,52,2022-04-01 06:08:39+00:00,309,14.018691588785046,Medical Pro,Description,1478,2.987144790257104,1.3830753833297662,0,0,0
nVPvGJpqNtY,방광염,"방광염 있을 때, 피해야할 것 2) 아랫배 자극되는 운동은 피하라 #shorts",윤희쌤의 자궁리셋,5842,51,2023-11-08 01:15:01+00:00,48,5.2631578947368425,General,Description,892,6.54932735426009,2.0214584671410103,0,0,1
WLnT6-Lnjiw,방광염,"산부인과 의사들이 경고하는 최악의 '방광염, 요실금' 습관 3가지",유튜브 건강주치의,11056,287,2025-06-26 11:49:59+00:00,30,2.618296529968454,General,Description,296,37.351351351351354,3.6467897645158183,2,1,1
hqYwAPKap-I,방광염,성관계가 방광염의 원인??#shorts,한부인과 남은영,4611,31,2023-10-03 22:00:33+00:00,47,7.905138339920948,General,Description,928,4.96875,1.7865375252469033,0,0,1
hpfzWBMUh_A,방광염,#관계 후 #방광염 잘 걸린다면? 바로 시원하게 소변 보는 것이 좋을까요?,와이미즈,5036,27,2025-02-14 14:48:15+00:00,46,43.47826086956522,General,Description,428,11.766355140186915,2.5468132056688293,0,0,1
f9bHcewiFYI,방광염,"고양이 방광염, 이것을 꼭 체크하세요",고양이에 진심 백산동물병원,336487,429,2024-04-15 13:15:03+00:00,45,22.22222222222222,Medical Pro,Description,733,459.05457025920873,6.13134511344532,0,0,1
qGI9C-SOm3k,방광염,"15.방광염, 치료해야 하는 이유! #여자인한의원#방광염증상#방광염치료법#방광염빨리낫는법#방광염원인",공감진료실 여자인한의원,7622,67,2025-06-26 01:46:06+00:00,119,63.29113924050633,General,Description,296,25.75,3.2865344733420154,1,1,0
C6VTgdFRJQM,방광염,"재발성 방광염, 최신 치료전략 총정리 / 어비뇨의학과 장훈아, 고대안산병원 박재영",의학채널 비온뒤,3708,103,2025-07-05 23:58:52+00:00,3264,1.162790697674419,General,Description,287,12.9198606271777,2.6333166424407537,0,0,0
qqNWPnIJ-g8,방광염,관계 후 방광염 자꾸만 걸린다면?,으랏차차 여성건강,4495,40,2024-11-22 09:04:26+00:00,60,27.027027027027028,General,Description,512,8.779296875,2.280267587290437,0,0,1
YIM00Cc6t4k,방광염,여성 건강을 위한 '크랜베리'🍒 '붉은 보석'이라고 불리는 방광염에 좋은 영양소 추천!!,카포리아,3445,22,2022-05-10 13:14:03+00:00,300,4.043126684636119,General,Description,1439,2.3940236275191107,1.2220161283432276,0,0,0
WtLwFXfPfOM,방광염,방광염 자주 걸린다면 꼭 체크해야하는 4가지,건강한편,3501,174,2025-03-16 07:42:00+00:00,60,21.73913043478261,General,Description,398,8.796482412060302,2.2820233836981596,0,0,1
KPOr8YZjAxc,방광염,#shorts 재발성 방광염 예방 및 개선에 도움 되는 성분들,비정상토크,3424,31,2022-09-10 01:00:08+00:00,53,3.53356890459364,General,Description,1316,2.601823708206687,1.2814403028038597,0,0,1
u9yfOS4PPDw,방광염,"이름이 생소한 간질성 방광염, 어떤 질환일까요? (간질성 방광염의 증상과 진단)",비정상토크,2560,33,2024-09-06 08:00:40+00:00,502,7.915567282321899,General,Description,589,4.34634974533107,1.676414037449438,1,1,0
hvOrOJ5edMQ,방광염,"관계  후 질염, 방광염 안 걸리려면?",DR.유미의 성(性)세포들,2586,26,2024-02-15 08:45:02+00:00,24,8.968609865470851,Medical Pro,Description,793,3.261034047919294,1.449511865079442,0,0,1
GymY3rStYVs,방광염,간질성 방광염은 어떤 증상이 나타날까? #간질성방광염 #방광염 #골드만비뇨의학과,비정상토크,2881,26,2024-11-21 23:00:11+00:00,60,4.415011037527594,General,Description,513,5.615984405458089,1.889488600623402,1,1,1
Qt7i8-fzuKo,방광염,이 생활습관으로 방광염 유발될 수 있다는 사실 아시나요??,비정상토크,5657,28,2025-07-19 08:00:35+00:00,50,13.6986301369863,General,Description,273,20.721611721611723,3.0783076968068115,0,0,1
NClxW6QDgnM,방광염,방광염을 자주걸린다면 확인,트리니티 TV,1830,10,2024-07-01 09:27:37+00:00,29,4.694835680751174,Medical Pro,Description,656,2.7896341463414633,1.3322694831265673,0,0,1
hiV-wGSu1pk,방광염,소변 자주 보는 이유 5가지 #방광건강 #방광염 #신장건강 #당뇨증상 #야간뇨 #전립선비대증 #시니어건강 #노년건강 #건강정보 #60대 #70대 #100세시대 #노후지혜,1분지혜산책,3633,94,2025-09-08 00:49:25+00:00,51,17.094017094017094,General,Description,222,16.364864864864863,2.8544489041251504,1,1,1
ybF8KGmTeaQ,방광염,간질성방광염의 치료가 어려운 진짜 이유 #쇼츠  #일중한의원 #방광염 #간질성방광염,전립선방광TV,1914,17,2024-04-04 09:16:55+00:00,59,96.7741935483871,Medical Pro,Description,744,2.5725806451612905,1.2732882044400988,0,0,1
h94M2qESmKw,방광염,"소변거품, 소변냄새, 배뇨통, 요도염증상, 방광염 증상 있을 때 꼭 봐야할 영상!! #shorts #소변거품 #요도염 #방광염",아이엠닥터 임창락,1594,27,2025-03-10 02:57:57+00:00,56,37.38317757009346,Medical Pro,Description,404,3.9455445544554455,1.5984870812473486,1,1,1
j-zwwKAZi0E,방광염,"질염, 방광염의 올바른 관리법",지식한끼,1461,9,2022-01-21 03:00:19+00:00,201,9.803921568627452,General,Description,1548,0.9437984496124031,0.6646440224803729,0,0,0
Si1oOobtbVo,방광염,방광염과 산성 음식,다민한의원- 소변시원TV,1479,29,2024-12-29 00:00:15+00:00,47,20.565552699228792,Medical Pro,Description,475,3.1136842105263156,1.4143190285680869,0,0,1
DUqXnP0KqEY,방광염,간질성방광염(방광통증증후군) 적극치료가 삶의 질은 높입니다.,미즈러브여성비뇨의학과MIZLOVE FEMALE UROLOGY,1323,14,2024-12-16 13:42:07+00:00,340,19.450800915331808,General,Description,488,2.7110655737704916,1.3113190520302662,0,0,0
3h57OERUknA,방광염,방광염 초음파 진단 방광 bladder cystitis sonography,웰니스연구소,1566,8,2024-09-10 05:12:22+00:00,21,13.157894736842104,General,Description,585,2.6769230769230767,1.3020762820358736,0,0,1
-MZLr8gFQ9s,방광염,"1분안에 알아보는 만성방광염, 과민성방광,간질성방광염 차이점 #방광염 #shorts #간질성방광염 #방광염치료법",전립선방광TV,1440,21,2024-08-21 09:56:04+00:00,57,25.31645569620253,Medical Pro,Description,605,2.3801652892561984,1.2179246104460606,0,0,1
7F6mOguTSKk,방광염,여성 방광암이 더 위험한 이유｜방광염으로 착각하면 늦게 발견됩니다,고려대학교 안암병원,3690,10,2025-12-03 08:00:20+00:00,41,24.390243902439025,Medical Pro,Description,136,27.13235294117647,3.3369202642641462,2,1,1
WrOj69uGi-o,방광염,방광염에 좋은 음식 5가지,나의 건강은 내가 지킨다,2142,14,2025-05-18 02:00:35+00:00,23,4.761904761904762,General,Description,335,6.394029850746269,2.0006728976642933,0,0,1
BAZ3onnJYAQ,방광염,"간질성 방광염의 또 다른 이름, 방광 통증 증후군 #간질성방광염 #방광염 #골드만비뇨의학과",비정상토크,1375,3,2024-11-19 23:00:09+00:00,30,4.2105263157894735,General,Description,515,2.6699029126213594,1.300165207389952,0,0,1
DFw0OI5aH8w,방광염,임신🤰 중 방광염 증상 완화 및 예방법은? (#임신중방광염 #임신방광염증상완화 #임신중방광염예방),THE 프라임병원,1046,9,2025-04-15 06:00:06+00:00,271,30.060120240480963,Medical Pro,Description,368,2.842391304347826,1.3460949082875873,1,1,0
vY8BUQPC_ig,방광염,"방광염 초기, 약국템 3가지 추천",이지약국갑시다,2232,21,2025-12-15 09:19:26+00:00,33,28.328611898017,General,Description,124,18.0,2.9444389791664403,0,0,1
jOuksWpPKaI,방광염,지긋지긋한 방광염과 소변 때문에 걱정입니다.,칼슘박사 SEAN LEE TV,984,32,2025-01-17 22:33:39+00:00,141,2.4330900243309004,Medical Pro,Description,456,2.1578947368421053,1.1499055830556602,0,0,0
4KKYe4DVR4g,방광염,대한민국 여성 60만 명이 고통받고 있는 '간질성 방광염' l 의사도 감탄한 최신 치료법 공개! #성장인 #의학박사,성장인(강남여성병원),985,23,2025-07-31 09:00:11+00:00,471,16.164021164021165,Medical Pro,Description,261,3.7739463601532566,1.563173292024705,0,0,0
pW2gBnZ_lm4,방광염,방광이 안 좋으면 나타나는 증상 #방광염 #방광암,건강습관,3078,35,2025-07-13 07:54:10+00:00,57,14.492753623188406,General,Description,279,11.03225806451613,2.487591215158669,2,1,1
s4-R8VEtzFU,방광염,10년 고생한 방광염? 스네피 치료로 깔끔하게 해결했습니다,통사 연구소(낭만닥터 성사부X노스테로닥),897,12,2025-01-29 04:03:00+00:00,33,21.73913043478261,Medical Pro,Description,444,2.02027027027027,1.1053463208494538,0,0,1
lhspDo-TXF4,방광염,방광염 왜 여성들이 더 잘 걸리는 걸까❓방광염 원인과 증상 해결방법💯 #Shorts,뉴리TV Nuri TV,811,32,2022-03-01 14:00:15+00:00,332,7.050528789659224,Medical Pro,Description,1509,0.5374420145791915,0.43012000589250676,1,1,1
Xq3uQ0EcdJo,방광염,간질성 방광염의 진단은 어떻게 해야할까요? #간질성방광염 #방광염 #골드만비뇨의학과,비정상토크,871,13,2024-11-17 23:00:32+00:00,59,4.761904761904762,General,Description,517,1.6847195357833655,0.9875762665583206,0,0,1
ZIwqZD9M6pI,방광염,"방광염은 도대체 왜 이렇게 잘 걸릴까? 내 방광 바로 알고 제대로 치료하는 법 (ft.방광내시경검사, 간질성 방광염, 재발성방광염)",신·소·애 SINSOE women's clinic,827,18,2024-12-18 09:45:01+00:00,481,10.135135135135137,General,Description,486,1.7016460905349795,0.9938612504023024,0,0,0
eWrZ08qPH5g,방광염,"방광염, 소변검사 외 00 검사를 통해 정확히 확인하는 게 중요합니다",비정상토크,2205,7,2025-07-21 08:00:41+00:00,37,22.22222222222222,General,Description,271,8.136531365313653,2.212280812924786,0,0,1
Bs4dsDSL3ds,방광염,"만성 방광염, 이젠 항생제는 NO!  유로박솜으로 재발 컷!",joojoo_world,1926,19,2025-10-25 02:26:32+00:00,60,23.29749103942652,General,Description,175,11.005714285714285,2.4853827269214865,0,0,1
erFCJ163VEY,방광염,방광염 예방하기 #정자역비뇨기과 #정자역비뇨의학과 #파워비뇨의학과 #한준현 #방광예방팁 #혈뇨 #방광염 #방광염예방,파워비뇨의학과,1999,32,2025-04-30 03:04:15+00:00,74,20.72538860103627,General,Description,353,5.662889518413598,1.8965532520852209,0,0,0
0v-k3QxxhlU,방광염,항생제 내성 없는 방광염 치료: 꼭 비뇨의학과로 오세요!(송재만 일산차병원 비뇨의학과 교수),한국전립선-배뇨관리협회,741,17,2024-09-02 01:20:46+00:00,303,16.39344262295082,General,Description,593,1.2495784148397977,0.8107428274778437,0,0,0
VCe0pEtnIlY,방광염,방광염에 좋은 혈자리 마사지 BEST3!,이안한방병원,1207,16,2025-09-01 04:44:30+00:00,92,41.00227790432802,Medical Pro,Description,229,5.270742358078603,1.8358947460539299,0,0,0
110OvoPDgb8,방광염,"(📒정리본) 많은 여자들의 고민 #질염️, #방광염!",묘약사,2090,11,2025-09-16 06:22:44+00:00,20,22.922636103151863,Medical Pro,Description,214,9.766355140186915,2.3764260067939302,0,0,1
SESGx9Ng66I,방광염,소변 냄새가 이상해요? 놓치지 말아야 할 건강 신호!    #방광염  #탈수 #비뇨기과,닥터핫이슈채널,2536,3,2025-05-15 01:36:55+00:00,128,27.3972602739726,Medical Pro,Description,338,7.502958579881657,2.1404141711559515,1,1,0
rPrSUO_J5oM,방광염,방광염이 있을때 이렇게 하세요! #시니어체조 #방광염,시니어장생교실,728,15,2024-09-29 04:56:12+00:00,39,8.695652173913043,General,Description,566,1.2862190812720848,0.8268993968576629,0,0,1
bX4_Vr5Mves,방광염,방광염 재발? 내가 원인이라구..? 😨,나만의닥터,1822,10,2025-05-26 11:01:08+00:00,46,37.234042553191486,Medical Pro,Description,327,5.571865443425076,1.882797725745257,0,0,1
l0QPY9IVNZk,방광염,"가장 흔한 방광염 원인 '대장균', 습관부터 바꿔야합니다! #비뇨의학과 #방광염 #대장균 #요도감염 #여성방광염",비정상토크,1744,4,2025-08-10 08:00:54+00:00,48,6.451612903225806,General,Description,251,6.948207171314741,2.07294639019218,0,0,1
IZM-4EvVFDM,방광염,방광염으로 병원가면 하는 검사 _ 멘파워비뇨기과 #shorts #방광염 #검사,멘파워비뇨기과,2548,0,2025-05-29 22:15:00+00:00,52,10.714285714285714,General,Description,324,7.864197530864198,2.1820204143757853,0,0,1
XlY0TULnx_A,방광염,"소변 자주 마렵고 따가우면, 🚨 방광염 신호일 수 있어요!",나리여성병원,2217,2,2025-08-18 06:27:17+00:00,34,23.36448598130841,Medical Pro,Description,243,9.123456790123457,2.31485518558586,1,1,1
oKZ1xzZZn0E,방광염,[예고] 여성방광염치료 - 방광염은 홀로오지않는다 #한방닥터이글스,한방닥터이글스,2516,13,2025-09-04 08:28:27+00:00,7,5.672358591248665,Medical Pro,Description,226,11.132743362831858,2.495907860849974,0,0,1
1rOZKpOBVoE,방광염,만성 방광염으로 인해 일상생활이 어려우신가요?,"요도질환 면역케어 전문 브랜드, 템페라스",913,7,2024-07-23 06:58:55+00:00,21,25.0,General,Description,634,1.4400630914826498,0.8920238961358402,0,0,1
Oi1Unx-SE1M,방광염,노년성 방광염과 요실금이 생기는 원인인 양기 부족 한방 치료 사례,최서우 박사의 여성건강 백서,619,12,2024-02-07 02:00:07+00:00,323,8.24742268041237,General,Description,801,0.7727840199750312,0.5725512035269472,0,0,0
SlCbas3X_BA,방광염,성관계 후 방광염? 예방법 #방광염 #밀월성방광염 #여성건강,이윤정 산부인과,1834,8,2025-12-03 12:08:01+00:00,52,15.384615384615383,General,Description,136,13.485294117647058,2.673133935995982,0,0,1
y_VdHIsczHI,방광염,방광염 요실금과 관계 없습니다 속지마세요 #shorts #방광염 #요실금 #shorts,포웰 비뇨의학과 소성민 박사,742,8,2023-07-13 11:33:36+00:00,60,48.38709677419355,General,Description,1010,0.7346534653465346,0.5508076616610316,0,0,1
v-e60aV-QjU,방광염,그냥 두면 신장 큰일 나요!/초기 방광염 하루 만에 잡아요! #방광염 #신장 #혈뇨 #방광염 치료법 #신우신염 #Shorts,채널 JJIN,1604,2,2025-11-14 01:52:34+00:00,26,5.305039787798409,General,Description,155,10.348387096774193,2.4290756278183117,0,0,1
WxNJLpcI4Es,방광염,"“남성 전립샘 비대증 vs 여성 방광염 혈뇨, 평생 약? 줄기세포 1회?"" 당신의 선택은? 잦은 소변, 잔뇨감, 야뇨증,수면장애 없애는법. 요실금, 다뇨, 빈뇨, 야간뇨에 필수",루이빈치과 류지헌,2575,32,2026-01-11 21:30:09+00:00,94,8.960573476702509,General,Description,97,26.54639175257732,3.3158715561531538,0,0,0
4NOIo7_Qpkc,방광염,"방광염, '이 신호' 4가지 무시하면 만성됩니다! 🚨 (갱년기, 감기, 스트레스, 불면)",경희열린한의원,1638,16,2026-01-03 09:45:31+00:00,93,13.93188854489164,General,Description,105,15.6,2.8094026953624978,2,1,0
p0L9dEnTdnM,방광염,#방광염 이 음식 꼭 드세요!,건강정보,576,2,2024-12-17 04:53:08+00:00,46,14.814814814814817,General,Description,487,1.1827515400410678,0.7805862552593581,0,0,1
V_IcMALLduM,방광염,소변 참지 마세요! 방광염 재발을 막는 일상 속 작은 습관들,건강생각TV,1802,8,2026-01-02 02:03:36+00:00,60,19.169329073482427,Medical Pro,Description,106,17.0,2.8903717578961645,0,0,1
PS-FxB-A7p4,방광염,"#shorts 방광염에 좋은 음식 3가지 #방광염,#요로감염#건강 365일",건강365일k89,1252,22,2025-12-22 07:45:04+00:00,142,10.471204188481677,General,Description,117,10.7008547008547,2.459661890490693,0,0,1
fhTwRNzZkAI,방광염,[광고] 방광을 지키기위한 3가지노력 #shorts #시니어건강 #방광염 #방광염예방,라골라골,1449,11,2025-10-25 09:11:05+00:00,47,11.976047904191615,General,Description,175,8.28,2.2278615467981093,0,0,1
RLBrlHikguw,방광염,한달간 항생제를 복용해도 방광염이 낫질 않아요... #shorts,네오유김원장,779,8,2022-01-28 04:06:58+00:00,34,36.25954198473283,General,Description,1541,0.5055158987670344,0.4091356293402399,0,0,1
GDU5J6dPI6M,방광염,"방광염, 이렇게 예방하세요! | 파워비뇨의학과 한준현 원장",파워비뇨의학과,1854,21,2025-11-13 01:19:40+00:00,34,8.264462809917354,General,Description,156,11.884615384615385,2.5560339938035845,0,0,1
4w_lmSMQygU,방광염,병원에선 이상 없다는데... 제 방광은 왜 이럴까요? #만성방광염 #간질성방광염 #방광통증증후군 #배뇨통,경희열린한의원,1842,15,2025-12-31 08:12:41+00:00,76,31.51862464183381,General,Description,108,17.055555555555557,2.893453424433573,0,0,0
GFO5WU6B4wg,방광염,"만성방광염, 하루 3리터 수분 섭취? 그러다가 방광 망가져요.",경희열린한의원,1744,9,2026-01-03 01:47:59+00:00,61,3.8240917782026767,General,Description,105,16.60952380952381,2.8684398812296017,0,0,0
LLad3z_hzmI,방광염,"“절임반찬, 방광염·암 위험 높입니다! 식단 점검하세요”",찐건강생활,1404,4,2025-07-21 00:00:32+00:00,56,6.0,General,Description,271,5.180811808118081,1.821449623379466,2,1,1
o0KjK8NVuro,방광염,"잦은 소변, 남자 빈뇨, 여자 빈뇨의 원인이 다르다? 전립선? 방광염? #잦은소변 #빈뇨 #잔뇨감 #야간뇨 #전립선 #방광염",안상원 박사,1352,12,2025-09-26 12:31:09+00:00,177,22.471910112359552,General,Description,204,6.627450980392157,2.0317537108941206,0,0,0
SOssMKVVGKY,방광염,방광염 안 걸리려면 '이 음료'는 먹지마세요 #shorts,산부인과 최쌤,1330,5,2025-08-19 08:00:24+00:00,52,6.666666666666667,General,Description,242,5.4958677685950414,1.8711662468324655,0,0,1
uuqIxqTFpNo,방광염,"지긋지긋한 방광염, 재발 막는 방법 공개! #방광염빨리낫는법 #방광염 #방광염증상 #방광염에좋은음식 #방광염치료법 #방광염원인 #방광염혈뇨 #방광염치료방법 #방광염영양제",ENF메딕스,577,16,2025-08-22 07:05:47+00:00,489,9.47867298578199,General,Description,239,2.414225941422594,1.2279508030325963,1,1,0
wp_XYsjrSZo,방광염,크랜베리!단순히 몸에 좋은 과일이 아닙니다.#크랜베리 #야간뇨 #방광 #방광염  #방광건강 #요로감염  #시니어 #시니어건강 #노년건강 #노년건강관리 #남성건강 #여성건강 #건강,시니어건강나침반6090,1387,11,2025-12-11 10:54:40+00:00,109,2.178649237472767,General,Description,128,10.8359375,2.4711404540238524,0,0,0
3TYw_Lbf4CM,방광염,"성관계 후 방광염, 성병일까…? 😥",나만의닥터,1697,8,2025-04-25 12:00:15+00:00,56,23.25581395348837,Medical Pro,Description,358,4.740223463687151,1.7474981405296348,0,0,1
MibnoDrmCr0,방광염,간질성 방광염 안 낫는 이유? 불면증을 해결해야 합니다. #간질성방광염 #방광염 #방광염한의원 #만성방광염,경희열린한의원,555,14,2024-11-04 08:41:11+00:00,52,17.621145374449338,General,Description,530,1.0471698113207548,0.7164582594283925,0,0,1
3-0zRMJscY4,방광염,"간질성방광염, '이것' 모르면 1년 넘게 고생합니다. #간질성방광염 #만성방광염",경희열린한의원,2494,15,2025-12-24 09:12:43+00:00,117,19.23076923076923,General,Description,115,21.68695652173913,3.1217901567734785,0,0,0
KV0FesxC9Sk,허리디스크,허리에 좋은 뒷꿈치 들기 운동 (“따라하기” 포함),정선근 TV,5789257,107091,2023-07-17 01:00:13+00:00,768,2.7777777777777777,Medical Pro,Description,1006,5754.728628230616,8.657950921001245,0,0,0
cSwm7ziLQu4,허리디스크,'척추의 신' 정선근 교수가 알려주는 목디스크 치료 운동│어디서든 쉽게 따라 해보세요! 수술 없이 자세만 고쳤을 뿐인데 해결되는 기적 같은 방법│명의│EBS 건강,EBS 건강,5551933,82198,2023-08-18 06:07:44+00:00,1271,27.24795640326976,General,Description,974,5700.136550308008,8.64842082873702,0,0,0
q4_j2x_5-ns,허리디스크,🏆440만🏆허리가 아프다면? 하지 말아야 할 3가지 #허리디스크,더건강,4507049,56986,2024-04-29 07:30:59+00:00,59,12.987012987012989,General,Description,719,6268.49652294854,8.743451331032551,0,0,1
Nj8eRj47qeM,허리디스크,"226. 허리통증 없애고, 척추기립근 살리는 실내 걷기 운동 ㅣft 부부한의사",부부한의사,4140437,71057,2023-05-26 10:17:00+00:00,59,20.304568527918786,Medical Pro,Description,1058,3913.4565217391305,8.27243177930944,0,0,1
3Sh03Tcz-y8,허리디스크,"요통, 이럴 땐 병원 바로 가야합니다 | 서울대병원 정선근 교수",서울대병원tv,3536460,57174,2022-02-17 08:00:55+00:00,2086,23.88535031847134,Medical Pro,Description,1521,2325.0887573964496,7.751943491162468,0,0,0
QhRcs9d2Y9E,허리디스크,과학적으로 검증된 허리 스트레칭! 8분이면 그냥 끝! 허리 아프신 분들 필독!,건강의학전문채널 하이닥,2821828,30536,2021-05-31 08:00:13+00:00,539,4.645760743321719,General,Description,1783,1582.6292765002804,7.367474502368665,0,0,0
mSsrdc9H6TA,허리디스크,허리에 좋은 줄 알았더니 오히려 독이 된 운동│허리 건강을 위한 일상 속 관리법│명의│EBS 건강,EBS 건강,2796043,38858,2023-08-10 02:00:20+00:00,501,28.01120448179272,General,Description,982,2847.2942973523423,7.954475601937702,0,0,0
PYNfFV4CHig,허리디스크,🏆340만🏆 허리 아픈 사람이 꼭 지켜야 할 3가지 #허리디스크,더건강,3428378,58279,2024-04-29 08:41:27+00:00,60,31.25,General,Description,719,4768.258692628651,8.46994616145456,0,0,1
jqCi349wglE,허리디스크,허리에 하지 말 것과 해야 할 것 #1분건강,서울대병원tv,2787733,42484,2024-04-18 07:30:12+00:00,48,29.85074626865672,Medical Pro,Description,730,3818.8123287671233,8.247956571798778,0,0,1
Cr6PeWFElpU,허리디스크,🏆250만🏆 허리 아플 땐 어디서 자야할까? 방바닥 VS 침대 #허리디스크 #정선근,더건강,2571951,36674,2024-04-23 02:25:38+00:00,58,11.904761904761903,General,Description,725,3547.518620689655,8.174285505433208,0,0,1
kJFTn0ixr04,허리디스크,누워서 따라하는 신전 자세 #shorts,EBS 건강,2556435,56399,2023-10-25 12:00:48+00:00,60,28.30188679245283,General,Description,906,2821.6721854304637,7.945439298744323,0,0,1
0I8PmUw6EV0,허리디스크,240. 허리디스크 통증 없애는 최고의 허리 운동ㅣft 부부한의사,부부한의사,2538947,48287,2023-06-18 10:17:00+00:00,59,26.200873362445414,Medical Pro,Description,1035,2453.088888888889,7.805510846655967,0,0,1
5OlriqZw688,허리디스크,"허리 아플때, 퇴행성허리디스크, 척추관협착증에 좋은 운동 3가지",모커리 근육신경재활TV,1954141,24714,2021-04-20 04:00:01+00:00,522,21.875,Medical Pro,Description,1824,1071.3492324561403,6.9776070651219975,0,0,0
QFLaAXPUJ6U,허리디스크,허리 디스크를 망가뜨리는 운동 2가지 #1분건강,서울대병원tv,2527825,23766,2024-04-16 22:45:01+00:00,24,32.967032967032964,Medical Pro,Description,732,3453.312841530055,8.147378828296462,0,0,1
eoQT-9tMQfM,허리디스크,디스크가 찢어졌을 때 증상 #1분건강,서울대병원tv,2169842,29241,2024-04-07 22:45:01+00:00,52,31.25,Medical Pro,Description,741,2928.2618083670714,7.982505727731425,1,1,1
e_INCe-u4t4,허리디스크,허리디스크 수술은 어떻게 할까?,고대병원,2002070,20958,2024-02-05 01:57:45+00:00,32,34.48275862068966,Medical Pro,Description,803,2493.2378580323784,7.821738493798358,0,0,1
IA_2qsFGcGo,허리디스크,누워서 매일 3분만 꼭 하세요! 1가지 운동만으로 허리통증 사라지고 병원비 아낄 수 있습니다! | 허리통증 환자가 꼭 해야하는 운동법 (이정표 원장 1부),건강구조대,1613017,29827,2024-09-14 01:00:10+00:00,877,5.037593984962406,General,Description,581,2776.277108433735,7.929226269304908,0,0,0
69N0NEKDQYU,허리디스크,허리를 좋게 하는 운동은? #1분건강,서울대병원tv,2094693,31975,2024-05-06 22:45:00+00:00,42,21.97802197802197,Medical Pro,Description,712,2941.9845505617977,7.987179498665428,0,0,1
TAYYkEz5kAs,허리디스크,허리디스크 치료 진짜 핵심! #shorts,서울대병원tv,1870672,26591,2022-09-08 08:00:18+00:00,47,31.57894736842105,Medical Pro,Description,1318,1419.3262518968133,7.258641879062612,0,0,1
ZGaVCGDn0xM,허리디스크,"허리디스크, 좌골신경통? 이상근증후군!",물리치료사.PT재석,1587704,44341,2019-10-04 21:30:01+00:00,740,14.805675508945097,General,Description,2388,664.8676716917923,6.5010909596452215,0,0,0
J1bJRjHcQHg,허리디스크,허리 아픈 사람을 위한 헬스장 운동 추천 #1분건강,서울대병원tv,1953581,33303,2024-05-09 22:45:00+00:00,60,19.607843137254903,Medical Pro,Description,709,2755.403385049365,7.921681987551289,0,0,1
RH6vIfN7mDs,허리디스크,🏆170만🏆 ‘걷는 자세’만 바꿔도 허리가 좋아집니다 #허리디스크,더건강,1778405,37685,2024-05-06 01:00:19+00:00,54,9.345794392523365,General,Description,712,2497.7598314606744,7.823549820358415,0,0,1
CSYfpSiu7nk,허리디스크,허리 아픈 사람들을 위한 김종국의 스쿼트 자세 코칭,1분건강톡,1604685,21610,2024-12-04 09:00:12+00:00,44,12.987012987012989,General,Description,500,3209.37,8.074141474279093,0,0,1
ZV2fzJ0qubs,허리디스크,"허리통증스트레칭, 허리디스크 환자도 할 수 있는 쉽고 간단한 4가지 운동법",연세사랑병원,1321646,17879,2020-11-27 02:00:04+00:00,509,36.199095022624434,Medical Pro,Description,1968,671.5680894308944,6.511103354575117,0,0,0
Rd1z6SOd0RA,허리디스크,허리 박살나는 최악의 수면 자세,문쌤재활,1560396,9021,2024-06-23 05:15:01+00:00,10,12.113055181695827,General,Description,664,2349.9939759036147,7.76259348618188,1,1,1
XN8fCuK_nU4,허리디스크,아무도 알려주지 않던 허리디스크 치료법 (Rehab Exercise),라이프에이드,1220815,22933,2019-12-27 02:00:02+00:00,422,8.23045267489712,General,Description,2304,529.8676215277778,6.2745126898371115,0,0,0
P4XDlaPfhZs,허리디스크,3분만에 허리통증 완화시키는 방법! (feat. 폼롤러),"재활운동 물리치료사, 박PT",1416714,32025,2023-06-13 08:40:00+00:00,51,71.42857142857143,General,Description,1040,1362.225,7.2176084951087685,0,0,1
yRLew4v9Z2Y,허리디스크,하루 5분 매달리면 몸에 생기는 놀라운 변화!,PT_에이더 (19년차 물리치료사),3459369,15208,2025-06-06 23:29:46+00:00,10,9.541984732824428,General,Description,316,10947.370253164558,9.300945888840133,0,0,1
E1kcBKn2h2o,허리디스크,🏆150만🏆허리가 아프다면 신전운동 해보세요 #신전운동,더건강,1548843,28211,2024-06-24 00:33:50+00:00,49,15.625,General,Description,663,2336.1131221719456,7.7566717382334245,0,0,1
rGCDfeAmNgI,허리디스크,허리나 엉덩이 통증이 있다면 이 스트레칭은 필수 입니다,아이덴피티 용선생,2303882,18177,2025-04-13 04:57:08+00:00,34,34.78260869565217,General,Description,370,6226.708108108108,8.736763664178639,0,0,1
QaFqDl7ZNNU,허리디스크,허리 통증으로 출연한 환자들 모두 수술 없이 의사의 말대로 했더니 통증이 확연히 줄어들어 모두 삶의 질 향상되었다 말해...│귀하신 몸│#EBS건강,EBS 건강,992391,11753,2024-11-19 11:00:34+00:00,2711,21.18893466745144,General,Description,515,1926.9728155339806,7.564224375244314,0,0,0
UI6RR72x2NI,허리디스크,‘척추의 신’ 정선근 교수가 알려주는 2024 ‘목 디스크’ 핵심 꿀팁 공개│수술이나 치료 없이도 좋아지는 목디스크의 기적│명의│EBS 건강,EBS 건강,922104,22177,2024-09-27 10:00:29+00:00,1059,3.5169988276670576,General,Description,568,1623.4225352112676,7.392907668660551,0,0,0
-QEmzFMG1A4,허리디스크,허리 협착증에 좋은운동  🚨 협착증에 꼭 해야하는 습관으로 허리 통증 99% 좋아졌어요.,건강되찾기 프로젝트 | EMS 근력PT,870760,19268,2025-03-14 14:26:58+00:00,686,9.523809523809524,General,Description,400,2176.9,7.686116388756563,0,0,0
jJJiR7nNeqQ,허리디스크,[허리스트레칭] 허리 통증 완화에 좋은 스트레칭 모음👌🏻｜ 💥허리 아프신분들 주목💥 하루 8분이면 끝!,대찬병원,864572,12863,2022-08-31 05:41:18+00:00,541,20.338983050847457,Medical Pro,Description,1326,652.0150829562594,6.481600226951882,0,0,0
ZBL9vMSF_eA,허리디스크,"알고하면 복근운동 1위, 모르고하면 허리디스크 (feat.AB슬라이드)",바벨라토르 홈트레이닝 BARBELLATOR,924333,20399,2023-09-24 05:00:14+00:00,33,1.0834236186348862,General,Description,937,986.4813233724653,6.895157583555882,0,0,1
ivq7ac5fXs0,허리디스크,갑자기 사라진 허리디스크? 비밀은... #1분건강,서울대병원tv,1035787,16665,2024-04-13 23:30:09+00:00,38,48.19277108433735,Medical Pro,Description,735,1409.2340136054422,7.251510936697257,0,0,1
VtdrVjv6Xmo,허리디스크,자세 교정으로 좋아지는 허리통증 | 디스크 손상시키는 원인 3가지 | 정선근 교수의 수술없이 허리통증 치료하는 법 | 명의,EBS 컬렉션 - 사이언스,758303,11903,2025-04-13 11:00:52+00:00,1187,46.3768115942029,General,Description,370,2049.4675675675676,7.625823127866045,0,0,0
FUis9KxP5HQ,허리디스크,허리디스크에 좋은 운동 #shorts,서울대병원tv,752620,12033,2022-11-21 02:00:03+00:00,47,28.169014084507044,Medical Pro,Description,1244,605.0,6.406879986069314,0,0,1
EaC9yC3NkRk,허리디스크,허리 좋아지려면 3하고 3마라! 정선근 교수가 알려주는 허리 운동법칙 | 자이홍의 건강극장 107화,서울대병원tv,3455048,53766,2022-09-18 00:00:03+00:00,1133,10.676156583629894,Medical Pro,Description,1308,2641.474006116208,7.879470880843109,0,0,0
aENGpIKtxG8,허리디스크,"[닥터홍선생]#20.허리디스크, 10분만에 평생 좋아지도록 해드립니다.",닥터홍선생 (OS Dr.Hong),2576662,46784,2021-07-09 23:38:38+00:00,758,14.285714285714286,Medical Pro,Description,1744,1477.4438073394494,7.298745332036244,0,0,0
EYOYpy7SOiI,허리디스크,디스크 있다면 '절대 금지' 자세 ㅣ허리디스크ㅣ디스크원인ㅣ서울대병원 재활의학과 정선근 교수 1부,더건강,726490,11153,2024-04-23 02:33:08+00:00,832,14.814814814814817,General,Description,725,1002.0551724137931,6.910805793840702,2,1,0
qBuWRDe95Yk,허리디스크,605. 허리디스크 터지게 하는 3가지 나쁜동작 ft 부부한의사,부부한의사,971411,12284,2024-10-20 10:00:52+00:00,32,23.890784982935152,Medical Pro,Description,545,1782.405504587156,7.486280020265016,0,0,1
hbCWp1zFC7o,허리디스크,바른자세로 앉는법 너무 쉬움 #릴스100만뷰 #정형외과의사 #바른자세,닥터힐러 최준하,850313,18089,2023-06-05 08:12:19+00:00,54,30.927835051546392,Medical Pro,Description,1048,811.3673664122138,6.699952659539761,0,0,1
Om-spKxd9Bw,허리디스크,"""병원에서 해드릴 건 없어요"" 국내 최고 허리 명의 정선근 교수의 수술없이 낫는 허리 목 통증, 자세만 바꿨을 뿐인데 디스크를 수술 없이 낫는다 | 명의 | #EBS건강",EBS 건강,632062,12689,2024-10-13 10:00:23+00:00,2357,23.20185614849188,General,Description,552,1145.0398550724638,7.044067674220103,0,0,0
wxD_vUm_VLY,허리디스크,좋은 자세로 걸으면 생기는 엄청난 효과 #허리디스크,더건강,816172,19012,2024-06-24 00:37:42+00:00,60,45.45454545454545,General,Description,663,1231.0286576168928,7.1164174048756035,0,0,1
1BmcSqmmWrY,허리디스크,허리디스크 개선에 아무짝에 쓸모 없는 운동입니다. 디스크 병력 있으면 제발 하지마세요 #골반전방경사 #골반교정운동,Sports_medicine,1607408,13800,2025-09-10 08:46:43+00:00,22,9.70873786407767,General,Description,220,7306.4,8.89664281232112,0,0,1
M4nQmvgsXEo,허리디스크,"""스스로 신경 쓰면 분명 낫습니다""｜허리 통증이 있다면 꼭 알아야 할 자세｜척추의 신 정선근 교수가 알려주는 수술 없이 허리 낫는 법｜명의｜#EBS건강",EBS 건강,597334,12586,2025-10-20 12:50:36+00:00,2223,33.00970873786408,General,Description,180,3318.5222222222224,8.107576142585435,0,0,0
eehIfabQbE8,허리디스크,허리디스크 vs 단순 통증 구별법 / YTN 라이프,밀덕스,565280,2402,2019-01-08 09:02:36+00:00,124,3.8235294117647065,General,Description,2657,212.75122318404215,5.364812830298939,0,0,0
GuYHAl_PTN4,허리디스크,허리 건강을 위한 올바른 수면 자세 #허리디스크,더건강,928657,8989,2024-06-17 07:07:09+00:00,15,17.54385964912281,General,Description,670,1386.055223880597,7.234938234865118,0,0,1
IzRcGu16qks,허리디스크,"[허리 특집] 허리디스크, 척추협착증 등 허리가 아프다면 이 운동을 10분만 따라 하세요!",모스틱 자세연구소,540796,10973,2022-12-03 22:00:09+00:00,754,6.849315068493151,General,Description,1232,438.9577922077922,6.086678795510565,0,0,0
FsTfUvWuEFM,허리디스크,디스크 탈출의 전조증상 #백년허리 #요통 #정선근,정선근 TV,701759,11359,2024-03-23 08:00:09+00:00,58,12.987012987012989,Medical Pro,Description,756,928.2526455026455,6.834380656095715,0,0,1
HklHH9kHcxU,허리디스크,이렇게 아플 때 디스크 터집니다 (디스크 탈출의 두가지 전조증상),정선근 TV,525654,11596,2023-11-04 03:00:14+00:00,583,33.5195530726257,Medical Pro,Description,896,586.6674107142857,6.376161159833813,2,1,0
U-Q-wTeHqks,허리디스크,"최고의 허리 통증 운동, '월 힙힌지' (디스크, 협착증 필수 시청 / 중년, 시니어 강추 운동)",뼈아빠 닥터욱,1000372,15715,2025-06-23 20:30:04+00:00,41,24.489795918367346,Medical Pro,Description,299,3345.725752508361,8.11573775955374,0,0,1
6mNDkq3DVQQ,허리디스크,이런 허리디스크(추간판 탈출증) 증상 아니면 집에서 치료하세요 [숫자로 보는 건강],분당서울대학교병원,488786,4201,2022-10-05 07:00:01+00:00,425,44.50261780104712,Medical Pro,Description,1291,378.61037955073584,5.9391454097516645,1,1,0
43Vp7VaJl4Q,허리디스크,"허리 디스크 협착증, 요즘에는 이렇게 치료합니다. @제애정형외과 (#허리디스크 #허리디스크수술 #허리디스크운동 #디스크복원술)",제애정형외과 (구 금메달정형외과),485002,0,2024-04-06 16:18:04+00:00,532,22.471910112359552,General,Description,742,653.6415094339623,6.484087771963081,0,0,0
_I62p5jsu2U,허리디스크,매일 1분 30초 허리통증 씻은 듯 없어 집니다.,알쓸물치,841472,10551,2025-03-03 06:12:53+00:00,39,19.23076923076923,General,Description,411,2047.3771289537713,7.624803114203748,0,0,1
lTDBpzOK40A,허리디스크,장시간 자주 앉아 있다면? 필수 허리 건강 운동 #허리디스크,더건강,688753,18419,2024-06-03 05:58:19+00:00,53,13.88888888888889,General,Description,684,1006.9488304093567,6.9156726838600235,0,0,1
b1PkQhPtpGQ,허리디스크,"[짧고 간단한]허리통증, 협착증, 허리디스크에 효과적인 폼롤러 셀프마사지법_[부산큰병원 물리치료]",부산큰TV,444218,5209,2020-08-04 08:17:44+00:00,157,24.390243902439025,Medical Pro,Description,2083,213.2587614018243,5.3671844499991845,0,0,0
krtpxfLECnI,허리디스크,허리 협착증에 좋은운동  🚨 협착증에 꼭 해야하는 습관으로 허리 통증 99% 좋아졌어요.,건강되찾기 프로젝트 | EMS 근력PT,816088,8517,2025-03-17 01:45:02+00:00,50,17.24137931034483,General,Description,397,2055.6372795969774,7.628827539440573,0,0,1
J4FD_ysXFYc,허리디스크,"허리디스크, 척추관협착증에 좋은 거꾸리운동, 제대로 하는법!",모커리 근육신경재활TV,416609,5735,2019-11-08 08:34:36+00:00,609,10.050251256281408,Medical Pro,Description,2353,177.054398640034,5.182089113940028,0,0,0
N8_RKX5FATQ,허리디스크,구독자 분들이 효과 보장하는 허리디스크 재활운동 (댓글에 후기 많아요!),물리치료사.PT재석,395818,9566,2019-09-07 12:04:09+00:00,984,4.436958614051973,General,Description,2415,163.89979296066252,5.105337974019966,0,0,0
kd0o_p0-oNw,허리디스크,허리디스크 있으신 분들은 이 자세로 주무세요 #shorts,미래본 TV,616126,2540,2023-05-26 06:59:08+00:00,35,64.51612903225806,Medical Pro,Description,1058,582.3497164461247,6.3687868631912785,0,0,1
ggv3BStrL6A,허리디스크,'허리디스크 vs 척추관협착증' 서로 다른 질환이 아니다? #허리디스크,더건강,456905,8761,2024-06-10 05:38:48+00:00,53,37.03703703703704,General,Description,677,674.8966026587888,6.516040109697447,0,0,1
v7UY7ebQV7Y,허리디스크,"딱 10분! 허리통증, 허리디스크가 있다면 이 운동 제발 하셔야 합니다! 협착증, 허리디스크,측만증,코어운동",자세요정 JSYJ,304347,7968,2022-04-13 10:15:58+00:00,762,6.191950464396285,General,Description,1466,207.6036834924966,5.340436200572306,0,0,0
CpztB7D54ag,허리디스크,"수술없이 협착증 완치하는 3가지 운동 방법을 정형외과 전문의가 알려드립니다 (병원 망하는 협착증운동, 척추협착증, 허리협착증, 허리재활, 허리디스크)",마디탄탄 의사 이자운,313011,9802,2025-12-23 09:00:30+00:00,969,17.073170731707318,Medical Pro,Description,116,2698.3706896551726,7.900773946920053,0,0,0
KJWaq4Euef8,허리디스크,나도 허리디스크일까? 지금 확인해보세요!,나누리병원TV,499362,2717,2023-03-31 09:00:21+00:00,27,47.61904761904762,Medical Pro,Description,1114,448.26032315978455,6.107602504052495,0,0,1
33C8ujK5drw,허리디스크,앉아서 따라하는 허리통증 완화 스트레칭,건강특공대,382796,7940,2022-06-30 08:00:02+00:00,43,100.0,General,Description,1388,275.78962536023056,5.623257742406093,0,0,1
50keU904EKs,허리디스크,허리에 나쁜 차 | SUV? 세단? 스포츠카? #정선근 #허리디스크,더건강,318755,2507,2024-04-23 02:23:25+00:00,41,22.727272727272727,General,Description,725,439.6620689655172,6.08827829817665,0,0,1
_2-hvehj7Qs,허리디스크,딱 4가지 운동으로 허리디스크에 의한 다리저림 확!! 줄여 드립니다. | 허리디스크에 의한 방사통 100% 줄이는 방법,다고침TV,278356,6054,2022-11-09 14:02:00+00:00,492,10.0,Medical Pro,Description,1256,221.62101910828025,5.405470859847613,0,0,0
bqre4UbYFVo,허리디스크,"629. 허리디스크&협착증을 날려버리는 아침 운동 루틴(실전편), 바로 따라하세요.| 한의학박사, 침구과전문의, 산청김, 김경태원장 ㅣft 부부한의사",부부한의사,276000,5315,2025-02-06 11:01:01+00:00,735,12.779552715654953,Medical Pro,Description,436,633.0275229357799,6.452092365065601,0,0,0
RCDBE2kGQo8,허리디스크,"협착증 있다면 “하루 8분” 이 운동만이라도 하세요! ""스스로 신경 쓰면 분명 낫습니다"" | 허리 되찾기 프로젝트",건강되찾기 프로젝트 | EMS 근력PT,254963,11865,2025-12-08 10:00:45+00:00,738,10.670731707317072,General,Description,131,1946.2824427480916,7.574190060463986,0,0,0
lEs6nx0n140,허리디스크,의자만 바뀌어도 허리 통증 줄일 수 있다?! #허리디스크,더건강,308172,3638,2024-04-29 07:32:22+00:00,50,35.2112676056338,General,Description,719,428.6119610570236,6.062882385118573,0,0,1
qby6dZPiOnE,허리디스크,허리방사통으로 인한 다리 저림 간단 없애기,문쌤재활,450234,5248,2024-12-29 05:15:04+00:00,28,10.606060606060606,General,Description,475,947.8610526315789,6.8552623733819305,0,0,1
g2NEUbP4tTQ,허리디스크,"허리디스크, 시간 지나면 자연 치유된다? / SBS",SBS 뉴스,238063,1064,2017-08-19 12:52:51+00:00,130,3.0428954423592494,General,Description,3164,75.24115044247787,4.333901348981283,0,0,0
BT5NBeom30g,허리디스크,"허리디스크 재활운동 중 최고의 운동, 걷기운동 제대로 하는 법!",모커리 근육신경재활TV,231180,3596,2020-04-23 01:53:37+00:00,442,14.018691588785046,Medical Pro,Description,2186,105.7548032936871,4.670534646821863,0,0,0
NXpn7ao1rCI,허리디스크,하루 최소 '이 정도'는 걸어야 허리 건강에 좋습니다 #허리디스크,더건강,241997,5426,2024-05-06 01:00:09+00:00,38,11.363636363636363,General,Description,712,339.8834269662921,5.83154056243346,0,0,1
zsjtqwcYswY,허리디스크,평소에 TV 자주 본다면 주의해야 할 자세 #허리디스크,더건강,260787,4561,2024-06-17 07:13:04+00:00,31,27.027027027027028,General,Description,670,389.2343283582089,5.966747400634568,1,1,1
QEafYFtKFSw,허리디스크,허리엔 코어 근육이 중요하다?! #1분건강,서울대병원tv,289479,4644,2024-05-05 22:45:00+00:00,53,25.64102564102564,Medical Pro,Description,713,406.0014025245442,6.008816631442909,0,0,1
IAtTdqCmGFE,허리디스크,"245. 허리통증, 허리디스크를 악화시키는 최악의 동작ㅣft 부부한의사",부부한의사,201725,5090,2023-06-25 10:17:00+00:00,43,22.93577981651376,Medical Pro,Description,1028,196.23054474708172,5.284373322400554,1,1,1
XmPpkxMUeoM,허리디스크,자고 일어나면 아침에 통증이 극심한 허리디스크 환자가 매일 꼭 해야 하는 4가지 운동,모커리 근육신경재활TV,196066,3431,2022-11-28 05:57:31+00:00,321,11.363636363636363,Medical Pro,Description,1237,158.50121261115603,5.072051524773781,0,0,0
QjzaojF3PPs,허리디스크,허리 통증 완화! 누워서 하는 디스크 환자도 쉽게 따라 할수 있는 맞춤 운동 #허리디스크운동 #허리디스크,Rich Healing Fit (리치 힐링핏),533186,3635,2025-09-21 01:05:10+00:00,16,9.54653937947494,General,Description,209,2551.129186602871,7.844683264893034,0,0,1
B2uX311UTvE,허리디스크,하루 5분! 허리 근육 강화에 좋은 운동법 2가지,"통증의정석 [허리, 목]",415662,4196,2025-04-12 02:00:14+00:00,43,69.76744186046511,General,Description,371,1120.3827493261456,7.022317800412829,0,0,1
bX9UUgKN7mo,허리디스크,치료의 방향성부터 달라진다! 허리통증 디스크인지 협착증인지 구분해야하는 이유!,바른건강,166666,2093,2023-03-31 08:04:00+00:00,1486,44.28044280442804,General,Description,1114,149.61041292639138,5.0146964559130565,0,0,0
4aiUr_71e4c,허리디스크,이렇게 앉으면 허리 디스크 걸려요! 👉자세한 내용은 여기 탭,PT_에이더 (19년차 물리치료사),397442,1675,2024-12-04 01:05:06+00:00,10,3.3140016570008286,General,Description,500,794.884,6.679453446581716,0,0,1
ShOLQm23EJE,허리디스크,자주 허리가 뻐근하거나 골반 위부터 엉덩이까지 아프다면 이 근육을 스트레칭하세요,아이덴피티 용선생,260505,4183,2024-08-08 22:32:46+00:00,34,18.404907975460123,General,Description,618,421.52912621359224,6.046258382204779,0,0,1
AJFyqAFUm7w,허리디스크,허리디스크 파열이 호전되고 있다는 4가지 신호,모커리 근육신경재활TV,141604,1488,2023-03-10 06:49:50+00:00,383,9.569377990430622,Medical Pro,Description,1135,124.76123348017622,4.834385136840305,1,1,0
a0YOXupY8jc,허리디스크,병원 콜센터 문의가 가장 많은 질환: 척추협착증 vs 허리디스크의 차이,삼성본병원,183831,106,2025-05-26 06:00:19+00:00,505,31.862745098039216,Medical Pro,Description,327,562.1743119266055,6.333589192877851,0,0,0
uzEzQxOYjg4,허리디스크,10초 만에 허리디스크 확인하는 방법!!,나누리병원TV,150978,1169,2023-02-23 09:00:37+00:00,37,51.72413793103448,Medical Pro,Description,1150,131.28521739130434,4.88496032936257,0,0,1
gWrt5W9ybcM,허리디스크,"허리디스크파열 환자가 꼭 알아야 하고, 매우 주의해야 하는 힘빠짐과 마비증상",바른세상병원,138680,1890,2021-09-02 02:30:14+00:00,508,29.940119760479043,Medical Pro,Description,1689,82.10775606867969,4.420138031665845,3,1,0
yYqSc_ylpeM,허리디스크,[EBS 명의] 통증과의 전쟁 - 척추와 디스크 질환,EBS,138628,1561,2020-04-13 07:43:21+00:00,855,8.474576271186441,General,Description,2196,63.12750455373406,4.160873360096387,0,0,0
Iu_jsBdXOCY,허리디스크,허리디스크가 회복되는 시간은? [털털한 털보의사],털보의사 김진균의 의학정보 & 건강상식,135565,2224,2021-05-28 08:27:05+00:00,277,27.58620689655172,Medical Pro,Description,1786,75.90425531914893,4.3425612107302936,0,0,0
w_w-RDGUlhY,허리디스크,"[환자진단] 허리디스크 마비증상 확인방법, 내가 알려줄게! #shorts",닥터발룬TV,136025,2104,2022-07-23 03:04:24+00:00,61,56.60377358490566,Medical Pro,Description,1365,99.65201465201466,4.611669168298934,2,1,1
wU7ZkcsXMsw,허리디스크,"허리디스크, 수술이 필요한 순간은? #1분건강",서울대병원tv,206996,1752,2024-04-03 08:44:43+00:00,42,70.70707070707071,Medical Pro,Description,745,277.8469798657718,5.6306631721001015,0,0,1
TYY1bGxl7v8,허리디스크,바르게 앉는 법 이렇게만 앉아주세요!,1분도수 | 목 전문 도수치료사,230021,3119,2025-05-07 03:00:29+00:00,31,12.048192771084338,General,Description,346,664.8005780346821,6.500990193321206,0,0,1
1g1iauqB7jU,허리디스크,디스크 환자에게 중요한 요소 ‘매트리스’ #목디스크,더건강,179042,1406,2024-05-20 05:44:10+00:00,16,30.303030303030305,General,Description,698,256.5071633237822,5.551047538449992,0,0,1
rSKBg7cVOtU,허리디스크,허리 아프면 무조건 디스크? 아닙니다,고대병원,114977,2269,2024-08-29 12:30:44+00:00,54,22.727272727272727,Medical Pro,Description,597,192.59128978224456,5.265749183036169,0,0,1
tSQQjxzb9G8,허리디스크,허리디스크 자연치유 실전편 2편 - 허리디스크 자연치유 회복기간 및 회복패턴 알기편,모커리 근육신경재활TV,94229,1555,2020-11-24 06:20:05+00:00,469,12.539184952978056,Medical Pro,Description,1971,47.80771182141045,3.8878883295010778,0,0,0
OuPuuRNNcww,허리디스크,감각신경이 기능을 잃어간다는 신호!  #shorts l허리디스크 수술할 필요 없습니다!,캐내네 메디컬,125350,700,2023-01-18 10:00:20+00:00,33,39.77272727272727,General,Description,1186,105.69139966273187,4.669940552085654,1,1,1
cAoQwMuZlC0,허리디스크,허리디스크보유자의 계단운동,삶은언니,115303,1388,2024-09-24 23:30:29+00:00,25,2.192982456140351,General,Description,571,201.93169877408056,5.312869463185695,0,0,1
MO0W_c3nJIM,허리디스크,(ENG SUB) 허리디스크 척추관협착증인데 요통때문에 거꾸리 운동을 하신다구요? 🤸이런분들은 거꾸리 운동 XX분 이상 하시면 안됩니다🤸 우리들병원TV 이상호 박사,우리들병원TV,83427,807,2020-05-12 09:12:45+00:00,166,8.158508158508159,Medical Pro,Description,2167,38.49884633133364,3.676271464678869,0,0,0
Jetkp9PvPvQ,허리디스크,"허리(디스크)를 낫기 위한 핵심 비법, 정선근 가라사대! | 자이홍의 건강극장 116화",서울대병원tv,82695,1448,2022-11-15 09:00:09+00:00,341,7.462686567164179,Medical Pro,Description,1250,66.156,4.207018271174152,0,0,0
GWJH_3Lauqg,허리디스크,"허리디스크 파열, 허리디스크 터짐 왜 흡수되나요? 어떻게, 왜 흡수되는지 설명해드리겠습니다.",모커리 근육신경재활TV,80861,1164,2020-04-20 08:06:36+00:00,445,8.849557522123893,Medical Pro,Description,2189,36.93969849246231,3.635998017518578,0,0,0
x1BgJdtdYfk,허리디스크,"최고의 허리 재활운동 월 힙힌지, 잘못하는 법",뼈아빠 닥터욱,200579,1232,2025-07-08 20:45:06+00:00,12,15.267175572519085,Medical Pro,Description,284,706.2640845070423,6.561404124450749,0,0,1
X8bilmGaqqE,허리디스크,의사들이 70세까지 허리 지키는 비법 7가지｜디스크 없이 사는 법,황금기 지혜,316902,833,2025-10-16 08:15:02+00:00,6,14.822695035460992,General,Description,184,1722.2934782608695,7.451992551832433,0,0,1
u7E2Bu0bKGw,허리디스크,【Q&A】 허리디스크 마비가 아니더라도 다리에 힘 빠짐이 발생하나요? 다리 힘빠지는 분들 필수시청! 구독자Q&Aㅣ닥발TV,닥터발룬TV,80065,726,2022-10-19 08:54:00+00:00,239,1.764705882352942,Medical Pro,Description,1277,62.69772905246672,4.1541489112749055,1,1,0
Miwu4yKke7E,허리디스크,"허리디스크 환자라면 ‘이 운동’은 절대 피하세요 vs 꼭 해야 할 운동 공개 | 허리디스크, 협착증, 허리운동","통증의정석 [허리, 목]",79037,1409,2025-08-07 10:00:43+00:00,1394,22.76707530647986,General,Description,254,311.1692913385827,5.743545641099265,1,1,0
y0C14H3ka3Y,허리디스크,"“디스크 아닙니다” 엉덩이 통증, 다리 저림 없애주는 초간단 치료법을 정형외과 전문의가 알려드립니다.",마디탄탄 의사 이자운,79180,2435,2026-01-07 08:01:21+00:00,1311,28.98550724637681,Medical Pro,Description,101,783.960396039604,6.665633265604756,0,0,0
jD6kigZGFJ8,허리디스크,허리디스크 환자에게 강력 추천하는 허리 강화 운동!,이동엽 원장의 자세혁명,78349,976,2022-05-03 08:30:14+00:00,568,5.670731707317072,General,Description,1446,54.18326417704011,4.0106597221145766,0,0,0
uuSNEH5Cyf4,허리디스크,[환자진단] 집에서 쉽게 따라하는 허리디스크 자가진단테스트! #shorts,닥터발룬TV,83870,1210,2022-08-23 09:16:12+00:00,60,73.17073170731707,Medical Pro,Description,1334,62.87106446776612,4.156866433596606,0,0,1
sDgMV0RHyY0,허리디스크,허리디스크 파열 환자는 다리 힘 빠짐과 마비 증상을 꼭 체크해야 합니다,모커리 근육신경재활TV,77175,767,2020-09-08 01:16:16+00:00,351,18.248175182481752,Medical Pro,Description,2048,37.68310546875,3.6554029535244315,2,1,0
8L2__cxzRWw,허리디스크,"허리디스크, 협착증 아침운동 | 하루 5분만 따라하면 통증이 기적처럼 사라집니다",척추전문 으라차차 정형외과,77401,1012,2025-09-19 10:00:16+00:00,290,26.200873362445414,General,Description,211,366.8293838862559,5.907619199915096,0,0,0
FF0X1m2h7XQ,허리디스크,허리디스크 환자가 절대로 하지 말아야 할 앉는 자세 6가지,모커리 근육신경재활TV,75001,910,2022-12-15 08:12:34+00:00,599,16.216216216216218,Medical Pro,Description,1220,61.476229508196724,4.134786156530517,1,1,0
gur68BHNHxc,허리디스크,허리 건강 관리법 ‘척추 위생’ #허리디스크,더건강,78098,2431,2024-06-03 05:56:10+00:00,49,47.61904761904762,General,Description,684,114.17836257309942,4.746481905734198,0,0,1
8h_jvj-IBQw,허리디스크,허리 협착증 환자가 꼭 해야할 운동 4가지 핵심 루틴 (스트레칭+코어 강화),이정표의 레그웰,168331,1429,2025-09-04 10:00:12+00:00,25,14.285714285714286,General,Description,226,744.8274336283185,6.6144942512306,0,0,1
sGZOR9ET_MU,허리디스크,걸을수록 허리 통증이 심해진다면?! #허리디스크,더건강,70023,1768,2024-06-17 07:06:18+00:00,40,29.85074626865672,General,Description,670,104.51194029850747,4.658824124696858,0,0,1
Y1VjWiDj714,허리디스크,'허리 디스크 협착'이 허리통증의 원인이라고 맹신하면 안되는 이유 #좌골신경통,닥터 코뿔소 Dr. Rhino,99597,1007,2025-02-19 09:00:42+00:00,56,58.8235294117647,Medical Pro,Description,423,235.45390070921985,5.465753265926617,0,0,1
FKDQL0ySVBA,허리디스크,🚨허리 4번 5번 디스크 파열이 가장 많은 이유?! 내가 알려줄게!  #허리디스크4번5번 [ 디스크 번호 알기 / 디스크파열 원인 체크 ]  #shorts,닥터발룬TV,74897,650,2023-09-27 12:14:10+00:00,60,11.627906976744184,Medical Pro,Description,934,80.18950749464668,4.396786020772038,0,0,1
B47spSCx3oY,허리디스크,허리디스크 주요증상 6가지와 자가진단법,자생한방병원,57159,317,2021-11-10 02:37:54+00:00,253,26.929982046678635,Medical Pro,Description,1620,35.28333333333333,3.5913584990124465,1,1,0
MpiQAOyMYoM,허리디스크,"[PEOPLE in 세브란스] 허리디스크 수술, 어떤 의사에게 갈까?",세브란스,56628,787,2019-05-30 07:30:08+00:00,345,30.0,General,Description,2515,22.51610337972167,3.1576854366743183,0,0,0
sD-BPIkcIaQ,허리디스크,침대에서 일어날 때 허리가 아프다면?! #허리디스크,더건강,61401,1247,2024-05-27 05:41:45+00:00,36,27.027027027027028,General,Description,691,88.85817655571635,4.498232611378664,0,0,1
1DWCBgw5vyk,허리디스크,허리디스크인 의사가 추천하는 허리에 좋은 매트리스 #수면밀도 #허리디스크매트리스 #허리에좋은매트리스#매트리스 #shorts,우리동네신경외과,68382,465,2023-10-26 09:00:02+00:00,58,4.287925696594428,General,Description,905,75.56022099447515,4.3380776336932385,0,0,1
uU_Rhgf29Rs,허리디스크,"허리디스크 수술로 2022년 절반을 날린 20대 가장...(feat.현미경후궁절제술,허리디스크 수술 브이로그)",현정민 부부,52884,277,2022-11-18 12:50:11+00:00,595,36.15384615384615,General,Description,1247,42.40898155573376,3.770666367984312,0,0,0
BaI5pyiVHSo,허리디스크,허리디스크 수술 없이 자연치유가 가능한 두 가지 상황? 내가 알려줄게! #shorts,닥터발룬TV,61863,594,2023-02-06 08:57:24+00:00,60,21.27659574468085,Medical Pro,Description,1167,53.01028277634961,3.9891744502205997,0,0,1
yPnPVl6YQY8,허리디스크,허리디스크 신경주사치료의 모든 것! 내가 알려줄게! #shorts,닥터발룬TV,54540,646,2022-08-03 09:13:28+00:00,60,20.83333333333333,Medical Pro,Description,1354,40.280649926144754,3.7203938653842688,0,0,1
0TJ8lhy_Vcc,허리디스크,"【필수시청】📢허리디스크 장애판정기준, 내가 알려줄게! #1편ㅣ닥발TV",닥터발룬TV,49631,509,2021-07-02 07:39:26+00:00,467,7.5046904315197,Medical Pro,Description,1751,28.34437464306111,3.379100863272444,0,0,0
i9snhkVcQ40,허리디스크,허리디스크 초기증상 치료해야 하나요?,모커리 근육신경재활TV,48506,527,2019-11-29 09:44:28+00:00,503,33.70786516853933,Medical Pro,Description,2332,20.80017152658662,3.0819178379561363,1,1,0
kw0UXYH-0po,허리디스크,허리디스크 환자가 수영을 하는 이유?!,자생한방병원,48088,183,2024-07-04 08:00:26+00:00,145,7.280701754385966,Medical Pro,Description,653,73.6416539050536,4.312698714721429,0,0,0
REN20FPFVG8,허리디스크,허리 디스크수술 해야하나?  MRI 판독 방법 알려드림,S서울병원,48024,697,2021-08-30 01:07:55+00:00,458,41.125541125541126,Medical Pro,Description,1692,28.382978723404257,3.3804155516992336,0,0,0
HV4mqVtoSsk,허리디스크,[유앤제이병원] #허리도수치료 #허리디스크 #척추관협착증 #허리통증,유앤제이병원TV,50193,386,2023-05-17 23:06:54+00:00,60,13.526148969889064,Medical Pro,Description,1067,47.04123711340206,3.8720597486163086,0,0,1
9VBQDBsHm1k,허리디스크,"젊은 사람의 허리 디스크병, 자연치유가 되지 않는 경우가 바로 이겁니다. 모르고 평생 참지 마세요! / 우리들병원TV",우리들병원TV,45933,507,2021-01-27 07:26:51+00:00,390,1.2195121951219512,Medical Pro,Description,1907,24.086523335081278,3.2223307830240944,0,0,0
SsrT2xJU3zw,허리디스크,대학병원이 허리수술을 미루는 진짜 이유 🏥 #shorts,이대영의 새길TV,5691465,11360,2025-03-31 07:00:40+00:00,38,49.01960784313726,Medical Pro,Description,383,14860.221932114882,9.606510544508502,0,0,1
ehG489YJiMk,허리디스크,허리디스크수술과 시술 . 치료의 핵심을 알면 고민해결,더자인TV,45452,479,2021-04-30 08:03:37+00:00,532,29.41176470588235,Medical Pro,Description,1814,25.056229327453142,3.2602568692651497,0,0,0
lIpulx0oij8,허리디스크,"허리디스크 환자가 꼭 해야하는 2가지 운동법 | 허리디스크, 허리통증, 허리운동, 허리근육강화","통증의정석 [허리, 목]",45326,968,2025-03-17 01:30:29+00:00,422,14.109347442680775,General,Description,397,114.17128463476071,4.7464204518667685,0,0,0
Z3BFzvIEGtw,허리디스크,허리디스크 비현실적인 조언 사절. 디스크 2번 수술받은 의사가 허리 전문의를 모셨습니다.,교육하는 의사! 이동환TV,45268,1011,2023-05-17 11:00:26+00:00,510,1.7024128686327078,Medical Pro,Description,1067,42.42549203373946,3.7710466427190386,0,0,0
AZZJ8JadMi4,허리디스크,"갑자기 허리 아플 때, 이것만 알아도 응급실은 안 갑니다. #shorts  #허리디스크 #허리통증 #허리강화운동 #요추염좌 #장요근",업앤고,68335,835,2023-08-23 02:13:09+00:00,60,51.282051282051285,General,Description,969,70.52115583075336,4.26999329167921,1,1,1
shqP_pxN1kM,허리디스크,허리디스크 재발? 원인과 해결방안은 이 것! (feat.병원 고르는 꿀팁),우리들병원TV,43146,286,2022-08-12 08:00:19+00:00,413,16.853932584269664,Medical Pro,Description,1345,32.07881040892193,3.49889290847266,0,0,0
qAHRZdHukFM,허리디스크,"내 허리디스크, 탈출, 파열된 디스크가 흡수될 확률은? 만일 흡수가 안된다면?",모커리 근육신경재활TV,41349,556,2022-05-06 08:02:29+00:00,546,10.6951871657754,Medical Pro,Description,1443,28.654885654885653,3.3896268894372152,0,0,0
ceIDzGVPO30,허리디스크,허리디스크 탈출 및 파열 후 유착을 예방하고 통증을 줄여주는 4가지 운동,모커리 근육신경재활TV,40070,669,2022-05-12 04:23:45+00:00,489,12.5,Medical Pro,Description,1437,27.884481558803063,3.3633044806145826,0,0,0
CgNDaAKVA-g,허리디스크,허리디스크 수술했는데도 왜 자꾸 재발되나요? (콕통증의학과 김환희 원장),콕선생님 (콕통증의학과),39634,262,2020-12-27 23:00:59+00:00,539,23.66863905325444,General,Description,1938,20.45098039215686,3.065770350257601,0,0,0
-UTonVRyFf8,허리디스크,"허리 디스크, 꼭 수술해야 할까? | 허리 디스크(disc) | 척추관협착증 | 서울대병원 재활의학과 정선근 교수",더건강,38790,761,2025-04-18 06:03:54+00:00,396,5.444015444015443,General,Description,365,106.27397260273973,4.675386053602547,0,0,0
73XNANKgNUI,허리디스크,[명의 의학백과📖]  허리 디스크 수술 과정,고대병원,38413,186,2023-09-03 02:00:03+00:00,44,14.705882352941176,Medical Pro,Description,958,40.09707724425887,3.715937005695147,0,0,1
6OGJCdFEExw,허리디스크,허리디스크파열 후 운동은 회복단계별 상태에 따라 그에 맞는 운동을 해줘야 합니다,모커리 근육신경재활TV,37947,473,2022-08-30 07:50:56+00:00,289,5.235602094240837,Medical Pro,Description,1327,28.596081386586285,3.387641966977968,0,0,0
Nw9rpVFinOM,허리디스크,허리디스크 수술 실제장면 대.공.개✨,우리들병원TV,54803,385,2024-10-01 12:00:23+00:00,59,51.02040816326531,Medical Pro,Description,564,97.16843971631205,4.586684775886691,0,0,1
WgGLqY5NSSc,허리디스크,허리디스크 초기!! 이렇게하고나서 일주일만에 나았습니다!! 수술없이 초기에 잡는법!!,나누리병원TV,36684,278,2022-01-13 11:00:30+00:00,700,8.56763925729443,Medical Pro,Description,1556,23.575835475578405,3.2017636624270005,0,0,0
it9RyCZ3wiE,허리디스크,허리에 전기 치료를?! 허리디스크 전침 치료법 #shorts,자생한방병원,49475,212,2023-06-30 09:00:35+00:00,22,33.61344537815126,Medical Pro,Description,1023,48.36265884652981,3.899194244567171,0,0,1
-ebXnGIr4HY,허리디스크,"허리디스크 스테로이드 주사, 시술의 뜻밖의 부작용에 대해 알려드리겠습니다",모커리 근육신경재활TV,35672,391,2020-06-29 08:17:21+00:00,331,23.92344497607656,Medical Pro,Description,2119,16.834355828220858,2.8811266997521137,0,0,0
3t52pJF_MH8,허리디스크,"허리디스크 100%완치를 위한 골반틀어짐 교정운동 끝판왕 (골반 기울기, 높이, 회전  전부 교정해 드립니다)#골반틀어짐스트레칭#골반틀어짐운동#골반틀어짐교정운동",물리치료사 pt종환,34964,686,2023-09-24 09:30:01+00:00,1895,6.172839506172839,General,Description,937,37.31483457844183,3.6458371470032036,0,0,0
kfJ2OHT32ac,목디스크,어깨가 아픈 줄 알았는데 알고보니 목디스크?! 자세만 바꿔도 목디스크를 고칠 수 있다는데 지금 당장 따라해 보세요. '허리의 신'  정선근 교수가 알려주는 목 디스크 치료운동!!,EBS,4509287,63996,2022-06-29 09:00:32+00:00,597,18.6046511627907,General,Description,1389,3246.426925845932,8.085618246627519,0,0,0
suyTW9kCm88,목디스크,[Full] 귀하신 몸 - 8부 목 디스크 막는 2주의 기적,EBSDocumentary (EBS 다큐),3639791,121719,2023-07-06 17:00:38+00:00,2758,14.5985401459854,General,Description,1017,3578.9488692232053,8.183103796952865,1,1,0
CeqDDztNnZ4,목디스크,목 디스크를 부르는 운동과 스트레칭 #1분건강,서울대병원tv,3261147,49818,2024-04-25 22:45:00+00:00,49,30.0,Medical Pro,Description,723,4510.576763485477,8.414401986359174,0,0,1
85ZqMepT2pY,목디스크,수술 없이 이것만 했을뿐인데 목 디스크가 치료 됐다!│단 2주의 기적│간단히 집에서 따라하기 쉬운 교정 운동법│명의가 알려주는 치료법│귀하신 몸│#골라듄다큐,EBSDocumentary (EBS 다큐),2917038,54424,2023-07-09 10:00:05+00:00,1361,20.151133501259444,General,Description,1014,2876.7633136094673,7.964768644179906,1,1,0
eReIEoieQsQ,목디스크,"목디스크 운동, 이거 하나로 끝낸다! - 도리도리 운동",모커리 근육신경재활TV,2310767,32982,2019-08-29 03:25:06+00:00,725,9.70873786407767,Medical Pro,Description,2424,953.2867161716172,6.860964167355264,0,0,0
5r8c37p7Hew,목디스크,"[목, 어깨, 등 통증 완화 운동법 20분 버전] -거북목 굽은등 라운드 숄더 디스크 완화 근골격 질환 예방!","필라테스하는 물리치료사,람PT",2075237,22261,2022-04-06 14:45:00+00:00,1199,11.235955056179776,General,Description,1473,1408.8506449422946,7.251239052188864,0,0,0
Zc4wxqciJlU,목디스크,뒷목 통증과 팔 저림 증세가 있을 때 따라해보세요 : 닥터U의 ' 목디스크 완치훈련 ',닥터U와 함께,1919105,21939,2015-09-04 08:28:33+00:00,1027,8.241758241758241,Medical Pro,Description,3879,494.7422015983501,6.206056036763522,0,0,0
V5Z2OUyhWqQ,목디스크,수술없이 쉽게 따라하는 기적의 목디스크 교정 운동법 | 지금 당장 따라해 보세요. (권준범 원장 1부),건강구조대,1921169,35141,2024-07-05 10:34:10+00:00,819,1.0041265474552965,General,Description,652,2946.5782208588957,7.9887391700946475,0,0,0
sNQwy2E_lk0,목디스크,"""10초만 따라해보세요"" 방치하면 목디스크로 이어지는 목 통증 평소에 관리하는 법 | 재활의학과 전문의 정일영 교수의 빅퀘스천 2부 #건강 #거북목 #재활의학과",빅퀘스천 Big Questions,1910497,24231,2023-10-12 08:00:22+00:00,731,3.623978201634877,General,Description,919,2078.88683351469,7.6400687642511595,0,0,0
EMOO4JktSHg,목디스크,"그냥 누워만 계세요. 일자목,거북목 교정 됩니다",참잘함한방병원,1881144,45933,2023-01-10 02:56:36+00:00,357,18.575851393188856,Medical Pro,Description,1194,1575.497487437186,7.362960885223735,0,0,0
OYzPufYzDbY,목디스크,"""이제 이렇게 해도 안 아파요"" 2주 운동법으로 거북목 일자목 통증 없어졌다│귀하신 몸│#EBS건강",EBS 건강,1654087,32594,2024-11-13 10:00:25+00:00,2681,18.51851851851852,General,Description,521,3174.831094049904,8.063324638978603,0,0,0
mOKXg-1Mwr0,목디스크,"432. 거북목 교정운동법, 바로 효과ㅣft  부부한의사",부부한의사,1909468,48190,2024-02-22 10:00:46+00:00,57,19.047619047619047,Medical Pro,Description,786,2429.3486005089057,7.7957899830451725,0,0,1
F5Dj5DH7Vkg,목디스크,목통증 거북목 해결템? 백지영 덕분에 부활한 중소기업 목견인기,트렌드몽,3947233,17871,2026-01-03 10:52:10+00:00,26,37.03703703703704,General,Description,105,37592.695238095235,10.534591635480258,0,0,1
G6aA5KTOGuk,목디스크,명의가 알려주는 목 디스크 | 수술없이 자세 교정으로 좋아지는 방법!,EBS 컬렉션 - 사이언스,1131778,17080,2022-11-15 11:30:06+00:00,580,52.083333333333336,General,Description,1250,905.4224,6.809505422559359,0,0,0
UEGTQ4vLW-o,목디스크,"목디스크, 목통증이 있는 환자라면 꼭 알아야 하는 수면자세",모커리 근육신경재활TV,1081152,19785,2020-01-06 10:12:59+00:00,430,23.696682464454977,Medical Pro,Description,2294,471.29555361813425,6.157604962540869,0,0,0
nl4jiiBCiDI,목디스크,풀영상)턱 당기기하면 오히려 안좋아요! 물리 치료사가 알려주는 목디스크에 좋은 운동 재활 | 속는셈 치고 클릭해보세요,물리치료사.PT재석,1075870,26176,2019-10-13 22:00:05+00:00,895,13.439522150323544,General,Description,2379,452.23623371164354,6.116413476777998,0,0,0
Z4hIPQpQpMY,목디스크,척추수술하는 외과의사가 본인 병원에서 직접 목 디스크 수술 받은 후기!,대찬병원,1049839,4379,2020-06-24 01:59:44+00:00,337,57.90297339593114,Medical Pro,Description,2124,494.27448210922785,6.205112118196784,0,0,0
kND7k6Snc9o,목디스크,거북목 교정에 효과좋은 스트레칭입니다! #거북목스트레칭 #거북목교정 #목디스크,크리스탈나우crystalnow,956288,17107,2023-06-13 12:00:36+00:00,19,8.695652173913043,General,Description,1040,919.5076923076923,6.824925357300565,0,0,1
QH1MYPQj9Mo,목디스크,목 손상을 줄여주는 올바른 베개사용법 #목디스크,더건강,973166,11690,2024-05-20 05:45:17+00:00,35,47.05882352941177,General,Description,698,1394.220630372493,7.240807839722925,0,0,1
E0rugjm7gkY,목디스크,목통증운동 이거 하나로 끝! 목디스크통증 환자가 따라하면 좋은 운동법 4가지,연세사랑병원,683017,11483,2020-12-11 02:00:01+00:00,405,43.26923076923077,Medical Pro,Description,1954,349.54810644831116,5.859497947979027,0,0,0
C2ZwnzQPvi8,목디스크,마디마디신경외과 의원 - 목 디스크를 가진 의사가 추천하는 운동,닥터 마디마디 Dr MadiMadi ,596610,12892,2022-09-16 15:00:16+00:00,823,5.665722379603399,Medical Pro,Description,1310,455.42748091603056,6.123429828524114,0,0,0
mZMs8iZIWd4,목디스크,수술 없이도 심한 목디스크를 완치시킨 운동의 정체는? (Feat. 견인치료) - 이경석의 척추88 #36,굿라이프,592651,12237,2020-05-06 08:00:18+00:00,442,18.687943262411345,General,Description,2173,272.73400828347906,5.612156862195057,0,0,0
clbExgZvS0M,목디스크,"목디스크 증상 완치되는 단 한가지 치료방법(목, 등, 팔 통증저림)",PAIN LAB,589222,8484,2023-02-17 09:49:08+00:00,278,6.339144215530904,General,Description,1156,509.7076124567474,6.2357972394691705,1,1,0
__kQJGOM_e0,목디스크,목디스크에 안 좋은 베개는? #shorts,서울대병원tv,604616,7312,2022-08-23 23:20:36+00:00,46,29.41176470588235,Medical Pro,Description,1334,453.2353823088456,6.118615526921064,0,0,1
NcXlvObuuwI,목디스크,"목디스크, 가장 위험한 증상은 '이 증상' 입니다!😲 l 목디스크의 대표적인 증상들과 치료 방법에 대해 알아보자! [강북연세 TV]",강북연세병원,560205,4148,2023-12-20 08:34:11+00:00,335,12.422360248447204,Medical Pro,Description,850,659.064705882353,6.492337869430628,2,1,0
0gwxQ4tcwDY,목디스크,[10분 리얼타임] 목 통증? 3가지 운동으로 끝장낸다 | 귀하신 몸 - 8부 목 디스크 막는 2주의 기적 #귀하신몸 #귀하신몸운동법,EBS,549673,23374,2023-07-01 13:20:00+00:00,755,11.60092807424594,General,Description,1022,537.8405088062623,6.2894196250921555,1,1,0
CsGuIouzPe8,목디스크,목 디스크 상처 빨리 아는 법 (백년목 기초편#1 연관통),정선근 TV,533436,11165,2020-03-21 20:00:18+00:00,647,6.896551724137931,Medical Pro,Description,2219,240.39477242000902,5.486433653168012,0,0,0
VC6Ke40WdJ8,목디스크,오래 앉아 있는 분들에게 필수인 '목 신전 운동' #목디스크,더건강,678958,16903,2024-05-20 05:45:38+00:00,54,14.285714285714286,General,Description,698,972.7191977077364,6.8811229640353275,0,0,1
KRry9tK5Fq8,목디스크,목디스크! 병원에 꼭 방문해야 하는 증상 3가지 / 가천대 길병원 척추센터 백종민 교수,길병원TV,456939,3541,2020-07-24 00:11:50+00:00,525,28.30188679245283,Medical Pro,Description,2094,218.2134670487106,5.390045990452684,1,1,0
nhbjjPPKosU,목디스크,"수술 없이 디스크의 스스로 붙는 힘을 이용한 목디스크 자연치유법｜돈주고 치료 받고 베개까지 바꿔고 못 고친 목디스크, 완벽하게 낫는 법｜귀하신 몸｜#골라듄다큐",EBSDocumentary (EBS 다큐),443686,8427,2024-12-24 05:00:39+00:00,4428,17.677782241864204,General,Description,480,924.3458333333333,6.8301675415128775,0,0,0
zEYKL6EZYGY,목디스크,3가지만 확인하세요 목디스크 자가진단법!,나누리병원TV,489096,2952,2023-05-25 09:00:40+00:00,42,74.07407407407408,Medical Pro,Description,1059,461.8470254957507,6.137396600995326,0,0,1
t6pXemaXOKQ,목디스크,"""목 때문에 사지가 마비된다고?""  목 디스크인 줄 알았는데 더 큰것이 기다리고 있었다│회복이 불가능한 척수증 결국 수술로...│명의│#EBS건강",EBS 건강,429556,4697,2024-06-08 10:00:49+00:00,1912,15.61216105176664,General,Description,679,632.6303387334315,6.451465722455864,1,1,0
eDs8bC78a1k,목디스크,"목디스크, 거북목 베개 고르는 법과 베개 사용법",모커리 근육신경재활TV,405456,4005,2019-09-23 08:30:00+00:00,594,11.235955056179776,Medical Pro,Description,2399,169.01042100875364,5.135859735222982,0,0,0
m5cy9irN9RA,목디스크,목디스크 때문에 샀던 수많은 베개?! 수건 한 장으로 꿀잠😴 자요! [찐한의사] #shorts,찐한의사,379976,4584,2022-11-16 09:00:24+00:00,52,19.48051948051948,Medical Pro,Description,1249,304.22417934347476,5.7210465208576355,0,0,1
Psw58JpYu4M,목디스크,"정승제, 목 디스크 수술 뜯어말린 홍진경이 준 '비밀병기' ㄷㄷ",그들의건강습관,996139,10222,2025-08-06 11:00:44+00:00,36,15.93625498007968,General,Description,255,3906.427450980392,8.270634495515566,0,0,1
lo0iU3efHfo,목디스크,목 디스크에 좋은 운동! 이 영상만 보면 해결!,필한방TV:필한방병원,363374,3279,2019-12-26 05:36:37+00:00,298,12.71186440677966,Medical Pro,Description,2305,157.6459869848156,5.066675222939766,0,0,0
twO7NLNWUAQ,목디스크,목디스크 환자가 절대 하지 말아야 할 스트레칭 3가지와 대신할 수 있는 운동들,모커리 근육신경재활TV,334976,3357,2020-08-28 02:56:40+00:00,319,24.324324324324323,Medical Pro,Description,2059,162.68868382710053,5.0979663544806515,1,1,0
nI1dA2XAspY,목디스크,목 디스크 환자를 위한 초간단 운동법 | 목  디스크 환자가 절대 하면 안 되는 자세 #shorts,EBS,365939,5229,2022-12-06 09:00:17+00:00,55,15.151515151515152,General,Description,1229,297.753458096013,5.699618678395508,1,1,1
N4Cgp3u8RJo,목디스크,[10분 리얼타임] 거북목 잡고 통증 잡는 12345 마사지 | 귀하신 몸 - 8부 목 디스크 막는 2주의 기적 #귀하신몸 #귀하신몸운동법,EBS,307208,11454,2023-07-01 13:20:00+00:00,516,7.317073170731708,General,Description,1022,300.5949119373777,5.709084765757338,1,1,0
F5QKsspcTNM,목디스크,"손, 팔 저림 증상 | 목 디스크가 아닌 '사각근 증후군'을 의심해라! | 중사각근 신경 이완법 | 스트레칭법",PAIN LAB,258509,4672,2020-11-27 10:00:04+00:00,410,16.645326504481435,General,Description,1968,131.35619918699186,4.885496766918773,1,1,0
ce3o4JvZir0,목디스크,거북목 일자목 누워만 있어도 좋아집니다! 👉자세한 내용은 여기 탭,PT_에이더 (19년차 물리치료사),556230,4318,2024-11-24 09:12:06+00:00,12,8.215962441314554,General,Description,510,1090.6470588235295,6.9954428978569085,0,0,1
d3S15vrxEwg,목디스크,하루3분으로 목디스크통증 없애는 방법!! (시원함 주의!),"재활운동 물리치료사, 박PT",269276,4820,2023-06-08 08:52:00+00:00,47,34.48275862068966,General,Description,1045,257.6803827751196,5.5555932563017425,1,1,1
gf9rvscLaCk,목디스크,"목디스크에 좋은 운동, 도리도리 운동에 이어 딱 하나만 더! - 으쓱으쓱 운동",모커리 근육신경재활TV,222039,3292,2020-03-06 06:17:03+00:00,285,12.5,Medical Pro,Description,2234,99.39077887197851,4.6090703591351225,0,0,0
LAUwgd0pc1k,목디스크,참을 수 없는 고통 '목디스크' #목디스크,더건강,392102,4021,2024-05-13 07:23:55+00:00,26,31.25,General,Description,705,556.17304964539,6.322875873265322,0,0,1
S9P8Dh66Ctw,목디스크,목 디스크 낫는 신전동작 때 아프면? - 팔이냐 목이냐?? 먼저 챙기세요,정선근 TV,219763,6194,2024-08-17 07:30:07+00:00,539,14.084507042253522,Medical Pro,Description,609,360.8587848932676,5.891254038738227,0,0,0
BLEfByhS9Ho,목디스크,자생한방병원이 알려주는 목디스크 원인·증상·치료법,자생한방병원,213250,359,2013-10-08 02:18:17+00:00,251,44.33497536945813,Medical Pro,Description,4575,46.612021857923494,3.8630852893898657,1,1,0
bd01dOXZPQ0,목디스크,목디스크! 이대로만 해도 낫는다(feat.서울대병원 정선근 교수) | 자이홍의 건강극장 98화,서울대병원tv,210364,3524,2022-07-20 07:00:09+00:00,397,18.808777429467085,Medical Pro,Description,1368,153.7748538011696,5.041971504815411,0,0,0
NiPriRLQAzc,목디스크,"[자가 진단법] '목 디스크' 고개를 움직이는 것만으로도 진단 가능! 오늘, 굿데이 11회",JTBC Entertainment,201297,669,2016-12-08 10:21:01+00:00,175,3.1847133757961785,General,Description,3418,58.893212404915154,4.092563183256903,0,0,0
hXNGdcYo_iI,목디스크,목 어깨 통증의 범인은 발 뒤꿈치입니다 목디스크 완벽주의 스트레스 일부러 세우는 몸,바른몸교수ㅣ목어깨 치료사,200445,3136,2025-10-16 10:01:19+00:00,417,15.67398119122257,General,Description,184,1089.375,6.994276952753383,1,1,0
GNfJFQ_bnNI,목디스크,'목 디스크 치료'에 대해 올바른 이해 / TV 닥터 인사이드 부산MBC 20200114 방송,굿닥터인부산,195478,2289,2020-03-23 05:49:41+00:00,1898,15.384615384615383,Medical Pro,Description,2217,88.1723049165539,4.490570508377863,0,0,0
_-7XI9wYmDo,목디스크,"목디스크  무조건 낫게 하는 아주 쉬운 방법 한가지(목디스크 원인, 증상, 치료)[대전우리가족한의원 류수업 원장]",한의사 류TV,164074,3445,2023-04-05 01:01:27+00:00,482,4.184100418410042,Medical Pro,Description,1109,147.94770063119927,5.003595241854499,1,1,0
M73xMecl1io,목디스크,"고통스러운 '목디스크', 수술 필요한 경우는? #목디스크",더건강,236548,3267,2024-06-24 00:36:42+00:00,50,42.25352112676056,General,Description,663,356.7843137254902,5.879930329212209,0,0,1
2-CfjJyzgL4,목디스크,🚨목 디스크 환자들 주목🚨 '척추의 신'이 말하는 목 디스크 심해지는 사람들의 결정적 특징ㅣ정선근 서울대병원 재활의학과 [이러면 낫는다ㅣ목디스크],조선일보 의학·건강,142767,2709,2024-06-04 08:00:01+00:00,630,8.46153846153846,General,Description,683,209.02928257686676,5.347246961838721,0,0,0
gFy7Ax7KbbQ,목디스크,[목디스크] 시술? 수술? 알고 진료받으세요,신규철 TV,142427,2153,2020-01-10 00:00:04+00:00,880,39.47368421052632,Medical Pro,Description,2290,62.19519650655022,4.14622829362112,0,0,0
Nj7UnDm2srg,목디스크,"345. 목디스크, 목통증 없애는 30초 초간단 운동법ㅣft 부부한의사",부부한의사,207247,3474,2023-10-30 10:17:00+00:00,58,13.468013468013469,Medical Pro,Description,901,230.0188679245283,5.442499386513181,0,0,1
sjJcIDtbX4c,목디스크,목 디스크 때문에 팔 저림이 왔다면 꼭 받아야 할 도수치료!!,필한방TV:필한방병원,138118,954,2020-03-05 08:22:05+00:00,452,32.72727272727273,Medical Pro,Description,2235,61.79776286353468,4.139919449647509,0,0,0
VWxcplROhLk,목디스크,목 디스크 수술이 필요한 상황과 수술 방법은? (KBS 20221026 방송),KBS 생로병사의 비밀,135729,1063,2022-11-03 09:00:11+00:00,606,5.6761565836298935,General,Description,1262,107.55071315372425,4.687217466120539,0,0,0
bdcH1niNZoU,목디스크,"목디스크증상 원인, 목디스크두통과 어깨통증이 발생할 수 있다? 신경위치에 따른 증상차이",연세사랑병원,132248,1912,2021-05-07 11:00:31+00:00,252,49.38271604938272,Medical Pro,Description,1807,73.18649695628113,4.306582151891374,1,1,0
OFag1muiPq4,목디스크,"목 디스크! 수술만이 답은 아니다.. 목 디스크, 목 통증을 치료하는 올바른 방법은? / 부산mbc TV닥터인사이드 140711방송",굿닥터인부산,128810,1222,2022-07-22 21:00:07+00:00,2836,20.71672354948805,Medical Pro,Description,1366,94.29721815519765,4.557000619837441,0,0,0
AIsa4Xkzd0I,목디스크,"목디스크로 인한 팔저림, 손저림 이거 모르면 안 낫습니다",건강지식in 노현우TV,125602,1745,2021-11-08 10:57:39+00:00,312,8.695652173913043,Medical Pro,Description,1622,77.43649815043156,4.362289356660393,0,0,0
j8N318Mcg_w,목디스크,"""이 자세 하나면 없어집니다""｜목 디스크를 수술 없이 자연적으로 치료하는 방법｜명의｜#EBS건강",EBS 건강,121967,2672,2025-11-01 11:38:28+00:00,1250,25.821596244131456,General,Description,168,725.9940476190476,6.588918289905844,0,0,0
TOpK5qDbQUs,목디스크,가장 위험한 목디스크 신호! 집에서 일단 해보세요,우리들병원TV,158786,1271,2024-01-30 08:32:48+00:00,55,43.85964912280702,Medical Pro,Description,809,196.27441285537702,5.28459571812781,2,1,1
zY_YF_uNaVE,목디스크,생각지도 못한 목디스크 증상들 #1분건강,서울대병원tv,133529,2354,2024-04-23 08:22:11+00:00,60,46.51162790697674,Medical Pro,Description,725,184.17793103448275,5.221317152230856,1,1,1
9GJ0Ep9gkAY,목디스크,지긋지긋 목 디스크 방사통 미리 예측하기,정선근 TV,114966,3033,2025-06-05 02:00:08+00:00,533,15.151515151515152,Medical Pro,Description,317,362.6687697160883,5.896243480052241,0,0,0
deIOy2-tgy8,목디스크,실제 목디스크 수술을 경험한 의사가 전하는 진솔한 이야기,닥터에세이,113167,1367,2020-07-11 03:14:40+00:00,359,30.425963488843813,Medical Pro,Description,2107,53.71001423825344,4.002046768325261,0,0,0
0bkihPq_LG0,목디스크,[선공개] 2주만에 목 통증이 없어지는 기적의 12345 마사지 | 귀하신 몸 - 목 디스크 막는 2주의 기적  #귀하신몸 #목디스크,EBS,104258,3133,2023-06-29 02:20:51+00:00,194,10.638297872340424,General,Description,1024,101.814453125,4.632925937739738,1,1,0
yCzgMRakdWY,목디스크,목디스크 비수술적 치료 ✔ 약물치료ㅣ주사치료 / 가천대 길병원 척추센터 백종민 교수,길병원TV,103669,1620,2022-01-31 01:00:25+00:00,3349,34.72222222222222,Medical Pro,Description,1538,67.40507152145643,4.225446966930429,0,0,0
dZP12W68L20,목디스크,"목 디스크에 좋은 운동 루틴 20분, 재활(목 통증 스트레칭)",물리치료사.PT재석,101785,2266,2021-08-15 00:00:13+00:00,1217,10.309278350515465,General,Description,1707,59.62800234329232,4.104756871219742,0,0,0
RUskfIYXyRo,목디스크,목디스크(경추 추간판 탈출증) 수술하지 마라?,한양대학교병원,101000,842,2019-07-22 06:22:14+00:00,275,25.839793281653748,Medical Pro,Description,2462,41.023558082859466,3.738230367768734,0,0,0
mWGzjOpHNEw,목디스크,목디스크로 오랫동안 지속되는 팔 저림 – 이 근육을 풀어줘야 좋아집니다,모커리 근육신경재활TV,101950,1613,2023-12-20 07:10:03+00:00,201,24.09638554216868,Medical Pro,Description,850,119.94117647058823,4.795304282518839,0,0,0
FTONoyQoIZw,목디스크,목 디스크로 인한 손 저림 vs 일반 손 저림의 차이점☞ 오늘， 굿데이 146회,교양 Voyage,93304,497,2019-09-20 07:07:55+00:00,173,15.151515151515152,General,Description,2402,38.84429641965029,3.6849792687605745,0,0,0
XEws9EAcg0Q,목디스크,불필요한 목 디스크 시술 피하는 법 - 이경석의 척추88 #66,굿라이프,92366,1496,2020-12-23 08:00:08+00:00,317,7.880215343203229,General,Description,1942,47.56230690010299,3.882847651802905,0,0,0
q4wHVXix49E,목디스크,백지영도 쓰는 넥가드 목견인기... 진짜 효과 있나?,프로페셔널,174760,440,2025-05-27 03:33:27+00:00,23,14.184397163120568,General,Description,326,536.0736196319018,6.286135179398897,0,0,1
9DePWOcUFGs,목디스크,"목, 어깨 통증 없애는 초간단 운동법!💪 | 병원 가기 전에 따라해보세요~ | 목 디스크 예방",EBS 컬렉션 - 사이언스,86864,1615,2023-08-05 11:30:02+00:00,269,11.730205278592376,General,Description,987,88.0081053698075,4.488727437156247,0,0,0
zCauzmkHCuM,목디스크,'목 디스크 얼마나 알고 있니?' (마디세상병원 장수진),의학채널 비온뒤,82275,1482,2021-11-18 09:55:22+00:00,3021,1.363636363636363,General,Description,1612,51.03908188585608,3.951995011018576,0,0,0
creD34nVP2Y,목디스크,목 디스크 위치에 따른 저림 부위,EBS 건강 아카이브,80977,493,2018-02-28 03:00:02+00:00,90,23.04147465437788,General,Description,2971,27.25580612588354,3.341298963054704,0,0,0
IR4lDAhwsbw,목디스크,[마디마디] 내목이 맞는지 확인하는 목디스크 자가진단법😲,닥터 마디마디 Dr MadiMadi ,81213,709,2022-01-04 10:00:12+00:00,48,10.178117048346056,Medical Pro,Description,1565,51.893290734824284,3.9682765016113786,0,0,1
CY0917NVwDY,목디스크,간단하게 확인하는 목 디스크 자가진단법! 닥터의 승부 121회,JTBC Entertainment,78355,140,2014-05-04 11:45:56+00:00,135,10.60070671378092,General,Description,4367,17.942523471490727,2.9414093139141233,0,0,0
rMC9rQx-Sps,목디스크,목디스크 집에서 치료하는 방법,오상신경외과의원,90845,2390,2023-03-18 11:00:40+00:00,49,18.51851851851852,General,Description,1127,80.6078083407276,4.401924947842115,0,0,1
8aj20NnCasw,목디스크,바른 자세인데 목 디스크 생기는 이유는? #1분건강,서울대병원tv,80727,1253,2024-04-24 08:56:55+00:00,34,32.608695652173914,Medical Pro,Description,724,111.5013812154696,4.722965499039948,0,0,1
zdOisy8GffQ,목디스크,목디스크가 맞을까❓ 아닐까❓ 애매~한 목디스크 증상들😰 확실하게 알려드릴게요😎📢,나누리병원TV,71405,455,2023-08-09 09:00:48+00:00,370,3.4033613445378155,Medical Pro,Description,983,72.63987792472024,4.2991866986329255,1,1,0
RhtxGlhGNjc,목디스크,이런 목디스크 환자는 금방 좋아질 가능성이 높습니다,모커리 근육신경재활TV,66240,766,2022-11-04 07:30:04+00:00,330,36.26943005181347,Medical Pro,Description,1261,52.52973830293418,3.980237355600778,0,0,0
DxMGxnsd2vU,목디스크,목 디스크의 진단과 치료(백년목 개정판 리뷰),정선근 TV,66198,2314,2024-08-07 01:00:09+00:00,661,48.78048780487805,Medical Pro,Description,619,106.94345718901454,4.681607545480759,0,0,0
2lHzlK3bOF0,목디스크,현대인의 고질병인 목 디스크,고대병원,66455,1900,2024-07-31 02:00:04+00:00,48,48.78048780487805,Medical Pro,Description,626,106.15814696485623,4.674305752298977,0,0,1
DfyA-4YhXe0,목디스크,목 디스크 찢는 네 가지 은근힘,정선근 TV,61529,2730,2024-09-10 04:00:06+00:00,432,17.094017094017094,Medical Pro,Description,585,105.17777777777778,4.665114838115435,0,0,0
Rr0hgBMbbc0,목디스크,목디스크 폼롤러 스트레칭 (하루 한번만 따라해 보세요. 99%이상 좋아집니다)#목디스크폼롤러스트레칭#폼롤러목스트레칭#목디스크스트레칭,물리치료사 pt종환,60109,1015,2022-05-13 21:00:14+00:00,1822,7.6923076923076925,General,Description,1436,41.858635097493035,3.757907143936227,0,0,0
-s0WXlvPH_Q,목디스크,"목디스크 운동의 끝판왕, 도리도리 운동에 대해 반복되는 질문들에 답변해드립니다",모커리 근육신경재활TV,59206,986,2021-03-16 05:50:53+00:00,448,8.438818565400844,Medical Pro,Description,1859,31.848305540613232,3.491900161883745,0,0,0
q3mayBiaVps,목디스크,목디스크 수술 요즘엔 이렇게 합니다! ㅣ최신 목디스크수술기법,가자건강TV,57273,659,2023-08-18 02:30:21+00:00,1695,32.154340836012864,Medical Pro,Description,974,58.80184804928131,4.091036564313208,0,0,0
Ncz8_xbIY1c,목디스크,목 디스크를 위한 올바른 운동법 大 공개! (수요일N스타일) @좋은아침 5305회 20180425,SBS Entertainment,56471,354,2018-04-25 07:20:56+00:00,170,5.882352941176471,General,Description,2915,19.37255574614065,3.014188688551145,0,0,0
xjUdnL4FxXU,목디스크,정선근 tv 라이브: 목 디스크에 관하여...,정선근 TV,54328,2383,2025-05-14 13:45:56+00:00,5276,66.66666666666667,Medical Pro,Description,339,160.25958702064898,5.083015408300161,0,0,0
Ziga2dcsL3g,목디스크,목디스크 초기 증상 5가지 체크해보기!,자생한방병원,46966,121,2023-03-08 08:20:29+00:00,120,16.50537634408602,Medical Pro,Description,1137,41.30694810905893,3.744951330460755,1,1,0
GgtP2DHup6w,목디스크,"그 어렵다는 목 디스크, 수술 결정 전 이거 하나는 꼭 확인해야!",우리들병원TV,42186,314,2022-10-28 08:00:11+00:00,158,8.241758241758241,Medical Pro,Description,1268,33.269716088328074,3.534262051298015,0,0,0
RHvF1UnTQgU,목디스크,목디스크수술 오늘 다 알려드립니다. feat. 목디스크 MRI 사례,이동엽 원장의 자세혁명,41438,448,2022-06-14 08:45:01+00:00,682,15.855039637599091,General,Description,1404,29.514245014245013,3.418193624227005,0,0,0
sEd6DHQtsWA,목디스크,진료실에서 허리/목디스크 환자들에게 알려주는 수면자세😴,바른세상병원,52854,389,2023-08-15 06:00:22+00:00,42,27.3972602739726,Medical Pro,Description,977,54.09825997952917,4.009118136341342,0,0,1
5y29i34Z3fg,목디스크,[귀하신팁] 돈 한 푼 들지 않는 특별한 목 디스크 관리법을 알려드림｜#귀하신몸,EBS,39143,1025,2024-11-09 13:30:03+00:00,235,7.299270072992701,General,Description,525,74.55809523809523,4.324901833714392,0,0,0
7hXWq_TQeS0,목디스크,경성 목디스크 수술 어떻게 할까?,고대병원,62678,294,2024-12-06 05:30:04+00:00,23,40.81632653061224,Medical Pro,Description,498,125.85943775100401,4.843079684152764,0,0,1
Y-7ykkphctM,목디스크,팔저림까지 오는 목디스크 안전하고 효과적으로 주사치료 받으려면? (콕통증의학과),콕선생님 (콕통증의학과),36575,355,2022-09-10 23:00:12+00:00,349,8.421052631578949,General,Description,1316,27.79255319148936,3.3601167839670287,0,0,0
540j_Sifz6Y,목디스크,"심한 두통으로 눈까지 아플 때, 원인은 목디스크｜자생한방병원",자생한방병원,35239,211,2020-06-02 09:06:51+00:00,240,24.84472049689441,Medical Pro,Description,2146,16.420782851817336,2.8576639102433723,0,0,0
0p1b5cfdxhU,목디스크,목디스크에 좋은 5가지 운동 완벽정리!,우리들병원TV,33564,354,2023-09-22 08:33:16+00:00,1457,5.1993067590987865,Medical Pro,Description,939,35.7444089456869,3.6039860765524283,0,0,0
lGMSTFpRhL0,목디스크,목디스크 시술 경추 고주파 수핵감압술 목은 수술하지 마세요,닥터 마디마디 Dr MadiMadi ,33112,242,2020-09-01 01:27:35+00:00,575,18.80530973451328,Medical Pro,Description,2055,16.112895377128954,2.839832294927877,0,0,0
fae3LJJWDtk,목디스크,(ENG) 목디스크 4년차! 저는 수술보다 운동을 선택했습니다.,르우Reu,32725,314,2020-12-27 02:38:11+00:00,473,12.1580547112462,General,Description,1938,16.885964912280702,2.8840163221799595,0,0,0
Yc6Gv3vFgTA,목디스크,"목디스크, 두통에 팔다리 마비까지…자세 이렇게만 고쳐도 낫는다 | #나영무박사의통증제로라이프 5편",중앙일보,32490,429,2023-02-17 21:00:12+00:00,595,8.493253373313344,General,Description,1156,28.10553633217993,3.3709284080467827,1,1,0
DXpC7Sa-mYs,목디스크,등 통증? 딱 10초면 해결됩니다! #등통증 #목디스크 #스트레칭,닥터홍선생 (OS Dr.Hong),60047,497,2025-05-20 09:00:31+00:00,47,13.333333333333334,Medical Pro,Description,333,180.32132132132134,5.2002707132803865,0,0,1
Xwvwa5Uhzh4,목디스크,"목디스크 시술, 신경차단술 + 프롤로치료",하워드 통증의학과 의원,29999,76,2019-05-28 02:50:50+00:00,89,85.1063829787234,General,Description,2517,11.91855383392928,2.558664559731147,0,0,0
I20RNtkpvD4,목디스크,이 동작만 따라하면 목디스크와 오십견인지 알 수 있다?,미래본 TV,28177,112,2023-04-12 08:30:04+00:00,472,15.037593984962406,Medical Pro,Description,1102,25.56896551724138,3.2797438247736963,0,0,0
_t92KSpb1dg,목디스크,목 디스크 수술 언제 해야할까? - 마디세상병원 척추외과 장수진 원장,의학채널 비온뒤,27625,293,2022-01-02 21:00:09+00:00,353,8.726591760299627,General,Description,1567,17.62922782386726,2.9247317357602625,0,0,0
bTW_yRf49aE,목디스크,"목디스크 치료, 시술에서 수술까지 완벽 정리✨",바른세상병원,27502,141,2023-08-04 06:00:12+00:00,503,15.544041450777202,Medical Pro,Description,988,27.836032388663966,3.361625729744086,0,0,0
EWioR0syCns,목디스크,나도 목디스크일까? 목디스크 자가진단법,나누리병원TV,48462,201,2024-12-25 06:00:09+00:00,37,23.39181286549708,Medical Pro,Description,479,101.17327766179541,4.626670172560483,0,0,1
cTrVrfoq9lk,목디스크,"목디스크 터지면 삶이 끝납니다. 고생하는분들 꼭 참고! 목디스크,목통증 치료후기, 탈출기!!!",썰푸는무니,26528,498,2021-11-20 07:53:59+00:00,720,12.332506203473944,General,Description,1610,16.47701863354037,2.86088679695865,0,0,0
ta37ihZfPM8,목디스크,[Full] 이 자세가 편하시다고요? 그럼 이 영상을 무조건 보세요! #목디스크 ㅣ귀하신 몸ㅣ77화 돈 안 들이고 목 디스크 낫는 법,EBSDocumentary (EBS 다큐),26578,437,2024-11-15 17:00:55+00:00,2788,30.0,General,Description,519,51.21001926782274,3.955274416467073,0,0,0
t5lEYPpnD_Y,목디스크,이렇게 하면 목디스크 찢어집니다 #목디스크,더건강,26421,535,2024-05-27 05:43:40+00:00,45,69.44444444444444,General,Description,691,38.23589001447178,3.6695918895192174,0,0,1
lGSLuhpYeFA,목디스크,"목 디스크 협착증 치료는 어떻게 하나요? 주사, 운동, 내시경 치료까지 완전정복",서울예스병원,24408,333,2024-01-30 02:15:47+00:00,1033,16.352201257861637,Medical Pro,Description,809,30.170580964153277,3.439474732173188,0,0,0
SbvBLYivtAU,목디스크,"Eng sub) 목디스크, 이제는 후유증도, 절개도 걱정하지 마세요! / 우리들병원TV",우리들병원TV,24025,278,2020-09-18 02:45:02+00:00,214,26.595744680851062,Medical Pro,Description,2038,11.788518155053975,2.548547749226742,0,0,0
UEgu8OY4lx0,목디스크,'백년목' 정선근 교수가 알려주는 목 디스크 치료운동#목디스크#목통증,건강빚음,29945,356,2024-02-13 03:10:25+00:00,60,33.898305084745765,General,Description,795,37.666666666666664,3.654977902438255,0,0,1
axnBi-aizLw,목디스크,"목디스크, 목통증, 거북목 환자의 수면자세 #shorts",모커리 근육신경재활TV,24760,255,2022-09-01 01:56:22+00:00,57,13.333333333333334,Medical Pro,Description,1325,18.68679245283019,2.9799479770361708,0,0,1
ezVMJJw85zs,목디스크,목디스크 치료했는데 팔이 계속 저린다면 #1분건강,서울대병원tv,34557,184,2024-08-11 11:00:38+00:00,47,39.6039603960396,Medical Pro,Description,615,56.19024390243902,4.046383322692375,0,0,1
UByz3KRyCpc,목디스크,'목디스크 수술' 고민중이신 분들은 보세요. 그림으로 쉽게 설명해 드립니다.,뉴로썰전 NeuroSurgeon,22925,245,2021-07-12 16:37:52+00:00,278,20.83333333333333,General,Description,1741,13.16771970132108,2.6509661163577443,0,0,0
2KXqOKM16T4,목디스크,조기 진단이 후유증을 막는다. 목디스크의 위험 신호🚨,나누리병원TV,24013,36,2025-10-21 21:00:06+00:00,346,33.5195530726257,Medical Pro,Description,179,134.15083798882682,4.9063914731385045,2,1,0
T8SbMSrPGyU,목디스크,"손, 팔 저림부위로 목디스크 예측 가능?! 자가진단법과 치료법까지🩺",나누리병원TV,22565,128,2024-11-15 09:17:52+00:00,207,18.513238289205702,Medical Pro,Description,519,43.47784200385357,3.7949911326649683,0,0,0
Vg5l2DovCd0,목디스크,한의사가 추천하는 목디스크에 좋은 걷기운동,자생한방병원,20600,129,2021-05-04 09:00:15+00:00,135,17.647058823529413,Medical Pro,Description,1810,11.38121546961326,2.5161804425351013,0,0,0
jQpFhd_R8-0,목디스크,"홍진경, 정승제가 극찬한 목디스크 및 거북목 자세 교정기 카이로넥 내돈내산 리뷰 / 도수치료도 효과없던 목디스크있는 나도 이거 쓰면 목디스크 병원 안가도 되겠지???",훈남하이 김대표의 내돈내산,19870,103,2025-07-23 10:01:17+00:00,890,11.583011583011585,General,Description,269,73.86617100371747,4.315702133005022,0,0,0
GLcpRrQnEts,목디스크,목디스크 수술 헷갈린다면? 경추 인공디스크 수술과 경추 유합술!,달려라병원_Hospital Run,19668,115,2023-02-03 08:46:58+00:00,355,48.19277108433735,Medical Pro,Description,1170,16.81025641025641,2.879774494180327,0,0,0
0V8rEOfAMYI,목디스크,"목디스크 수술 후 업무, 운동 복귀 시기는?",마디세상병원,19741,215,2023-03-09 23:57:34+00:00,169,22.78481012658228,Medical Pro,Description,1136,17.377640845070424,2.9111347542318633,0,0,0
takPP6eOqD4,목디스크,"목디스크 파열 시 주의해야 하는 마비, 힘빠짐, 양손 증상 체크하는 법",모커리 근육신경재활TV,19049,134,2022-12-30 08:30:35+00:00,268,23.474178403755868,Medical Pro,Description,1205,15.808298755186723,2.821872737967475,3,1,0
6ed3YepC9As,목디스크,비수술로도 목디스크 나을 수 있습니다,주원장의 척관시,19129,332,2024-03-04 05:45:37+00:00,758,35.51401869158879,General,Description,775,24.68258064516129,3.245812966185559,0,0,0
PGclUU-d1zQ,목디스크,목디스크 내쫓는 컴퓨터 모니터 세팅법,관절 알려주는 의사_뼈선생,21012,201,2023-05-01 11:15:03+00:00,59,20.2020202020202,Medical Pro,Description,1083,19.401662049861496,3.01561637056385,0,0,1
KzpTbQ38-oI,목디스크,목 디스크 수술 후 재활은 어떻게 하나요?,마디세상병원,16709,486,2024-02-14 05:05:08+00:00,580,8.385744234800839,Medical Pro,Description,794,21.044080604534006,3.0930441125437,0,0,0
iZzX70U14R4,목디스크,"목 디스크 협착증의 주요 증상, 구분법, 검사, 치료까지!",서울예스병원,16596,261,2024-01-17 05:42:16+00:00,560,13.97712833545108,Medical Pro,Description,822,20.18978102189781,3.053519038196505,1,1,0
sLkCCwh9vAc,목디스크,"5년간 고생한 목디스크, 굽은등 한번에 해결하는 딱 1가지 동작 알려드릴게요!",1분도수 | 목 전문 도수치료사,29756,594,2025-10-06 01:00:53+00:00,62,3.90625,General,Description,194,153.38144329896906,5.039426444480267,0,0,0
tBgDLMk9D4Y,목디스크,"목디스크, MRI 결과 폐암이라고요!? #MRI검사",이동엽 원장의 자세혁명,40643,254,2025-08-16 10:45:42+00:00,52,34.48275862068966,General,Description,245,165.88979591836735,5.117333689903389,1,1,1
cobFpl8qYkk,목디스크,목디스크 수술 후 집에서 하는 재활운동 - 초급편(수술 후 3달 미만),필한방TV:필한방병원,15893,156,2021-06-15 09:09:59+00:00,404,22.78481012658228,Medical Pro,Description,1768,8.989253393665159,2.301509854498782,0,0,0
EAFHybhI9fk,목디스크,목견인기가 목디스크 증상에 도움이 될까?,나누리병원TV,20080,72,2023-08-09 10:00:21+00:00,60,23.529411764705884,Medical Pro,Description,983,20.427263479145473,3.064664105538192,1,1,1
OGhe2GZ_Rfk,목디스크,목 디스크로인한 경추 척수증으로 마비 온 환자 시술 하는 도중에 좋아진 케이스리포트,닥터 마디마디 Dr MadiMadi ,15498,133,2024-07-18 11:00:28+00:00,651,8.90207715133531,Medical Pro,Description,639,24.253521126760564,3.2289655965638175,1,1,0
x8yIEGWeRZk,목디스크,"[도와줄게요] 목디스크증상? 어깨부터 손끝까지 팔저림 통증, 어떻게 치료할까??",강남YK병원,15663,126,2023-06-13 01:00:17+00:00,284,26.94610778443114,Medical Pro,Description,1040,15.060576923076923,2.776367630854529,1,1,0
H6bTs-GRcVk,목디스크,목 디스크 수술 아직도 위험한 수술로 알고 계신가요?(ft.유명 락커000님도 성공한 목디스크수술 단일공 내시경의 모든것),닥터척추 신경외과전문의 양경훈,15474,58,2023-03-23 11:00:18+00:00,274,42.32804232804233,Medical Pro,Description,1122,13.79144385026738,2.6940488953701167,1,1,0
gIicMPOIb4g,목디스크,목디스크 치료이야기 - 신경주사만 계속 맞으신다구요?,모커리 근육신경재활TV,15475,143,2021-07-09 05:25:44+00:00,399,32.71028037383178,Medical Pro,Description,1744,8.873279816513762,2.2898320998172608,0,0,0
04xR1xC1MU0,목디스크,"역C자목, 목디스크, 아픈 허리… XXX 한 번 풀었더니 단 3분만에 해결!",바른몸교수ㅣ목어깨 치료사,23772,643,2025-07-12 05:37:04+00:00,168,10.344827586206897,General,Description,280,84.9,4.45318382899021,0,0,0
kodAloA2uys,목디스크,목디스크 6번 7번 증상,장형석한의원,14988,74,2018-04-11 02:49:52+00:00,91,16.877637130801688,General,Description,2929,5.117104813929669,1.8110889149721645,1,1,0
UXpYCHKY5A4,목디스크,목디스크치료방법 - 신경주사만 계속 맞으신다구요?,모커리 근육신경재활TV,14807,111,2022-07-04 08:07:04+00:00,193,13.88888888888889,Medical Pro,Description,1384,10.698699421965317,2.4594776751091376,0,0,0
zln0JEURwMc,목디스크,세상에서 가장 쉬운 목 디스크 평가와 팔저림을 줄이는 운동방법,다고침TV,14670,243,2021-12-14 05:30:24+00:00,188,16.949152542372882,Medical Pro,Description,1586,9.24968474148802,2.327246948183415,0,0,0
0vG52X8SyrM,목디스크,"목디스크는 한방으로 어떻게 치료하고, 어떻게 좋아지는 걸까요?",모커리 근육신경재활TV,14361,152,2021-02-23 08:23:43+00:00,590,34.74903474903475,Medical Pro,Description,1880,7.638829787234043,2.156267132350608,0,0,0
K5A-u_Tc0WE,목디스크,내가 목디스크라면? 이 증상 나타납니다,나누리병원TV,20728,92,2023-08-01 09:00:20+00:00,38,65.78947368421052,Medical Pro,Description,991,20.91624621594349,3.087228198142333,1,1,1
QI9YwnX5_R4,목디스크,목디스크 증상 감별 방법,바른세상병원,19361,129,2024-12-10 06:00:25+00:00,51,26.98145025295109,Medical Pro,Description,494,39.19230769230769,3.6936756263774293,1,1,1
PFQU_d-EzdM,관절염,퇴행성 관절염의 치료법,바른세상병원,4005677,32161,2015-10-16 09:03:48+00:00,3411,26.54867256637168,Medical Pro,Description,3837,1043.9606463382852,6.951734504683367,0,0,0
8iaxec2fbmU,관절염,176. 무릎 통증 없애는 기가막힌 마사지법  | ft 부부한의사,부부한의사,3682082,60575,2023-02-16 11:17:00+00:00,51,23.92344497607656,Medical Pro,Description,1157,3182.439066551426,8.065717358878558,0,0,1
3LQuExAmyyo,관절염,손가락관절염 / 손가락통증 집에서 이렇게만 하셔도 충분히 좋아져요!! 믿고 따라하기!!,신규철 TV,2517302,27920,2022-08-23 21:00:03+00:00,794,14.044943820224718,Medical Pro,Description,1334,1887.032983508246,7.543290816631366,0,0,0
Nxr_1gexzhE,관절염,"123. 손가락관절염 사라지는 하루10분 초간단 치료법 (퇴행성관절염, 류마티스관절염)ㅣ 한의학박사, 침구과 전문의, 산청김, 김경태 원장 | ft 부부한의사",부부한의사,2249502,33137,2022-07-06 11:15:01+00:00,214,21.5633423180593,Medical Pro,Description,1382,1627.71490593343,7.395546581581247,0,0,0
D6mEMzfFnBY,관절염,무릎 관절염 예방법은 의외로 간단합니다. '이렇게' 해보세요.ㅣ평촌서울나우병원 김준배 원장X에바X이주호 기자 [백년의 아침 9화 FULL],삼프로TV 3PROTV,1957767,28190,2024-08-18 06:00:07+00:00,2778,4.664723032069971,Medical Pro,Description,608,3220.0115131578946,8.077450723729621,0,0,0
UXxGLQJRf4I,관절염,류마티스 관절염 영양제🌿 🇨🇦깨끗한 캐나다 영양제 추천,뉴리TV Nuri TV,1324442,6568,2019-06-11 12:58:15+00:00,801,7.570543702684102,Medical Pro,Description,2503,529.1418298042349,6.27314457415098,0,0,0
4LWIp4z-v3w,관절염,무릎 관절염을 치료하는 모든 방법! - 관절리모델링 몰아보기,굿라이프,1297331,22031,2021-11-11 08:00:03+00:00,1701,33.13253012048193,General,Description,1619,801.3162445954292,6.687502850087262,0,0,0
y5pzSew0240,관절염,"695. 손가락통증, 바로 좋아지는 운동법!!!",부부한의사,2162195,29273,2025-01-06 11:01:14+00:00,54,16.89189189189189,Medical Pro,Description,467,4629.967880085653,8.44052117060821,0,0,1
6cpWjdx_52o,관절염,361. 손가락통증 바로 사라지는 운동법ㅣft 부부한의사,부부한의사,1395936,23927,2023-11-16 10:17:00+00:00,60,13.377926421404682,Medical Pro,Description,884,1579.1131221719456,7.365251719769477,0,0,1
kghyht4dBys,관절염,"[풀버전] 걷기가 이렇게 좋은 거였어? 뇌졸중,관절염,편두통을 이겨내는 걷기 운동! 도심 걷기부터 노르딕 워킹까지 | 하루 4km 걷기, 건강 일사천리! KBS 210602",KBS 생로병사의 비밀,911215,7039,2024-10-25 11:01:00+00:00,2785,5.887772194304858,General,Description,540,1687.4351851851852,7.431557453056988,0,0,0
VL5N3NIGatQ,관절염,무릎 아프면 무조건 이거 하세요! 관절염도 OK,임피티IMPT,779912,14807,2025-03-19 11:00:45+00:00,356,1.1318619128466327,General,Description,395,1974.4607594936708,7.588556946072117,0,0,0
s70v02y0ck4,관절염,꿀과 이것을 같이 드세요! 관절염 싹 사라집니다! #관절염 #꿀,효초TV,855253,24778,2024-05-06 21:00:27+00:00,60,8.080808080808081,Medical Pro,Description,712,1201.198033707865,7.091906855025505,0,0,1
Ky-tG5WUdU8,관절염,"""3주 동안 꾸준히 운동만 했더니"" 앉고 일어설 때마다 한숨부터 나왔던 출연자의 기적│퇴행성관절염 기수별 맞춤 운동과 계단 오르는 법│귀하신 몸│#EBS건강",EBS 건강,715869,9827,2024-07-03 08:00:14+00:00,1618,20.16806722689076,General,Description,654,1094.6009174311926,6.9990582747664405,0,0,0
k7ZGOT8zTk4,관절염,"손, 손가락 퇴행성관절염...손을 많이 쓰는 분들 꼭 시청하세요! #여성호르몬 #SNU서울병원 #수부전문의 #곽상호원장",SNU서울병원TV,486142,4665,2021-09-27 02:09:15+00:00,625,16.15798922800718,Medical Pro,Description,1664,292.1526442307692,5.680693443430158,0,0,0
qJ1CuEL9tAI,관절염,"672. 손가락통증 없애는 숨겨진 '이곳', 바로 따라하세요!!!",부부한의사,866993,14521,2024-11-21 11:01:04+00:00,51,13.377926421404682,Medical Pro,Description,513,1690.0448343079922,7.4331018620349765,0,0,1
kxyXwBl1biA,관절염,"욱신욱신 손가락, 퇴행성관절염! #손가락퇴행성관절염 #수부세부전문의 #곽상호 #SNU서울병원",SNU서울병원TV,406773,3985,2021-08-25 08:56:24+00:00,1895,39.1566265060241,Medical Pro,Description,1697,239.70123747790217,5.483556485938678,0,0,0
8e89IWVhOYs,관절염,"손가락 관절염, 알고 보면 ‘이 근육’ 때문입니다. 10분이면 통증이 사라집니다!",통증요정 김학조,380365,6018,2025-10-16 10:00:14+00:00,954,11.627906976744184,General,Description,184,2067.2010869565215,7.634434468307512,0,0,0
Fbd6ML1YF9c,관절염,무릎 관절염의 비수술적 치료 완전 정복! - 고쳐줘NOW #01 #관절염 #무릎통증,굿라이프,376786,5129,2022-11-14 22:00:12+00:00,513,37.735849056603776,General,Description,1251,301.1878497202238,5.71104884294241,0,0,0
ltJzkatRLx8,관절염,"손가락 관절염, 하루 10분이면 ‘수술 없이’ 좋아집니다",통증요정 김학조,345216,7832,2025-08-07 11:12:20+00:00,926,1.7924528301886795,General,Description,254,1359.1181102362204,7.21532682072115,0,0,0
a_5bpu_d6kQ,관절염,"퇴행성 무릎 관절염, 치료 시기를 놓치지 말자! / TV닥터인사이드 부산MBC 20191223 방송",굿닥터인부산,339658,5468,2020-03-23 05:49:52+00:00,1901,15.625,Medical Pro,Description,2217,153.2061344158773,5.038290242542071,0,0,0
v3Z4v5EfMeo,관절염,사과를 이것과 같이 먹으면 관절통증 관절염 싹 사라집니다! 관절염에 좋은 음식! #관절염 #관절통증 #사과효능,효초TV,329131,6668,2023-11-05 21:00:32+00:00,57,40.32258064516129,Medical Pro,Description,895,367.7441340782123,5.9101029999429935,0,0,1
j69_W4FEeok,관절염,"무릎 관절염 PRP 주사치료, 효과 높이는 방법이 있다?",힘찬병원,748476,84,2025-11-21 05:00:54+00:00,314,60.30150753768845,Medical Pro,Description,148,5057.27027027027,8.528779860019489,0,0,0
a5c3yTqZ3cA,관절염,당신의 관절이 보내는 류마티스 관절염 신호 | 서울대병원 이은영교수,서울대병원tv,225317,2743,2022-04-28 07:30:01+00:00,1975,27.375201288244767,Medical Pro,Description,1451,155.28394210889041,5.051674494522499,1,1,0
_QgjBWEIrtY,관절염,[유앤제이병원] #손가락관절염 #자가진단,유앤제이병원TV,190687,1622,2023-06-26 23:00:54+00:00,59,9.73498233215548,Medical Pro,Description,1027,185.6738072054528,5.229362747215816,0,0,1
a02Thkvvdv0,관절염,퇴행성 관절염의 치료ㅣ동아아산건강강좌,서울아산병원,129654,2625,2022-07-20 09:01:00+00:00,2176,30.405405405405407,Medical Pro,Description,1368,94.77631578947368,4.562015428831927,0,0,0
FIDjXOKJMtk,관절염,손가락 통증 환자 주목❗ 손가락 관절염 A to Z,바른세상병원,111663,1076,2023-01-20 06:00:12+00:00,426,30.18108651911469,Medical Pro,Description,1184,94.30996621621621,4.5571343824873605,0,0,0
1W2RXIqUazk,관절염,퇴행성관절염이 있다면 '이 운동'을 추천합니다!,닥터고의 쓰리고TV,219101,2061,2025-01-04 04:00:00+00:00,26,63.19702602230483,Medical Pro,Description,469,467.1663113006397,6.148823598817104,0,0,1
xLwDPi0pF9Q,관절염,손가락이 붓고 아프다면? '손가락 관절염'의 증상부터 치료까지!,연세건우병원,105299,1198,2022-03-07 00:54:42+00:00,405,19.569471624266143,Medical Pro,Description,1503,70.05921490352628,4.263513542171677,1,1,0
ArNn6j9Ft08,관절염,류마티스관절염 증상 및 치료법 [숫자로 보는 건강],분당서울대학교병원,102840,1086,2022-10-31 07:15:00+00:00,397,30.64066852367688,Medical Pro,Description,1265,81.29644268774703,4.410327883027674,1,1,0
MlsuYuVgqJI,관절염,"""무릎 뒤 통증, 관절염일까? #무릎건강 #무릎통증",닥터 코뿔소 Dr. Rhino,147577,1002,2024-08-15 08:48:14+00:00,33,41.66666666666666,Medical Pro,Description,611,241.53355155482814,5.491140057734228,0,0,1
eFtiGu_xAiQ,관절염,"무릎 관절염 수술 중 무릎 인공관절, 부분치환술? 절골술? 어떤 방법이 내게 맞을까?",예손병원,116784,17,2025-04-24 01:41:01+00:00,639,27.027027027027028,Medical Pro,Description,359,325.3036211699164,5.787828301208295,0,0,0
4AYuyCmkcWs,관절염,퇴행성 무릎관절염의 진행을 막는 7가지 방법,바른세상병원,1274198,19009,2021-04-08 08:35:34+00:00,445,11.152416356877325,Medical Pro,Description,1836,694.0076252723312,6.543922817119469,0,0,0
bgq83wRokCI,관절염,"손가락 퇴행성 관절염 집에서 치료하기, 통증 없애는 운동법, 생활치료 l 미국류마티스학회지침 수부 골관절염 운동, 생활요법, 영양제 l 닥터딩요",닥터딩요,726154,14288,2024-08-30 11:00:41+00:00,1111,22.02643171806168,Medical Pro,Description,596,1218.3791946308725,7.1060971513557725,0,0,0
Lefgi7-oEzU,관절염,퇴행성 관절염 vs 류마티스 관절염?! #Shorts #손가락통증,의학박사 박정관의 관절연구소,111069,729,2023-01-03 03:00:13+00:00,53,5.830903790087463,General,Description,1201,92.48043297252289,4.537752141372842,0,0,1
9B2BPOI8h2c,관절염,무릎 관절염 진단이 전부가 아니다 ✔ 퇴행성관절염 극복 방법,길병원TV,69394,934,2022-03-07 07:00:02+00:00,356,13.282732447817835,Medical Pro,Description,1503,46.17032601463739,3.853765008754953,0,0,0
KmjgrJy8pMU,관절염,[퇴행성관절염] 좋아지는 3가지 방법!! 이렇게만 따라하세요!!,나누리병원TV,67755,1142,2022-02-03 11:30:03+00:00,475,6.279069767441861,Medical Pro,Description,1535,44.14006514657981,3.8097702146001295,0,0,0
nkF2isyp2cg,관절염,휜다리가 있으면 관절염이 발생하는 이유는? | 휜다리수술 9400례 단독집도 뉴본정형외과 임창무 원장,임창무 박사의 휜다리수술 근위경골절골술,65706,414,2025-02-22 09:01:01+00:00,171,2.4213075060532687,General,Description,420,156.44285714285715,5.059062580642183,0,0,0
8nqzfjkMCBY,관절염,다양한 증상이 있는 무릎 퇴행성 관절염 #shorts,서울원병원TV,107097,1302,2023-10-18 03:34:12+00:00,52,43.47826086956522,Medical Pro,Description,913,117.30230010952903,4.773243213817551,1,1,1
8jwxspvIUjg,관절염,"류마티스 관절염, 초기 치료를 놓치게 되는 흔한 실수는? | 서울대병원 이은영 교수",서울대병원tv,58545,602,2023-01-20 07:30:01+00:00,408,29.224904701397712,Medical Pro,Description,1184,49.44679054054054,3.9209191281365596,0,0,0
oEGwggOq_aQ,관절염,[명의 의학백과📖] 류마티스 관절염의 증상,고대병원,54193,233,2023-10-15 02:00:27+00:00,62,3.90625,Medical Pro,Description,916,59.16266375545852,4.097051956511391,0,0,0
f7uxhsVFHyE,관절염,[메디컬 인사이트 9회] 류마티스 관절염 증상과 치료법 / YTN, YTN,52356,722,2023-12-08 13:43:37+00:00,1651,2.4850299401197606,General,Description,862,60.73781902552204,4.12289669330465,1,1,0
g3y1u7Yr_SA,관절염,"무릎에 물 차고 붓고 부종이 있다면, 이것부터 하세요! #무릎통증 #유정수원장 #조인트힐병원 #나를살리는1교시 #관절염 #무릎관절염 #퇴행성관절염 #유지나 #김범도아나운서",조인트힐병원,95179,438,2024-11-28 05:20:41+00:00,39,27.3972602739726,Medical Pro,Description,506,188.100790513834,5.2422801560567,0,0,1
Au7ZrH5TGBg,관절염,"관절염 1기, 2기, 3기... 대체 뭐가 다른 걸까? 무릎 관절염 단계에 대한 궁금증 완전정복! - 골통 의사 윤재웅 #42 무릎통증",굿라이프,50529,838,2022-10-27 08:00:04+00:00,622,16.01164483260553,General,Description,1269,39.817966903073284,3.70912234974919,0,0,0
IaVxyLR7hlw,관절염,관절이 뻣뻣한데...😨 류마티스 관절염? 퇴행성 관절염? 구분하기 어렵다면 집중! 류마티스 관절염의 증상부터 진단 방법까지 총.정.리🌟 류마티스내과 서창희 교수 [아주대병원TV],아주대병원TV,49693,762,2021-02-04 08:00:02+00:00,407,2.953367875647668,Medical Pro,Description,1899,26.167983149025805,3.3020391898779273,1,1,0
PdLyYfk70vA,관절염,이게 고관절 통증이라고? 헷갈리는 증상 정리,에이스병원TV,70860,368,2025-02-13 06:15:00+00:00,59,14.035087719298245,Medical Pro,Description,429,165.17482517482517,5.113040397872482,1,1,1
j5eW3qksrik,관절염,무 넣고 갈면 끝이라고?🫢 살도 쑥쑥 빠지고 관절염도 사라지는 초간단 무 수프 레시피😋 #다욧팅,채널아하: 채널A Health & Asset,45700,589,2026-01-06 11:01:23+00:00,575,4.739336492890995,General,Description,102,448.03921568627453,6.107110223986852,0,0,0
Q-w1LThSaI8,관절염,"허리 통증, 무릎 통증에 즉각적인 통증을 없애주는 관절염 영양제 조합 (퇴행성 관절염 영양제 / 관절 영양제 조합)",약사가 들려주는 약 이야기,44072,1044,2025-01-24 09:45:02+00:00,1290,10.500807754442649,Medical Pro,Description,449,98.15590200445435,4.596693379209879,0,0,0
s_0YstM5ijo,관절염,[실제치료후기] 10년 가까이 시달린 통증_천장관절염의 프롤로치료_청담마디신경외과 심재현원장,청담마디신경외과,52989,51,2025-06-17 14:20:39+00:00,325,34.73581213307241,General,Description,305,173.7344262295082,5.163267256853533,0,0,0
eI2uK_hK1Ds,관절염,관절염의 모든 것 [이지향약사의 무엇이든 물어보藥 2 8회],한국시니어TV,41003,1046,2024-11-05 12:00:06+00:00,2868,16.898608349900595,Medical Pro,Description,529,77.51039697542534,4.363231061565045,0,0,0
E58pq1VsbGk,관절염,"무릎통증, 관절염이 거짓말 같이 사라져요! 무릎 관절에 좋은 음식 #shorts #건강정보 #관절염",몬스테라_건강정보,38659,629,2023-07-06 15:01:49+00:00,60,5.681818181818182,General,Description,1017,38.01278269419862,3.6638893538173245,0,0,1
zhlKQ2hWhnw,관절염,퇴행성관절염 증상부터 치료방법 생활관리법까지! 한 편으로 완전정복 ft. 운동 찜질tip,S서울병원,41368,648,2022-08-24 07:15:02+00:00,318,48.78048780487805,Medical Pro,Description,1333,31.0337584396099,3.466790297967529,1,1,0
9r8BQCpQ53U,관절염,사돈의 퇴행성 관절염을 양파로 고쳐줬다? 관절염에 좋은 양파의 효능!,바른건강,35924,517,2025-07-14 03:00:08+00:00,795,18.867924528301888,General,Description,278,129.22302158273382,4.869248531215861,0,0,0
jYfVcdc_3G8,관절염,무릎 관절염 뼈 주사? 연골 주사?,고대병원,53083,537,2025-02-11 05:30:29+00:00,32,20.83333333333333,Medical Pro,Description,431,123.16241299303944,4.8215904907905145,0,0,1
eDFWtzJMBiM,관절염,무릎 관절염 무조건 좋아집니다. 쉬운 예방법 6가지 l 무릎 골관절염 비약물 치료 강력 권고 등급 l 닥터딩요,닥터딩요,33270,1088,2024-10-18 11:00:48+00:00,1642,21.80685358255452,Medical Pro,Description,547,60.822669104204756,4.124270111187739,0,0,0
a4uZjElZn3s,관절염,[더서울컬럼 #4] 퇴행성 관절염에 좋은 관절 운동법! #퇴행성관절염 #무릎관절염 #더서울병원,더서울병원TV 관절건강채널,42053,408,2023-09-16 06:40:44+00:00,60,6.28140703517588,Medical Pro,Description,945,44.5005291005291,3.8177239544723505,0,0,1
GN6KF_mk6FQ,관절염,손가락 마디에 생기는 관절염🖐️,고대병원,68658,504,2025-09-16 05:30:09+00:00,26,16.39344262295082,Medical Pro,Description,214,320.8317757009346,5.774028973315939,0,0,1
ZJ4gvvNmNmg,관절염,관절염 4기인데도 계단을 무리 없이 올라간다? 통증 완화하는 관절염 관리법,바른건강,29085,331,2024-12-29 01:00:22+00:00,838,17.142857142857142,General,Description,475,61.23157894736842,4.130862571027497,0,0,0
Q1CyX0Xr0vM,관절염,관절염에 좋은 음식은 따로 있다?!,닥터고의 쓰리고TV,30840,591,2024-01-27 04:00:11+00:00,32,51.02040816326531,Medical Pro,Description,812,37.98029556650246,3.663056276567406,0,0,1
K7pbDPjvk2Y,관절염,관절염일 때 신으면 안되는 신발!,바른건강,26024,243,2023-06-21 05:20:54+00:00,713,3.968253968253968,General,Description,1032,25.217054263565892,3.2664101250968534,0,0,0
G3nqAhSOHfE,관절염,류마티스 관절염 의심증상! #shorts,길병원TV,26930,271,2022-09-20 01:00:03+00:00,56,25.210084033613445,Medical Pro,Description,1306,20.62021439509954,3.0736287286789863,1,1,1
OQK4KYUSuo4,관절염,류마티스 관절염에 맨붕음식! 불면증 우울증 소화불량 심해집니다.자가면역질환(루푸스 건선 크론병 천식 등) 환자는 꼭 기억하세요.증상 치료 전에 안좋은 음식 식단 조심!건강 브이로그,루이빈치과 류지헌,46060,967,2025-04-29 21:00:18+00:00,83,10.224948875255624,General,Description,354,130.1129943502825,4.876059503708929,1,1,0
8j8n-LaP6Ys,관절염,"[류마티스 관절염: 자가면역질환] 퉁퉁 붓고 아픈 손가락 마디 통증에 신경차단술한 60대 여성 사례. 손,  손목, 팔, 발가락에 혹, 부종 부기, 찌릿찌릿한 저림 치료",루이빈치과 류지헌,236624,12,2025-10-28 05:14:20+00:00,164,17.766497461928935,General,Description,172,1375.7209302325582,7.227459813143973,0,0,0
zcKLLpAQr-M,관절염,#류마티스관절염 음식! 다 드셔도 되는데... l 관절에 좋은 운동,류마티비 - 아산본 류마티스내과,24206,352,2023-09-19 09:19:08+00:00,47,11.904761904761903,General,Description,942,25.6963906581741,3.284528374926589,0,0,1
--YpxGZ3xZE,관절염,고양이 4마리중 한마리는 관절염이 있습니다. 고양이에게 흔한 관절염을 알아보자.,윤샘의 마이펫상담소-Pet Clinic,21229,909,2025-02-20 09:00:00+00:00,497,12.195121951219512,General,Description,422,50.30568720379147,3.937801607704371,0,0,0
VmCAMhVjy-w,관절염,무릎까지 아프게 만드는 ‘고관절 관절염’ 예방하는 3가지 방법 #레그웰의원,이정표의 레그웰,46375,896,2025-12-11 10:00:54+00:00,47,20.13422818791946,General,Description,128,362.3046875,5.895241841703787,0,0,1
mr6RhcQr97M,관절염,"퇴행성 무릎관절염 초기 증상과 치료법, 의사가 알려주는 관절염 관리법까지 | #건강톡톡 Ep.320",서울대병원tv,20920,304,2024-07-11 08:44:47+00:00,472,33.854166666666664,Medical Pro,Description,646,32.38390092879257,3.508073775659416,1,1,0
bc0dLVASVA0,관절염,류마티스 관절염 진행 단계,고대병원,28746,474,2024-07-30 12:30:24+00:00,60,45.45454545454545,Medical Pro,Description,627,45.84688995215311,3.8468846233892604,0,0,1
CMXFZuR9SuU,관절염,퇴행성 관절염과 류마티스 관절염을 구별하는 손가락 통증 부위,류마티비 - 아산본 류마티스내과,396356,1306,2025-08-21 09:44:01+00:00,42,18.73536299765808,General,Description,240,1651.4833333333333,7.410034485946286,0,0,1
l5Spts3yRkY,관절염,무릎 관절염에 좋은 운동 - 관절염에도 맞는 운동을 꼭 하셔야 합니다.  #관절운동 #무릎관절운동,건강캠퍼스,29248,306,2024-06-16 08:00:26+00:00,37,8.528784648187633,General,Description,671,43.58867362146051,3.797479872098296,0,0,1
ZppyEJfT0Ms,관절염,발목 관절염 치료법! 과상부 절골술,고대병원,22275,355,2024-06-15 05:00:17+00:00,43,54.054054054054056,Medical Pro,Description,672,33.14732142857143,3.5306841474668262,0,0,1
rxlCt-arAv8,관절염,직접 알아보는 무릎 관절염 자가진단방법!! #퇴행성관절염,나누리병원TV,18584,225,2022-01-27 11:00:24+00:00,356,13.25581395348837,Medical Pro,Description,1542,12.051880674448768,2.568932236370004,0,0,0
l0kNVztYkFM,관절염,관절염 고위험운동은? #관절염 #무릎 #런닝,척추박사 닥터강,38119,156,2025-11-21 03:15:05+00:00,40,9.174311926605505,Medical Pro,Description,148,257.56081081081084,5.555130911198833,1,1,1
1k-SRWBEOuI,관절염,류마티스관절염 음식 #류마티스관절염에좋은음식 #류마티스관절염음식 #류마티스관절염에나쁜음식 #류마티스관절염식단 #류마티스관절염,이비엠TV,24477,258,2024-07-30 12:00:01+00:00,53,6.849315068493151,Medical Pro,Description,627,39.038277511961724,3.689835934339893,0,0,1
J6wAWqKDyAg,관절염,"495. 골다공증, 퇴행성관절염엔 반드시!! I ft 부부한의사",부부한의사,15926,437,2024-05-06 10:00:26+00:00,52,17.29106628242075,Medical Pro,Description,712,22.367977528089888,3.1513666034318573,0,0,1
S0mcjBFR_d8,관절염,"관절염 증상부터 영양제, 치료법, 운동, 극복한 사람들 사례까지! [관절염 정복하기]",광주MBC,15798,217,2020-03-17 05:00:04+00:00,777,18.92744479495268,General,Description,2223,7.106612685560054,2.092680109554075,1,1,0
dEy9onOlEh4,관절염,관절염 예방하고 싶다면 무릎운동 이렇게 하세요 #shorts,메디맵,20916,255,2023-02-03 08:00:27+00:00,31,19.607843137254903,General,Description,1170,17.876923076923077,2.9379401748152745,0,0,1
HybYJDxqQDk,관절염,무릎 관절염에 안 좋은 운동 #shorts,청춘병원TV,15548,86,2022-10-07 08:55:07+00:00,30,31.57894736842105,Medical Pro,Description,1289,12.062063615205586,2.5697121217186125,0,0,1
_sg94DTSBgg,관절염,마늘쫑은 퇴행성 관절염에 좋은 음식! 관절염 예방 관절건강 #관절염,효초TV,33348,401,2025-05-09 01:00:29+00:00,30,10.152284263959393,Medical Pro,Description,344,96.94186046511628,4.584374042061856,0,0,1
UbOyWU26lf0,관절염,관절의 통증을 멈추는 음식?? - 관절염 잡는 5가지 음식 - 50대 중년 이후 필수 건강 관리 방법 주의사항,건강천재 - 건강정보,14031,321,2024-03-10 11:00:20+00:00,31,18.01801801801802,General,Description,769,18.245773732119638,2.9572914902465626,1,1,1
U-aXIecSjrk,관절염,운동·작업 후 아파오는 어깨 원인은 견봉쇄골관절염?,삼성본병원,13859,38,2025-06-27 06:35:16+00:00,327,27.5049115913556,Medical Pro,Description,295,46.97966101694915,3.87077719229591,0,0,0
o5b_ldFwqyg,관절염,"꿀 효능! 매일 아침 꿀과 '이것' 한스푼  먹으면 관절염, 불면증, 기침가래 싹 사라집니다🐝🍯 만성염증, 독소 싹 빼주는 최고의 레시피 TOP 5!  [건강 음식 정보]",건강생활,13527,523,2026-01-03 10:15:13+00:00,1667,8.71313672922252,General,Description,105,128.82857142857142,4.866214898911574,0,0,0
_dlrnS2os9g,관절염,관절염 ‘이 영양제’ 드시면 됩니다! | 류마티스 영양제 추천,류마티비 - 아산본 류마티스내과,13560,498,2024-07-30 12:30:33+00:00,330,13.736263736263735,General,Description,627,21.626794258373206,3.1191347906790647,0,0,0
KktkpzWnVYc,관절염,줄기세포로 무릎 관절염을 고친다? 과연 효과 있을까? - 제애정형외과 서희수 원장 6회  #퇴행성관절염 #줄기세포치료,굿라이프,12742,256,2024-10-17 22:00:14+00:00,296,11.52519893899204,General,Description,548,23.251824817518248,3.1884918647592753,0,0,0
CMcwno8MTKY,관절염,[공필의정]관절염 최강 운동 누구나 할 수 있는! #척추관절병원 #관절염,연세건우병원,31705,235,2025-11-28 12:12:16+00:00,47,35.08771929824562,Medical Pro,Description,141,224.8581560283688,5.419907174038203,0,0,1
AZ0X0dAyuos,관절염,두릅과 함께 먹으면 관절염에 좋은 음식,건강안내,11992,130,2024-04-18 09:00:11+00:00,37,18.867924528301888,General,Description,730,16.427397260273974,2.858043523096313,0,0,1
9DN7-nXTjIo,관절염,류마티스관절염의 회복을 돕는 엘보(팔꿈치) 마디풀이 💪🏻,닥터김 능인테라피 Neung-in Therapie,11653,305,2024-06-28 08:08:42+00:00,58,28.169014084507044,Medical Pro,Description,659,17.682852807283762,2.927606141016208,0,0,1
QXr24sf0GBE,관절염,관절염을 더 키우는 최악의 생활습관 | 퇴행성 관절염에 도움이 되는 방법,김수연의 우아한 노화,21965,228,2025-09-29 06:12:59+00:00,38,7.8125,General,Description,201,109.27860696517413,4.7030099542765225,1,1,1
x6zK2pzpCRk,관절염,"""류마티스 관절염에 줄기세포 치료법”손가락 마디 통증,엄지 발가락 혹 자가면역질환 원인 치료.허리 손목 무릎 저림 부종 증상에 염증 음식 뚝! 오메가3 양양제보다 관절 통증 싹!",루이빈치과 류지헌,21423,526,2025-04-19 02:20:37+00:00,89,11.185682326621924,General,Description,364,58.854395604395606,4.0919148729895936,1,1,0
MIPy6IHNMtc,관절염,무릎 관절염에는 냉찜질? 온찜질?,바른세상병원,13894,63,2024-03-15 00:37:44+00:00,39,24.59016393442623,Medical Pro,Description,764,18.18586387434555,2.954173751319275,0,0,1
9UaUzP2E9i8,관절염,[all숨 캠페인 x 명지병원] Ep.4 관절염에는 이 운동을!,바른건강 캠페인,20151,276,2024-07-03 00:47:11+00:00,59,14.492753623188406,General,Description,654,30.81192660550459,3.459841269959843,0,0,1
U-OIzVYn8VI,관절염,"류마티스 관절염, 관리하는 방법 #1분건강",서울대병원tv,13539,66,2024-08-14 08:00:31+00:00,25,22.22222222222222,Medical Pro,Description,612,22.122549019607842,3.140808289440045,0,0,1
bbf_IlyRh4A,관절염,"🔥 #무릎관절염 4기 진실! ""수술 필요 없습니다""ㅣ#환자사례",CM병원,7736,90,2024-11-15 09:00:52+00:00,237,37.59398496240601,Medical Pro,Description,519,14.90558766859345,2.7666704731883396,0,0,0
oiVIsU-1qKk,관절염,"무릎관절염, 지금 필요한 건 약이 아닌 근본 치료입니다. #관절염",장덕한방병원,15246,346,2025-03-31 08:44:13+00:00,24,59.70149253731344,Medical Pro,Description,383,39.806788511749346,3.7088484526615475,0,0,1
saJOikeej_E,관절염,무릎 통증 관절염에 좋은 7가지 약초,웰빙마켓,10357,124,2024-01-07 20:30:05+00:00,58,34.48275862068966,General,Description,832,12.448317307692308,2.5988539909865125,0,0,1
xOz-GyKkMsM,관절염,감자는 관절염과 무릎 통증에 효과적인 식품입니다. #관절염 #무릎통증,효초TV,10007,211,2024-12-08 21:00:36+00:00,21,34.68208092485549,Medical Pro,Description,496,20.175403225806452,3.052840282897848,0,0,1
gC1_kFwrFPA,관절염,무릎 관절염 환자는 어떤 운동을 하는 것이 좋을까요?,한국보훈복지의료공단,9269,21,2025-09-12 00:03:35+00:00,43,22.988505747126435,General,Description,218,42.518348623853214,3.773182656603788,0,0,1
lS3Q6RWjYsA,관절염,"지옥의 통증, 관절염 탈출하는 특급 운동법 | 엄지의 제왕",MBN Entertainment,21124,90,2025-05-16 07:32:44+00:00,21,15.61855670103093,General,Description,337,62.682492581602375,4.15390968306912,0,0,1
sNgwflr0Ais,관절염,팔꿈치 관절염 때문에 팔을 굽히고 펼 수 없어요,마디사랑병원,7131,5,2025-08-21 08:10:28+00:00,129,15.873015873015872,Medical Pro,Description,240,29.7125,3.4246697378472977,0,0,0
i7f7bQxpVpQ,관절염,무릎 내측 관절염 2기 상태는?,고대병원,14091,115,2025-04-18 05:30:20+00:00,35,18.867924528301888,Medical Pro,Description,365,38.605479452054794,3.678967478689573,0,0,1
1gaHZW4MymY,관절염,손가락 관절 변형을 예방할 수 있는 치료 방법 #관절염치료 #약물치료,류마티비 - 아산본 류마티스내과,15986,84,2025-09-17 09:00:06+00:00,41,29.26829268292683,General,Description,213,75.05164319248826,4.331412625210713,0,0,1
euENJN39MUM,관절염,"무릎 통증의 진짜 이유, 골관절염 초기 증상과 원인은? / 무릎관절 EP.14-1 [명의가 답하다]",의학채널 명답,11441,19,2025-12-05 08:01:03+00:00,855,12.82051282051282,General,Description,134,85.38059701492537,4.458763079003523,1,1,0
NIFTczgc9ds,관절염,"퇴행성 관절염도 가능한 운동 [유산소,관절,코어]  - 새길병원",이대영의 새길TV,7954,74,2023-10-06 08:09:47+00:00,50,17.24137931034483,Medical Pro,Description,925,8.598918918918919,2.2616504795199015,0,0,1
geLP-mzshgY,관절염,관절염과 두통 치료에 이용됐다는 고대 이집트 '피카츄' - 고대 이집트 시절 물고기 치료 요법 - 고대 이집트 저주파 전기 자극 치료법 – 인디언의 영원한 보조배터리 전기뱀장어,야! 그게 말이 되냐!?,6222,41,2024-07-25 06:45:04+00:00,39,30.76923076923077,General,Description,632,9.844936708860759,2.3836983082876966,0,0,1
oOxbEG61D9U,관절염,류마티스다발근통vs류마티스관절염vs섬유근육통,류마티비 - 아산본 류마티스내과,22072,1516,2024-05-17 03:00:34+00:00,50,42.85714285714285,General,Description,701,31.486447931526392,3.4808230156502877,0,0,1
7lFt_DEhFRo,관절염,[퀵&퀴즈] 관절염 증상과 치료법,한국보훈복지의료공단,15068,292,2024-06-03 07:45:43+00:00,60,54.7945205479452,General,Description,684,22.029239766081872,3.136764702696411,1,1,1
0N2lIFSEhB8,관절염,퇴행성 무릎관절염 초기 증상은? #1분건강,서울대병원tv,7800,82,2024-06-29 22:45:00+00:00,42,61.224489795918366,Medical Pro,Description,658,11.854103343465045,2.553663086707117,1,1,1
CB2IgyNKaWc,관절염,지긋지긋한 관절염 이 음식 드세요  #관절염 #무릎통증 #계단오르기,MovieTalk,15024,233,2025-07-25 21:00:14+00:00,22,23.37662337662337,General,Description,267,56.26966292134831,4.047771040607902,0,0,1
4MPqpG5_1OA,관절염,척추박사 닥터강이 알려주는 퇴행성관절염 | 원인과 치료법에 대해 알려드립니다!,척추박사 닥터강,5394,71,2024-03-26 00:37:59+00:00,56,11.108179419525063,Medical Pro,Description,753,7.163346613545817,2.0996542091071158,0,0,1
DAkRjjM9YPw,관절염,"🌿화살나무를 아시나요!? 류마티스 관절염 환자분들, 주목해주세요!",국립생물자원관,5818,76,2024-02-02 10:05:37+00:00,54,13.605442176870747,General,Description,806,7.218362282878412,2.1063709535584674,0,0,1
lTcZjFAyMyo,관절염,팔만 올리면 어깨가 찌릿? '견봉쇄골관절염'과 빠르게 이별하는 법,더서울병원TV 관절건강채널,5082,59,2025-01-24 03:00:37+00:00,317,25.45968882602546,Medical Pro,Description,449,11.3184855233853,2.5111010222524235,0,0,0
mLJnOweZyKc,관절염,JTBC GOLF 장은비 프로가 알려주는 건강 상식! / 관절염에는 도가니탕이 좋다?!,헬스중앙,5013,12,2024-12-20 07:30:14+00:00,59,2.192982456140351,General,Description,484,10.357438016528926,2.4298728611440286,0,0,1
Gd8IycOzLt8,관절염,생강 매일 먹는다면 꼭 알아야 할 사실! 관절염 막는 생강의 놀라운 효능 #생강 #항산화 #중년건강 #건강꿀팁 #당뇨 #치매,몸튼튼365,13443,400,2025-12-04 00:51:59+00:00,17,6.779661016949152,General,Description,135,99.57777777777778,4.610931336423163,0,0,1
Oe47-L2s8sM,관절염,검은콩 이렇게 드시고 계셨다면 관절염이 올 수 있습니다 #검은콩 #관절염예방 #건강식품,건강쉼터365,13777,298,2026-01-11 11:02:10+00:00,59,14.814814814814817,General,Description,97,142.03092783505156,4.963060885441863,0,0,1
zYKvAPVy4AU,관절염,"무릎 연골주사, 왜 3번이나 맞아야할까? #관절염",닥터힐러 최준하,6013,53,2024-02-13 09:29:49+00:00,38,14.83679525222552,Medical Pro,Description,795,7.563522012578616,2.147511555598878,0,0,1
kyOAJQdD6m4,관절염,관절염ㆍ디스크 환자 달리기 해도 된다? 안된다?(feat.서울의대 교수),머니올라_KBS,9186,63,2025-05-03 06:00:48+00:00,59,2.820512820512821,General,Description,350,26.245714285714286,3.3048962348216717,0,0,1
6rLb5wTtiCQ,관절염,류마티스 관절염 손목 연골이 닳아 변형이 되는 기간?,류마티비 - 아산본 류마티스내과,4265,26,2024-04-10 12:00:05+00:00,45,53.89221556886228,General,Description,738,5.779132791327913,1.9138491868877325,0,0,1
11yxOFj5v_Y,관절염,관절염에 난각막 가수분해물? 효과 딱 알려드립니다.(강황-터마신과 비교),근거중심이약사,4036,133,2025-06-04 08:48:11+00:00,231,16.216216216216218,Medical Pro,Description,318,12.69182389937107,2.616798859014316,0,0,0
4S69xPILvZ0,관절염,"휴식부터 수술까지, 견봉쇄골관절염 치료 방법 #설닥터",더서울병원TV 관절건강채널,6607,29,2025-03-31 03:27:51+00:00,59,22.17294900221729,Medical Pro,Description,383,17.25065274151436,2.90420084604721,0,0,1
r5YzwuSlNN4,관절염,관절염 약 오래 복용하면 부작용 있다? 관절염 약 부작용 없애는 법,바른건강,3886,50,2024-01-26 09:00:04+00:00,884,48.27586206896552,General,Description,813,4.779827798277982,1.7543738895550052,0,0,0
GZV1zG6k6xY,관절염,"견봉쇄골관절염, 왜 생기고 언제 아플까 #설닥터",더서울병원TV 관절건강채널,5806,33,2025-03-24 03:00:13+00:00,60,10.845986984815616,Medical Pro,Description,390,14.887179487179488,2.765512462413067,0,0,1
UU7qx0Ykojk,관절염,나만 몰랐던 신의료기술의 진실 #골수줄기세포 #관절염,닥터고의 쓰리고TV,3841,76,2024-01-13 04:00:09+00:00,33,14.084507042253522,Medical Pro,Description,826,4.650121065375303,1.7316769724288377,0,0,1
awk28fLhFsk,관절염,"다음 중 무릎 통증의 원인, 무릎 관절염 사진은 몇 번일까요? #관절염 #유정수원장 #조인트힐병원 #나를살리는1교시 #유지나 #무릎통증 #무릎관절 #무릎관절염 #퇴행성관절염",조인트힐병원,3896,34,2024-11-26 05:27:21+00:00,30,41.66666666666666,Medical Pro,Description,508,7.669291338582677,2.1597870502640886,0,0,1
13RaDOq4SVQ,관절염,무릎 퇴행성 관절염에 줄기세포 치료는 효과가 있을까? - 제애 정형외과 서희수 원장 #무릎 #무릎관절염 #관절염 #관절염치료 #퇴행성관절염 #줄기세포 #줄기세포치료,굿라이프,4644,81,2024-12-07 12:00:02+00:00,57,2.467248908296945,General,Description,497,9.344064386317907,2.336412865958876,0,0,1
LU1D2rb6yxc,관절염,무릎에 물이 차는 이유 #관절염 #무릎관절,현대유비스병원,8437,33,2025-08-14 12:00:44+00:00,27,45.45454545454545,Medical Pro,Description,247,34.1578947368421,3.559849194370205,0,0,1
PYcAmEbM9Tk,관절염,관절염 걱정없이 노년에 편안한 무릎 만드는 방법  #비타민b3 #관절염,배석철의 비타민B3 LAB,7609,229,2025-06-10 03:48:58+00:00,82,14.1287284144427,General,Description,312,24.387820512820515,3.2342695516547972,0,0,0
LeOWLi7qTn8,관절염,퇴행성 관절염 수술 후 주의사항  l 관절수술 l 여수애양병원 정형외과 정광민 부장,여수애양병원TV,4142,84,2023-05-15 11:15:01+00:00,32,98.59154929577464,Medical Pro,Description,1069,3.874649204864359,1.5840481438841694,1,1,1
DtHfEF90Oh0,관절염,"""류마티스 관절염에 찰떡음식"" 집에서 자가면역질환 자가치료에 추천.단, 밀가루 우유 견과류는 뚝! 면역력 높이는 영양제 vs 자가면역질환(아토피,크론병)에 좋은 음식, 최종선택은?",루이빈치과 류지헌,6683,268,2025-07-20 02:00:12+00:00,164,8.433734939759036,General,Description,272,24.56985294117647,3.241414038061546,0,0,0
VEG06Ama1sw,관절염,관절염 초간단 진단법 #알아야산다,병원접수,7199,26,2026-01-01 02:30:36+00:00,59,46.51162790697674,Medical Pro,Description,107,67.2803738317757,4.223622372893321,0,0,1
IO9WVbgp0Qo,관절염,관절염 약의 부작용과 합병증 #shorts,길병원TV,3640,55,2023-06-29 05:00:14+00:00,55,21.887824897400822,Medical Pro,Description,1024,3.5546875,1.5161569224308753,0,0,1
me9kMhk6z7c,관절염,"보스웰리아, 관절염에 어떻게 도움될까?",바른건강,3085,71,2024-07-03 03:00:28+00:00,689,6.756756756756757,General,Description,654,4.717125382262997,1.743466123519915,0,0,0
U49t7jNSGP4,관절염,"약 말고, 관절염 줄이는 운동법 3가지 알려드릴게요  #관절염 #관절통증 #60대운동 #무릎관절 #관절건강 #염증완화 #관절운동",든든시니어튜브,7643,163,2025-06-27 04:30:18+00:00,39,16.0,General,Description,295,25.908474576271185,3.292441277003191,0,0,1
1Dy7_1tJ_xo,관절염,ENG l 류마티스 관절염에 좋은 음식과 영양제 총 정리 #염증 #류마티스병원,류마티비 - 아산본 류마티스내과,2944,64,2025-02-27 10:00:15+00:00,258,14.084507042253522,General,Description,415,7.093975903614457,2.0911200693815943,0,0,0
nHzdpPeB-WA,관절염,2주동안 콘드로이친 섭취 실험! 관절염에 효과 있을까?,바른건강,2846,34,2024-03-18 03:00:22+00:00,626,13.0718954248366,General,Description,761,3.7398160315374507,1.5559983230418533,0,0,0
0Y6DB8fJuHo,관절염,무릎 수술 후 무작정 걸으면 안됩니다!!! #관절염 #재활치료 #무릎관절염,힘찬병원,2664,71,2023-11-04 05:00:00+00:00,58,62.5,Medical Pro,Description,896,2.9732142857142856,1.3795754108711455,0,0,1
cSFSWYUesGM,관절염,관절염에 좋은 영양제 추천 세 가지 #관절영양제,류마티비 - 아산본 류마티스내과,7449,40,2025-07-04 08:55:05+00:00,50,15.92356687898089,General,Description,288,25.864583333333332,3.2908088144135084,0,0,1
3n56hGX4uaA,관절염,통증으로 달라진 일상! 퇴행성 관절염으로 인해 떨어진 관절 유연성 | 리얼 건강 심판쇼 헬스판사 11 회,채널아하: 채널A Health & Asset,2522,15,2025-12-22 08:30:30+00:00,353,12.987012987012989,General,Description,117,21.555555555555557,3.115981401705568,0,0,0
5l3xnnUe4MU,관절염,류마티스관절염 증상 방치한다면? #shorts,분당서울대학교병원,2571,46,2023-04-21 07:15:00+00:00,59,18.65671641791045,Medical Pro,Description,1093,2.3522415370539798,1.2096292376174822,1,1,1
7zZfLnsclRg,관절염,[연세사랑병원] 관절염 이것 때문에 염증이 생긴다  치료방법 비교해드립니다!,연세사랑병원,2432,24,2025-02-17 06:37:13+00:00,218,48.95104895104895,Medical Pro,Description,425,5.722352941176471,1.9054382333063562,0,0,0
I3rUIog9vAw,관절염,#부산발목 그만 겪고 싶은 통증 #발목관절염 총론!,부산풋사랑정형외과,3248,36,2024-04-12 01:56:10+00:00,60,24.91694352159469,General,Description,736,4.413043478260869,1.6888114999756125,0,0,1
XeD1tJvb90I,관절염,"무더운 여름, 류마티스 관절염 심해지는 이유와 예방법",심장이 콩닥콩닥,5313,53,2025-07-09 02:18:54+00:00,57,5.291005291005291,General,Description,283,18.773851590106005,2.9843604381421343,0,0,1
vS2NCaExXwQ,관절염,"무릎에서 소리 나는 당신, 관절염의 진짜 원인",고려대학교 안암병원,6615,28,2025-08-21 08:03:45+00:00,40,24.793388429752067,Medical Pro,Description,240,27.5625,3.3520946686544235,0,0,1
0bynIvpvPqQ,관절염,"무릎 관절염 운동, 어떻게 해야할까요? #shorts",청춘병원TV,2378,21,2023-03-28 11:00:02+00:00,28,26.785714285714285,Medical Pro,Description,1117,2.1289167412712624,1.14068685559871,0,0,1
jMU6R1b8wCM,관절염,극심한 관절염 통증 잡아 주는 철갑상어 콘드로이친👍 | 오! 마이 홀릭 9회 | JTBC 241217 방송,JTBC Life,2184,18,2024-12-17 04:04:16+00:00,262,6.802721088435374,General,Description,487,4.484599589322382,1.7019440900273712,0,0,0
YDjX4KNXW-g,관절염,축구를 많이 하면 퇴행성 무릎관절염 일찍오나요? #1분건강,서울대병원tv,2351,24,2024-06-28 10:03:17+00:00,27,41.32231404958678,Medical Pro,Description,659,3.5675265553869497,1.5189718232404141,0,0,1
T_PA8PGA6Gg,관절염,발목 관절염 주요 수술방법,고대병원,2969,38,2025-03-12 05:30:21+00:00,40,17.24137931034483,Medical Pro,Description,402,7.385572139303482,2.12651262661504,0,0,1
Kl-fZ-n2r7A,관절염,관절염이 생기는 가장 큰 원인,강철병원,2170,9,2024-11-06 05:00:14+00:00,38,109.5890410958904,Medical Pro,Description,528,4.109848484848484,1.6311697530614397,0,0,1
c7jfyp-fTzU,관절염,의사들도 놀랐습니다. 관절염 사라지는 음식 4가지,건강한한국인 건강정보,5814,147,2025-10-16 11:01:12+00:00,26,17.21170395869191,General,Description,184,31.597826086956523,3.484245601699969,0,0,1
h6gX1ieOLm0,족저근막염,"족저근막염 이 영상 하나로 종결!! (원인, 치료, 스트레칭 방법 등) 병원 가기 전에 꼭 보세요!",김범수교수의 발편한세상,1571977,41813,2021-04-10 10:03:20+00:00,603,8.450704225352112,General,Description,1834,857.1303162486369,6.754755971694465,0,0,0
WNBBoXLzhEk,족저근막염,유리발목도 신고 뛰기 좋은 런닝화 추천🔥 #족저근막염 #발목통증 #런닝화 #shorts,징가 다이어트,1280503,22373,2024-03-29 11:38:11+00:00,30,40.0,General,Description,750,1707.3373333333334,7.443275856799173,0,0,1
uS938rt_3fA,족저근막염,족저근막염 발바닥 통증 잡는 초간단 테이핑! #shorts,관절사용설명서,1220994,14520,2022-06-28 09:30:09+00:00,57,23.529411764705884,General,Description,1390,878.4129496402878,6.779254582178758,0,0,1
nl-_GRoHO4I,족저근막염,3분만에 발바닥통증(족저근막염) 없애는 방법.,"재활운동 물리치료사, 박PT",1187515,19450,2023-05-02 08:40:01+00:00,44,60.60606060606061,General,Description,1082,1097.518484288355,7.0017177185272965,0,0,1
Z7phaq4mqb8,족저근막염,족저근막염 치료? 발바닥 통증 해결!(아킬레스건염도 효과 좋아요!),물리치료사.PT재석,973175,27168,2019-06-26 11:09:43+00:00,873,12.29106628242075,General,Description,2488,391.1475080385852,5.9716380650256715,0,0,0
1yJwleqY73s,족저근막염,"과학적으로 검증된 족저근막염 탈출하는 방법(빠르고 효율적인 방법), 빡빡이 아저씨가 알려줄게-12 (eng sub)",피지컬갤러리,959755,21763,2018-05-19 02:01:46+00:00,205,8.474576271186441,General,Description,2891,331.98028363887926,5.80808327993591,0,0,0
ACq_ms4W7_I,족저근막염,손흥민도 겪었던 족저근막염,고대병원,1129823,17259,2024-02-25 04:00:04+00:00,31,58.8235294117647,Medical Pro,Description,783,1442.941251596424,7.275131634135124,0,0,1
LdmKxuWH1n0,족저근막염,발에도 코어 근육이? 발바닥 근력 강화 운동,고대병원,858346,24612,2024-06-26 09:00:14+00:00,47,19.23076923076923,Medical Pro,Description,661,1298.5567322239033,7.16977851009198,0,0,1
4x7vH3LKZW8,족저근막염,족저근막염 자가진단 테스트,하늘병원,900818,2884,2023-06-05 07:18:35+00:00,11,64.51612903225806,Medical Pro,Description,1048,859.5591603053435,6.757582364369513,0,0,1
U8xHacBkdk0,족저근막염,"""웬만한 발 통증 다 사라집니다"" 100세까지 두 발로 걷게 해주는 '초간단' 기적의 운동법 | 김범수 정형외과 교수 (인하대병원 족부전문의) 빅퀘스천 1부",빅퀘스천 Big Questions,518027,11503,2025-07-03 08:00:36+00:00,1367,6.633499170812604,General,Description,289,1792.4809688581315,7.491913685741314,0,0,0
BTErDjv2ADM,족저근막염,[용 in 세브란스] 족저근막염 스트레칭 방법 두 가지!,용인세브란스병원,503093,6092,2020-01-02 10:06:11+00:00,232,36.64921465968586,Medical Pro,Description,2298,218.92645778938208,5.393293207691884,0,0,0
vmSvkgYgBXo,족저근막염,하루 딱 10초 스트레칭해주니 10년 넘게 따라다닌 족저근막염 감쪽같이 사라졌다 | 우리 몸의 제2의 심장 발 통증에서 벗어나는 법 | 명의 | #EBS건강,EBS 건강,502703,5849,2023-12-23 09:00:42+00:00,842,12.958963282937365,General,Description,847,593.5100354191263,6.387737596424237,0,0,0
zF6pKy4jVGQ,족저근막염,발목 & 발바닥 통증 없애는 간단 1분 운동,문쌤재활,858968,9276,2024-10-06 05:15:06+00:00,15,7.075471698113208,General,Description,559,1536.6153846153845,7.33798804376911,0,0,1
CneK6xd0rzE,족저근막염,족저근막염 아직도 마사지만 하세요? / 족저근막염 절대 안 낫는 이유와 치료법,리얼리햅,440708,5198,2020-05-26 13:10:10+00:00,418,10.471204188481677,General,Description,2153,204.69484440315838,5.3263937326751885,1,1,0
902U2qM4X6c,족저근막염,족저근막염 원인과 간단한 해결 방법,보약밥,1197695,8882,2025-10-22 12:15:18+00:00,37,32.57328990228013,General,Description,178,6728.623595505618,8.814274491729293,0,0,1
dTpJ08e1ft4,족저근막염,족저근막염 운동 3가지,뻔더,430276,14565,2024-04-23 08:48:00+00:00,42,8.298755186721992,General,Description,725,593.4841379310345,6.3876940344141335,0,0,1
mYXruqRRAvA,족저근막염,[족저근막염1편] 족저근막염 기초 셀프치료,물김치TV-물리치료사김선생의셀프치료,343949,6471,2021-01-05 05:08:39+00:00,393,6.944444444444445,Medical Pro,Description,1929,178.30430274753758,5.1890843777996585,0,0,0
Wnqhqc32I-w,족저근막염,족저근막염뿐 아니라 발건강에 가장 중요한 것,오만스토리,710647,7494,2025-12-06 10:00:51+00:00,41,24.09638554216868,General,Description,133,5343.210526315789,8.583769109334945,0,0,1
job57Dk2mjw,족저근막염,족저근막염 스트레칭 마사지 가 발바닥통증 의 근본적인 치료 가 될 수 없는 이유,Mr.Physio 호주물리치료사,330300,5817,2019-10-24 08:05:33+00:00,429,14.608233731739707,General,Description,2368,139.4847972972973,4.945099278629595,0,0,0
4TmWoxSwm0M,족저근막염,"발바닥통증 족저근막염치료 이대로 하시면 반드시 좋아집니다. (원인, 치료, 스트레칭, 맛사지)[대전우리가족한의원 류수업 원장]",한의사 류TV,320743,6114,2023-02-07 15:14:04+00:00,892,21.78649237472767,Medical Pro,Description,1166,275.07975986277876,5.620689808979093,0,0,0
vn2i9sajojg,족저근막염,(운동 영상 포함) 족저근막염이 잘 낫지 않는 이유... 발 코어 근육 때문?,김범수교수의 발편한세상,319104,9295,2022-12-20 10:00:10+00:00,707,16.35514018691589,General,Description,1215,262.63703703703703,5.574573297451349,0,0,0
1m5Kf-KciYc,족저근막염,"족저근막염에 대한 효과적인 최근치료법  발통증환자  필수영상, 족저근막염 진단을 받은환자의 상당수가 다른 질병이 원인이다!! 족근관 증후군",서울면목동대한민국의원정형외과,316327,5637,2021-01-21 04:59:10+00:00,1115,33.333333333333336,General,Description,1913,165.35650810245687,5.114133124647546,0,0,0
AmDUSO7mLHs,족저근막염,발바닥 통증 해결하는 스트레칭!(족저근막염) / 솔병원 나영무,의학채널 비온뒤,299480,4555,2023-05-01 22:00:07+00:00,54,8.099547511312217,General,Description,1083,276.528162511542,5.625922414565159,0,0,1
XfpKbu0aFek,족저근막염,"병원에서 알려주지 않는 발바닥 통증, 족저근막염 치료법, 단돈 500원으로 하루 1분만 투자하세요! 무조건 좋아집니다",이정표의 레그웰,250416,4487,2025-03-03 10:29:29+00:00,1062,36.76470588235294,General,Description,411,609.2846715328467,6.413925522952622,0,0,0
6oPzAdyH4-Q,족저근막염,스트레칭 그만! 족저근막염 운동 치료 신발 양말 깔창 꿀팁 by 호주물리치료사,Mr.Physio 호주물리치료사,230297,5672,2019-10-26 03:00:56+00:00,857,1.666666666666667,General,Description,2366,97.33601014370245,4.588390289101568,0,0,0
tku2Nqz6e_k,족저근막염,"족저근막염스트레칭, 하루 10분 투자로 발바닥통증 종결하는 4가지 동작!",연세사랑병원,222149,3368,2021-05-04 11:00:16+00:00,747,31.390134529147986,Medical Pro,Description,1810,122.73425414364641,4.818136154109939,0,0,0
Wfhdt_Zuyjo,족저근막염,발바닥 통증을 줄여주는 마사지(족저근막염),척추요정 안선생,283467,3851,2023-02-06 08:58:21+00:00,27,7.8125,General,Description,1167,242.90231362467867,5.496767791132926,0,0,1
nw8EkQv6Ugs,족저근막염,"발바닥이 찢어지는 통증, ‘족저근막염' 초간단 셀프 치료법! - 이경석의 척추88 #191 - 족저근막염",굿라이프,212786,3220,2023-08-09 08:00:20+00:00,437,3.8916876574307295,General,Description,983,216.46592065106816,5.382042151590346,0,0,0
1293T6YXYTE,족저근막염,"내 발 건강에 좋은 신발을 찾는 확실한 방법(족저근막염, 무지외반증, 아킬레스건염, 지간신경종, 관절염, 당뇨 등 질환별 좋은 신발 총정리)",김범수교수의 발편한세상,183114,3418,2022-04-16 07:03:56+00:00,707,14.492753623188406,General,Description,1463,125.16336295283664,4.83757759855218,0,0,0
eSmw2XoJTmg,족저근막염,"뒤꿈치 아프다면 '족저근막염' 가능성…""초기에 잡아야"" / SBS",SBS 뉴스,179784,845,2023-01-22 23:10:12+00:00,134,1.8069306930693072,General,Description,1182,152.10152284263958,5.031101249332913,0,0,0
1UlWL2Urruk,족저근막염,딱 10초만! 통증은 사라지고 발이 편안해집니다. (족저근막염),건나물TV,177468,4323,2022-06-09 23:00:02+00:00,561,6.711409395973154,Medical Pro,Description,1409,125.95315826827537,4.843818185889878,0,0,0
GGIUHqSaC70,족저근막염,5분 만에 족저근막염 증상을 줄여주는 방법! [2탄], 피지오스튜디오 PHYSIOSTUDIO,171799,1761,2023-04-06 08:00:12+00:00,44,47.61904761904762,General,Description,1108,155.05324909747293,5.050197289374583,1,1,1
t7YdwVAtiKI,족저근막염,발바닥 통증(족저근막염 등)은 여기 딱 3번만 눌러주면 싹 없어집니다. / 밸런스온 베타젤 인솔,알쓸물치,164106,2198,2023-05-12 10:00:43+00:00,431,9.400352733686066,General,Description,1072,153.0839552238806,5.037497617657268,0,0,0
HR30Z3qIupc,족저근막염,족저근막염 발바닥 통증 시~원하게 해결! #shorts,관절사용설명서,165002,2948,2022-05-03 09:30:03+00:00,39,23.25581395348837,General,Description,1446,114.10926694329184,4.745881824591966,0,0,1
NeOLqsMx850,족저근막염,"맨발 걷기, 이런 분은 주의하세요! #발건강 #무지외반증 #족저근막염",김범수교수의 발편한세상,157176,1941,2023-08-28 22:45:00+00:00,54,6.644518272425249,General,Description,964,163.04564315352698,5.100144701014372,1,1,1
K88WQ3sOHPM,족저근막염,"67. 발뒤꿈치,Fersensporn. 통증 과 각질,족저근막염 톡특한 원인 1년,경과.45세 여자",NewKsns,141799,1434,2017-09-14 13:24:23+00:00,481,17.59530791788856,General,Description,3138,45.18769917144678,3.8327135109361303,0,0,0
Y3jJFrKgH3U,족저근막염,발바닥통증 테이핑 한줄로 끝내는 족저근막염 테이핑!,관절사용설명서,139953,2212,2021-06-12 00:00:05+00:00,152,23.890784982935152,General,Description,1771,79.0248447204969,4.382337145466627,0,0,0
jcdGhHo6-o4,당뇨,"당뇨병, 고혈압이 아닌, 대사증후군 바로알기",닥터조의 건강이야기,911766,13700,2016-04-03 01:25:33+00:00,3182,0.5,General,PreCovid_Supplement,3667,248.64085083174257,5.520023288294863,0,0,0
Q_-fKlhyU5o,당뇨,조동혁원장의 건강강좌: 당뇨/비만/고지혈증 식단이야기  [센빈센트병원 2016년 11월 12일],조동혁의100세 건강시대,62198,1290,2016-11-13 09:05:32+00:00,3334,0.5,General,PreCovid_Supplement,3443,18.06505954109788,2.947857316362499,0,0,0
Wq23TrCsGwQ,당뇨,"[황성수TV] 건강검진 결과, 고혈압과 당뇨가 나타난 당신에게",황성수힐링스쿨,37910,522,2016-07-12 02:43:36+00:00,237,0.5,General,PreCovid_Supplement,3567,10.627978693580038,2.4534141503574927,0,0,0
D1qeUERr-k0,당뇨,당뇨 치료약들의 선택순서 [조동혁 내과/신장내과] 100세 건강시대,조동혁의100세 건강시대,26148,541,2016-10-02 06:27:37+00:00,756,0.5,General,PreCovid_Supplement,3485,7.503012912482066,2.1404205609820703,0,0,0
A8swqbczjDA,당뇨,물만 잘 마셔도 건강…노인·당뇨환자일수록 효과↑ / YTN 사이언스,YTN 사이언스,15975,105,2016-03-21 21:03:17+00:00,118,0.5,General,PreCovid_Supplement,3680,4.341032608695652,1.6754190066929842,0,0,0
AEw1Qj_pElw,당뇨,"008  20160523 당뇨약보다 좋은 비타민D - 임대순 원장 - Dae Soon Rheem, MD",임대순비타민D 박사,12921,156,2016-06-11 21:13:36+00:00,132,0.5,General,PreCovid_Supplement,3598,3.5911617565314065,1.5241330980446621,0,0,0
rJZg7bD_Gq0,당뇨,당뇨 총론1 - [조동혁 내과/신장내과] 100세 건강시대,조동혁의100세 건강시대,6415,178,2016-06-22 07:31:32+00:00,547,0.5,General,PreCovid_Supplement,3587,1.7884025648173962,1.0254688744465663,0,0,0
HvD2zcnYGWU,당뇨,인슐린펌프로 당뇨 치료하고 되찾은 건강으로 손주 돌보며 행복하게 지내는 장병희씨의 당뇨병 치료 이야기!,당뇨TV#,6260,55,2016-07-04 14:24:29+00:00,345,0.5,General,PreCovid_Supplement,3575,1.751048951048951,1.0119822756950514,0,0,0
ZNY5pnA4t5k,당뇨,[건강톡톡] 침묵의 살인자 ‘당뇨’를 잡아라,KBS News,4084,19,2016-05-17 00:16:47+00:00,354,0.5,General,PreCovid_Supplement,3623,1.127242616616064,0.754826594882916,0,0,0
VJonICCpRqA,당뇨,KBS2 당뇨와 치아건강/이용준원장(강남푸른치과),pamica,3602,4,2016-04-24 23:36:09+00:00,77,0.5,General,PreCovid_Supplement,3646,0.9879319802523313,0.6870948924842069,0,0,0
ogkpqY7rLfw,당뇨,[당뇨치료사례]평균 혈당이 300! 그러나 인슐린 펌프 덕분에 행복한 송명호씨의 당뇨극복기!,당뇨TV#,2495,31,2016-09-23 07:08:58+00:00,307,0.5,General,PreCovid_Supplement,3494,0.7140812821980538,0.5388772415704605,0,0,0
zPzgnlCMS0I,당뇨,당뇨강의 안내 - [조동혁 내과/신장내과] 100세 건강시대,조동혁의100세 건강시대,1747,30,2016-05-05 08:25:40+00:00,143,0.5,General,PreCovid_Supplement,3635,0.48060522696011004,0.3924509413192314,0,0,0
858HO551yRs,당뇨,"치아로 보는 전신건강! 고혈압, 당뇨 주의! ‘퇴축형 치아’ [내 몸 사용설명서] 114회 20160805",TVCHOSUN - TV조선,1133,6,2016-08-05 14:00:00+00:00,85,0.5,General,PreCovid_Supplement,3543,0.3197854925204629,0.2774692177264871,1,1,0
Dc89Qu6-QwQ,당뇨,인슐린펌프로 당뇨치료하고 되찾은 건강으로 운동을 다시 할 수 있게 되어서 감사합니다! 당뇨합병증도 이제 두렵지 않아요!,당뇨TV#,1007,15,2016-10-13 09:06:14+00:00,321,0.5,General,PreCovid_Supplement,3474,0.28986758779504895,0.2545395679850928,0,0,0
OSRiEV4tD_Q,당뇨,"건강하게 삽시다 ""당뇨""",쿠키건강TV / KUKI HEALTH TV,532,0,2016-03-07 01:49:58+00:00,1001,0.5,General,PreCovid_Supplement,3694,0.14401732539252843,0.13454603741681673,0,0,0
CugfuiJbzDA,당뇨,"KNN 건강365 봉생병원, 당뇨 환자의 겨울철 발 관리",봉생기념병원(Bongseng Memorial Hospital),354,3,2016-12-27 01:45:05+00:00,175,0.5,General,PreCovid_Supplement,3399,0.10414827890556046,0.09907424943890483,0,0,0
KE8T4ZmIkec,당뇨,"당뇨·고혈압 환자, 동네 병원과 전화상담도 건강보험 인정 / YTN (Yes! Top News)", YTN,339,0,2016-06-07 23:40:54+00:00,129,0.5,General,PreCovid_Supplement,3602,0.09411438089950028,0.08994525145910229,0,0,0
-i0N3lxmdSQ,당뇨,"""한국인 10명 중 6명 '건강 이상""…고혈압·당뇨 많아",보건복지부TV,268,3,2016-11-30 01:32:09+00:00,112,0.5,General,PreCovid_Supplement,3426,0.07822533566841798,0.07531648187512005,0,0,0
ksemHQG0HZA,당뇨,국민건강검진 10명 중 6명 비정상…고혈압ㆍ당뇨 많아,연합뉴스TV,250,0,2016-11-28 01:22:19+00:00,44,0.5,General,PreCovid_Supplement,3428,0.07292882147024504,0.070392125446596,0,0,1
yjjrLt4pwGY,당뇨,"당뇨·고혈압 환자, 동네 병원과 전화상담도 건강보험 인정 / YTN 사이언스",YTN 사이언스,183,0,2016-06-08 03:27:27+00:00,125,0.5,General,PreCovid_Supplement,3601,0.05081921688419883,0.04957006652289366,0,0,0
XyfZBbC0bHg,고혈압,"[양일권 박사 건강강좌] 고혈압, 당뇨병 치료될 수 있다",백투에덴TV,40851,219,2016-07-20 07:07:36+00:00,630,0.5,General,PreCovid_Supplement,3559,11.478224220286597,2.5239850627759552,0,0,0
o7T5w905UUM,고혈압,고혈압 약의 선택 가이드라인 [조동혁 내과/신장내과] 100세 건강시대,조동혁의100세 건강시대,23521,425,2016-10-26 06:55:42+00:00,695,0.5,General,PreCovid_Supplement,3461,6.796012713088703,2.0536124123634183,0,0,0
h4-9wonnkj0,고혈압,서울대학교병원 강남센터 12월 건강강좌 : 고혈압 약물 이야기,서울대학교병원 강남센터,7285,81,2016-04-19 06:58:43+00:00,1637,0.5,General,PreCovid_Supplement,3651,1.9953437414407011,1.0970589967481486,0,0,0
0a-p6LXQfbI,고혈압,[황성수TV] 건강검진 결과 고혈압 위험군이라고 합니다,황성수힐링스쿨,3687,73,2016-10-22 08:58:40+00:00,180,0.5,General,PreCovid_Supplement,3465,1.0640692640692642,0.7246794052293465,1,1,0
62IkOpn7H3g,고혈압,고혈압 낮추는 방법 알아보기 2편 [하늘건강나음터 이성윤 원장 강의]  Learn how to lower your high blood pressure 2,자연치유하늘건강나음터,812,9,2016-12-08 01:22:37+00:00,204,0.5,General,PreCovid_Supplement,3418,0.23756582796957285,0.21314640836478746,0,0,0
hYhkr8T7-bc,고혈압,고혈압ㆍ당뇨ㆍ5대암 확진검사 무료…국가검진 확 바뀐다,연합뉴스TV,803,3,2016-07-28 04:47:49+00:00,113,0.5,General,PreCovid_Supplement,3551,0.2261334835257674,0.20386570885140487,1,1,0
DHydDHJuGAs,고혈압,콜라·주스 일주일 7번 마시면 고혈압 위험 10배 / YTN 사이언스,YTN 사이언스,426,2,2016-10-25 07:38:18+00:00,89,0.5,General,PreCovid_Supplement,3462,0.12305025996533796,0.11604842984417514,1,1,0
2U6eX5rVggU,고혈압,"[메디컬 뉴스] 겨울철 눈 건강 빨간불, 고혈압망막증 . 눈 중풍↑",한국경제TV,271,3,2016-01-21 02:01:09+00:00,72,0.5,General,PreCovid_Supplement,3740,0.07245989304812835,0.06995497536147526,0,0,0
joV5_zPu-ME,고혈압,한국인 10명 중 6명 '건강 이상'…고혈압·당뇨 많아,보건복지부TV,176,1,2016-11-30 01:48:11+00:00,112,0.5,General,PreCovid_Supplement,3426,0.05137186223000584,0.05009584685183617,0,0,0
u4sl5VSh_bk,암,"[통합암치료로드맵] 항암치료 중 건강보조식품, 괜찮을까? - 김진목",파인힐병원 - 김진목TV,71379,546,2016-06-23 13:05:57+00:00,143,0.5,General,PreCovid_Supplement,3586,19.904907975460123,3.0399839627639254,1,1,0
Fd5IZ6XcKqE,암,"[암치료전략] 암환자인데, 건강식품, 한약, 홍삼이 도움이 되나요? - 류영석 원장",류영석TV,62430,594,2016-06-15 07:01:32+00:00,197,0.5,General,PreCovid_Supplement,3594,17.370617696160267,2.9107525239290157,1,1,0
891Mlfd0YDU,암,"[건강 돋보기] 위암, 대장암 예방하는 '내시경 검사'…유의할 점은? / YTN 사이언스",YTN 사이언스,50200,234,2016-01-28 08:01:04+00:00,566,0.5,General,PreCovid_Supplement,3733,13.44762925261184,2.67053033553502,1,1,0
e0FFtJxhdCI,암,[암치료전략] 현미를 건강하게 먹는 방법 - 류영석 원장,류영석TV,47303,344,2016-03-09 08:03:04+00:00,337,0.5,General,PreCovid_Supplement,3692,12.812296858071505,2.6255592720618757,1,1,0
jB8HqgOauso,암,[건강톡톡] 내 몸이 보내는 적신호 ‘혈뇨’…자칫 암 놓칠수도,KBS News,34258,164,2016-05-10 00:49:15+00:00,306,0.5,General,PreCovid_Supplement,3630,9.437465564738291,2.345401790984781,2,1,0
LQtE3eSfwis,암,건강간증 - 육종암(신동윤 님)-벧엘수양원,Bible Bridge,13225,0,2016-05-31 11:24:50+00:00,2614,0.5,General,PreCovid_Supplement,3609,3.6644499861457467,1.5399699251287329,0,0,0
N3nXibRQDGM,암,[양일권 박사 건강강좌] 암치료의 마지막 소망 후성유전학이란?,백투에덴TV,10817,104,2016-08-08 02:31:12+00:00,1558,0.5,General,PreCovid_Supplement,3540,3.0556497175141244,1.4001109009998738,1,1,0
m0T3Ne0eqHw,암,고주파온열암치료(TBC건강365),동키,5704,17,2016-04-08 07:49:42+00:00,1974,0.5,General,PreCovid_Supplement,3662,1.557618787547788,0.939076664509031,1,1,0
-5vzQCVhr7k,암,[똑똑한 건강검진] 17. 대장암 검진,인제대학교 백병원,4824,76,2016-07-08 05:48:31+00:00,503,0.5,General,PreCovid_Supplement,3571,1.3508821058527023,0.8547906219171928,1,1,0
ccBHHbgQAbU,암,"[충무아트홀 건강강좌] 전립선비대증, 전립선암 예방과 치료 / 서울백병원 비뇨기과 여정균 교수",인제대학교 백병원,4484,24,2016-07-07 00:43:07+00:00,3027,0.5,General,PreCovid_Supplement,3572,1.2553191489361701,0.8132914924020085,1,1,0
w14orr8_PdE,암,암을 예방하는 생활수칙 - 4) 예방접종으로 건강적중,국가암지식정보센터,2912,7,2016-06-28 05:43:21+00:00,26,0.5,General,PreCovid_Supplement,3581,0.8131806757888858,0.5950825825100541,1,1,1
qXUask21L9g,암,누르면서 예방한다! 암예방 ‘지압법’ (건강백서) @좋은아침 4910회 20160829,SBS Entertainment,2465,35,2016-08-29 05:34:19+00:00,223,0.5,General,PreCovid_Supplement,3519,0.7004830917874396,0.530912382332728,1,1,0
AeFTaKB11UE,암,조기 발견이 중요한 암! 건강검진으로 예방하기 / YTN (Yes! Top News), YTN,2285,7,2016-10-15 02:12:08+00:00,163,0.5,General,PreCovid_Supplement,3472,0.6581221198156681,0.5056857088955687,1,1,0
JV80TdTgf60,암,생활의 발견 - 암을 이겨낸 건강밥상 1. 20160324,KBS 다큐,2234,21,2016-03-24 16:47:47+00:00,169,0.5,General,PreCovid_Supplement,3677,0.6075605112863748,0.4747178195230975,1,1,0
WUwkfzLbolY,암,건강백과사전 - 대장암 원인,Sun Medical Center,1904,17,2016-04-29 06:29:27+00:00,90,0.5,General,PreCovid_Supplement,3641,0.5229332600933809,0.42063825160903395,1,1,0
tMcma2UNqjs,암,"[암치료전략] 건강검진 했는데, 암이 있다고 나왔습니다. 어떻게 해야하나요? - 류영석 원장",류영석TV,1141,9,2016-06-20 02:46:03+00:00,176,0.5,General,PreCovid_Supplement,3589,0.3179158539983282,0.2760515903383714,1,1,0
6odeEd0ajOU,암,"KNN 건강365 봉생병원, 대장암의 씨앗 ""대장용종""",봉생기념병원(Bongseng Memorial Hospital),893,2,2016-08-09 08:22:36+00:00,184,0.5,General,PreCovid_Supplement,3539,0.25233116699632663,0.22500674808165635,1,1,0
8G_Zv_lwi9I,암,남성 건강 위협하는 '전립선암' [11/07] / YTN 웨더앤라이프,YTN 교양있게,767,4,2016-11-07 08:22:35+00:00,570,0.5,General,PreCovid_Supplement,3449,0.2223832995071035,0.20080247728435732,1,1,0
RiTEPcCyys4,암,국립암센터서 진료한 중증질환자 의료비 부담 21%↓,연합뉴스TV,750,3,2016-03-22 01:56:31+00:00,116,0.5,General,PreCovid_Supplement,3679,0.2038597444957869,0.18553284881842383,1,1,0
wS5AJW4I6FA,암,생명을 존중하는 세계적인 첨단의료 '서울성모병원 암병원',서울성모병원TV,656,6,2016-11-15 07:14:53+00:00,665,0.5,General,PreCovid_Supplement,3441,0.19064225515838418,0.17449287174939068,1,1,0
l5x37yLE-HQ,갑상선,갑상선암 초기증상에는 어떤 증상들이 있을까?,위드심의원,186596,918,2016-09-13 07:39:46+00:00,240,0.5,General,PreCovid_Supplement,3504,53.25228310502283,3.9936450764202385,1,1,0
miQWkhdaxzY,갑상선,갑상선 항진과 저하를 개선하는 자연요법,닥터조의 건강이야기,166732,2490,2016-09-15 08:43:47+00:00,1714,0.5,General,PreCovid_Supplement,3502,47.610508280982295,3.88383972730762,0,0,0
X8LzF5xhkl4,갑상선,갑상선암 수술 후 ‘유의 사항’ (갑상선암 특집) @좋은아침 4815회 20160322,SBS Entertainment,100736,609,2016-03-22 05:26:10+00:00,120,0.5,General,PreCovid_Supplement,3679,27.38135362870345,3.3457323671661023,1,1,0
pytAnaEdCdE,갑상선,"갑상선 혹(결절) 크기, 어느 정도 커야 증상을 유발할까?",위드심의원,57521,288,2016-10-28 01:49:44+00:00,112,0.5,General,PreCovid_Supplement,3459,16.629372651055217,2.869566411605077,1,1,0
6Sr6wpaaxsw,갑상선,"생로병사의 비밀 - 갑상선 호르몬 기능 이상, 그 오해와 진실.20160316",KBS 다큐,36726,276,2016-03-16 13:55:45+00:00,222,0.5,General,PreCovid_Supplement,3685,9.966350067842605,2.3948314994928097,0,0,0
iEZepQapMfU,갑상선,생로병사의 비밀 - 갑상선 호르몬 질환을 예방하는 일상에서 지킬 수 있는 생활수칙.20160316,KBS 다큐,22960,230,2016-03-16 13:56:17+00:00,190,0.5,General,PreCovid_Supplement,3685,6.230664857530529,1.9783309901074457,0,0,0
u_3j6dK3YIg,갑상선,"갑상선암, 초음파 검사 하지마라! [내 몸 플러스] 26회 20161002",TVCHOSUN - TV조선,9272,46,2016-10-01 23:30:01+00:00,127,0.5,General,PreCovid_Supplement,3486,2.65978198508319,1.2974035787219345,1,1,0
0ohohm0CHLo,갑상선,유난히 추위 타면…갑상선 질환 의심 / YTN, YTN,5307,13,2016-01-17 22:24:22+00:00,152,0.5,General,PreCovid_Supplement,3744,1.4174679487179487,0.8827206902296881,0,0,0
atIqxKuF4i0,갑상선,2016.06.16 김일봉 초음파 교실 ① 갑상선 초음파 (김창수),김일봉,4165,19,2016-06-16 00:47:56+00:00,1317,0.5,General,PreCovid_Supplement,3593,1.1591984414138603,0.7697370608863938,0,0,0
BJMtffw3RLA,갑상선,2016.9.7 김일봉 초음파 교실②-미만성 갑상선 질환 배규환 원장,김일봉,1720,15,2016-09-08 12:33:44+00:00,2230,0.5,General,PreCovid_Supplement,3509,0.4901681390709604,0.39888895860491547,0,0,0
m81C2ACwC00,갑상선,"[뉴데일리TV] 이대목동병원 권형주 교수 “갑상선 암, 로봇수술로 안전하고 정교하게”",뉴데일리TV,1488,14,2016-07-31 16:23:52+00:00,675,0.5,General,PreCovid_Supplement,3548,0.41939120631341603,0.35022805173476773,1,1,0
hbJAYQ4epJ8,갑상선,갑상선 결절 조직검사 방법,김신혁,1424,3,2016-10-24 06:41:29+00:00,62,0.5,General,PreCovid_Supplement,3463,0.41120415824429685,0.34444335286773287,0,0,0
HtNFsgeQtJM,갑상선,[똑똑한 건강검진] 13. 갑상선암 검진,인제대학교 백병원,1274,17,2016-07-07 01:18:17+00:00,436,0.5,General,PreCovid_Supplement,3572,0.35666293393057114,0.30502795938008137,1,1,0
nug9l8jrP0M,갑상선,갑상선암 수술 후 관리법은?,이화여자대학교 의료원,1098,10,2016-04-05 06:21:47+00:00,142,0.5,General,PreCovid_Supplement,3665,0.29959072305593454,0.26204938648010856,1,1,0
6VIg3RwpQ3M,갑상선,"'유방암, 자궁암, 갑상선암의 치료' 동아 아산 건강강좌",서울아산병원,712,5,2016-03-02 00:25:26+00:00,78,0.5,General,PreCovid_Supplement,3699,0.1924844552581779,0.17603890827248575,1,1,0
XLV8VIkC-gk,갑상선,"김일봉 원장 동영상 초음파 증례토의 (55)-갑상선 초음파상 변연 확장된 혈관, 내부 다발성 낭성 병변을 보이는 증례",김일봉,619,4,2016-07-14 08:13:40+00:00,432,0.5,General,PreCovid_Supplement,3565,0.17363253856942495,0.16010367289636251,0,0,0
NMTIS1EBtM0,갑상선,"김일봉 원장 동영상 초음파 증례토의(16) - (1)우측 갑상선 상극, 하극 부위 저에코 결절, (2) 우측 갑상선 중부의 고에코 결절",김일봉,527,2,2016-06-09 08:51:46+00:00,569,0.5,General,PreCovid_Supplement,3600,0.1463888888888889,0.13661690530838047,0,0,0
vahD93JovoA,관절염,'퇴행성관절염' 건강하게 삽시다,쿠키건강TV / KUKI HEALTH TV,39250,230,2016-05-11 06:19:04+00:00,1053,0.5,General,PreCovid_Supplement,3629,10.81565169468173,2.4694250673641545,0,0,0
edF_VBg3VDU,관절염,[공개건강강좌] 류마티스관절염_류마티스내과 박진수 교수_20160408,국민건강보험일산병원,19584,250,2016-04-22 07:12:23+00:00,2291,0.5,General,PreCovid_Supplement,3648,5.368421052631579,1.8513515664303006,0,0,0
WNqz1ix0aOU,관절염,"무릎 관절염, 등 보조개를 누르자! (건강백서) @좋은아침 4937회 20161010",SBS Entertainment,7109,91,2016-10-10 02:34:01+00:00,247,0.5,General,PreCovid_Supplement,3477,2.0445786597641646,1.1133625204100714,0,0,0
rN5waH-_q5Y,관절염,[무릎건강도서] 무릎통증 퇴행성관절염 반월상연골파열 완치법,장형석한의원,469,1,2016-08-20 07:39:39+00:00,29,0.5,General,PreCovid_Supplement,3528,0.13293650793650794,0.12481294158464161,0,0,1
TpxBwc1ec5I,관절염,[뉴스토피아]노년 건강을 위협하는 관절염에 대한 모든 것,Newstopia,424,9,2016-03-24 08:38:11+00:00,415,0.5,General,PreCovid_Supplement,3677,0.1153113951590971,0.10913364409078725,0,0,0
MSUzwCV4Owk,관절염,건강하게 삽시다 '퇴행성관절염',쿠키건강TV / KUKI HEALTH TV,327,1,2016-05-11 06:19:01+00:00,854,0.5,General,PreCovid_Supplement,3629,0.09010746762193442,0.0862762855295324,0,0,0
qdTT2m5tB1I,관절염,치아로 보는 전신건강! 관절염 주의! ‘마모형 치아’ [내 몸 사용설명서] 114회 20160805,TVCHOSUN - TV조선,323,0,2016-08-05 14:00:04+00:00,108,0.5,General,PreCovid_Supplement,3543,0.09116567880327406,0.0872465549028042,1,1,0
iqmVKN2Q690,관절염,한림대학교성심병원 1분 건강정보 - 퇴행성 무릎관절염,한림대학교의료원,311,2,2016-01-29 04:13:37+00:00,107,0.5,General,PreCovid_Supplement,3732,0.08333333333333333,0.08004270767353643,0,0,0
h7QOEY_Cs8U,관절염,생방송 건강클리닉 2016 02 05 퇴행성 관절염의 치료,구 MBCGN,232,0,2016-02-05 09:48:21+00:00,3077,0.5,General,PreCovid_Supplement,3725,0.06228187919463087,0.0604193105717644,0,0,0
MA9yV6XRmJE,관절염,김형식 - 데일리건강 140회 퇴행성관절염 2,서울바른세상병원,147,2,2016-11-21 02:48:32+00:00,847,0.5,General,PreCovid_Supplement,3435,0.04279475982532751,0.04190437796420737,0,0,0
m7t_LOzsFug,관절염,관절염   2010년 건강클리닉,eunok kim사랑해아이들옌린🩷🩷…,104,1,2016-04-27 05:43:36+00:00,3312,0.5,General,PreCovid_Supplement,3643,0.02854790008234971,0.02814800178512357,0,0,0
LYegZac1iLQ,허리디스크,삼성서울병원(삼성의료원) 척추 디스크 수술,syaa jay,74931,118,2016-02-25 03:45:17+00:00,382,0.5,General,PreCovid_Supplement,3705,20.22429149797571,3.05514635109731,0,0,0
WqP0yAVwTyY,허리디스크,척추관협착증 및 허리디스크 치료에 비수술적 특수 신경치료!,선정형외과,37415,280,2016-07-27 01:03:40+00:00,2782,0.5,General,PreCovid_Supplement,3552,10.533502252252251,2.4452560394373544,0,0,0
aosnRHF-bnw,허리디스크,허리디스크로 의심할 수 있는 척추전방전위증,건강의학전문채널 하이닥,26590,132,2016-02-25 05:43:31+00:00,242,0.5,General,PreCovid_Supplement,3705,7.176788124156545,2.101299423648902,0,0,0
PnoSn9qImhU,허리디스크,"근육통으로 오해하기 쉬운 허리디스크, 증상과 치료법은? / YTN (Yes! Top News)", YTN,22088,70,2016-07-09 02:10:46+00:00,160,0.5,General,PreCovid_Supplement,3570,6.187114845938376,1.9722898180356008,1,1,0
OrNthdOttzE,허리디스크,허리 디스크보다 위험한 목 디스크,건강의학전문채널 하이닥,13664,49,2016-09-02 05:09:53+00:00,174,0.5,General,PreCovid_Supplement,3515,3.8873399715504977,1.5866481823816803,1,1,0
7fP6UwdNvz8,허리디스크,허리디스크와 협착증에 좋은 운동 척추 안정화 운동,KOMISS,10642,23,2016-08-04 05:15:50+00:00,76,0.5,General,PreCovid_Supplement,3544,3.0028216704288937,1.3869995300370603,0,0,0
m23MKG9m6C8,허리디스크,요통과 허리디스크,Guner Durak,9725,122,2016-06-08 00:11:34+00:00,4274,0.5,General,PreCovid_Supplement,3601,2.7006387114690362,1.3085054294736072,0,0,0
xgcy_d2Rd3g,허리디스크,"허리디스크 극복하기, 고주파 열 치료란? / YTN (Yes! Top News)", YTN,8895,32,2016-09-10 02:16:00+00:00,160,0.5,General,PreCovid_Supplement,3507,2.536355859709153,1.2630967787696452,0,0,0
KiADqmq4ODU,허리디스크,"자생척추체조:허리디스크 예방하는 ""매트릭스 체조""",자생한방병원,6018,9,2016-06-21 03:29:31+00:00,72,0.5,General,PreCovid_Supplement,3588,1.6772575250836121,0.984792959046083,0,0,0
ZajXyyEp4Sk,허리디스크,터진 허리디스크도 비수술로 치료할 수 있나요?,자생한방병원,5860,10,2016-09-12 07:56:29+00:00,92,0.5,General,PreCovid_Supplement,3505,1.6718972895863053,0.9827888154094985,0,0,0
28xoGB7pGnM,허리디스크,레이저 내시경 시술로 허리디스크 극복하기 / YTN, YTN,4720,11,2016-01-30 02:10:11+00:00,148,0.5,General,PreCovid_Supplement,3731,1.2650763870276065,0.8176084833233245,0,0,0
lr88FS9SXLs,허리디스크,"오리궁뎅이와 허리디스크, 오다리, 복부비만 Duck Pelvic우리들체질체형건강방송",subeom kim wooreedulTV,3726,11,2016-12-09 09:25:14+00:00,670,0.5,General,PreCovid_Supplement,3417,1.0904302019315188,0.7373698830396807,0,0,0
LtcjDKk6Mhc,허리디스크,여유만만 - ‘허리 통증이 하반신 마비까지?’ 허리디스크 vs 척추관 협착,KBS 교양,3258,20,2016-10-17 04:47:58+00:00,196,0.5,General,PreCovid_Supplement,3470,0.9389048991354467,0.6621233287118792,1,1,0
hSvzwMmPo2U,허리디스크,[메디컬 D] 관절 건강을 잡아라~! ① 허리디스크 & 협착증 편,매거진동아,3008,13,2016-11-29 10:33:58+00:00,760,0.5,General,PreCovid_Supplement,3427,0.8777356288298803,0.6300665981556182,0,0,0
HNUXX51_REY,허리디스크,반복적인 골프스윙이만드는 허리 디스크 치료,KOMISS,2780,8,2016-07-31 12:16:01+00:00,76,0.5,General,PreCovid_Supplement,3548,0.7835400225479143,0.5786001660180197,0,0,0
T23-BLBAH58,허리디스크,SELD 미니레이저디스크 시술로 허리디스크 치료하기 / YTN (Yes! Top News), YTN,2416,11,2016-11-12 02:16:11+00:00,158,0.5,General,PreCovid_Supplement,3444,0.7015098722415796,0.5315160170234369,0,0,0
YfX2rFWi62Y,허리디스크,[메디컬 D] 관절 건강을 잡아라~! ② 허리디스크 & 협착증 편,매거진동아,2263,9,2016-12-06 09:33:55+00:00,703,0.5,General,PreCovid_Supplement,3420,0.6616959064327486,0.5078387112404706,0,0,0
i5_9Pe1pWGA,허리디스크,구당침뜸 허리디스크 수술없이 절운동으로 완치 Buddhist Bowing Exercise,"강병선 Byeong S Kang  PhD, DAOM, LAc",2116,14,2016-02-18 15:48:16+00:00,177,0.5,General,PreCovid_Supplement,3712,0.5700431034482759,0.4511030734090043,0,0,0
kMs-ThVjGlk,허리디스크,[의료기기]허리디스크 예방&척추교정용 현대메디칼 자세교정벨트(혐오주의) Posture traction-합리적인 구매가이드 35,합리적인구매가이드-Reasonable Shopping Guide,1916,7,2016-09-21 08:52:49+00:00,938,0.5,General,PreCovid_Supplement,3496,0.5480549199084668,0.43699925251525257,1,1,0
vxgPwBWV8Mg,허리디스크,허리디스크와 협착증에 좋은 운동 척추의 3가지 안정성,KOMISS,1891,3,2016-08-03 05:24:26+00:00,72,0.5,General,PreCovid_Supplement,3545,0.5334273624823695,0.42750533630480647,0,0,0
ktqAqF418Ww,전립선,생로병사의 비밀 - 전립선 질환 치료를 돕는 완화요법.20160727,KBS 다큐,224781,1555,2016-07-27 14:23:28+00:00,173,0.5,General,PreCovid_Supplement,3552,63.282939189189186,4.163294264609112,0,0,0
EhnAJnWuEOc,전립선,전립선 온열 치료기 맥스탠드(넥서스메디케어),시세상,62439,170,2016-03-15 02:52:53+00:00,136,0.5,General,PreCovid_Supplement,3686,16.939500813890398,2.887005030930832,0,0,0
q7JQBlYbLXI,전립선,"안상원 박사 / 전립선 건강 생활수칙은? 식이요법, 운동법? 매일경제tv 건강한의사!",안상원 박사,45598,202,2016-03-28 11:10:51+00:00,576,0.5,General,PreCovid_Supplement,3673,12.414375170160632,2.5963269058387386,0,0,0
ieSRemiRv4w,전립선,무엇이든 물어보세요 - 전립선암 이렇게 극복했어요 20160324,KBS 교양,37123,262,2016-03-24 05:08:20+00:00,168,0.5,General,PreCovid_Supplement,3677,10.096002175686701,2.406584879090981,1,1,0
GswiaY8v95U,전립선,#전립선염이란? #메가비뇨기과의원,메가비뇨기과의원,7986,28,2016-08-22 12:15:33+00:00,179,0.5,General,PreCovid_Supplement,3526,2.264889393079977,1.1832258856093882,0,0,0
uLTN85vtjbo,전립선,안상원 박사 / 전립선비대증 봉침으로 치료? 매일경제 건강한의사!,안상원 박사,4123,16,2016-03-28 11:22:45+00:00,435,0.5,General,PreCovid_Supplement,3673,1.1225156547781105,0.7526020148077841,0,0,0
5P9vNcmyMrU,전립선,[신화월드] TV광고 전립선치료기 큐라덤 30초,신화월드,3857,6,2016-10-19 07:15:59+00:00,31,0.5,General,PreCovid_Supplement,3468,1.112168396770473,0.7477150959848357,0,0,1
cR4WDECKzcA,전립선,생로병사의 비밀 - 전립선 건강을 위해서는 뱃살을 빼라.20160727,KBS 다큐,3442,41,2016-07-27 13:57:16+00:00,134,0.5,General,PreCovid_Supplement,3552,0.9690315315315315,0.6775418135112605,0,0,0
gEZwD8HW264,전립선,"전립선·방광 건강, 겨울철에 악화되기 쉬운 이유는? / YTN 사이언스",YTN 사이언스,2307,12,2016-12-29 09:01:11+00:00,490,0.5,General,PreCovid_Supplement,3397,0.6791286429202237,0.5182749939335479,0,0,0
9259k80pVfc,전립선,전립선 건강,건국대학교병원,610,6,2016-12-29 03:29:49+00:00,1607,0.5,General,PreCovid_Supplement,3397,0.17957020900794818,0.16515014247556065,0,0,0
g-OKhF_VCGg,전립선,"안상원 박사 / 전립선, 봉침 한의학으로 치료가능? 매일경제tv 건강한의사. 문의: 02-3448-2075",안상원 박사,527,2,2016-03-28 10:59:23+00:00,424,0.5,General,PreCovid_Supplement,3673,0.14347944459569834,0.13407575845179234,0,0,0
5AxZGQhVRu0,전립선,"척추협착증,전립선비대증에 대하여(매경TV 건강한의사 20161018) 연세한의원 박소연원장",SOYEON PARK,101,1,2016-10-25 08:24:34+00:00,686,0.5,General,PreCovid_Supplement,3462,0.029173887926054305,0.028756429869681487,0,0,0
aSPIO3zGiDU,치매,[국민건강보험공단 치매예방체조] 활기차게 따라하기,국민건강보험,288193,1073,2016-03-02 05:37:22+00:00,1086,0.5,General,PreCovid_Supplement,3699,77.9110570424439,4.368321357988071,0,0,0
tNVNg0UDuvI,치매,"[국민건강보험공단 힘뇌체조, 치매예방체조]",국민건강보험,12661,33,2016-03-02 06:51:50+00:00,140,0.5,General,PreCovid_Supplement,3699,3.422816977561503,1.486776818324284,0,0,0
78zJ2-r8vfY,치매,치매환자의 재활치료,서울아산병원,11339,95,2016-10-21 01:36:13+00:00,2019,0.5,General,PreCovid_Supplement,3466,3.2714945181765724,1.4519637702601402,0,0,0
rl5fs56Gs10,치매,무엇이든 물어보세요 -  알츠하이머형 치매 의심 증상 20160812,KBS 교양,2138,15,2016-08-12 05:37:55+00:00,108,0.5,General,PreCovid_Supplement,3536,0.6046380090497737,0.4728981916112626,1,1,0
52fn6tjI4uw,치매,의사 사위가 치매 장모 모시고 사는 방법 (건강특급) @좋은아침 4789회 20160215,SBS Entertainment,1396,4,2016-02-15 02:34:12+00:00,202,0.5,General,PreCovid_Supplement,3715,0.37577388963660835,0.31901640161642003,0,0,0
zcyUgVNyUP8,치매,시린 이 잡고 치매 예방하는 ‘양치법’ (건강백서) @좋은아침 4952회 20161031,SBS Entertainment,1006,9,2016-10-31 04:38:45+00:00,155,0.5,General,PreCovid_Supplement,3456,0.29108796296296297,0.2554852450685316,0,0,0
5O5vy8vqgXs,치매,"치매검사 및 치료장비, 보행보조로봇 (EXO-Walk), 코트라스 (CoTras)",메디즈medise,826,2,2016-12-21 05:09:17+00:00,219,0.5,General,PreCovid_Supplement,3405,0.24258443465491925,0.21719343213645473,0,0,0
jFyBsmrEu70,치매,"감기·암·치매, 한방진료에도 건강보험 적용 / YTN", YTN,366,5,2016-01-13 22:49:48+00:00,109,0.5,General,PreCovid_Supplement,3748,0.09765208110992529,0.09317342685458967,1,1,0
ZbPixCBtsGU,치매,치매 예방 한의약건강증진 프로그램,Gongju흥미진진 공주시,289,0,2016-11-14 02:26:56+00:00,48,0.5,General,PreCovid_Supplement,3442,0.08396281231841952,0.08062359644967312,0,0,1
S464fSjg6Sg,치매,치매 예방과 치료를 위한 노인치매정신건강센터 운영!,SUWON·수원,263,2,2016-06-02 00:57:09+00:00,58,0.5,General,PreCovid_Supplement,3607,0.07291377876351539,0.0703781051202885,0,0,1
0zxUuTtBSq8,치매,닥터힐링뷰119서비스 1화 치매환자 돌보기,KOMISS,223,0,2016-10-29 13:55:44+00:00,96,0.5,General,PreCovid_Supplement,3458,0.06448814343551186,0.06249406713578532,0,0,0
YZKBYSRa4co,치매,치매건강(인지능력),대전행복웃음힐링연구소TV김계국원장,198,0,2016-09-13 23:42:41+00:00,106,0.5,General,PreCovid_Supplement,3504,0.05650684931506849,0.05496804107716076,0,0,0
pLkV3t1qpEE,치매,"감기·암·치매, 한방진료에도 건강보험 적용 / YTN 사이언스",YTN 사이언스,153,0,2016-01-14 04:04:11+00:00,109,0.5,General,PreCovid_Supplement,3747,0.04083266613290633,0.04002103332405043,1,1,0
ISHIZgQcpqU,치매,"160713 특집 건강한의사임재환원장 치매,불면증",Charm Design,128,3,2016-09-11 04:10:54+00:00,1331,0.5,General,PreCovid_Supplement,3506,0.03650884198516828,0.03585818347493669,0,0,0
BDLKxQXdOPk,치매,"[815tv] 치매치료 물질 및 건강기능 식품 바이오 회사, 브레인트로피아 이형근 대표",815머니톡,123,1,2016-12-02 03:42:54+00:00,3864,0.5,General,PreCovid_Supplement,3424,0.03592289719626168,0.03529271751198911,0,0,0
wMAaFSzv5aA,치매,매일경제TV 건강한의사 - 치매란?,Charm Design,115,1,2016-09-11 04:10:54+00:00,317,0.5,General,PreCovid_Supplement,3506,0.03280091272104963,0.03227444428446139,0,0,0
c1lnd5OoFNc,치매,건강기획- 혈관 관리가 '치매' 예방161123,제주대학교병원 권역심뇌혈관질환센터,111,0,2016-12-05 08:24:14+00:00,524,0.5,General,PreCovid_Supplement,3421,0.03244665302543116,0.03193137674624595,0,0,0
22ZxBuo3qi4,뇌졸중,건강기획 - 뇌졸중 경고음 '일과성 허혈 발작' 161119,제주대학교병원 권역심뇌혈관질환센터,7589,44,2016-11-24 01:59:51+00:00,614,0.5,General,PreCovid_Supplement,3432,2.211247086247086,1.166659362083689,2,1,0
hrCvYTwipn4,뇌졸중,[건강돋보기] 여름철 뇌졸중 비상…원인과 관리법은? / YTN 사이언스,YTN 사이언스,3729,33,2016-08-11 09:14:24+00:00,624,0.5,General,PreCovid_Supplement,3537,1.0542832909245123,0.7199270235756666,0,0,0
_8rZXpajcdE,뇌졸중,뇌졸중 증상 발생 시 대처 [AMC 병법],서울아산병원,2558,9,2016-03-07 05:07:59+00:00,51,0.5,General,PreCovid_Supplement,3694,0.6924742826204656,0.526191530782182,1,1,1
6Tx58kSORXU,뇌졸중,"뇌졸중, 정신건강과도 관련…우울증 위험 2배 / SBS",SBS 뉴스,1468,5,2016-12-30 12:41:03+00:00,103,0.5,General,PreCovid_Supplement,3396,0.43227326266195526,0.35926287621476505,1,1,0
xUbYvhKD0og,뇌졸중,건강기획 -뇌졸중 후 삼킴장애 '주의'161203,제주대학교병원 권역심뇌혈관질환센터,850,5,2016-12-05 08:31:15+00:00,527,0.5,General,PreCovid_Supplement,3421,0.24846536100555394,0.22191508586386183,1,1,0
S9l_BboWyVo,뇌졸중,생방송 건강클리닉 2016 10 21 뇌졸중의 치료와 예방,구 MBCGN,315,3,2016-10-21 09:15:11+00:00,3060,0.5,General,PreCovid_Supplement,3466,0.09088286208886324,0.08698733361538147,0,0,0
b97gNEpitKs,뇌졸중,뇌졸중의 날 시민건강강좌 개최,서울아산병원,237,0,2016-10-25 02:30:34+00:00,81,0.5,General,PreCovid_Supplement,3462,0.0684575389948007,0.06621605609629942,0,0,0
CSacCRwVFvg,심장,"[YTN 사이언스] 건강식품 청국장, 심장질환자에는 독?  / YTN 사이언스",YTN 사이언스,43063,436,2016-11-23 06:22:08+00:00,509,0.5,General,PreCovid_Supplement,3433,12.543839207690066,2.6059317729123173,0,0,0
BsitflSB2qw,심장,SBS 모닝와이드 TV의료분쟁 차트(Chart) '아들의 심장이 멈춘 시각 의사는?' 편 법무법인 고도 이용환 변호사,변호사이용환,27229,70,2016-06-17 07:23:00+00:00,597,0.5,General,PreCovid_Supplement,3592,7.580456570155902,2.149487125388977,0,0,0
OnuH-To9yXs,심장,심장에 관한 모든 것_건강한의사_마성한의원,추닥터스,2440,4,2016-08-26 08:06:51+00:00,352,0.5,General,PreCovid_Supplement,3522,0.6927881885292447,0.5263769851818653,0,0,0
kuGpI2tD9dM,심장,"[5분 건강 톡톡] 103세 할아버지, 심장수술 성공",KBS News,1385,7,2016-12-20 00:21:49+00:00,336,0.5,General,PreCovid_Supplement,3406,0.406635349383441,0.34120057566048856,0,0,0
geMh9Iw_uJY,심장,[충남대학교병원] 캄보디아 선천성심장수술 해외의료봉사,충남대학교병원,1011,11,2016-08-09 01:05:44+00:00,97,0.5,General,PreCovid_Supplement,3539,0.28567391918621077,0.2512830315995327,0,0,0
A1FxwGjw3uE,심장,"건강식품 청국장, 심장질환자에는 독",사이언스프렌즈,265,0,2016-11-23 10:54:37+00:00,509,0.5,General,PreCovid_Supplement,3433,0.07719196038450335,0.07435761848937811,0,0,0
XZhgwj6ZNV4,당뇨병,"김평웅 박사 건강 세미나 4  당뇨병, 원인 물질을 알아내다",LLBN Korean TV,7009,41,2016-08-08 23:25:35+00:00,1204,0.5,General,PreCovid_Supplement,3540,1.9799435028248586,1.0919043415539886,0,0,0
MkGBJrTtgp4,당뇨병,당뇨병환자 소모성재료 구입비 요양비 지원제도를 아시나요 _ 팜포트,팜포트,885,8,2016-08-08 06:14:43+00:00,103,0.5,General,PreCovid_Supplement,3540,0.25,0.22314355131420976,0,0,0
QLNvUdW-Bfo,당뇨병,당뇨병 건강강좌 개최,서울아산병원,469,2,2016-11-22 03:12:57+00:00,116,0.5,General,PreCovid_Supplement,3434,0.13657542224810718,0.12801972572319412,0,0,0
GzdWqKF8wvM,당뇨병,[KCTV건강정보] 당뇨병 - 현대병원 장현주 원장,KCTV광주방송,151,3,2016-07-19 09:29:20+00:00,224,0.5,General,PreCovid_Supplement,3560,0.04241573033707865,0.041540837214521446,0,0,0
o29jEGgctJ4,비만,비만과 암 '비만 예방하면 암도 예방될까?' _ KBS 생로병사의 비밀,국가암지식정보센터,9059,44,2016-12-19 04:13:32+00:00,222,0.5,General,PreCovid_Supplement,3407,2.6589374816554154,1.2971727997078293,1,1,0
nI6r-ZLxJjQ,비만,"[생생인터뷰] 비만으로 인해 건강지표가 나빠진 가족, 평균 7.5kg 감량-40기 힐링스테이 제주",황성수힐링스쿨,2674,68,2016-01-26 14:49:24+00:00,356,0.5,General,PreCovid_Supplement,3735,0.7159303882195448,0.5399554339373092,0,0,0
yd7DCW1xbkk,비만,의정부한의원 복부비만 살빼기,선한이웃진,1305,0,2016-04-08 05:00:07+00:00,109,0.5,General,PreCovid_Supplement,3662,0.3563626433642818,0.30480658987289444,0,0,0
fNtO1GTXl-U,비만,한림대학교성심병원 1분 건강정보 - 소아비만의 치료,한림대학교의료원,1116,8,2016-01-29 04:15:50+00:00,77,0.5,General,PreCovid_Supplement,3732,0.2990353697749196,0.261621965781916,0,0,0
pAiI-udpyEE,비만,"건강, 고도비만 사망 우울증 초래",oh TV,643,0,2016-01-20 08:26:09+00:00,143,0.5,General,PreCovid_Supplement,3741,0.17187917669072442,0.15860859427970533,1,1,0
9nbMpshsMNM,비만,한림대학교성심병원 1분 건강정보 - 비만의 진단,한림대학교의료원,500,1,2016-01-29 04:24:26+00:00,77,0.5,General,PreCovid_Supplement,3732,0.1339764201500536,0.12573041157090087,0,0,0
_3Pzc8cDKkk,비만,한림대학교성심병원 1분 건강정보 - 성인비만의 치료,한림대학교의료원,477,0,2016-01-29 04:24:33+00:00,73,0.5,General,PreCovid_Supplement,3732,0.12781350482315113,0.12028080680333618,0,0,0
FIfxUlxOBs8,비만,"건강, 고도비만 사망 우울증 초래",오재욱,355,0,2016-02-07 10:20:56+00:00,143,0.5,General,PreCovid_Supplement,3723,0.0953532097770615,0.09107687726168358,1,1,0
INPsYzu48kQ,비만,"MBC경남 뉴스투데이 2016 04 13 건강투데이]비만, 약물 도움 받기 전 잠깐!",구 MBCGN,110,0,2016-04-14 07:13:56+00:00,91,0.5,General,PreCovid_Supplement,3656,0.030087527352297593,0.029643776643057094,0,0,0
4QZvNZ6irL4,탈모,모리의원 이상욱대표원장-지루성두피염과 탈모,탈모의사 모리의원 이상욱,428,2,2016-06-10 08:11:17+00:00,54,0.5,General,PreCovid_Supplement,3599,0.1189219227563212,0.11236565277242347,0,0,1
PXRwhM4-xJU,탈모,탈모가 의심되는 증상은 어떤것이 있나- 양훈철 원장 인터뷰[탈모인뉴스 자문의],탈모인TV,147,0,2016-06-22 08:47:24+00:00,49,0.5,General,PreCovid_Supplement,3587,0.04098132143852802,0.040163846569385354,1,1,1
pATW6tye6uQ,위암,[암 치료 전략] 막걸리가 위암에 좋다는 말이 있는데 어떤가요? - 류영석 원장,류영석TV,24429,307,2016-08-16 07:46:59+00:00,128,0.5,General,PreCovid_Supplement,3532,6.916477916194791,2.068946399363443,1,1,0
iqlcO1xXWkM,위암,위암의 진단과 치료,서울아산병원,21707,153,2016-03-25 00:55:06+00:00,1718,0.5,General,PreCovid_Supplement,3676,5.9050598476605005,1.932254454117033,1,1,0
hE3Y6Aqe7Aw,위암,[똑똑한 건강검진] 9. 만성위염과 위암,인제대학교 백병원,15248,130,2016-02-12 01:14:24+00:00,418,0.5,General,PreCovid_Supplement,3718,4.1011296395911785,1.6294620131622835,1,1,0
ozV0uWjYVnY,위암,SBS 모닝와이드 TV의료분쟁 차트(Chart) '초기 위암 아버지의 사망 이유?' 편 법무법인 고도 이용환 변호사,변호사이용환,14121,49,2016-07-28 07:33:55+00:00,608,0.5,General,PreCovid_Supplement,3551,3.976626302450014,1.6047522121568651,2,1,0
fPJQAllTsjw,위암,"013  20160516 위암의 원인   헬리코박터를 죽이는 방법 - 임대순 원장 - Dae Soon Rheem, MD",임대순비타민D 박사,5186,66,2016-06-11 22:12:12+00:00,135,0.5,General,PreCovid_Supplement,3598,1.4413563090605892,0.8925537492388335,1,1,0
8itzt8-Xti4,위암,[TJB메디컬플러스] 조기위암,순천향대학교 천안병원,4725,36,2016-11-04 05:24:05+00:00,873,0.5,General,PreCovid_Supplement,3452,1.3687717265353418,0.8623715619586587,1,1,0
m14R6M3Cdpo,위암,"명의,위암,위암명의- 명의를찾아서, 명의리스트",찾아서명의를,4228,11,2016-06-10 07:02:37+00:00,96,0.5,General,PreCovid_Supplement,3599,1.1747707696582383,0.7769232657258074,1,1,0
-gUuce6iNqo,위암,[라디오_서울대학교병원]양한광교수에게 듣는 위암 이야기 1부,서울대병원tv,4146,59,2016-04-11 08:04:21+00:00,902,0.5,General,PreCovid_Supplement,3659,1.1330964744465701,0.7575746679303257,1,1,0
GO_OAraVris,위암,무엇이든 물어보세요 - 표적치료 위암 사례자 20160803,KBS 교양,2962,16,2016-08-03 02:19:09+00:00,206,0.5,General,PreCovid_Supplement,3545,0.835543018335684,0.6073403605287562,1,1,0
Pnxoxz5gWvA,위암,163  20160630 위암 예방하는 방법,임대순비타민D 박사,1921,47,2016-08-11 10:26:48+00:00,143,0.5,General,PreCovid_Supplement,3537,0.5431156347186882,0.43380351206280315,1,1,0
KuSgI3aM5Eo,위암,"118  헬리코박터의 비밀 4 헬리코박터가 없으면 위암이 안 생길까 - 임대순 원장 - Dae Soon Rheem, MD",임대순비타민D 박사,1900,24,2016-06-12 14:21:18+00:00,170,0.5,General,PreCovid_Supplement,3597,0.52821795941062,0.42410232416503646,1,1,0
AVZV1M3zFW0,위암,"014  20160513 위암의 원인   헬리코박터는 어디서 오는가 - 임대순 원장 - Dae Soon Rheem, MD",임대순비타민D 박사,1552,21,2016-06-11 22:25:38+00:00,132,0.5,General,PreCovid_Supplement,3598,0.4313507504168983,0.35861857914730344,1,1,0
PBBzd-Wr-NE,위암,"116  헬리코박터의 비밀 6 미국 사람은 왜 위암에 안 걸릴까 - 임대순 원장 - Dae Soon Rheem, MD",임대순비타민D 박사,1505,16,2016-06-12 13:58:12+00:00,139,0.5,General,PreCovid_Supplement,3597,0.4184042257436753,0.3495324550061328,1,1,0
NIq5KkfLHKE,위암,짜게 먹을수록 위암 검진 안 받아,KBS News,1221,8,2016-02-09 00:00:00+00:00,100,0.5,General,PreCovid_Supplement,3722,0.3280494357872112,0.2837112761047632,1,1,0
xWXT_acohGY,위암,위암과 비염에 방어하자! 마법의 꽃가루 '화분' [내 몸 사용 설명서] 101회 20160506,TVCHOSUN - TV조선,1154,15,2016-05-09 04:27:40+00:00,169,0.5,General,PreCovid_Supplement,3631,0.3178187827044891,0.27597793247271885,1,1,0
68XPP6NZMgI,위암,"[충무아트홀 건강강좌] 위암, 내시경 검사 후 예방하기 / 서울백병원 소화기내과 문정섭 교수",인제대학교 백병원,1071,7,2016-07-26 00:30:58+00:00,2359,0.5,General,PreCovid_Supplement,3553,0.3014354066985646,0.2634678143311863,1,1,0
HeGfbih5Bpk,위암,위암환자들이 받는 복강경 수술이 뭘까?,이화여자대학교 의료원,815,7,2016-04-18 01:47:53+00:00,188,0.5,General,PreCovid_Supplement,3652,0.22316538882803943,0.2014420796372596,1,1,0
WvhhNQ7NoSk,위암,"""B형이 다른 혈액형보다 위암 발생률 낮아"" / YTN (Yes! Top News)", YTN,774,8,2016-06-10 14:10:12+00:00,108,0.5,General,PreCovid_Supplement,3599,0.21505973881633786,0.19479324333388987,1,1,0
OU7rRmVUGeM,위암,"위암, 젊어서부터 검진?…""40세 이하 조기진단 효과 낮다""",연합뉴스TV,729,0,2016-08-08 02:09:49+00:00,45,0.5,General,PreCovid_Supplement,3540,0.2059322033898305,0.18725288063014192,1,1,1
Ve8VGD8NhnA,대장암,"[191회] 대장암, 예방은 변을 관찰하는 습관부터!",KBS News,342506,1346,2016-06-20 09:43:01+00:00,1132,0.5,General,PreCovid_Supplement,3589,95.43215380328782,4.5688396916797664,1,1,0
5MqyOmLNAto,대장암,대장암 수술 후 관리,서울아산병원,129374,1085,2016-12-28 04:37:21+00:00,724,0.5,General,PreCovid_Supplement,3398,38.07357268981754,3.6654463481885102,1,1,0
wOSuktVMbwg,대장암,대장암의 수술적 치료,서울아산병원,79432,483,2016-12-28 06:27:04+00:00,840,0.5,General,PreCovid_Supplement,3398,23.376103590347263,3.1936032913604326,1,1,0
5PFHQHWR-qk,대장암,삼성서울병원 대장암센터 직장암 환자를 위한 운동,삼성서울병원,69029,683,2016-07-12 02:26:27+00:00,561,0.5,General,PreCovid_Supplement,3567,19.35211662461452,3.0131849175173997,1,1,0
1_CrS_Diz9U,대장암,"[YTN 사이언스] 슈퍼푸드 알로에, 대장암 예방 효과 있다 / YTN 사이언스",YTN 사이언스,34151,249,2016-06-10 05:54:49+00:00,408,0.5,General,PreCovid_Supplement,3599,9.489024729091414,2.35032944659814,1,1,0
UvpCFebIQec,대장암,말기 대장암 환자 호전...'맞춤형 치료' 효과 / YTN (Yes! Top News), YTN,23563,103,2016-07-17 22:40:18+00:00,144,0.5,General,PreCovid_Supplement,3562,6.6151038742279615,2.0301336269931536,2,1,0
PQSQ67TPG_8,대장암,[대한암협회] 대장암에 모든것을 알고 싶다.  [대장암] 1부,대한암협회,17364,69,2016-07-26 04:33:56+00:00,300,0.5,General,PreCovid_Supplement,3553,4.887137630171686,1.7727699084328927,1,1,0
6dn2mWLjZQw,대장암,"""아스피린 주기적으로 복용하면 대장암 예방"" /SBS",SBS 뉴스,15655,75,2016-05-14 12:36:34+00:00,120,0.5,General,PreCovid_Supplement,3626,4.317429674572532,1.6709900427245996,1,1,0
Gvsiq_Nzj0k,대장암,"명의 대장암명의 직장암명의 - 명의를찾아서, 명의리스트",찾아서명의를,13693,52,2016-06-10 04:43:59+00:00,108,0.5,General,PreCovid_Supplement,3599,3.8046679633231455,1.5695879377084918,1,1,0
mqiU6rUlz_c,대장암,무엇이든 물어보세요 - 대장암 극복 사례자 내가 대장암을 이긴 방법 20160412,KBS 교양,11699,69,2016-04-12 02:44:10+00:00,207,0.5,General,PreCovid_Supplement,3658,3.1981957353745214,1.4346548461748818,1,1,0
VzhtOMPUe4Q,대장암,"대장암 수술 환자를 위한 수술 체험 영상, 분당서울대병원",Colorectal Cancer Center SNUBH,10813,0,2016-08-02 05:20:13+00:00,295,0.5,General,PreCovid_Supplement,3546,3.0493513818386915,1.3985567156602239,1,1,0
VuSRfNFrZVI,대장암,"대장암의 씨앗, 대장용종(서울경기케이블TV뉴스)",우리동네 우리방송,9144,55,2016-10-28 06:20:55+00:00,265,0.5,General,PreCovid_Supplement,3459,2.6435385949696446,1.292955350900323,1,1,0
tlpLs12TuYA,대장암,"10_크론병, 대장암, 장질환, 체중이상, 소화불량, 장염, 만성염증성 장질환, 대장염, 염증, 장내면역, 만성장질환",Bio Technology,4463,0,2016-04-28 14:42:33+00:00,235,0.5,General,PreCovid_Supplement,3642,1.2254255903349809,0.7999481738822233,1,1,0
bpshZrgaozU,대장암,152  20160614 대장암 3기에 완치된 분 이야기,임대순비타민D 박사,4134,45,2016-08-11 08:51:50+00:00,134,0.5,General,PreCovid_Supplement,3537,1.1687871077184053,0.7741680747538157,1,1,0
NhjXoKJw7PU,대장암,위암 유방암 대장암 폐암…1인당 진료비 연 125만원,보건복지부TV,4112,7,2016-11-07 08:45:01+00:00,133,0.5,General,PreCovid_Supplement,3449,1.1922296317773267,0.7849191226214289,1,1,0
sWYB3yCdPTo,대장암,혈액으로 '대장암 위험성' 알아낸다…간단 검사법 / SBS,SBS 뉴스,3963,21,2016-05-25 12:40:38+00:00,95,0.5,General,PreCovid_Supplement,3615,1.0962655601659752,0.7401574569856811,2,1,0
yVQslAmjUCE,대장암,[암 치료 전략] 우유가 대장암 예방에 도움이 된다던데?  - 류영석 원장,류영석TV,3922,42,2016-12-17 07:59:42+00:00,245,0.5,General,PreCovid_Supplement,3409,1.1504840129070109,0.7656929390856835,1,1,0
rdMiA2_yKWg,대장암,대장암의 씨앗 ‘용종’…10개 넘으면 암 위험 2.3배↑,KBS News,3660,16,2016-12-12 00:00:01+00:00,100,0.5,General,PreCovid_Supplement,3414,1.0720562390158173,0.72854146641104,2,1,0
XLauaSlDcNA,유방암,유방암 수술 후 돌아온 엄앵란 여사! 그녀의 건강은?!,채널에이드: 채널A Drama & Enjoy,17069,41,2016-03-16 14:28:54+00:00,151,0.5,General,PreCovid_Supplement,3685,4.63202170963365,1.7284684735417866,1,1,0
TwBrEYKg2x8,유방암,[5분 건강 톡톡] 비타민D 결핍이 유방암 부른다,KBS News,8975,57,2016-03-22 00:45:42+00:00,378,0.5,General,PreCovid_Supplement,3679,2.4395216091329166,1.2353323946020554,1,1,0
Md2uAndV-kU,유방암,유방암을 발견하기 위해서는 어떤 검사를 하나요? [AMC병법],서울아산병원,4730,11,2016-10-04 23:58:29+00:00,63,0.5,General,PreCovid_Supplement,3483,1.3580246913580247,0.8578242733741911,1,1,0
8aJxiiRO9Lo,유방암,생로병사의 비밀 - 야간 근무가 유방암을 증가시키는가?.20160824,KBS 다큐,2503,29,2016-08-24 13:26:18+00:00,160,0.5,General,PreCovid_Supplement,3524,0.710272417707151,0.5366526664269741,1,1,0
h_AOSm4qjTU,유방암,브래지어 착용하면 유방암에 더 잘 걸린다?,이화여자대학교 의료원,803,10,2016-04-18 04:26:04+00:00,72,0.5,General,PreCovid_Supplement,3652,0.21987951807228914,0.1987520981900506,1,1,0
8lk6J0oIrGI,유방암,혈액 한 방울로 초기 유방암 진단 기술 개발 / YTN (Yes! Top News), YTN,583,0,2016-06-26 18:40:38+00:00,140,0.5,General,PreCovid_Supplement,3583,0.16271281049399944,0.1507559045159635,1,1,0
ZFbXK1EPCA4,유방암,혈액 한 방울로 초기 유방암 진단 기술 개발 / YTN (Yes! Top News), YTN,553,2,2016-06-27 13:55:53+00:00,140,0.5,General,PreCovid_Supplement,3582,0.15438302624232272,0.1435660248371346,1,1,0
htrq7Yce8EU,유방암,쿠키건강플러스 3회_유방암(2),쿠키건강TV / KUKI HEALTH TV,288,2,2016-02-26 09:09:35+00:00,285,0.5,General,PreCovid_Supplement,3704,0.07775377969762419,0.07487904166528458,1,1,0
y4AHLPERHp8,유방암,쿠키건강플러스 3회_유방암(1),쿠키건강TV / KUKI HEALTH TV,209,2,2016-02-26 09:09:34+00:00,305,0.5,General,PreCovid_Supplement,3704,0.05642548596112311,0.05489102644434246,1,1,0
412SSGSDdj4,유방암,쿠키건강플러스 3회_유방암(3),쿠키건강TV / KUKI HEALTH TV,148,1,2016-02-26 09:09:34+00:00,244,0.5,General,PreCovid_Supplement,3704,0.03995680345572354,0.039179177151946167,1,1,0
kxjN2W0zLqo,간염,건강백과사전 - B형간염의 감염경로,Sun Medical Center,9320,48,2016-07-28 02:33:29+00:00,77,0.5,General,PreCovid_Supplement,3551,2.624612785130949,1.2877474647062899,0,0,0
p028hbyy4Ak,간염,건강백과사전 - B형간염 예방,Sun Medical Center,6112,36,2016-07-28 02:34:25+00:00,110,0.5,General,PreCovid_Supplement,3551,1.7212052942833005,1.0010749050562207,0,0,0
pSb919aQ9KI,간염,한림대학교성심병원 1분 건강정보 - 자가면역간염,한림대학교의료원,5236,47,2016-01-29 05:08:55+00:00,87,0.5,General,PreCovid_Supplement,3732,1.4030010718113612,0.8767184027847614,0,0,0
IJ0Hkb6zhzg,간염,건강백과사전 - B형간염의 정의,Sun Medical Center,3380,20,2016-07-28 02:32:46+00:00,117,0.5,General,PreCovid_Supplement,3551,0.9518445508307519,0.6687748489748968,0,0,0
qk1uY61n_XM,간염,만성C형간염 치료 하보니 유전자형 1형 (광주 한정렬내과),Always patients first,2505,26,2016-06-28 11:46:45+00:00,1209,0.5,General,PreCovid_Supplement,3581,0.6995252722703156,0.5303489604584837,0,0,0
-7FWYvEC70U,간염,"""왕뜸 한의원 편 "" 원장 원영두 EP06 - B형,C형 간염치료 chtv1888.org",Christian Herald CHTV,783,10,2016-01-27 18:55:55+00:00,1670,0.5,General,PreCovid_Supplement,3734,0.20969469737546867,0.19036801155293626,0,0,0
KvKedCIfXXk,간염,건강검진시 C형간염 검사 받는다,연합뉴스TV,691,2,2016-09-06 05:27:47+00:00,46,0.5,General,PreCovid_Supplement,3511,0.19681002563372257,0.17965970523651345,0,0,1
Qhhig-KJlfo,간염,쿠키건강TV_토론회_C형간염,쿠키건강TV / KUKI HEALTH TV,293,1,2016-10-20 01:21:57+00:00,4988,0.5,General,PreCovid_Supplement,3467,0.08451110470147101,0.08112929069891676,0,0,0
2guMll71jas,간염,의료기관 C형간염 보고 의무화…건강검진도 추진,연합뉴스TV,176,0,2016-09-06 11:33:20+00:00,120,0.5,General,PreCovid_Supplement,3511,0.05012816861293079,0.04891222206571227,0,0,0
njoMltLtRIs,간염,C형간염 환자 전수 감시...건강검진 도입 추진 / YTN (Yes! Top News), YTN,139,0,2016-09-06 02:49:19+00:00,127,0.5,General,PreCovid_Supplement,3511,0.03958986043862148,0.03882627040810494,0,0,0
n0SgMo_vIUQ,간염,C형간염 대책 마련…전수감시 전환·건강검진 고려,보건복지부TV,132,1,2016-09-19 08:26:04+00:00,137,0.5,General,PreCovid_Supplement,3498,0.03773584905660377,0.03704127168034908,0,0,0
jNeLnuluniw,신장,[황성수TV] 신장이 나쁜 사람에게 비타민C 괜찮을까?,황성수힐링스쿨,359989,5349,2016-05-15 09:16:21+00:00,267,0.5,General,PreCovid_Supplement,3625,99.30731034482758,4.6082385771058165,0,0,0
3qBSO2nt_Ig,신장,거품뇨와 단백뇨 - [조동혁 내과/신장내과] 100세 건강시대,조동혁의100세 건강시대,326337,4270,2016-07-19 03:12:45+00:00,688,0.5,General,PreCovid_Supplement,3560,91.66769662921348,4.529019939664502,0,0,0
j1ytQFfStB8,신장,널뛰는 혈압관리 [조동혁 내과/신장내과] 100세 건강시대,조동혁의100세 건강시대,228303,3619,2016-09-13 04:59:32+00:00,1369,0.5,General,PreCovid_Supplement,3504,65.15496575342466,4.19199995582248,0,0,0
RpiF8xDU_ko,신장,만성질환과 교육 - [조동혁 내과/신장내과] 100세 건강시대,조동혁의100세 건강시대,92988,1336,2016-06-20 08:27:45+00:00,374,0.5,General,PreCovid_Supplement,3589,25.90916689885762,3.2924670054657357,0,0,0
Rj1vniRT-g0,신장,신장결석: 신장에 돌이 두번이상 있을때는 꼭 내과적 검사와 치료를,조동혁의100세 건강시대,85006,1358,2016-10-04 05:16:08+00:00,615,0.5,General,PreCovid_Supplement,3483,24.405971863336205,3.2349842591195963,0,0,0
2qr2ageNfnM,신장,"명의의 건강비결 140117 콩팥, 그것이 궁금하다  신장내과 전문의 양철우 교수4 HDTV X264 720p BarosG",kwang min Oh,36615,307,2016-12-04 13:51:37+00:00,1760,0.5,General,PreCovid_Supplement,3422,10.699883109292811,2.4595788510950696,0,0,0
pBkMNSIV7JA,신장,신장내과에서 하는일 - 2편 [조동혁 내과/신장내과] 100세 건강시대,조동혁의100세 건강시대,16613,467,2016-09-02 07:26:48+00:00,1367,0.5,General,PreCovid_Supplement,3515,4.726315789473684,1.7450723552554017,0,0,0
2lMYOmaD6b8,신장,신장결석 체외충격파쇄석술,조정호,9893,17,2016-09-05 10:11:55+00:00,113,0.5,General,PreCovid_Supplement,3512,2.816913439635535,1.3394420959150524,1,1,0
nj5_fCXdiH8,신장,신장내과에서 하는일-1편 [조동혁 내과/신장내과] 100세 건강시대 -,조동혁의100세 건강시대,9819,185,2016-08-27 17:26:52+00:00,426,0.5,General,PreCovid_Supplement,3521,2.7886963930701505,1.3320220003145622,0,0,0
7XV1NN3u3G4,신장,수술전 피검사 [조동혁 내과/신장내과] 100세 건강시대,조동혁의100세 건강시대,4937,61,2016-10-03 03:15:30+00:00,420,0.5,General,PreCovid_Supplement,3484,1.4170493685419059,0.8825475270575988,0,0,0
YXZOgjCgmFI,신장,신장암의 진실-원자력병원 송강현 과장,원자력병원-한국원자력의학원,3764,28,2016-07-01 03:39:41+00:00,87,0.5,General,PreCovid_Supplement,3578,1.0519843487982112,0.7188072999881151,1,1,0
C9aSS7dDHq8,신장,"[기획취재] 임신 중 암 수술 가능, 신장암 신장부분절제술",의학채널 비온뒤,2616,10,2016-09-09 02:24:00+00:00,365,0.5,General,PreCovid_Supplement,3508,0.7457240592930444,0.5571694032855007,1,1,0
ff2DBezd_X8,신장,김일봉 원장 동영상 초음파 증례 토의 (27) - 신장 결석,김일봉,1458,8,2016-06-20 04:22:22+00:00,541,0.5,General,PreCovid_Supplement,3589,0.406241292839231,0.34092039519265516,0,0,0
I8WXZcM6rNw,신장,건강을 탐하다 - 혈뇨와 신장이식,인천중구TV_방송중구,594,4,2016-10-05 20:47:08+00:00,1078,0.5,General,PreCovid_Supplement,3482,0.17059161401493395,0.1575092740144811,0,0,0
EOCeMFTrM9A,골다공증,[황성수TV] 골다공증 예방을 위해 칼슘제나 멸치를 먹는 게 도움이 되나요?,황성수힐링스쿨,1136932,11483,2016-09-24 06:05:43+00:00,350,0.5,General,PreCovid_Supplement,3493,325.4886916690524,5.788395313106121,0,0,0
joeBKwQ_v2o,골다공증,골다공증: 치료와 치료약의 문제점,조동혁의100세 건강시대,256351,4008,2016-12-05 05:48:35+00:00,766,0.5,General,PreCovid_Supplement,3421,74.9345220695703,4.329871417221165,0,0,0
DdgIDgT60Y0,골다공증,조용한 도둑으로 불리는 '골다공증' 건강하게 삽시다,쿠키건강TV / KUKI HEALTH TV,20703,88,2016-08-08 09:08:44+00:00,1045,0.5,General,PreCovid_Supplement,3540,5.848305084745762,1.9240011887737372,0,0,0
JQD4YfNHl9k,골다공증,건강하게 삽시다 '골다공증',쿠키건강TV / KUKI HEALTH TV,14212,121,2016-08-08 09:08:44+00:00,866,0.5,General,PreCovid_Supplement,3540,4.014689265536723,1.6123714584846096,0,0,0
B9z0oqgecnQ,골다공증,한림대학교한강성심병원 1분 건강정보 - 골다공증,한림대학교의료원,589,1,2016-05-09 09:17:55+00:00,90,0.5,General,PreCovid_Supplement,3631,0.16221426604241257,0.1503270356157217,0,0,0
Sz0UiYOvPp0,골다공증,"샘병원 건강강좌 요통, 골다공증",샘병원 SAM Medical Center,228,0,2016-04-07 06:14:10+00:00,1811,0.5,General,PreCovid_Supplement,3663,0.062244062244062245,0.060383710205739204,0,0,0
J3wEeD-4xPo,요실금,"[홈앤쇼핑] [렌탈]요실금치료기 이지케이 월 26,900원 *39개월",HOME & SHOPPING,15591,46,2016-05-09 09:37:19+00:00,179,0.5,General,PreCovid_Supplement,3631,4.293858441200771,1.666547363968894,0,0,0
EYvoQl4S0VI,요실금,"여유만만 - 전립선 수술 시, 성 기능이 떨어지고, 요실금이 생긴다?!.20160520",KBS 교양,684,1,2016-05-20 13:08:01+00:00,133,0.5,General,PreCovid_Supplement,3620,0.18895027624309393,0.1730707970218036,0,0,0
ppmLyvAtjpE,아토피,아토피 고생녀를 위한 주치의 특급처방 '물광주사' (건강특급) @좋은아침 4762회 20160104,SBS Entertainment,1476,6,2016-01-04 04:33:35+00:00,108,0.5,General,PreCovid_Supplement,3757,0.39286664892201223,0.3313639607982389,0,0,0
Xu3zWTSYCGA,아토피,소아 아토피 특급 처방 '팥물'과 '스테로이드제' (건강특급) @좋은아침 4762회 20160104,SBS Entertainment,976,8,2016-01-04 04:39:57+00:00,167,0.5,General,PreCovid_Supplement,3757,0.2597817407505989,0.2309384843322791,0,0,0
pV2wrabMWGM,아토피,아토피 원인 알려드립니다! [하늘건강나음터 이성윤 원장 강의]  I will tell you the cause of atopy!,자연치유하늘건강나음터,235,5,2016-11-25 05:45:10+00:00,501,0.5,General,PreCovid_Supplement,3431,0.0684931506849315,0.0662493855412006,0,0,0
fTpNbuDAGW4,아토피,"건강시리즈 - 아토피2화 ""아토피없는아이낳기""",A NK,154,0,2016-05-10 08:41:04+00:00,71,0.5,General,PreCovid_Supplement,3630,0.04242424242424243,0.04154900291287243,0,0,0
rX32rEBsmYY,당뇨,메디컬 다큐 7요일 - 갑자기 닥친 실명 위기- 당뇨망막증 외_#002,EBSDocumentary (EBS 다큐),771640,3169,2017-08-01 15:10:44+00:00,1182,0.5,General,PreCovid_Supplement,3182,242.50157133878065,5.495123395638499,1,1,0
f7N_pKIGV0A,당뇨,메디컬 다큐 7요일 - 죽을때까지 놓지 못할 당신- 당뇨발 외_#001,EBSDocumentary (EBS 다큐),765695,2590,2017-04-27 18:21:06+00:00,1069,0.5,General,PreCovid_Supplement,3278,233.58602806589383,5.457822378034457,0,0,0
V2l9ScM62oI,당뇨,메디컬 다큐 7요일 - 갑자기 닥친 실명 위기- 당뇨망막증 외_#003,EBSDocumentary (EBS 다큐),492288,1827,2017-08-01 15:07:54+00:00,605,0.5,General,PreCovid_Supplement,3182,154.71024512884978,5.047996877117393,1,1,0
7qVdWaFNeOg,당뇨,"현미, 당뇨와 건강에 좋은가요?",조동혁의100세 건강시대,408290,7297,2017-06-05 00:36:07+00:00,770,0.5,General,PreCovid_Supplement,3239,126.05433775856746,4.844614851320829,0,0,0
cSpxsBCxqXg,당뇨,메디컬 다큐 7요일 - 죽을때까지 놓지 못할 당신- 당뇨발 외_#002,EBSDocumentary (EBS 다큐),326669,1201,2017-04-27 18:21:31+00:00,1093,0.5,General,PreCovid_Supplement,3278,99.65497254423428,4.611698555179747,0,0,0
DM4ZV8sXXsk,당뇨,메디컬 다큐 7요일 - 갑자기 닥친 실명 위기- 당뇨망막증 외_#001,EBSDocumentary (EBS 다큐),279763,1109,2017-08-01 15:09:19+00:00,953,0.5,General,PreCovid_Supplement,3182,87.92049025769956,4.4877426025502025,1,1,0
NS2EJhsE-bc,당뇨,[5분 건강 톡톡] “고지혈증 치료제 당뇨병 위험 높인다”,KBS News,44326,421,2017-01-17 00:27:45+00:00,337,0.5,General,PreCovid_Supplement,3378,13.121965660153938,2.6477314334351965,1,1,0
B2nhQYS33BA,당뇨,당뇨 환자의 발기부전 팽창형 임플란트 사례 메디컬가이드 방송#1 (세움비뇨기과 박성훈 원장)(팽창형 보형물/세조각 보형물),세움비뇨기과_Center of Excellence,26886,76,2017-07-27 01:35:01+00:00,460,0.5,General,PreCovid_Supplement,3187,8.436146846564167,2.244547723798665,0,0,0
0tLpZ_gSJwY,당뇨,급성당뇨 혈당 600! 녹아버린 췌장! 당뇨치료법 바꾸고 건강을 되찾은 이채순씨의 사연!,당뇨TV#,25227,137,2017-01-11 01:12:36+00:00,346,0.5,General,PreCovid_Supplement,3384,7.454787234042553,2.134732817520908,0,0,0
9G9OLQraYAY,당뇨,15분 운동하면 땀으로 혈당 측정…새 당뇨 패치 개발 / YTN 사이언스,YTN 사이언스,9116,51,2017-03-20 03:21:07+00:00,102,0.5,General,PreCovid_Supplement,3316,2.749095295536791,1.321514556352243,0,0,0
1nTAPKXXwyE,당뇨,"[KNN메디컬24시닥터스]당뇨발,새 살 돋다 '17 07 29",삼천포서울병원,8396,82,2017-12-08 03:17:18+00:00,1522,0.5,General,PreCovid_Supplement,3053,2.75008188666885,1.3217776761889344,0,0,0
mC55PWfTXqE,당뇨,"2001. 12. 25. SBS뉴스_건강리포트_당뇨, 잘 먹으면서 치료한다",당뇨TV#,7857,24,2017-04-27 08:43:07+00:00,104,0.5,General,PreCovid_Supplement,3278,2.396888346552776,1.222859820387693,0,0,0
zajLQ0BdEAk,당뇨,"[황성수TV] 비만으로 시작된 고혈압과 당뇨, 점점 나빠지는 건강",황성수힐링스쿨,4639,56,2017-11-08 05:38:25+00:00,145,0.5,General,PreCovid_Supplement,3083,1.504703211157963,0.9181702489380312,0,0,0
Gwbot-_n0uA,당뇨,"당뇨 환자, 금연·혈당 관리했더니…합병증·의료비 ‘뚝’",KBS News,3720,20,2017-12-04 12:45:27+00:00,105,0.5,General,PreCovid_Supplement,3057,1.2168792934249264,0.7961004832452785,0,0,0
nSpWxK-gyk4,당뇨,기분나쁜 당뇨! 인슐린 펌프로 완치해서 내 건강은 내가 지킬 겁니다!,당뇨TV#,2607,50,2017-04-05 05:01:45+00:00,267,0.5,General,PreCovid_Supplement,3300,0.79,0.5822156198526637,0,0,0
NAAKpNUd2eQ,당뇨,당뇨병과 눈 건강: '당뇨망막병증' - 안과 김응석 교수,경희의료원,1789,30,2017-06-29 00:53:45+00:00,663,0.5,General,PreCovid_Supplement,3215,0.5564541213063764,0.442410234915082,0,0,0
KURaTlVpM68,당뇨,[MBC경남건강클리닉] 당뇨족부질환과 고압산소치료,삼천포서울병원,1362,15,2017-12-08 05:08:54+00:00,3138,0.5,General,PreCovid_Supplement,3053,0.44611857189649523,0.3688831203031825,0,0,0
QRuSFs8WkTw,당뇨,"당뇨환자에 나타나는 당뇨망막병증, 임신부도 조심해야 [건강프라임-시선뉴스]",시선뉴스 YouTube,859,7,2017-06-22 05:40:21+00:00,437,0.5,General,PreCovid_Supplement,3222,0.2666045934202359,0.236339771668886,0,0,0
pf0jZ4sklPU,당뇨,한국인 첫째 화 당뇨에 걸리는 ‘진짜 이유’ 건강 대해부 @좋은아침 5220회 20171208,SBS Entertainment,765,16,2017-12-08 11:00:05+00:00,209,0.5,General,PreCovid_Supplement,3053,0.25057320668195215,0.22360201155081505,0,0,0
mriqYLQcoCs,당뇨,[1분 건강상식] 당뇨발 예방수칙 / 상계백병원 족부족관절센터 정형진 교수,인제대학교 백병원,420,4,2017-08-02 00:56:09+00:00,66,0.5,General,PreCovid_Supplement,3181,0.13203395158755107,0.12401597189973113,0,0,0
jp3hCquse4Y,고혈압,[건강강좌] 고혈압 바로 알기(강동경희대병원 심장혈관내과 손일석 교수),강동경희대학교병원,260311,2838,2017-11-02 06:36:30+00:00,2320,0.5,General,PreCovid_Supplement,3089,84.27031401748138,4.445826375372736,0,0,0
EHqR-emb540,고혈압,고혈압이란?,EBS 건강 아카이브,24115,130,2017-11-22 04:08:14+00:00,34,0.5,General,PreCovid_Supplement,3069,7.85760834147931,2.181276789291977,0,0,1
4uMKQAKyi-4,고혈압,SBS 모닝와이드 TV의료분쟁 차트(Chart) '폐동맥 고혈압 11살 성은이' 편 법무법인 고도 이용환 변호사,변호사이용환,2485,6,2017-10-26 08:43:28+00:00,569,0.5,General,PreCovid_Supplement,3096,0.8026485788113695,0.5892570160788159,0,0,0
MrgPUY4SXxs,고혈압,[1분 건강상식] 고혈압 예방수칙 / 상계백병원 가정의학과 이선영 교수,인제대학교 백병원,2318,13,2017-09-26 08:59:23+00:00,68,0.5,General,PreCovid_Supplement,3126,0.7415227127319258,0.5547598527899349,0,0,0
jr7C6WH0wsA,고혈압,한림대학교한강성심병원 1분 건강정보 - 고혈압의 종류와 원인,한림대학교의료원,1967,7,2017-04-05 00:49:40+00:00,90,0.5,General,PreCovid_Supplement,3300,0.5960606060606061,0.46753847202881776,0,0,0
UkuXCCPeza0,고혈압,분당서울대학교병원 고혈압강의   1. 정의,분당서울대학교병원,1802,13,2017-02-27 06:52:50+00:00,240,0.5,General,PreCovid_Supplement,3337,0.540005993407252,0.43178630824085557,0,0,0
6tjUo_zSXDM,고혈압,"고혈압, 당뇨, 고지혈증에 의한 혈관 정밀의료 - 제이비내과",MVIOCD,241,0,2017-12-04 05:45:59+00:00,111,0.5,General,PreCovid_Supplement,3057,0.07883545960091592,0.0758821812287097,0,0,0
UGuRORFVTsE,고혈압,[20170823] 쿠키건강TV데일리 건강_고혈압,"대장항문전문병원, 한솔병원TV",139,0,2017-09-29 07:33:11+00:00,1217,0.5,General,PreCovid_Supplement,3123,0.044508485430675634,0.0435464258978806,0,0,0
97Fz_4e7E-8,고혈압,[TBC클리닉 건강365]만성 콩팥병과 고혈압의 은밀한 관계,TBC스마트교육원,136,1,2017-05-30 00:08:17+00:00,1500,0.5,General,PreCovid_Supplement,3245,0.041910631741140215,0.041056173569695625,0,0,0
e5riAE4BPhw,고혈압,찾아가는 우리마을 고혈압·당뇨병 건강교실,동작구청,115,0,2017-04-14 07:50:26+00:00,65,0.5,General,PreCovid_Supplement,3291,0.03494378608325737,0.03434711227929366,0,0,0
aCX0YZzfxts,암,(건강)무시하면 안되는 대장 암의 초기 증상은 편의 변화와 방귀! 원인은 식사에 있었다!,천공의 날개,61986,174,2017-10-22 11:42:13+00:00,181,0.5,General,PreCovid_Supplement,3100,19.995483870967742,3.044307360832606,3,1,0
UT9MStJ7bM8,암,"[김지수의 건강 36.5] 여성암 1위 유방암 정복, '10년 치료'에 달렸다 / 연합뉴스TV (Yonhapnews TV)",연합뉴스TV,50656,269,2017-02-04 02:08:40+00:00,577,0.5,General,PreCovid_Supplement,3360,15.076190476190476,2.777339324998379,1,1,0
cw9TrTWBzsM,암,[충남대학교병원 의료재활센터] 3-1 암재활 교육 (상지 림프부종 마사지),충남대학교병원,19790,137,2017-02-27 06:03:44+00:00,186,0.5,General,PreCovid_Supplement,3337,5.930476475876536,1.935928566375998,1,1,0
uhGQfuqAUOo,암,"[건강 백문백답] 항문에서 피가 나는데, 혹시 대장암? / 해운대백병원 대장항문외과 정원범 교수",인제대학교 백병원,19577,98,2017-08-02 02:12:18+00:00,224,0.5,General,PreCovid_Supplement,3181,6.154353976736875,1.96772111916781,1,1,0
ku2zDJx21Q0,암,쿠기TV 데일리건강 79회 복막전이암,이채영-통합치유,10838,112,2017-11-22 03:10:58+00:00,928,0.5,General,PreCovid_Supplement,3069,3.531443466927338,1.5110405348588747,1,1,0
z-lxZTLwjVM,암,"여유만만 - 건강검진 꽃 ‘CT검사’, 암을 유발할 수 있다는데? 20171130",KBS 교양,9959,54,2017-11-30 05:11:12+00:00,202,0.5,General,PreCovid_Supplement,3061,3.2535119242077752,1.4477449768171475,1,1,0
UtFaN657AIc,암,"[5분 건강 톡톡] 암수술, 나이는 숫자 불과!…80세 이상 위암 생존율 70%↑",KBS News,7155,39,2017-07-18 00:33:08+00:00,233,0.5,General,PreCovid_Supplement,3196,2.2387359198998746,1.1751831054975848,1,1,0
2yW0jcEaqxo,암,[TBC클리닉 건강365]최첨단 암 검사 PET - CT,TBC스마트교육원,6919,71,2017-08-28 01:59:17+00:00,1541,0.5,General,PreCovid_Supplement,3155,2.193026941362916,1.1609693513302823,1,1,0
pbDg8hQa0F4,암,[5분 건강 톡톡] 암 환자 울리는 고가 항암 신약…해법은?,KBS News,6888,38,2017-01-24 00:40:07+00:00,345,0.5,General,PreCovid_Supplement,3371,2.043310590329279,1.112945932853652,1,1,0
RLCwMT_r2i8,암,"[국방뉴스]17.04.12  '건강이 보인다'  - 신장암, 무엇보다 조기 발견이 중요!",KFN,4953,21,2017-04-12 06:49:57+00:00,230,0.5,General,PreCovid_Supplement,3293,1.5040996052232007,0.9179292308904811,1,1,0
21LE3LIEqoQ,암,강북삼성병원 [건강을 만나다] 우리와 가까운 대장암 - 소화기내과 정윤숙 교수,강북삼성병원,3614,37,2017-07-12 02:11:44+00:00,513,0.5,General,PreCovid_Supplement,3202,1.1286695815115553,0.7554971749524917,1,1,0
YhnEsoQkwlY,암,"대장암 이겨낸 김승환, 건강을 되찾을 수 있었던 생활 습관 알짜왕 21회",JTBC Entertainment,2231,14,2017-04-09 00:44:46+00:00,181,0.5,General,PreCovid_Supplement,3296,0.6768810679611651,0.5169355608039007,1,1,0
2meru41aDjc,암,"대장암 위험 인자, 가장 위험한 청소년 건강 적신호 (!) 진짜 의사가 돌아왔다 23회",JTBC Entertainment,1741,12,2017-10-28 06:10:13+00:00,128,0.5,General,PreCovid_Supplement,3094,0.5627020038784745,0.4464163767543833,3,1,0
zVljG6g8RlU,암,[부산백병원 건강강좌] 전립선암의 수술적 치료 / 비뇨기과 서원익 교수,부산백병원,1476,13,2017-09-25 08:50:17+00:00,2421,0.5,General,PreCovid_Supplement,3127,0.4720179085385353,0.3866341863594001,1,1,0
PUC4Ei0XhQM,암,국가건강검진 - 암검진 편,국민건강보험일산병원,1272,5,2017-11-07 10:56:48+00:00,44,0.5,General,PreCovid_Supplement,3084,0.41245136186770426,0.3453267493696309,1,1,1
GfkPkdcH4ZM,암,바로 알고 제대로 대처하는 대장암[SMC 국민건강 프로젝트],삼성서울병원,1154,4,2017-08-29 06:19:32+00:00,596,0.5,General,PreCovid_Supplement,3154,0.3658845909955612,0.3118022707532955,1,1,0
DgIy3maTKwo,암,무엇이든 물어보세요 - 국가 건강검진으로 암 발견한 사례자 20170306,KBS 교양,1063,4,2017-03-06 04:59:21+00:00,161,0.5,General,PreCovid_Supplement,3330,0.3192192192192192,0.27704006100129003,1,1,0
pcjnInh-gWA,암,"[TBC클리닉 건강365]대장암 수술, 그 이후..",TBC스마트교육원,716,7,2017-05-31 00:25:02+00:00,1321,0.5,General,PreCovid_Supplement,3244,0.22071516646115907,0.1994368890132227,1,1,0
_kyB0N621Tg,암,"(의료비 경감 대책) 암 환자 대상, MRI·초음파 건강보험 급여 가능 진짜 의사가 돌아왔다 14회",JTBC Entertainment,695,10,2017-08-19 02:59:03+00:00,194,0.5,General,PreCovid_Supplement,3164,0.21965865992414665,0.19857103265007425,1,1,0
17bjn4NbsIE,암,암 조기 발견 일등공신?! ‘건강검진’ (살맛나십쇼) @좋은아침 5163회 20170912,SBS Entertainment,558,3,2017-09-12 07:30:15+00:00,180,0.5,General,PreCovid_Supplement,3140,0.17770700636942674,0.1635693330447711,1,1,0
omiQTS2EsXI,갑상선,갑상선치료 장덕한방병원,장덕한방병원 갑상선센터,174801,84,2017-11-13 10:06:45+00:00,21,0.5,General,PreCovid_Supplement,3078,56.79044834307992,4.056823508442522,0,0,1
_DuDwF43kL0,갑상선,"[건강프라임] 갑상선 기능 항진증 환자, 함부로 운동하면 위험해 / 김지영 아나운서",시선뉴스 YouTube,42304,329,2017-12-15 03:21:18+00:00,438,0.5,General,PreCovid_Supplement,3046,13.888378200919238,2.7005809220881756,1,1,0
hHncOvldQyA,갑상선,갑상선암 이겨낸 오영실의 건강해지는 생활습관 大공개! 알짜왕 16회,JTBC Entertainment,21564,144,2017-03-02 00:50:39+00:00,188,0.5,General,PreCovid_Supplement,3334,6.4679064187162565,2.0106146946309917,1,1,0
HtoBi2Au5_c,갑상선,[메디텔] 허당닥터 갑상선 초음파 검사하다!,의학채널 비온뒤,19953,140,2017-06-20 10:30:00+00:00,845,0.5,General,PreCovid_Supplement,3224,6.188895781637717,1.9725375829760405,0,0,0
n9yQsj_Fpqw,갑상선,갑상선 암,건국대학교병원,13131,133,2017-11-07 07:21:11+00:00,3011,0.5,General,PreCovid_Supplement,3084,4.257782101167315,1.6597092840581982,1,1,0
chLPSzfwVQg,갑상선,"김일봉 원장 동영상 초음파 증례토의(188)-①좌측 갑상선 상부의 유두암 ② 우측 갑상선, 좌측 갑상선 하부의 선종양 결절(F/52)",김일봉,1078,13,2017-01-20 06:11:43+00:00,710,0.5,General,PreCovid_Supplement,3375,0.3194074074074074,0.2771827020150722,1,1,0
-I8Jppte8zA,갑상선,갑상선 기능항진증 50대에 가장 흔해,보건복지부TV,855,1,2017-02-24 08:11:34+00:00,31,0.5,General,PreCovid_Supplement,3340,0.2559880239520958,0.22792253293056045,0,0,1
Nu_eW2GiUsg,갑상선,[KCTV건강정보] 갑상선기능 항진증 - 현대병원 장현주 원장,KCTV광주방송,470,6,2017-04-28 04:37:42+00:00,206,0.5,General,PreCovid_Supplement,3277,0.14342386328959414,0.13402715009487276,0,0,0
gceBYFwmbRQ,갑상선,[창원파티마병원] 갑상선 암,창원파티마병원,404,0,2017-12-12 07:45:53+00:00,98,0.5,General,PreCovid_Supplement,3049,0.13250245982289274,0.12442975040173754,1,1,0
yLL9FPY3PnM,갑상선,건강 365 [30회] 갑상선 질환 / YTN 라이프,YTN 밀덕스,365,3,2017-08-03 11:54:15+00:00,1585,0.5,General,PreCovid_Supplement,3180,0.11477987421383648,0.10865696319200535,0,0,0
foBR0y0A0ZQ,갑상선,[부산백병원 건강강좌] 갑상선암의 진단과 치료 / 내분비대사내과 이순희 교수,부산백병원,282,4,2017-08-23 01:07:51+00:00,1089,0.5,General,PreCovid_Supplement,3160,0.08924050632911393,0.08548067019052694,1,1,0
JG_vfgLui5s,갑상선,[KCTV건강정보- 갑상선기능항진증]광주현대병원 장현주원장,KCTV광주방송,226,0,2017-04-13 07:41:44+00:00,206,0.5,General,PreCovid_Supplement,3292,0.06865127582017011,0.06639736350054305,0,0,0
tbsVmV133l8,갑상선,[시연용] b0187aako 대한검진의학회 갑상선초음파검사 안내 건강검진,HealthBreeze헬스브리즈,151,2,2017-05-23 01:32:59+00:00,108,0.5,General,PreCovid_Supplement,3252,0.0464329643296433,0.04538720383320452,0,0,0
ShSczPr84sU,관절염,관절염 싹 가신 관절여왕의 비법! [황수경의 생활보감] 13회 20170702,TVCHOSUN - TV조선,10039,23,2017-07-02 02:00:01+00:00,94,0.5,General,PreCovid_Supplement,3212,3.12546699875467,1.4171792251979838,0,0,0
loIn6gAtUcQ,관절염,"관절염, 수술 후에 아픈 이유 - 사랑플러스 건강 톡톡 19회",C채널방송 : TV,5620,73,2017-09-26 05:09:54+00:00,538,0.5,General,PreCovid_Supplement,3126,1.7978246960972488,1.0288422209914438,0,0,0
fMY7teN0u9I,관절염,[건강] 퇴행성 무릎 관절염 예방법!,케이웨더,699,8,2017-05-17 05:24:55+00:00,241,0.5,General,PreCovid_Supplement,3258,0.214548802946593,0.19437265222343386,0,0,0
waIrV8nMx4M,관절염,"[5분 건강 톡톡] 여성, 무릎관절염 위험 더 높아",KBS News,561,6,2017-06-06 00:19:26+00:00,263,0.5,General,PreCovid_Supplement,3238,0.17325509573810993,0.15978201895004512,1,1,0
-i_TfLUcc14,관절염,관절염 막는 봄철 건강식품 ‘멸치’ (살맛나십쇼) @좋은아침 5042회 20170313,SBS Entertainment,514,11,2017-03-13 06:59:47+00:00,123,0.5,General,PreCovid_Supplement,3323,0.15467950647005718,0.1438228218923581,0,0,0
UVlMFjFiO0E,관절염,류마티스 관절염과 퇴행성 관절염의 차이점 / YTN 라이프,YTN 밀덕스,419,2,2017-02-15 04:34:07+00:00,38,0.5,General,PreCovid_Supplement,3349,0.12511197372349955,0.11788256290204908,0,0,1
l5lGV_SR6vk,관절염,류머티즘성 관절염 - 사랑플러스 건강 톡톡 44회,C채널방송 : TV,348,7,2017-12-20 04:52:34+00:00,491,0.5,General,PreCovid_Supplement,3041,0.11443604077606051,0.1083484839296867,0,0,0
92GJDT4XGuw,관절염,마이크로의료로봇으로 관절염 치료…2021년 상용화 / 연합뉴스TV (YonhapnewsTV),연합뉴스TV,309,1,2017-10-30 11:41:54+00:00,101,0.5,General,PreCovid_Supplement,3092,0.0999353169469599,0.09525137529988288,0,0,0
ceb8avmO_n4,관절염,"건강한의사 김용진원장의 퇴행성관절염의 증상과 원인, 한방치료법",봄한의사 김용진,261,1,2017-01-24 05:32:18+00:00,391,0.5,General,PreCovid_Supplement,3371,0.07742509641056067,0.07457402448712319,1,1,0
XHMUo_Si5Nw,관절염,"관절염, 수술을 해야 할까요? - 사랑플러스 건강 톡톡 17회",C채널방송 : TV,236,2,2017-09-19 04:59:22+00:00,546,0.5,General,PreCovid_Supplement,3133,0.07532716246409192,0.07262495245436114,0,0,0
fnU__BtKpwQ,관절염,계속해서 증가하고 있는 퇴행성관절염 환자 [건강 나눔 프로젝트 청.바.지] 15회 20171013,TVCHOSUN - TV조선,202,0,2017-10-13 06:18:25+00:00,91,0.5,General,PreCovid_Supplement,3109,0.06497266001929881,0.06294912748849246,0,0,0
2uzGfgElTUk,관절염,[창원파티마병원] 시민건강아카데미 - 류마티스관절염,창원파티마병원,198,0,2017-11-08 09:54:33+00:00,2535,0.5,General,PreCovid_Supplement,3083,0.06422315926046059,0.06224510507495127,0,0,0
OUnPITdALto,관절염,50대에 찾아온 관절염의 원인 [건강 나눔 프로젝트 청.바.지] 15회 20171013,TVCHOSUN - TV조선,196,1,2017-10-13 06:18:25+00:00,73,0.5,General,PreCovid_Supplement,3109,0.06304277902862657,0.061135342227032846,0,0,0
dm4Ydy7oua4,관절염,건강 365 [7회] 류마티스 관절염 / YTN 라이프,YTN 밀덕스,190,2,2017-02-15 04:31:14+00:00,1431,0.5,General,PreCovid_Supplement,3349,0.05673335323977307,0.05518240755125879,0,0,0
WnfTyGFVzug,관절염,무릎 관절염의 치료 [건강클리닉] 171222,엠키타카 MKTK,146,0,2017-12-22 05:12:41+00:00,3080,0.5,General,PreCovid_Supplement,3039,0.048042119118130965,0.046923775089470654,0,0,0
yhlH1C-Q9xM,관절염,[TBC클리닉 건강365]노년층을 괴롭히는 무릎 퇴행성 관절염,TBC스마트교육원,139,0,2017-05-31 02:19:54+00:00,1846,0.5,General,PreCovid_Supplement,3244,0.04284833538840937,0.04195575354540493,0,0,0
MqOhw-AAAVM,관절염,[이데일리TV] 건강아이콘 36.5 - 무릎관절염의 원인과 치료,사랑플러스병원,104,1,2017-03-28 06:17:10+00:00,2079,0.5,General,PreCovid_Supplement,3308,0.03143893591293833,0.030954852467987803,0,0,0
GtEgb-UZoyU,허리디스크,허리디스크 환자가 집에서 할 수 있는 운동은?,자생한방병원,139691,928,2017-09-07 08:06:38+00:00,89,0.5,General,PreCovid_Supplement,3145,44.41685214626391,3.815883228821339,0,0,0
UJDe-1lTUm8,허리디스크,허리디스크에 좋은 허리 운동 (어머 이건 꼭 해야돼!),건강의학전문채널 하이닥,82186,736,2017-06-16 01:15:13+00:00,290,0.5,General,PreCovid_Supplement,3228,25.460346964064435,3.2756472713772715,0,0,0
aO2vuxmhWyw,허리디스크,"허리디스크 , 걷기만 하면 허리,다리가 당기는 통증이 심한분은 꼭 보십시요.",전기신경치료학회 KCNES 통증치료 ,55475,200,2017-10-17 23:45:38+00:00,736,0.5,General,PreCovid_Supplement,3105,17.86634460547504,2.9373796260141454,0,0,0
8N6phM3PMgE,허리디스크,2.목디스크 환자는 꼭 보세요. 목디스크와 허리디스크의 차이,전기신경치료학회 KCNES 통증치료 ,50674,350,2017-04-17 01:15:51+00:00,339,0.5,General,PreCovid_Supplement,3288,15.411800486618004,2.798000617950967,0,0,0
N9e738HXdWc,허리디스크,"허리 디스크 , 급성요통 빠르게 치료하기. 기적이라고도 하죠.. 오래고생하면 바보,오래고생 시키면 바보같은 병원",전기신경치료학회 KCNES 통증치료 ,45497,201,2017-02-10 02:43:06+00:00,712,0.5,General,PreCovid_Supplement,3354,13.564997018485391,2.6786211857073186,0,0,0
u84QLLjMCwU,허리디스크,허리디스크에 좋은 운동과 나쁜 운동 무엇이 있을까?,평촌우리병원 '우리관절이야기',43308,153,2017-07-03 08:34:22+00:00,88,0.5,General,PreCovid_Supplement,3211,13.487387106820306,2.673278416181345,0,0,0
Gbz9Cx1_NRk,허리디스크,디스크닥터 WG50 G2 - 허리디스크 견인치료 허리보호대/허리견인기 재활운동,디스크닥터,39905,46,2017-09-15 01:46:18+00:00,186,0.5,General,PreCovid_Supplement,3137,12.72075231112528,2.618909453966852,0,0,0
A1ifxmBnLgs,허리디스크,건강365 [5회] 허리디스크 / YTN 라이프,YTN 밀덕스,38643,204,2017-02-01 04:45:45+00:00,1469,0.5,General,PreCovid_Supplement,3363,11.490633363068689,2.524979032464983,0,0,0
KYI6sxgKZNM,허리디스크,허리디스크에 걸리면 다리까지 아프다?! / YTN 라이프,YTN 밀덕스,36654,140,2017-02-01 03:37:21+00:00,92,0.5,General,PreCovid_Supplement,3363,10.899197145405887,2.476470931068884,0,0,0
lTB-vPwVw1w,허리디스크,"허리 디스크, 협착증 급성요통환자가 치료후 깜짝 놀랍니다. 이렇게 좋아진다니 믿기지가 않아요.. miracle! acute back pain",전기신경치료학회 KCNES 통증치료 ,32142,86,2017-03-08 04:16:29+00:00,165,0.5,General,PreCovid_Supplement,3328,9.658052884615385,2.3663157458265682,0,0,0
zGJTDwVSjIA,허리디스크,명의ㅡ척추 (디스크)수술할것인가 말것인가?,bro CHOI (1892),27280,136,2017-12-16 13:34:08+00:00,2666,0.5,General,PreCovid_Supplement,3045,8.958949096880131,2.2984715536682536,0,0,0
OPB5rrMzzFw,허리디스크,"허리통증,허리디스크 좌골신경통은 오래고생하는병?",전기신경치료학회 KCNES 통증치료 ,25880,118,2017-03-26 23:50:57+00:00,736,0.5,General,PreCovid_Supplement,3310,7.818731117824774,2.176877995477052,0,0,0
hWxS35qcEyM,허리디스크,"허리 디스크 수술 결정환자, 버티면 이겨낼수 있습니다. 통증완화에 뛰어난 전기신경치료 과정 해설 영상",전기신경치료학회 KCNES 통증치료 ,21700,87,2017-03-08 03:06:49+00:00,853,0.5,General,PreCovid_Supplement,3328,6.5204326923076925,2.017623675177155,0,0,0
TNP7M7SrgxE,허리디스크,울산 허리디스크 치료의 원리,김실장,20404,286,2017-04-11 10:14:43+00:00,650,0.5,General,PreCovid_Supplement,3294,6.194292653309047,1.9732880246390996,0,0,0
qR7R9hq2fE8,허리디스크,허리디스크와 척추관협착증_[건강클리닉]171110,엠키타카 MKTK,16906,175,2017-11-10 05:17:29+00:00,3102,0.5,General,PreCovid_Supplement,3081,5.487179487179487,1.8698278425978738,0,0,0
qL2nEb4qNBU,허리디스크,허리디스크ㅣ 바른세상병원 척추클리닉 이병규 원장,바른세상병원,13367,193,2017-09-06 08:05:59+00:00,124,0.5,General,PreCovid_Supplement,3146,4.248887476160204,1.6580161448447652,0,0,0
hRypWQZ9LKY,허리디스크,울산 허리디스크 치료 재활운동,김실장,10066,138,2017-04-15 01:30:15+00:00,374,0.5,General,PreCovid_Supplement,3290,3.0595744680851062,1.4010781573041275,0,0,0
TNvx4WtfzLY,허리디스크,맥켄지운동 응용: 허리디스크,정한석,5740,29,2017-05-08 01:29:04+00:00,150,0.5,General,PreCovid_Supplement,3267,1.7569635751453934,1.0141299201826728,0,0,0
ZLocHv21jYE,허리디스크,울산 허리디스크 원인을 알아야 고칠 수 있다!,김실장,4947,80,2017-04-11 09:29:57+00:00,378,0.5,General,PreCovid_Supplement,3294,1.5018214936247722,0.9170190640257979,0,0,0
rC-jcwZB7BA,전립선,전립선암검사 PSA 꼭 필요한가요?,조동혁의100세 건강시대,115719,2392,2017-05-26 15:08:12+00:00,483,0.5,General,PreCovid_Supplement,3249,35.61680517082179,3.6005072926994193,1,1,0
jRdJysMyJ2w,전립선,전립선비대증과 자위행위,팩토리붐,105074,138,2017-04-24 07:27:37+00:00,88,0.5,General,PreCovid_Supplement,3281,32.024992380371835,3.497264619685329,0,0,0
S9T4v9nxRgc,전립선,만성전립선염은 치료가 힘든 질환이다??,후후비당고한의원 - 대사질환 性지식채널,7982,57,2017-09-27 18:34:11+00:00,150,0.5,General,PreCovid_Supplement,3125,2.55424,1.2681412569966182,0,0,0
I-iXVPERPhI,전립선,"안상원 박사 / 봉침효과? 전립선염,전립선비대증 봉침치료. 매일경제tv 건강한의사.",안상원 박사,5293,35,2017-06-16 00:58:12+00:00,520,0.5,General,PreCovid_Supplement,3228,1.639714993804213,0.9706709544381166,0,0,0
oRzNvRjRKh0,전립선,전립선비대증 음낭수종!! 건강한의사의 진료상담 영상,한의학건강한의사,2333,16,2017-08-25 09:51:47+00:00,1223,0.5,General,PreCovid_Supplement,3158,0.7387587080430652,0.5531714724632851,0,0,0
FzFTvujXf6E,전립선,건강한의사 김용진 원장의   전립선염의 한의학적원인과 한방치료법,봄한의사 김용진,1473,10,2017-02-08 04:24:51+00:00,584,0.5,General,PreCovid_Supplement,3356,0.4389153754469607,0.3638896182864451,0,0,0
zDAMfP7KHfM,전립선,안상원 박사 / 전립선염 봉약침치료가 효과적이다? 매일경제TV 건강한의사.,안상원 박사,1111,8,2017-06-15 10:31:01+00:00,571,0.5,General,PreCovid_Supplement,3229,0.34406937132239085,0.29570185633617535,0,0,0
1bIeQ7RFYNk,전립선,"멀쩡한 사람, 암판정에 전립선 제거까지…'못 믿을 대학병원'",뉴스TVCHOSUN,1096,9,2017-11-28 13:59:46+00:00,87,0.5,General,PreCovid_Supplement,3063,0.3578191315703559,0.3058798329101365,1,1,0
YVvEKYgSKr0,전립선,똑!똑!TV건강상담 - 전립선비대증 고민해결 프로젝트,트루맨남성의원,1095,3,2017-02-07 07:09:55+00:00,559,0.5,General,PreCovid_Supplement,3357,0.3261840929401251,0.2823057154154005,0,0,0
m6Sfd34tyzE,전립선,[시연용] b0189aako 대한검진의학회 전립선초음파검사 안내 건강검진,HealthBreeze헬스브리즈,945,3,2017-05-23 01:32:59+00:00,39,0.5,General,PreCovid_Supplement,3252,0.29059040590405905,0.2550997926658896,0,0,1
MsLYz99e-bY,전립선,전립선비대증 한방치료!! 건강한의사 :),한의학건강한의사,632,7,2017-08-17 11:01:10+00:00,840,0.5,General,PreCovid_Supplement,3166,0.1996209728363866,0.18200565093127372,0,0,0
Tpb-WkM083U,전립선,전립선비대증 검사는 어떻해 이루어지는가,유쾌한비뇨기과no1,283,0,2017-04-25 06:22:40+00:00,37,0.5,General,PreCovid_Supplement,3280,0.08628048780487804,0.08275946422764663,0,0,1
v-gTHl-4ChQ,전립선,전립선 비대증 ㅡ전립선비대증과 방광을 위한 건강기능식품 제조 특허를 받은 옥타사발플러스 강추!,G.R.Group Gemmakorea,275,2,2017-12-17 16:17:12+00:00,306,0.5,General,PreCovid_Supplement,3044,0.09034165571616294,0.08649109273839815,0,0,0
65L7Px7LVw8,전립선,엘레오틴 교육 영상: 전립선 건강,거꾸로 보는 세상,259,3,2017-07-19 22:14:28+00:00,123,0.5,General,PreCovid_Supplement,3195,0.0810641627543036,0.07794589189498874,0,0,0
zolKxmHlD0U,전립선,"TV닥터 건강클리닉 최예철 과장전립선 질환, 46분 30초",클라우드엠서클,201,0,2017-12-14 05:47:39+00:00,2819,0.5,General,PreCovid_Supplement,3047,0.06596652445027897,0.06388192229585953,0,0,0
j2Qo9-AWgqk,전립선,방광건강캠페인 - 전립선비대증 증상&영향,Taeju Noh,196,1,2017-07-03 05:32:35+00:00,125,0.5,General,PreCovid_Supplement,3211,0.06104017440049829,0.05924972357145264,1,1,0
-eFhcYDutU4,전립선,[TBC클리닉 건강365]전립선 질환의 치료,TBC스마트교육원,104,1,2017-05-30 00:47:44+00:00,1860,0.5,General,PreCovid_Supplement,3245,0.03204930662557781,0.031546443656014216,0,0,0
A-NHpRAlNUw,치매,메디컬 다큐 7요일 - 나를 잊지 마오- 치매병동 외_#002,EBSDocumentary (EBS 다큐),4092933,20743,2017-05-24 11:10:33+00:00,856,0.5,General,PreCovid_Supplement,3251,1258.9766225776684,7.138848446263618,0,0,0
XNAtPvYfQeM,치매,메디컬 다큐 7요일 - 나를 잊지 마오- 치매병동 외_#003,EBSDocumentary (EBS 다큐),1268622,6888,2017-05-24 11:11:57+00:00,1087,0.5,General,PreCovid_Supplement,3251,390.2251614887727,5.969283254826383,0,0,0
gpaeKTHcJ4w,치매,"메디컬 다큐 7요일 - 한결같은 사랑, 70년- 치매 외_#001",EBSDocumentary (EBS 다큐),173725,598,2017-11-01 09:10:22+00:00,1333,0.5,General,PreCovid_Supplement,3090,56.22168284789644,4.046932897324001,0,0,0
aFp2mn6iKvc,치매,[신 직업의 발견 171102] 치매예방관리사,잡플러스TV,21661,186,2017-11-03 10:56:27+00:00,3419,0.5,General,PreCovid_Supplement,3088,7.0145725388601035,2.0812614519955006,0,0,0
e5tvffnLbu8,치매,치매 증상과 치료법 - 사랑플러스 건강 톡톡 30회,C채널방송 : TV,4458,41,2017-11-01 02:52:52+00:00,570,0.5,General,PreCovid_Supplement,3090,1.4427184466019418,0.8931115365966498,1,1,0
7rOfDaBSrYI,치매,[KMA TV 건강정보] 나도 피할 수 없다. 치매 예방 및 관리,대한의사협회,3400,18,2017-10-24 07:45:37+00:00,370,0.5,General,PreCovid_Supplement,3098,1.0974822466107166,0.7407376952522317,0,0,0
1icVsqDS7Oo,치매,"4~50대 '만성 염증', 20년 후엔 치매 만든다 / SBS",SBS 뉴스,2544,8,2017-11-04 13:10:01+00:00,125,0.5,General,PreCovid_Supplement,3087,0.8241010689990281,0.6010873007524592,0,0,0
5yohRCT7KJg,치매,건강식품 브로콜리…'치매' 예방에도 효과 / YTN 사이언스,YTN 사이언스,1222,13,2017-02-16 17:34:17+00:00,101,0.5,General,PreCovid_Supplement,3348,0.36499402628434885,0.3111500522788844,0,0,0
0X-NW7dVlEg,치매,건강보험 혜택으로 중증 치매 환자 치료비 부담 10% 진짜 의사가 돌아왔다 14회,JTBC Entertainment,1176,8,2017-08-19 03:40:42+00:00,152,0.5,General,PreCovid_Supplement,3164,0.37168141592920356,0.31603729820690607,0,0,0
TQYWap4Y6A8,치매,치매?! 우울증?! 구별법은? / YTN 라이프,YTN 밀덕스,991,6,2017-05-04 21:23:54+00:00,163,0.5,General,PreCovid_Supplement,3271,0.3029654539896056,0.2646427851201785,0,0,0
Qi7nax-8FWg,치매,[건강 백문백답] '깜빡깜빡' 건망증이 심하면 치매인가요? / 해운대백병원 신경과 박진세 교수,인제대학교 백병원,686,7,2017-11-16 08:24:36+00:00,339,0.5,General,PreCovid_Supplement,3075,0.22308943089430894,0.20137997822971812,0,0,0
pruyOYJajb4,치매,60세 이상 치매의심환자 MRI 건강보험 적용 / YTN 사이언스,YTN 사이언스,640,2,2017-12-27 03:21:44+00:00,46,0.5,General,PreCovid_Supplement,3034,0.2109426499670402,0.19139910586659342,0,0,1
ySNVFyIlxDs,치매,인천사랑병원 뇌건강치매센터 '백세총명 뇌건강교실',인천사랑병원,548,4,2017-08-11 04:55:09+00:00,156,0.5,General,PreCovid_Supplement,3172,0.17276166456494324,0.1593613645124536,0,0,0
pv9dIaqyBFI,치매,'노인장기요양보험' 65세 미만이어도 치매라면 혜택 OK 진짜 의사가 돌아왔다 20회,JTBC Entertainment,515,8,2017-09-30 04:00:09+00:00,140,0.5,General,PreCovid_Supplement,3122,0.1649583600256246,0.15268534391161168,0,0,0
-sxSDqJsAhk,치매,건강플러스 - 남구 치매 주간보호센터 소개,미추홀구 미추홀릭TV,375,3,2017-12-06 06:53:04+00:00,148,0.5,General,PreCovid_Supplement,3055,0.12274959083469722,0.11578066855428991,0,0,0
VILsLNp83kM,치매,[창원파티마병원] 시민건강 아카데미 - 치매,창원파티마병원,180,0,2017-11-07 05:53:57+00:00,2757,0.5,General,PreCovid_Supplement,3084,0.058365758754863814,0.05672598140077752,0,0,0
Lq9rWHIGGII,뇌졸중,[TBC클리닉 건강365]세계 뇌졸중의 날 특집 - 뇌졸중의 재활치료 바로 알기,TBC스마트교육원,24032,228,2017-05-30 08:51:00+00:00,3554,0.5,General,PreCovid_Supplement,3245,7.405855161787366,2.128928506097503,0,0,0
gJxO8-DIShY,뇌졸중,"얼굴 떨리는 안면경련, 뇌졸중과 연관없다 [건강프라임-시선뉴스]",시선뉴스 YouTube,15449,105,2017-06-22 03:00:24+00:00,355,0.5,General,PreCovid_Supplement,3222,4.794847920546244,1.7569692332284161,0,0,0
2A1qBDpbQEs,뇌졸중,뇌졸중과 당뇨병은 어떤 연관성이 있나요?[1분 메디캠_뇌졸중 편],삼성서울병원,2142,24,2017-08-28 00:15:13+00:00,75,0.5,General,PreCovid_Supplement,3155,0.6789223454833597,0.5181521265692132,0,0,0
IBQx7IR15Ns,뇌졸중,[5분 건강 톡톡] ‘들쭉날쭉’ 혈압…심장병·뇌졸중 위험,KBS News,2071,25,2017-02-07 00:29:12+00:00,353,0.5,General,PreCovid_Supplement,3357,0.6169198689305928,0.48052302397472485,1,1,0
M5M9cqnqITY,뇌졸중,"대한민국 사망 원인 2위 뇌졸중, 홍삼으로 뇌혈관 건강 지킬 수 있다? [건강프라임-시선뉴스]",시선뉴스 YouTube,774,6,2017-06-21 02:29:46+00:00,318,0.5,General,PreCovid_Supplement,3223,0.2401489295687248,0.21523147689588568,1,1,0
Lb-1xNA3RK0,뇌졸중,건강 망치는 나트륨! 뇌졸중을 일으킨다고?,서울예스병원,277,9,2017-11-08 09:14:31+00:00,45,0.5,General,PreCovid_Supplement,3083,0.08984755108660396,0.08603782507109957,0,0,1
4gBb6BB1eMk,뇌졸중,생방송 건강클리닉 2017 01 06 뇌졸중의 예방과 치료,구 MBCGN,176,0,2017-01-06 07:36:36+00:00,3141,0.5,General,PreCovid_Supplement,3389,0.05193272351726173,0.05062916124134497,0,0,0
GVzhlejkTaM,뇌졸중,[TBC클리닉 건강365]뇌졸중 알면 산다!,TBC스마트교육원,109,1,2017-05-30 00:17:22+00:00,1294,0.5,General,PreCovid_Supplement,3245,0.03359013867488444,0.03303831324496379,0,0,0
YhblGqFfDb4,심장,심장건강에 체중감소가 더 좋을까 vs. 운동량의 증가가 더 좋을까?,조동혁의100세 건강시대,29480,527,2017-03-04 06:56:28+00:00,465,0.5,General,PreCovid_Supplement,3332,8.847539015606243,2.2872215778359073,0,0,0
2uPP8nWuVA4,심장,SBS모닝와이드 TV의료분쟁차트 '분만 중 심장이 멈춘 아기'편 ㅣ법무법인고도 이용환변호사,변호사이용환,16505,44,2017-05-15 06:23:22+00:00,488,0.5,General,PreCovid_Supplement,3260,5.0628834355828225,1.8021855013700325,0,0,0
srHi1T6oufQ,심장,걷기 좋은 계절...'제2의 심장' 발 건강 지키자 / YTN, YTN,3929,16,2017-05-03 01:07:53+00:00,101,0.5,General,PreCovid_Supplement,3272,1.200794621026895,0.7888184865262292,0,0,0
8p63_l5ZD8Q,심장,'수면무호흡증'을 치료하면 심장건강도 좋아진다?!,이우정TV,2390,36,2017-12-04 07:38:21+00:00,382,0.5,General,PreCovid_Supplement,3057,0.7818122342165522,0.5776309554928399,0,0,0
X33Qse3y3eg,심장,인체생리학_8장 심장(순천향대학교 의료IT공학과),김harry,1487,6,2017-11-30 13:49:58+00:00,1611,0.5,General,PreCovid_Supplement,3061,0.4857889578569095,0.39594591592501416,0,0,0
jEJWVMvsekM,심장,"20170601 전북대학교병원-심장내과 이상록 교수, 티브로드 '건강길라잡이' 출연",전북대학교병원,878,3,2017-06-01 07:23:21+00:00,542,0.5,General,PreCovid_Supplement,3243,0.27073697193956214,0.23959702503149938,0,0,0
NyDK19mittE,심장,[국방뉴스]17.03.08 장병 건강 프로젝트 '건강이 보인다'  심장 제세동기 삽입술,KFN,838,8,2017-03-09 11:18:38+00:00,230,0.5,General,PreCovid_Supplement,3327,0.2518785692816351,0.22464527858246633,0,0,0
oStyYjUZzhk,심장,[TBC클리닉 건강365]삶과 죽음의 경계 심장정지,TBC스마트교육원,831,2,2017-05-30 08:45:35+00:00,1617,0.5,General,PreCovid_Supplement,3245,0.2560862865947612,0.22800076520442505,0,0,0
zjj-mn9wZ40,심장,"치주염 있는 사람, 심장도 문제 있을 확률 높아! [내 몸 사용설명서] 145회 20170315",TVCHOSUN - TV조선,502,1,2017-03-14 22:00:04+00:00,90,0.5,General,PreCovid_Supplement,3322,0.15111378687537627,0.14072998399805173,0,0,0
CHp5ZFzdokI,심장,한파 속 ‘심장 건강’ 빨간불…“외출땐 모자 필수”,KBS News,477,4,2017-02-02 13:37:53+00:00,101,0.5,General,PreCovid_Supplement,3362,0.14187983343248067,0.1326758810322368,0,0,0
c-MW3kASw-U,심장,[TBC클리닉 건강365]떼려야 뗄 수 없는 심장과 뇌 심인성 뇌경색,TBC스마트교육원,454,6,2017-05-29 08:11:05+00:00,1712,0.5,General,PreCovid_Supplement,3246,0.1398644485520641,0.1309093505577793,0,0,0
96NIIxLYVsM,심장,"'진료실 밖에서 듣는 건강이야기' / Q. 화병으로 가슴이 아프면, 심장혈관센터로 가야 하나요?",세종병원TV,368,3,2017-12-08 00:00:14+00:00,73,0.5,General,PreCovid_Supplement,3053,0.12053717654765804,0.11380819224272683,0,0,0
Cd6n3bhtyOQ,심장,동천동강병원 심장혈관센터 UCC,동천동강병원,319,3,2017-04-07 08:41:03+00:00,240,0.5,General,PreCovid_Supplement,3298,0.09672528805336568,0.09232872883255375,0,0,0
bd0pCi1a1VE,심장,[시연용] b0195aako 대한검진의학회 심장초음파검사 안내 건강검진,HealthBreeze헬스브리즈,244,2,2017-05-23 01:41:28+00:00,57,0.5,General,PreCovid_Supplement,3252,0.07503075030750307,0.07234926610772485,0,0,1
IHN9_Gkn9mw,심장,"""심장 건강 떨어지면 기억력도 저하"" / YTN 사이언스",YTN 사이언스,233,1,2017-11-10 05:12:01+00:00,30,0.5,General,PreCovid_Supplement,3081,0.07562479714378449,0.07290169938984031,0,0,1
gXUbTqXmVWU,심장,"[안동MBC뉴스]안동병원 심장건강 캠페인.. ""경북도민 무료수술""",안동MBC NEWS,216,1,2017-03-13 00:58:40+00:00,35,0.5,General,PreCovid_Supplement,3323,0.06500150466445982,0.0629762119908691,0,0,1
G6sEJYMysd8,심장,"""체중 변화 잦으면 심장 건강에 해롭다"" / YTN 사이언스",YTN 사이언스,205,2,2017-04-06 04:32:06+00:00,46,0.5,General,PreCovid_Supplement,3299,0.06214004243710215,0.060285780827700634,0,0,1
BS0pn8ZkdHo,심장,심장 마비 약물 옵션,Erick M,162,0,2017-09-06 19:52:56+00:00,157,0.5,General,PreCovid_Supplement,3146,0.05149396058486968,0.050211972525358806,1,1,0
O_bEa9QOHeE,심장,심장질환의 원인과 치유방법2편[하늘건강나음터 이성윤 원장 강의] - Causes of heart disease and healing methods,자연치유하늘건강나음터,153,2,2017-01-19 06:01:26+00:00,311,0.5,General,PreCovid_Supplement,3376,0.045319905213270145,0.04432296795942234,0,0,0
4p0ZJOPOo9k,폐렴,"영양분 공급 '코 튜브', 오래하면 폐렴 부른다 / SBS",SBS 뉴스,43523,245,2017-11-07 22:53:18+00:00,115,0.5,General,PreCovid_Supplement,3084,14.112516212710766,2.71552328874171,0,0,0
jezrG4iBX0w,폐렴,건강 365 [4회] 폐렴 / YTN 라이프,YTN 밀덕스,18859,161,2017-01-25 04:08:41+00:00,1381,0.5,General,PreCovid_Supplement,3370,5.596142433234421,1.8864849983445022,0,0,0
wD4Sdfigzac,당뇨병,(건강) 우리 몸에서 보내는 적색신호. 당뇨병의 7가지 증상.,키쿠쿠,11448,25,2017-07-10 15:29:14+00:00,188,0.5,General,PreCovid_Supplement,3204,3.5730337078651684,1.520176815710455,2,1,0
im0Qq_6sGvM,당뇨병,[창원파티마병원] 시민건강아카데미 - 당뇨병 식이요법,창원파티마병원,1293,0,2017-11-03 04:44:06+00:00,2631,0.5,General,PreCovid_Supplement,3088,0.41871761658031087,0.3497533766692317,0,0,0
7bLYk5mjS18,당뇨병,1997. 2.22. MBC출발건강현장_한국형 당뇨병 치료센터,당뇨TV#,932,20,2017-03-30 04:57:07+00:00,433,0.5,General,PreCovid_Supplement,3306,0.28191167574107684,0.24835246044727488,0,0,0
Ri7L1gu6e_Y,당뇨병,한림대학교한강성심병원 1분 건강정보 - 당뇨병의 진단 및 관리,한림대학교의료원,929,2,2017-04-05 00:43:31+00:00,94,0.5,General,PreCovid_Supplement,3300,0.2815151515151515,0.24804309001791697,0,0,0
IvHUwUi9010,당뇨병,[건강돋보기] 당뇨병의 합병증 / 상계백병원 내분비·당뇨병센터 고경수 교수,인제대학교 백병원,594,4,2017-08-02 00:49:04+00:00,197,0.5,General,PreCovid_Supplement,3181,0.18673373153096512,0.17120476993398098,0,0,0
eVviOta0RwY,당뇨병,당뇨병의 합병증! 망막변증! 그리고 백내장 치료방법! [건강한의사],한의학건강한의사,540,4,2017-08-25 09:33:08+00:00,829,0.5,General,PreCovid_Supplement,3158,0.17099430018999368,0.15785321713148276,0,0,0
BKAl4XkaeoE,당뇨병,[TBC클리닉 건강365]비만 당뇨병 환자의 살 빼고 더하기,TBC스마트교육원,394,1,2017-05-29 08:08:44+00:00,1938,0.5,General,PreCovid_Supplement,3246,0.12138016019716574,0.11456021255624982,0,0,0
St83JsMeMts,당뇨병,[TBC클리닉 건강365]당뇨병보다 더 무서운 당뇨망막병증,TBC스마트교육원,210,0,2017-05-30 00:46:14+00:00,1976,0.5,General,PreCovid_Supplement,3245,0.06471494607087827,0.0627071070635799,0,0,0
zPifEtu8nU8,당뇨병,[창원파티마병원] 시민건강아카데미 - 당뇨병과 합병증,창원파티마병원,201,0,2017-11-03 04:44:06+00:00,1833,0.5,General,PreCovid_Supplement,3088,0.06509067357512953,0.06305993504439017,0,0,0
0Mla6s0a2bo,당뇨병,당뇨병진단기준_추닥터스_건강한의사,추닥터스,120,0,2017-05-12 03:02:15+00:00,36,0.5,General,PreCovid_Supplement,3263,0.03677597303095311,0.036115872187387855,0,0,1
FMN8MnYpx_Y,당뇨병,한의학에서 보는 당뇨병이란_추닥터스_건강한의사,추닥터스,113,1,2017-05-15 02:53:46+00:00,134,0.5,General,PreCovid_Supplement,3260,0.034662576687116566,0.03407536070089692,0,0,0
KAIRQnZMPw4,비만,메디컬 다큐 7요일 - 평범한 일상을 꿈꾸며- 초고도비만 외_#003,EBSDocumentary (EBS 다큐),104742,283,2017-12-05 10:08:30+00:00,776,0.5,General,PreCovid_Supplement,3056,34.27421465968586,3.5631522341228203,0,0,0
nIa6YccQDSA,비만,"심하게 코를 고는분들 수면 무호흡증, 그리고 비만과 건강문제점들",조동혁의100세 건강시대,5845,139,2017-01-14 04:27:54+00:00,1001,0.5,General,PreCovid_Supplement,3381,1.7287784679089027,1.0038540614098799,0,0,0
2PCRypauCBk,비만,복부 비만의 원인과 예방 - 사랑플러스 건강 톡톡 16회,C채널방송 : TV,3169,17,2017-09-13 00:50:32+00:00,512,0.5,General,PreCovid_Supplement,3139,1.009557183816502,0.6979143912409754,0,0,0
g5RVI24tDng,비만,고도비만 수술에 건강보험…환자부담 60% 줄 듯 / 연합뉴스TV (YonhapnewsTV),연합뉴스TV,2077,7,2017-06-19 01:11:44+00:00,122,0.5,General,PreCovid_Supplement,3225,0.644031007751938,0.497151157619098,0,0,0
dzW91HF27ec,비만,※건강 비상※ 청소년 고도비만 비율 10년 만에 2배↑ 진짜 의사가 돌아왔다 23회,JTBC Entertainment,2064,33,2017-10-28 06:10:09+00:00,118,0.5,General,PreCovid_Supplement,3094,0.6670976082740788,0.5110841553082787,0,0,0
M_y-0JyBAfg,비만,비만 4차원균형벨트의료체조 10동작따라하기 백동기박사,gym5414,1276,11,2017-09-21 06:30:37+00:00,210,0.5,General,PreCovid_Supplement,3131,0.407537527946343,0.34184174351558133,0,0,0
ot0N_pq9HHE,비만,건강하게 키우는 방법 - 중성화수술과비만(이리온),이리온,1173,6,2017-05-31 10:38:10+00:00,106,0.5,General,PreCovid_Supplement,3244,0.3615906288532676,0.30865359636122297,0,0,0
GKrRao3LZIw,비만,고도비만 수술도 내년부터 건강보험 적용 / YTN, YTN,996,6,2017-06-18 13:44:04+00:00,97,0.5,General,PreCovid_Supplement,3226,0.3087414755114693,0.26906596972311175,0,0,0
-jUXD_-KjKc,비만,"식이섬유와 건강, 비만, 대장독소배출 사상체질별 식이섬유-김수범의 우리들체질체형건강방송",subeom kim wooreedulTV,831,4,2017-03-10 16:13:01+00:00,710,0.5,General,PreCovid_Supplement,3326,0.24984966927239927,0.22302327949976444,0,0,0
3l47IGZwUTc,비만,선천적 비만? 우리나라는 거의 없다 [건강프라임-시선뉴스],시선뉴스 YouTube,770,3,2017-07-19 04:29:08+00:00,434,0.5,General,PreCovid_Supplement,3195,0.24100156494522693,0.21591876725731318,0,0,0
ks1ry0HVgYI,비만,고도비만 수술 내년부터 건강보험 적용 / YTN 사이언스,YTN 사이언스,636,5,2017-06-19 03:42:27+00:00,38,0.5,General,PreCovid_Supplement,3225,0.1972093023255814,0.1799932670343635,0,0,1
sUMkd2GqHGY,비만,[TBC클리닉 건강365]살과의 전쟁 비만 탈출법,TBC스마트교육원,543,2,2017-05-31 02:27:59+00:00,1843,0.5,General,PreCovid_Supplement,3244,0.16738594327990136,0.1547670126664913,0,0,0
qVQm4Vtl9TY,비만,고도비만 수술도 내년부터 건강보험 적용 / YTN, YTN,492,1,2017-06-18 04:29:09+00:00,97,0.5,General,PreCovid_Supplement,3226,0.15251084934903905,0.14194290959623515,0,0,0
E_H9qQfl-8M,비만,"[5분 건강 톡톡] 복부 비만, 미세먼지에 취약",KBS News,482,6,2017-05-16 00:21:13+00:00,318,0.5,General,PreCovid_Supplement,3259,0.14789812826020252,0.1379325555105846,0,0,0
AC23Sse6PZw,비만,건강 365 [24회] 비만 / YTN 라이프,YTN 밀덕스,304,3,2017-07-07 09:30:19+00:00,1547,0.5,General,PreCovid_Supplement,3207,0.094792641097599,0.09056497647527732,0,0,0
qa9JFByMb8Y,비만,"""대기오염이 암, 비만, 심혈관질환 이어 4번째 건강위험"" / YTN 사이언스",YTN 사이언스,280,3,2017-04-13 02:42:16+00:00,44,0.5,General,PreCovid_Supplement,3292,0.0850546780072904,0.08163038019942924,2,1,1
RFLy-MJxPGU,비만,비만 하면 불 임 | 건강 한 임신 하는 방법,Erick M,272,1,2017-12-01 08:45:05+00:00,197,0.5,General,PreCovid_Supplement,3060,0.08888888888888889,0.08515780834030685,0,0,0
fD8SqXONl0c,비만,쿠키건강플러스 데일리건강 - 비만,쿠키건강TV / KUKI HEALTH TV,237,1,2017-08-24 02:30:53+00:00,1144,0.5,General,PreCovid_Supplement,3159,0.07502374169040836,0.07234274662915276,0,0,0
-PHkyULXhOc,탈모,광주탈모치료 병원 광주mbc 1분 건강정보 미라클의원,광주미라클의원TV,1939,6,2017-03-14 05:41:01+00:00,64,0.5,General,PreCovid_Supplement,3322,0.5836845273931367,0.45975411155756707,0,0,0
3MAOxK5X65A,탈모,탈모치료 의료기기 헤어빔,비에스렌탈,1614,1,2017-08-09 06:57:11+00:00,17,0.5,General,PreCovid_Supplement,3174,0.5085066162570888,0.4111201655915094,0,0,1
URT8z8jh24w,탈모,탈모 치료제 때문에 발기부전에 걸릴 수 있다?,헬스케어투데이,655,0,2017-03-30 03:54:00+00:00,39,0.5,General,PreCovid_Supplement,3306,0.19812462189957653,0.18075751924094716,0,0,1
I7mxzeSh6fI,탈모,[자막뉴스] 마스크로 탈모 치료?...넘치는 의료기기 오인 광고 / YTN, YTN,550,1,2017-11-22 07:06:39+00:00,105,0.5,General,PreCovid_Supplement,3069,0.17921146953405018,0.16484596894400627,0,0,0
TRbTN_5i6GQ,탈모,광주KBC 건강클리닉 탈모와 모발이식 나용필모피부과 나용필 원장님,클라우드엠서클,465,1,2017-06-09 07:19:29+00:00,3277,0.5,General,PreCovid_Supplement,3235,0.1437403400309119,0.13430389169731488,0,0,0
PyVHcj-S1EI,탈모,"건강 탈모, 손톱의 문제, 불면증을 예방하려면",Aikichi Channel,235,0,2017-07-20 23:30:00+00:00,435,0.5,General,PreCovid_Supplement,3194,0.07357545397620538,0.0709946236879626,0,0,0
ybkUz_ihvY0,위암,제10차 김성열 건강교실(위염 위궤양 위암 장상피화생 헬리코박터),sung ryul Kim,89396,1258,2017-08-01 08:40:30+00:00,2161,0.5,General,PreCovid_Supplement,3182,28.094280326838465,3.370541602516183,1,1,0
n5eiVflE-Xs,위암,조기 위암의 내시경 치료,서울아산병원,74739,519,2017-06-27 04:42:47+00:00,2068,0.5,General,PreCovid_Supplement,3217,23.232514765309293,3.1876953167028885,1,1,0
h_sJ0JGtVYg,위암,위암의 진행 과정,EBS 건강 아카이브,64599,250,2017-12-01 00:25:48+00:00,75,0.5,General,PreCovid_Supplement,3060,21.11078431372549,3.096065467497792,1,1,0
NYpW1qoBIoE,위암,무엇이든 물어보세요 - 위암의 빨간불! 위선종 20170131,KBS 교양,21331,134,2017-01-31 02:06:43+00:00,201,0.5,General,PreCovid_Supplement,3364,6.340963139120095,1.9934700518818866,1,1,0
OWlljFgS-sg,위암,[황성수TV] 위암의 원인과 치료,황성수힐링스쿨,17164,316,2017-05-30 15:28:46+00:00,286,0.5,General,PreCovid_Supplement,3245,5.289368258859784,1.8388606298749801,1,1,0
eLNIcVhFUAw,위암,위암 '입에 좋은 '단짠'이 위암을 부른다' _ KBS 생로병사의 비밀,국가암지식정보센터,11508,74,2017-03-03 03:57:55+00:00,287,0.5,General,PreCovid_Supplement,3333,3.452745274527453,1.4935208215880786,1,1,0
iH7QonOXQ7A,위암,위암 수술 후 관리,서울아산병원,6842,43,2017-11-07 04:15:57+00:00,1316,0.5,General,PreCovid_Supplement,3084,2.2185473411154346,1.168930121464166,1,1,0
WhOl3IWAIhU,위암,고령자도 암 수술 ‘거뜬’…“위암 생존율 73%”,KBS News,4686,15,2017-07-19 00:00:00+00:00,109,0.5,General,PreCovid_Supplement,3196,1.4662077596996246,0.9026816508687837,1,1,0
KWJnHu6JtS0,위암,위암의 병기,EBS 건강 아카이브,3494,21,2017-11-22 05:26:46+00:00,50,0.5,General,PreCovid_Supplement,3069,1.1384815900944933,0.7600960398539865,1,1,1
w6chjFerDBc,위암,위암 전문의에게 듣는 위암 발병의 원인 (건강 대해부) @좋은아침 5161회 20170908,SBS Entertainment,2570,23,2017-09-08 09:22:04+00:00,159,0.5,General,PreCovid_Supplement,3144,0.8174300254452926,0.5974234292416212,1,1,0
JeC6v3Y6-LU,위암,[시연용] c0068aako 축약판위암환자에 대한 스텐트삽입술 안내,HealthBreeze헬스브리즈,1083,5,2017-07-04 02:23:05+00:00,30,0.5,General,PreCovid_Supplement,3210,0.33738317757009345,0.290714852100499,1,1,1
Ut9bH3ZKkMs,위암,조기위암의 내시경적 치료,건국대학교병원,1012,8,2017-08-16 07:53:01+00:00,634,0.5,General,PreCovid_Supplement,3167,0.31954531101989264,0.2772872159092756,1,1,0
hIovKuaBV8o,위암,[서울성모병원] 위암의 예방과 치료_박조현 교수,서울성모병원TV,984,11,2017-03-17 00:18:59+00:00,2467,0.5,General,PreCovid_Supplement,3319,0.29647484181982525,0.25964892111862503,1,1,0
WumP6XvuwcY,위암,[메디컬플러스] 위암의 치료(단국대병원 외과 지예섭 교수),단국대학교병원,650,4,2017-02-09 01:54:57+00:00,562,0.5,General,PreCovid_Supplement,3355,0.19374068554396423,0.1770918100966774,1,1,0
EbOLuxcqFlo,위암,"꾸지뽕, 위암.",한국영양치료TV,639,7,2017-09-15 06:54:15+00:00,49,0.5,General,PreCovid_Supplement,3137,0.20369780044628627,0.18539831907471316,1,1,1
7IzjI_H3WP0,위암,싱겁게 먹고 가공식품 줄이고…국민 위암예방수칙 나와 / 연합뉴스TV(YonhapnewsTV),연합뉴스TV,227,1,2017-03-14 01:28:37+00:00,117,0.5,General,PreCovid_Supplement,3322,0.0683323299217339,0.06609886247325628,1,1,0
t2KmFuLk97s,위암,"""최대한 싱겁게"" 한국인 위암 예방수칙 제정 / YTN 사이언스",YTN 사이언스,214,2,2017-03-14 02:22:19+00:00,39,0.5,General,PreCovid_Supplement,3322,0.06441902468392535,0.062429133584293875,1,1,1
bTKL2_rYPwM,위암,건강 보험: 명의에게 묻다 '조기위암' 80%는 무증상…정기검진이 최선,건강 보험,195,0,2017-11-08 02:03:31+00:00,308,0.5,General,PreCovid_Supplement,3083,0.06325008108984755,0.06133033141762463,2,1,0
JXXtFJi0nlc,위암,[TBC클리닉 건강365]위암 발병률 세계 1위 한국인의 위를 지켜라,TBC스마트교육원,186,0,2017-05-30 00:44:18+00:00,1832,0.5,General,PreCovid_Supplement,3245,0.05731895223420647,0.05573641372025935,1,1,0
r54llfX3dBw,대장암,메디컬 다큐 7요일 - 내가 살아야 하는 이유- 대장암 말기 외_#003,EBSDocumentary (EBS 다큐),1096417,4657,2017-06-07 13:12:22+00:00,826,0.5,General,PreCovid_Supplement,3237,338.7139326536917,5.828103888908012,2,1,0
WDt6teV7su8,대장암,메디컬 다큐 7요일 - 내가 살아야 하는 이유- 대장암 말기 외_#001,EBSDocumentary (EBS 다큐),361702,1467,2017-06-07 13:13:00+00:00,1106,0.5,General,PreCovid_Supplement,3237,111.73988260735248,4.72508324138406,2,1,0
snmu_CMsgOY,대장암,메디컬 다큐 7요일 - 내가 살아야 하는 이유- 대장암 말기 외_#002,EBSDocumentary (EBS 다큐),353605,1559,2017-06-07 13:11:33+00:00,834,0.5,General,PreCovid_Supplement,3237,109.23849243126351,4.702646131838599,2,1,0
VUI86qW5lPE,대장암,대장암의 증상과 치료법은? / YTN 사이언스,YTN 사이언스,44304,225,2017-01-31 00:29:58+00:00,144,0.5,General,PreCovid_Supplement,3364,13.170035671819262,2.651129571117858,2,1,0
SwX2wc3nLAc,대장암,건국대학교병원 대장암센터 - 대장암 재발과 전이,건국대학교병원,43712,381,2017-03-16 08:38:47+00:00,3963,0.5,General,PreCovid_Supplement,3320,13.166265060240963,2.6508634381715566,1,1,0
2olYrj8DooA,대장암,건국대학교병원 대장암센터 - 대장암 병기별 치료방법,건국대학교병원,42229,424,2017-09-21 08:22:29+00:00,2987,0.5,General,PreCovid_Supplement,3131,13.487384222293198,2.673278217075228,1,1,0
SBAoMkJUtsc,대장암,조기 대장암의 내시경 치료,서울아산병원,29359,128,2017-06-27 04:42:47+00:00,1832,0.5,General,PreCovid_Supplement,3217,9.126204538389803,2.315126572671168,1,1,0
CZBP-euk7DM,대장암,"대장암 바로알기, 대장암의 모든 것",쿠키건강TV / KUKI HEALTH TV,26418,202,2017-09-29 04:05:34+00:00,5383,0.5,General,PreCovid_Supplement,3123,8.459173871277617,2.246985050632833,1,1,0
U4N3lasgb0Y,대장암,대장암_ KBS 생로병사의 비밀,국가암지식정보센터,22315,75,2017-02-24 00:12:13+00:00,232,0.5,General,PreCovid_Supplement,3340,6.681137724550898,2.038767677405319,1,1,0
cAn55pfwXYg,대장암,"대장암과 견과류, 암 재발 방지에 음식은 큰 도움이 된다 - 류영석 원장",류영석TV,15854,211,2017-06-04 09:34:11+00:00,272,0.5,General,PreCovid_Supplement,3240,4.89320987654321,1.7738008197716035,1,1,0
YVdkugemviA,대장암,"[조병식의 자연치유] 대장암, 혈변이 생기는 것은 좋지 않은 증상",조병식 TV  ,15613,75,2017-03-13 12:31:15+00:00,162,0.5,General,PreCovid_Supplement,3323,4.698465242250978,1.7401968828392256,2,1,0
TacqlFW-P8E,대장암,[통합암치료로드맵] 대장암 항암치료 후 손발저림이 생겼습니다. 운동하면 좋아지나요? - 김진목,파인힐병원 - 김진목TV,12873,126,2017-01-18 05:30:23+00:00,108,0.5,General,PreCovid_Supplement,3377,3.8119632810186554,1.571105167372316,1,1,0
GQm-cXWYo-I,대장암,"[조병식의 자연치유] 대장암 말기, 생존율을 높일 수 있는 방법",조병식 TV  ,10143,83,2017-03-13 09:45:15+00:00,172,0.5,General,PreCovid_Supplement,3323,3.052362323201926,1.399300000750632,2,1,0
BcxIwV_n05c,대장암,건국대학교병원 대장암센터 - 대장암 수술과 항암치료,건국대학교병원,10089,106,2017-07-03 07:43:08+00:00,3703,0.5,General,PreCovid_Supplement,3211,3.1420118343195265,1.4211816201203311,1,1,0
1XawONF5ZYc,대장암,대장암의 증상 3기 4기까지도 자각 증상이 없는 경우도 많아 / YTN 라이프,YTN 밀덕스,9527,44,2017-07-12 03:13:12+00:00,96,0.5,General,PreCovid_Supplement,3202,2.9753279200499687,1.3801072403137746,2,1,0
XH9-WvbPK5Q,대장암,[시연용] c0031aako 대장암 수술안내 우측결장절제술,HealthBreeze헬스브리즈,9216,61,2017-05-15 07:16:08+00:00,733,0.5,General,PreCovid_Supplement,3260,2.826993865030675,1.3420796033669407,1,1,0
EDaCJefQz08,대장암,무엇이든 물 어보세요 - 말기 대장암을 이겨낼 수 있는 비법은? 대장암 극복 사례 20170321,KBS 교양,9016,57,2017-03-21 04:48:33+00:00,197,0.5,General,PreCovid_Supplement,3315,2.7197586726998493,1.3136587932505677,2,1,0
fOQcZaIYNp0,대장암,"[조병식의 자연치유] 수술이 불가능한 대장암의 다발성 간ㆍ폐 전이, 어떻게?",조병식 TV  ,8639,61,2017-03-13 13:13:04+00:00,162,0.5,General,PreCovid_Supplement,3323,2.599759253686428,1.2808669692499082,1,1,0
_aH0n014Sa0,유방암,[TBC클리닉 건강365]가슴앓이 그만! 유방암 타파!,TBC스마트교육원,25975,20,2017-05-31 02:19:32+00:00,1713,0.5,General,PreCovid_Supplement,3244,8.007090012330456,2.1980120463489228,1,1,0
JoqAHtUz6qc,유방암,[엠디TV] 유방암 후 유방재건술(건강솔루션) 이상달 원장,엠디TV [20년 Only 가슴성형],18231,16,2017-03-20 07:29:49+00:00,164,0.5,General,PreCovid_Supplement,3316,5.49788902291918,1.8714773584490476,1,1,0
XZdNTb4sKBc,유방암,[충남대학교병원 의료재활센터] 3-2 암재활 교육 (유방암 수술 후 유연성 운동),충남대학교병원,2475,24,2017-02-27 06:09:03+00:00,285,0.5,General,PreCovid_Supplement,3337,0.7416841474378184,0.5548525459387995,1,1,0
PQyV_BJmtGk,유방암,자궁암·유방암 앓았어도…'건강 출산' 사례 잇따라 / SBS,SBS 뉴스,2011,12,2017-09-25 13:14:04+00:00,116,0.5,General,PreCovid_Supplement,3127,0.643108410617205,0.4965898202119876,1,1,0
vCLIrjIpEVQ,유방암,"[건강프라임] 남성 유방암, 여성보다 더 늦게 발견 된다 / 김병용 기자",시선뉴스 YouTube,1337,7,2017-12-08 04:46:46+00:00,400,0.5,General,PreCovid_Supplement,3053,0.4379299050114641,0.3632045133343392,1,1,0
ShOcfcyQB7w,유방암,바로 알고 제대로 대처하는 유방암[SMC 국민건강 프로젝트],삼성서울병원,1112,4,2017-08-29 07:04:13+00:00,485,0.5,General,PreCovid_Supplement,3154,0.35256816740646796,0.30200513150831215,1,1,0
LJ9Qnh3YWwg,유방암,맨발걷기로 유방암 후유증을 극복하다,건강박사,1106,21,2017-08-25 04:58:30+00:00,128,0.5,General,PreCovid_Supplement,3158,0.35022165927802407,0.3002687710300931,1,1,0
mj69lb5mSHY,유방암,[GenesWell BCT]  진스웰 BCT 유방암 예후예측 진단검사,젠큐릭스 [GENCURIX],986,16,2017-08-24 02:23:20+00:00,101,0.5,General,PreCovid_Supplement,3159,0.3121240899018677,0.2716472667673102,1,1,0
plKxsACEhpY,유방암,"의료 AI '왓슨' 유방암 3기 진료, 의료진과 일치 / YTN 사이언스",YTN 사이언스,768,2,2017-04-06 04:12:22+00:00,46,0.5,General,PreCovid_Supplement,3299,0.23279781752046075,0.2092862346786431,1,1,1
eHtt7UPJD70,유방암,[시연용] b0185aako 대한검진의학회유방초음파를 이용한 유방암검진 안내,HealthBreeze헬스브리즈,241,0,2017-05-23 01:32:59+00:00,92,0.5,General,PreCovid_Supplement,3252,0.07410824108241082,0.07149077413913076,1,1,0
Ryokm3QyMx4,유방암,KNN건강365 유방암 오해와진실,마더즈병원,224,0,2017-10-21 00:35:17+00:00,214,0.5,General,PreCovid_Supplement,3101,0.07223476297968397,0.06974503398950556,1,1,0
T0ZdwV4ZztQ,유방암,"[건강시그널] 모유수유하면 유방암 덜 걸린다 / 박진아 아나운서, 대림성모 김성원 원장",시선뉴스 YouTube,190,1,2017-12-27 03:03:26+00:00,716,0.5,General,PreCovid_Supplement,3034,0.06262359920896507,0.060740943718041354,1,1,0
eUi-o84PKGA,유방암,[대림성모병원 건강시그널 #1] 모유수유하면 유방암 덜 걸린다,대림성모병원,157,0,2017-12-29 02:29:25+00:00,716,0.5,General,PreCovid_Supplement,3032,0.05178100263852243,0.05048492024779535,1,1,0
3ZmLDH4Xosc,유방암,건강365 마더즈병원 이석재원장 '유방암',마더즈병원,145,1,2017-07-05 07:47:24+00:00,180,0.5,General,PreCovid_Supplement,3209,0.04518541601745092,0.04419430127329729,1,1,0
H1NuagVzsiE,유방암,[창원파티마병원] 시민건강 아카데미 - 유방암,창원파티마병원,143,0,2017-11-07 04:30:38+00:00,3034,0.5,General,PreCovid_Supplement,3084,0.04636835278858625,0.04532545736874172,1,1,0
TNLyy921e50,간염,현명한 B형 간염 대처법,건강의학전문채널 하이닥,38114,345,2017-11-24 04:55:33+00:00,285,0.5,General,PreCovid_Supplement,3067,12.42712748614281,2.5972770998055177,0,0,0
RiPQNloISiw,간염,제12차 김성열 건강교실(간질환 지방간 간염 간경화 간암 간건강),sung ryul Kim,24263,319,2017-08-29 11:38:13+00:00,2296,0.5,General,PreCovid_Supplement,3154,7.692771084337349,2.1624917704173274,1,1,0
-u07hYUjVIA,간염,만성 C형 간염치료 의료보험과 앱클루사 (소포스벨) (광주 한정렬내과),Always patients first,2913,30,2017-02-07 06:11:04+00:00,973,0.5,General,PreCovid_Supplement,3357,0.8677390527256479,0.6247286366469315,0,0,0
w0W9U-eeUEw,간염,[TBC클리닉 건강365]침묵의 살인자 C형 간염,TBC스마트교육원,2487,21,2017-10-12 02:01:27+00:00,1141,0.5,General,PreCovid_Supplement,3110,0.7996784565916398,0.5876080137180798,0,0,0
di3heZYl4TU,간염,다음달 C형간염 건강보험 적용…중증건선도 치료비↓ / 연합뉴스TV (YonhapnewsTV),연합뉴스TV,2398,5,2017-05-26 01:04:10+00:00,119,0.5,General,PreCovid_Supplement,3249,0.7380732533087103,0.5527771740037363,0,0,0
znRK24s9swU,간염,만성C형간염 치료 약제 (광주 한정렬내과),Always patients first,2056,22,2017-06-30 18:39:15+00:00,1440,0.5,General,PreCovid_Supplement,3214,0.6397013067828251,0.4945140952379501,0,0,0
ZMC5fG_lKZQ,간염,[토크쇼] 헬스조선 건강똑똑 만성간염 퇴치의 모든 것,헬스조선 Health Chosun,205,1,2017-08-31 00:51:10+00:00,725,0.5,General,PreCovid_Supplement,3152,0.06503807106598984,0.06301054600226517,0,0,0
aNzixr8XKyk,간염,"[건강프라임] 건강보조식품, 간염의 원인 될 수 있다? / 김지영 아나운서",시선뉴스 YouTube,191,2,2017-11-24 06:30:14+00:00,391,0.5,General,PreCovid_Supplement,3067,0.062275839582654056,0.0604136250477389,0,0,0
ZqXxnzATExQ,신장,혈압약/콜레스테롤약 때문에 신장과 간이 나빠졌나요?,조동혁의100세 건강시대,401263,4499,2017-02-23 14:35:54+00:00,901,0.5,General,PreCovid_Supplement,3341,120.10266387309188,4.796638647617621,0,0,0
IY3eZnQXRKs,신장,신장에 물혹이 있다고 들으셨나요?,조동혁의100세 건강시대,120736,1457,2017-07-26 04:53:23+00:00,675,0.5,General,PreCovid_Supplement,3188,37.87202007528231,3.6602747135492986,0,0,0
Yppa89PjNDE,신장,신장 건강 지킴이! ‘히비스커스’ [내 몸 플러스] 50회 20170319,TVCHOSUN - TV조선,64936,264,2017-03-18 23:30:00+00:00,154,0.5,General,PreCovid_Supplement,3318,19.5708257986739,3.0238738486380394,0,0,0
kAx8Dcik4Sg,신장,신장의 기능,EBS 건강 아카이브,51601,320,2017-12-08 03:00:03+00:00,97,0.5,General,PreCovid_Supplement,3053,16.901735997379628,2.884897691237987,0,0,0
tRhIMMCkj0g,신장,진행성 신장암의 치료,서울아산병원,23810,168,2017-07-21 00:51:01+00:00,4891,0.5,General,PreCovid_Supplement,3193,7.45693704979643,2.134987057210413,1,1,0
VPyBEJqCao4,신장,신장 건강을 위한 간단한 요리들! [내 몸 플러스] 50회 20170319,TVCHOSUN - TV조선,9936,43,2017-03-18 23:30:01+00:00,136,0.5,General,PreCovid_Supplement,3318,2.9945750452079567,1.3849372018977824,0,0,0
xVrJ2u3JAo8,신장,"신장암 4기, 어떻게 관리해야 하나? - 류영석 원장",류영석TV,8457,45,2017-04-14 02:43:55+00:00,249,0.5,General,PreCovid_Supplement,3291,2.5697356426618048,1.2724915433751707,1,1,0
FI9HOMSxbpE,신장,"신장이식, 췌장이식",서울아산병원,7036,61,2017-09-22 07:00:00+00:00,1756,0.5,General,PreCovid_Supplement,3130,2.247923322683706,1.178015814472649,0,0,0
NzDYa3QQCWw,신장,[닥터리포트]신장암/TBC,TBC스마트교육원,6470,25,2017-05-29 05:07:49+00:00,150,0.5,General,PreCovid_Supplement,3246,1.993222427603204,1.0963505420475266,1,1,0
rosqpZ8Oorg,신장,EBS1 명의 - 신장이식이 급증한다,EBS,5162,15,2017-10-23 09:08:26+00:00,62,0.5,General,PreCovid_Supplement,3099,1.6656986124556308,0.980466166774757,1,1,0
aXKH8RKUE18,신장,(엘레오틴 교육 영상) 신장 투석과 이식 환우들의 건강을 위한 특별한 도움/ 예방의 길.,거꾸로 보는 세상,2748,17,2017-05-05 08:50:31+00:00,266,0.5,General,PreCovid_Supplement,3270,0.8403669724770643,0.6099649932986916,1,1,0
Z2yTX7aHGag,신장,[창원파티마병원] 간호부 UCC 어워드 - 인공신장센터,창원파티마병원,2093,0,2017-11-14 05:32:18+00:00,153,0.5,General,PreCovid_Supplement,3077,0.68020799480013,0.5189175921804329,0,0,0
KXJS6qkqtrE,신장,뽀얀거탑103회 - 신장과 갑상선호르몬 관계 - 신장에 좋은 음식,삼대TV,1845,3,2017-06-02 09:28:17+00:00,718,0.5,General,PreCovid_Supplement,3242,0.5690931523750771,0.4504978425271436,0,0,0
R0SssnuJO0c,신장,배우 이미지 '신장쇼크'로 사망…신장 건강 지키려면? / 연합뉴스TV (YonhapnewsTV),연합뉴스TV,1648,12,2017-11-30 00:26:42+00:00,103,0.5,General,PreCovid_Supplement,3061,0.5383861483175433,0.43073391129814204,2,1,0
8c2n7gpBpnM,신장,아버지 신장암 수술 그리고 회복,박상원,1246,4,2017-10-18 12:44:03+00:00,220,0.5,General,PreCovid_Supplement,3104,0.4014175257731959,0.33748424277962047,1,1,0
O1cmqwRuZvI,신장,신장과 짝을 이루는 '방광'의 역할 / YTN 라이프,YTN 밀덕스,1028,9,2017-11-15 02:52:36+00:00,62,0.5,General,PreCovid_Supplement,3076,0.3342002600780234,0.28833205622507085,0,0,0
NFDaGi6r-A4,신장,저지방 고단백질! 신장 건강음식 ‘건 바지락’ [내 몸 플러스] 50회 20170319,TVCHOSUN - TV조선,382,0,2017-03-18 23:30:00+00:00,109,0.5,General,PreCovid_Supplement,3318,0.11512959614225438,0.10897062788192602,0,0,0
7A_AdRmFByM,신장,홍문기 신장내과 전문의편,농기계월드 사공문상,376,6,2017-07-02 05:21:24+00:00,1063,0.5,General,PreCovid_Supplement,3212,0.11706102117061021,0.11070114811203444,0,0,0
7keP3yJaKsg,신장,[닥터리포트]신장이식/TBC,TBC스마트교육원,251,2,2017-07-10 01:51:23+00:00,138,0.5,General,PreCovid_Supplement,3204,0.07833957553058676,0.07542242801352043,0,0,0
wBqkymBDEao,골다공증,골다공증의 원인과 예방 - 사랑플러스 건강 톡톡 40회,C채널방송 : TV,1190,17,2017-12-06 02:30:24+00:00,543,0.5,General,PreCovid_Supplement,3055,0.3895253682487725,0.328962227139752,0,0,0
-BOoRw41_WA,골다공증,[TBC클리닉 건강365]폐경기 증상과 골다공증의 치료,TBC스마트교육원,520,5,2017-10-12 02:10:04+00:00,1975,0.5,General,PreCovid_Supplement,3110,0.16720257234726688,0.15460992208561666,1,1,0
DuBpA4FkBfw,골다공증,생방송 건강클리닉 2017 04 21 골다공증과 노인성 골절,구 MBCGN,294,0,2017-05-23 06:37:10+00:00,3049,0.5,General,PreCovid_Supplement,3252,0.09040590405904059,0.08655001596645198,0,0,0
0tvrTXAjZp0,골다공증,[쿠키건강TV] 건강사회만들기 토론회-고령화 시대 골다공증 관리와 예방 현실화 방안 모색,쿠키건강TV / KUKI HEALTH TV,190,0,2017-04-05 01:27:59+00:00,4883,0.5,General,PreCovid_Supplement,3300,0.05757575757575758,0.05597926774190125,0,0,0
yi0tdosT8gM,요실금,[홈앤쇼핑] [렌탈]요실금치료기 닥터레이디,HOME & SHOPPING,5499,18,2017-08-23 08:07:32+00:00,241,0.5,General,PreCovid_Supplement,3160,1.7401898734177215,1.0080272148668432,0,0,0
iER3hjPPgLs,요실금,[홈앤쇼핑] [렌탈]요실금치료기 닥터레이디,HOME & SHOPPING,1054,7,2017-09-13 08:43:53+00:00,228,0.5,General,PreCovid_Supplement,3139,0.3357757247531061,0.2895121903288091,0,0,0
Eq6X-ehPiMw,아토피,아토피피부염 환아의 심리 관리_정신건강의학과 정유숙 교수[의료진 ON Line 강의],삼성서울병원,1937,11,2017-01-16 00:36:29+00:00,685,0.5,General,PreCovid_Supplement,3379,0.5732465226398342,0.45314133311884597,0,0,0
0XK5PeQA19A,아토피,"임산부아토피 유전적인 요인 없는데 아토피? [쿠키건강TV, 데일리건강] 임산부아토피 #2",위드유TV,397,3,2017-02-08 07:04:01+00:00,191,0.5,General,PreCovid_Supplement,3356,0.11829558998808105,0.11180573154792403,0,0,0
ye8oe0-NGyM,당뇨,메디컬 다큐 7요일 - 당신 없인 못 살아- 당뇨발 외(뮤코다당증)_#001,EBSDocumentary (EBS 다큐),1763818,7363,2018-08-20 10:08:34+00:00,1428,0.5,General,PreCovid_Supplement,2798,630.385275196569,6.447916254972274,0,0,0
o1h2vJCJkmA,당뇨,메디컬 다큐 7요일 - 당신 없인 못 살아- 당뇨발 외_#002,EBSDocumentary (EBS 다큐),228320,1042,2018-08-20 10:09:34+00:00,1260,0.5,General,PreCovid_Supplement,2798,81.60114367405289,4.4140235263639225,0,0,0
maNWVNqfD3A,당뇨,당뇨가 있어도 오래 건강하게 사는법,조동혁의100세 건강시대,50843,1715,2018-09-08 15:52:08+00:00,449,0.5,General,PreCovid_Supplement,2779,18.29543001079525,2.959868280866943,0,0,0
vL9YgIEHGiw,당뇨,소아당뇨 아들 위해 IT의료기기 만들었다가 고발당한 삼성전자 엔지니어 출신 엄마,취재대행소 왱,10707,126,2018-02-14 08:41:30+00:00,217,0.5,General,PreCovid_Supplement,2985,3.586934673366834,1.5232119738233734,0,0,0
jUZe3WUbc4g,당뇨,당뇨병 - 당뇨망막변증 수술,EBS 건강 아카이브,7430,35,2018-03-28 09:00:06+00:00,77,0.5,General,PreCovid_Supplement,2943,2.5246347264695888,1.2597768071983553,0,0,0
NKNxG6_OQHQ,당뇨,소아당뇨 어린이 의료기기 사용법,식품의약품안전처,5625,30,2018-06-29 06:17:11+00:00,590,0.5,General,PreCovid_Supplement,2850,1.9736842105263157,1.089801658985955,0,0,0
OtesnMME6Nc,당뇨,8월부터 소아당뇨 인슐린펌프 주사기ㆍ바늘 건보적용 / 연합뉴스TV (YonhapnewsTV),연합뉴스TV,5457,13,2018-07-19 13:30:56+00:00,37,0.5,General,PreCovid_Supplement,2830,1.928268551236749,1.074411310211759,0,0,1
FhBeppUot1w,당뇨,[메디컬플러스] 당뇨족 _ 박현우 교수(단국대병원 정형외과),단국대학교병원,4012,22,2018-09-05 06:51:51+00:00,612,0.5,General,PreCovid_Supplement,2782,1.4421279654924515,0.892869776237141,0,0,0
zcDDJ2frJog,당뇨,"[건강정보] 4. 고혈압,당뇨,고지혈증에 좋은 영양제 by 마스터큐어",영양제마스터,2920,27,2018-10-11 05:15:37+00:00,225,0.5,General,PreCovid_Supplement,2746,1.0633648943918428,0.7243380940625456,0,0,0
dZWmFjeG48Q,당뇨,[건강톡] 당뇨병 대란시대 3편 - 당뇨의 합병증,한화생명 건강톡,2580,19,2018-09-28 02:10:09+00:00,381,0.5,General,PreCovid_Supplement,2759,0.9351214208046393,0.6601700742829002,0,0,0
_Dnfv9rCJNU,당뇨,"[당뇨치료사례] 당뇨병 식사, 혈당잡고 즐겁고 건강하게 당뇨를 이기는 방법은?",당뇨TV#,2334,22,2018-06-07 03:27:25+00:00,327,0.5,General,PreCovid_Supplement,2872,0.8126740947075209,0.5948031553863959,0,0,0
HPSh_pdhzIw,당뇨,분당서울대학교병원 건강강좌 - 당뇨족의 예방과 치료,GGCCVC SNUBH,1569,23,2018-11-12 06:28:23+00:00,3592,0.5,General,PreCovid_Supplement,2714,0.5781134856300664,0.45623013722055655,0,0,0
UxK-vjcm5Ko,당뇨,당뇨병 – 당뇨망막변증,EBS 건강 아카이브,1312,11,2018-03-28 09:00:02+00:00,44,0.5,General,PreCovid_Supplement,2943,0.44580360176690453,0.3686652927740018,0,0,1
p5f5keyF4BI,당뇨,임신 당뇨 원인,여성미한의원 조선화 원장,1280,4,2018-06-12 08:11:23+00:00,55,0.5,General,PreCovid_Supplement,2867,0.4464597139867457,0.3691189943630115,0,0,1
eu6Qb_9Tmao,당뇨,[5분 건강 톡톡] 엎친 데 덮친 격…암 환자 ‘당뇨 주의보’ / KBS뉴스(News),KBS News,1115,14,2018-06-22 00:00:12+00:00,287,0.5,General,PreCovid_Supplement,2857,0.3902695134756738,0.32949762293429014,2,1,0
GcMR6AgeObA,당뇨,"무엇이든 물어보세요 - 고혈압, 당뇨 있으면 실손의료비보험 가능? 20180207",KBS 교양,999,6,2018-02-07 06:31:20+00:00,169,0.5,General,PreCovid_Supplement,2992,0.3338903743315508,0.28809976595436604,0,0,0
IFhEqUAv7jA,당뇨,[일산백병원 건강강좌] 당뇨병과 눈 - 당뇨망막병증의 관리,인제대학교 일산백병원,890,10,2018-07-31 00:18:55+00:00,1681,0.5,General,PreCovid_Supplement,2818,0.3158268275372605,0.27446523422712027,0,0,0
0Lt5AzSVJqE,당뇨,"고혈압, 당뇨 물러가라! 보건소에서 건강지키세요! (경기도 광주시)",광주시,412,4,2018-02-20 08:11:19+00:00,152,0.5,General,PreCovid_Supplement,2979,0.1383014434373951,0.12953718941235634,0,0,0
GM_-kwL1ImU,당뇨,"양주시보건소, 고혈압·당뇨 건강교실 운영",양주시,383,2,2018-03-14 09:57:13+00:00,83,0.5,General,PreCovid_Supplement,2957,0.12952316537030775,0.12179556611826889,0,0,0
FrpAqad1QN8,고혈압,"고혈압관리: 혈압, 어디까지 내려야 하나",조동혁의100세 건강시대,182973,3746,2018-07-20 08:45:31+00:00,829,0.5,General,PreCovid_Supplement,2829,64.67762460233298,4.184758298265022,0,0,0
NDeFv0QSf3I,고혈압,[황성수TV] 고혈압 환자가 꼭 알고 있어야 하는 사실,황성수힐링스쿨,177182,2620,2018-08-12 22:00:02+00:00,220,0.5,General,PreCovid_Supplement,2806,63.143977191732006,4.161130200320954,0,0,0
3KS84aK8vFY,고혈압,신체 근력의 축소판 ‘악력’과 고혈압의 관계! [내 몸 사용설명서] 226회 20181109,TVCHOSUN - TV조선,19419,143,2018-11-09 11:09:03+00:00,176,0.5,General,PreCovid_Supplement,2717,7.147221199852779,2.097676912040414,0,0,0
fSAMe4Stwzc,고혈압,[국민건강보험 일산병원 건강애니] 고혈압이란?,국민건강보험일산병원,6926,91,2018-07-19 16:36:08+00:00,46,0.5,General,PreCovid_Supplement,2830,2.447349823321555,1.2376057686985276,0,0,1
p4W7qz-ddUU,고혈압,부산대학교병원 건강강좌 [폐동맥고혈압의 이해],부산대학교병원,3691,51,2018-08-02 00:43:54+00:00,526,0.5,General,PreCovid_Supplement,2816,1.3107244318181819,0.8375610822170511,0,0,0
gQhpWNcFViQ,고혈압,분당서울대학교병원 건강강좌   성인 고혈압 합병증의 예방 및 치료,GGCCVC SNUBH,1557,27,2018-07-16 05:11:11+00:00,1760,0.5,General,PreCovid_Supplement,2833,0.5495940698905754,0.43799300623870047,0,0,0
DOAXFH_sxbw,고혈압,부산대학교병원 건강강좌 [폐동맥고혈압 환자의 일상생활],부산대학교병원,1212,22,2018-08-02 00:50:23+00:00,193,0.5,General,PreCovid_Supplement,2816,0.4303977272727273,0.3579525365605199,0,0,0
Lo3UpVTioAE,고혈압,"[닥터지바고 예고] 건강 훼방꾼 고혈압,고지혈증,당뇨를 잡아라 / 채널A 닥터 지.바.고 181회",play 채널A,795,2,2018-03-09 08:05:13+00:00,31,0.5,General,PreCovid_Supplement,2962,0.2683997299122215,0.23775605074622483,0,0,1
06RprCj2AXA,고혈압,윤홍일 고혈압과 눈충혈에 관련 된 건강상담,윤홍일  TV,701,3,2018-03-31 01:01:12+00:00,189,0.5,General,PreCovid_Supplement,2940,0.23843537414965987,0.21384878784270617,0,0,0
TrMR-NbhvGU,고혈압,폭염 속 고혈압 환자 ‘비상’…건강 관리법은? / KBS뉴스(News),KBS News,478,4,2018-08-03 03:30:14+00:00,227,0.5,General,PreCovid_Supplement,2815,0.16980461811722913,0.1568367418025735,0,0,0
amjT2sTpDA4,고혈압,"몸속의 시한폭탄, 고혈압[TBC클리닉건강365]",TBC,262,0,2018-09-07 05:44:01+00:00,1868,0.5,General,PreCovid_Supplement,2780,0.09424460431654676,0.0900642661345554,0,0,0
x40LF0buLas,고혈압,"""흡연·고혈압·당뇨병, 여성 심장 건강↓"" / YTN 사이언스",YTN 사이언스,261,3,2018-11-12 08:51:44+00:00,41,0.5,General,PreCovid_Supplement,2714,0.09616801768607222,0.09182047758491568,0,0,1
GtUk1XX72w4,고혈압,고혈압의 진단과 치료[tbc클리닉 건강365],TBC,256,1,2018-12-28 09:07:37+00:00,1904,0.5,General,PreCovid_Supplement,2668,0.095952023988006,0.09162341383415477,0,0,0
VqrgBVcqAC4,고혈압,"고혈압 약, 먹어야하는 이유 - 성누가병원건강플러스TV 28화",성누가병원,157,4,2018-10-12 07:14:36+00:00,970,0.5,General,PreCovid_Supplement,2745,0.057194899817850635,0.05561907950050215,0,0,0
jehk1OFQZM0,고혈압,mix소금은 최고의 고혈압 치료식품 소금오해를 풀면 건강이 보인다,jjmb world (jjmbworld),155,1,2018-03-10 20:03:21+00:00,125,0.5,General,PreCovid_Supplement,2961,0.05234718000675447,0.0510230788890476,0,0,0
kloon6ix2k4,암,메디컬 다큐 7요일 - 너를 보낼 수 없어- 대장암 4기 외_#002,EBSDocumentary (EBS 다큐),5760020,25662,2018-10-15 11:08:05+00:00,1291,0.5,General,PreCovid_Supplement,2742,2100.6637490882567,7.650484571508657,1,1,0
pnnjfIJdTgI,암,[건강강좌​] 전립선암에 대한 이해(17.09.22) 비뇨의학과 홍성규교수,분당서울대학교병원,102093,904,2018-01-12 05:17:25+00:00,1790,0.5,General,PreCovid_Supplement,3018,33.82803180914513,3.5504225742869906,1,1,0
o4Mk-9WZi30,암,[건강정보] 대장암 환자에게 추천하는 식생활,고대병원,38022,336,2018-11-19 23:30:02+00:00,83,0.5,General,PreCovid_Supplement,2707,14.045807166605098,2.7110993587994274,1,1,0
BmiL6rUMdxI,암,[건강정보] 왜 소장암은 없고 대장암만 발병하나요?,고대병원,26976,155,2018-11-07 23:30:00+00:00,79,0.5,General,PreCovid_Supplement,2719,9.921294593600589,2.39071451581749,1,1,0
0ALHpbDBm28,암,전립선암 뼈건강 관리1: 뼈표적치료제 - 분당의사 문용화,암정복TV,23477,340,2018-09-21 04:03:58+00:00,1055,0.5,General,PreCovid_Supplement,2766,8.48770788141721,2.249997053566522,1,1,0
KmRMVfFhIFQ,암,"[건강정보] 혈변이 보이는데, 대장암검사를 받아야하나요?",고대병원,22168,95,2018-11-12 23:30:01+00:00,68,0.5,General,PreCovid_Supplement,2714,8.168017686072218,2.2157210890796217,1,1,0
xreyW9I1YOE,암,장 건강이 암 치료에 매우 중요하다 - 류영석 원장,류영석TV,18178,319,2018-09-09 22:00:04+00:00,365,0.5,General,PreCovid_Supplement,2778,6.543556515478762,2.020693757213821,1,1,0
0SX9K22CTxY,암,"2018 서울대학교병원 강남센터 건강강좌 : 대장암, 대장용종 예방을 위한 생활습관 관리",서울대학교병원 강남센터,17517,282,2018-04-05 01:10:42+00:00,2790,0.5,General,PreCovid_Supplement,2935,5.968313458262351,1.941373223937693,1,1,0
ivKu_6f1U0g,암,전립선암 뼈건강 관리2(끝): 음식과 운동 - 분당의사 문용화,암정복TV,14498,224,2018-09-21 04:14:01+00:00,629,0.5,General,PreCovid_Supplement,2766,5.241503976861894,1.8312211752732124,1,1,0
-ueRzM-ZRbQ,암,[건강정보] 대장암 치료는 어떻게 해야하나요?,고대병원,14028,59,2018-11-13 23:30:01+00:00,88,0.5,General,PreCovid_Supplement,2713,5.1706597862145225,1.819805766756853,1,1,0
u7A5D-rey9s,암,[건강톡] 홍혜걸 팁 - 대장암을 거의 100% 예방하는 5가지 방법,한화생명 건강톡,12443,85,2018-10-22 07:30:54+00:00,488,0.5,General,PreCovid_Supplement,2735,4.5495429616087755,1.7137155751077766,1,1,0
PSB61g2ZgTg,암,[건강정보] 대장암 말기?! 치료 포기하지마세요,고대병원,8510,51,2018-11-14 23:30:01+00:00,84,0.5,General,PreCovid_Supplement,2712,3.137905604719764,1.4201897672506312,2,1,0
Bo3ngsy-D_Q,암,[강남세브란스] 암환자와 가족의 스트레스 및 정신건강 관리,강남세브란스병원,6444,89,2018-06-19 02:01:34+00:00,1655,0.5,General,PreCovid_Supplement,2860,2.2531468531468533,1.1796227903846022,1,1,0
htloHS0y9zI,암,"[건강똑똑 췌장암편] 2부. 암환자의 영양 관리, 이렇게 하세요_부산대병원 김동욱 교수",헬스조선 Health Chosun,6249,59,2018-11-20 02:03:11+00:00,418,0.5,General,PreCovid_Supplement,2706,2.309312638580931,1.1967405057640788,1,1,0
cRoR_5YvE1o,암,두 번의 암을 이겨낸 가수 방주연의 건강 비결 ‘로열젤리’ (스타다큐) @좋은아침 5306회 20180426,SBS Entertainment,5756,67,2018-04-26 07:57:14+00:00,177,0.5,General,PreCovid_Supplement,2914,1.9752916952642416,1.0903420830194375,1,1,0
IG7j1wzSdHs,암,암예방 건강 핵심원리 담배피워도 된다. 명의건강법008화 DentistWisdom,치과의사TV_교합전문가23년경력_DentiTube ,5748,95,2018-12-04 11:28:38+00:00,289,0.5,General,PreCovid_Supplement,2692,2.135215453194651,1.1426978968253845,1,1,0
U79e2l7E0h0,암,"암 진단, 실손보험의 반격, 의료 체계를 모르는 판사",류영석TV,5081,85,2018-11-21 22:00:02+00:00,389,0.5,General,PreCovid_Supplement,2705,1.878373382624769,1.0572253368898192,1,1,0
VpzQhi8T7So,암,담도암을 이겨낸 이왕표의 건강 비결 ☞ 브라질너트 진짜 의사가 돌아왔다 31회,JTBC Entertainment,4293,25,2018-03-24 02:00:20+00:00,171,0.5,General,PreCovid_Supplement,2947,1.4567356633864947,0.8988335026420673,1,1,0
Ml5z4Ancb_k,암,암예방과 건강관리,서울아산병원,4044,55,2018-06-20 04:23:14+00:00,2012,0.5,General,PreCovid_Supplement,2859,1.4144805876180482,0.8814841863811638,1,1,0
CjmHXXJEdvU,암,"국민건강보험 대장암검진, 대장 내시경이 지원될까?",평촌우리병원 '우리관절이야기',3854,36,2018-04-11 07:21:02+00:00,261,0.5,General,PreCovid_Supplement,2929,1.315807442813247,0.8397584141183461,1,1,0
bukBWKg4rfY,갑상선,'이런 증상' 있다면 당신의 갑상선이 위험하다!,크랜베리TV,11150,0,2018-05-29 23:00:02+00:00,280,0.5,General,PreCovid_Supplement,2881,3.870183963901423,1.5831317113094674,2,1,0
eBlzRFP1Yhg,갑상선,"[건강정보] 갑상선기능저하증, 갑상선염 등 갑상선 질환을 앓으면 암이 걸릴 확률이 높다?",고대병원,7197,40,2018-10-31 23:30:01+00:00,66,0.5,General,PreCovid_Supplement,2726,2.6401320616287602,1.2920199616577637,1,1,0
EFVnZXxUuXc,갑상선,"위드심의원 - 건강검진에서 발견된 갑상선 결절, 정밀검사",위드심의원,6851,48,2018-07-16 14:24:43+00:00,113,0.5,General,PreCovid_Supplement,2833,2.4182845040593013,1.2291388182274325,0,0,0
lCmPbzw63GI,갑상선,[의료소송] SBS모닝와이드 TV의료분쟁차트 '갑상선 수술 후 부작용 호소하는 여성'편 ㅣ법무법인고도 이용환변호사,변호사이용환,5296,15,2018-05-23 04:26:54+00:00,550,0.5,General,PreCovid_Supplement,2887,1.834430204364392,1.0418409308644467,0,0,0
XlBLVcHxYQM,갑상선,[메디컬플러스] 갑상선 암 _ 정필상 교수(단국대병원 이비인후과),단국대학교병원,3307,19,2018-11-01 02:08:40+00:00,627,0.5,General,PreCovid_Supplement,2725,1.213577981651376,0.7946102025904476,1,1,0
VVHVeLp7yZY,갑상선,갑상선과 부갑상선의 구조,rule out,2330,23,2018-05-07 03:10:45+00:00,90,0.5,General,PreCovid_Supplement,2903,0.8026179813985532,0.5892400423475779,0,0,0
SOUth1R91tM,갑상선,갑상선종양의 증상과 내시경치료법_민병원 김종민원장_평화방송,민병원,1791,36,2018-10-30 07:12:57+00:00,2825,0.5,General,PreCovid_Supplement,2727,0.6567656765676567,0.5048673141823601,1,1,0
CCnRSqkJZIw,갑상선,어서와~ 지압은 처음이지?(갑상선),"통증테라피 (근육, 혈자리, 스트레칭, 운동)",1309,37,2018-10-07 22:41:05+00:00,106,0.5,General,PreCovid_Supplement,2750,0.476,0.3893357261782807,0,0,0
Xsd8tPQf374,갑상선,2018.08.22 KNN건강365 갑상선기능항진증 마더즈병원 이석재원장,마더즈병원,927,3,2018-09-19 23:46:28+00:00,214,0.5,General,PreCovid_Supplement,2768,0.33489884393063585,0.288855516644742,0,0,0
ffDnaZTmXaw,갑상선,[건강정보] 갑상선암! 어떻게 진단하고 치료하나요?,고대병원,848,0,2018-10-30 23:30:00+00:00,91,0.5,General,PreCovid_Supplement,2727,0.31096442977631095,0.2707630722825195,1,1,0
qdT3LaDngjA,갑상선,갑상선 기능 저하증 -성누가병원건강플러스TV 21화,성누가병원,675,7,2018-06-04 04:39:23+00:00,899,0.5,General,PreCovid_Supplement,2875,0.23478260869565218,0.21089492923801068,0,0,0
DNETUEFu3uM,갑상선,동군산병원 TV건강주치의 유방갑상선외과 심재훈,오성의료재단 동군산병원,576,0,2018-03-03 01:07:41+00:00,194,0.5,General,PreCovid_Supplement,2968,0.1940700808625337,0.1773677074377005,0,0,0
NhkO05N9XnQ,갑상선,[건강정보] 갑상선! 어떤 역할을 하는 기관인가요?,고대병원,564,11,2018-10-28 23:30:00+00:00,72,0.5,General,PreCovid_Supplement,2729,0.20666910956394283,0.18786376166802582,0,0,0
qcP6IJpb_DY,갑상선,[뉴스+] 겨울철 주의해야할 갑상선 기능저하증과 건강 관리법,이데일리_official,546,0,2018-01-22 09:05:47+00:00,50,0.5,General,PreCovid_Supplement,3008,0.1815159574468085,0.1667983236448662,1,1,1
f8kd5oU8WQk,갑상선,[조성태 박사의 생긴대로 건강톡톡] 갑상선 질환,BBS 불교방송,396,17,2018-05-31 10:10:07+00:00,1725,0.5,General,PreCovid_Supplement,2879,0.13754775963876345,0.1288748574571764,0,0,0
8_SKAOoZfvU,갑상선,여름철 폭염 '갑상선기능항진증' 경보_민병원 김종민원장_ MBN뉴스광장,민병원,383,6,2018-11-07 06:55:54+00:00,499,0.5,General,PreCovid_Supplement,2719,0.14086061051857302,0.13178289910401342,0,0,0
oB7Pj50JdcY,갑상선,"[ 포토 ] 갑상선암 초기증상, '갑상선기능저하증' 어떻게 대처할까 ● 건강 TV매일 ●【경악】",건강 TV매일,222,0,2018-07-03 14:00:08+00:00,264,0.5,General,PreCovid_Supplement,2846,0.07800421644413212,0.07511138383734914,3,1,0
EASZfs5ODLg,갑상선,김일봉 원장 동영상 초음파 증례토의(474)-①우측 갑상선의 spongiform nodule ②좌측 갑상선 선종양 결절(F/75),김일봉,140,4,2018-08-28 06:43:27+00:00,1567,0.5,General,PreCovid_Supplement,2790,0.05017921146953405,0.048960827195701676,0,0,0
xvJ_P5YRsTg,갑상선,김일봉 원장 동영상 초음파 증례토의(421)-①좌측 갑상선 유두암 ②우측 갑상선 양성 선종양 결절(M/41),김일봉,122,0,2018-04-17 03:12:07+00:00,587,0.5,General,PreCovid_Supplement,2923,0.041737940472117686,0.04089041503275146,1,1,0
8Ois9mg8GzQ,위암,살찐 사람이 위암 수술 후 더 오래 산다 / YTN 사이언스,YTN 사이언스,3358,12,2016-01-13 03:44:23+00:00,147,0.5,General,PreCovid_Supplement,3748,0.8959445037353255,0.6397171332226596,1,1,0
yER7MNgvG9o,유방암,유방암 발생이 증가하는 이유,이화여자대학교 의료원,518,1,2016-04-18 04:45:57+00:00,80,0.5,General,PreCovid_Supplement,3652,0.14184008762322015,0.13264107307798803,1,1,0
9nXExXxeqWw,골다공증,우유 놀라운 진실 골다공증,밀키하우스,105046,12,2016-11-11 02:50:00+00:00,208,0.5,General,PreCovid_Supplement,3445,30.49230769230769,3.4497433157656525,0,0,0
maxMa6XAc1k,갑상선,갑상선 암 수술 후 _ 한의학박사 이승훈,한의학박사 이승훈,162,1,2017-08-25 04:36:39+00:00,106,0.5,General,PreCovid_Supplement,3158,0.0512982900569981,0.05002586709494682,1,1,0
AlTyVj7VvB4,허리디스크,[메디텔]척추와 허리건강_정형외과 남기세 원장편,의학채널 비온뒤,254642,4385,2017-06-23 09:00:00+00:00,5373,0.5,General,PreCovid_Supplement,3221,79.05681465383421,4.382736565786072,0,0,0
IveLm6q_Zfs,비만,"""건강한 비만은 없다""…심혈관 질환 위험↑ / YTN 사이언스",YTN 사이언스,1317,5,2017-05-22 08:03:27+00:00,47,0.5,General,PreCovid_Supplement,3253,0.40485705502612973,0.33993555741489895,1,1,1
5BObddC7KI4,위암,100세 건강 8월 - 위암을 품은 소화불량,구 MBCGN,183,0,2017-08-22 00:25:32+00:00,50,0.5,General,PreCovid_Supplement,3161,0.057893071812717495,0.05627926198897451,1,1,1
AgqJNa0Lzgg,신장,"전립선암/신장암의 정밀수술, 성기능 및 신장기능 보존의 극대화 - 비뇨기과 전승현 교수",경희의료원,26297,230,2017-08-30 06:41:50+00:00,836,0.5,General,PreCovid_Supplement,3153,8.340310815096734,2.234339529534672,1,1,0
c7wACmipXZ0,요실금,전립선암 수술 후 성 기능 감소나 요실금이 생길 수 있나요? [AMC 병법],서울아산병원,23711,106,2017-03-02 04:46:51+00:00,85,0.5,General,PreCovid_Supplement,3334,7.111877624475105,2.093329360994788,1,1,0
xBVkieB5kvU,당뇨,당뇨! 소갈병! 건강한의사 원장님들의 한의학 진료상담을 참고하세요,한의학건강한의사,265,2,2018-06-14 10:58:40+00:00,1262,0.5,General,PreCovid_Supplement,2865,0.0924956369982548,0.08846465438535897,0,0,0
MCA-cMxM30Q,고혈압,"""고혈압·당뇨병 환자도 실손보험 가입 가능"" - 유병력자 실손의료보험 마련 금융위원회 브리핑",KTV 국민방송,1816,38,2018-01-16 05:19:25+00:00,853,0.5,General,PreCovid_Supplement,3014,0.6025215660252157,0.4715783674601776,0,0,0
FgluMU6zuoA,암,"냉온욕으로 암예방& 건강 부교감,교감신경 자율신경계 조절 명의건강법",치과의사TV_교합전문가23년경력_DentiTube ,3651,73,2018-12-10 11:28:19+00:00,226,0.5,General,PreCovid_Supplement,2686,1.3592702903946388,0.858352372240334,1,1,0
10NozgMZEvo,관절염,무릎 퇴행성 관절염의 진단과 치료 [건강클리닉] 181123,엠키타카 MKTK,59873,655,2018-11-23 04:50:49+00:00,2358,0.5,General,PreCovid_Supplement,2703,22.15057343692194,3.1420195507188478,0,0,0
A-F_x2cN0Vs,관절염,[건강똑똑 건선편_수원] 강의11. 건선관절염 및 동반질환,헬스조선 Health Chosun,2119,19,2018-09-06 05:24:22+00:00,141,0.5,General,PreCovid_Supplement,2781,0.7619561308881697,0.5664246298647532,0,0,0
Zsblv1WPNfY,관절염,[무릎 건강강좌] 무릎 관절염 어떻게 이길 수 있을까? #1 (허재원 원장님),바른세상병원,1819,38,2018-06-07 04:39:00+00:00,568,0.5,General,PreCovid_Supplement,2872,0.6333565459610028,0.4906371281603432,0,0,0
xe_sGilXdnw,관절염,[무릎 건강강좌] 무릎 관절염 어떻게 이길 수 있을까? #3 (허재원 원장님),바른세상병원,1400,21,2018-06-07 04:54:28+00:00,515,0.5,General,PreCovid_Supplement,2872,0.48746518105849584,0.397073450471916,0,0,0
4vsswLawjD8,관절염,[무릎 건강강좌] 무릎 관절염 어떻게 이길 수 있을까? #2 (허재원 원장님),바른세상병원,1375,34,2018-06-07 04:46:02+00:00,568,0.5,General,PreCovid_Supplement,2872,0.47876044568245124,0.39120420014515633,0,0,0
Zm-AOBHSNgk,관절염,[건강웹툰] 출산 후 골반통증 원인은 천장관절염때문!,콕선생님 (콕통증의학과),1239,1,2018-06-25 08:40:10+00:00,56,0.5,General,PreCovid_Supplement,2854,0.43412754029432377,0.3605566784556213,0,0,1
89KGHD-a3DE,관절염,"[건강알리미] 무릎관절염, 어떻게 치료하나요? / 일산백병원 정형외과 조진호 교수",인제대학교 백병원,1175,8,2018-10-15 23:57:33+00:00,422,0.5,General,PreCovid_Supplement,2742,0.4285193289569657,0.3566384735435716,0,0,0
Awt9nKAwVm8,관절염,강의10 헬스조선 건강똑똑 건선의 합병증 건선 관절염,헬스조선 Health Chosun,555,3,2018-05-09 02:24:38+00:00,106,0.5,General,PreCovid_Supplement,2901,0.19131334022750776,0.17505634580254223,0,0,0
jycNvOs2WXE,관절염,무릎 관절염에 관한 오해와 진실 (건강 대해부) @좋은아침 5302회 20180420,SBS Entertainment,535,16,2018-04-20 11:41:47+00:00,193,0.5,General,PreCovid_Supplement,2920,0.1832191780821918,0.16823884093944286,0,0,0
k7Uqr33Vyfg,관절염,[건강똑똑 건선편 광주] 강의7. 건선관절염,헬스조선 Health Chosun,525,2,2018-07-09 07:08:35+00:00,110,0.5,General,PreCovid_Supplement,2840,0.18485915492957747,0.16962391092357645,0,0,0
9u4Hw-b6cyQ,관절염,쿠키 5분건강 '퇴행성 관절염과 어깨 질환',쿠키건강TV / KUKI HEALTH TV,518,2,2018-04-20 08:17:35+00:00,386,0.5,General,PreCovid_Supplement,2920,0.1773972602739726,0.16330629068046712,0,0,0
XzIKYMNix8o,관절염,[무릎 건강강좌] 무릎 관절염 어떻게 이길 수 있을까? #2,바른세상병원,441,9,2018-03-22 00:23:24+00:00,497,0.5,General,PreCovid_Supplement,2949,0.14954221770091555,0.13936379155921969,0,0,0
K63SYSHeL-w,관절염,[건강]  관절염 운동으로 극복해요🦵 #관절염,아이엠재활병원,433,12,2018-05-17 07:16:16+00:00,60,0.5,General,PreCovid_Supplement,2893,0.14967162115451088,0.1394763547767379,0,0,1
86ZNtDNVlhg,관절염,권제호 원장 - 매일경제TV 생생건강정보 (퇴행성관절염),서울바른세상병원,424,1,2018-02-21 05:33:35+00:00,1527,0.5,General,PreCovid_Supplement,2978,0.14237743451981194,0.13311155971185276,0,0,0
Ey2-CQv_lh0,관절염,무릎 퇴행성관절염의 예방과 치료 [건강클리닉] 180525,엠키타카 MKTK,318,2,2018-05-25 05:36:45+00:00,3153,0.5,General,PreCovid_Supplement,2885,0.11022530329289427,0.1045629706669582,0,0,0
GGEw0WgLrsw,관절염,"영육간에건강합시다에서 퇴행성관절염, 허리디스크 궁금증해결!",사랑플러스병원,296,0,2018-04-30 00:26:57+00:00,2477,0.5,General,PreCovid_Supplement,2910,0.10171821305841924,0.09687097300396007,0,0,0
2WU4J9LqL8g,관절염,무릎 관절염의 단계적 치료 [건강클리닉] 180914,엠키타카 MKTK,239,1,2018-09-14 04:50:53+00:00,2412,0.5,General,PreCovid_Supplement,2773,0.0861882437793004,0.08267454330400616,0,0,0
1ShPgLTGEdg,관절염,[건강똑똑 건선편_익산] 강의8. 건선 관절염,헬스조선 Health Chosun,224,0,2018-12-18 02:17:27+00:00,161,0.5,General,PreCovid_Supplement,2678,0.08364451082897685,0.08032990719301535,0,0,0
XAk3U-2vgzg,관절염,[무릎 건강강좌] 무릎 관절염 어떻게 이길 수 있을까? #1,바른세상병원,218,6,2018-03-22 00:17:02+00:00,277,0.5,General,PreCovid_Supplement,2949,0.07392336385215327,0.07131863772336355,0,0,0
arDxFl0tbMA,관절염,건강한의사 6월20일 한의학 방송 [무릎퇴행성관절염 교통사고후유증 피부가려움증 저신장소아비만],한의학건강한의사,218,2,2018-07-27 10:24:29+00:00,2222,0.5,General,PreCovid_Supplement,2822,0.07725017717930546,0.07441166198750807,0,0,0
XAdKtBMXOoU,허리디스크,나누리병원 허리디스크운동,나누리병원TV,463058,0,2018-06-26 09:06:45+00:00,42,0.5,General,PreCovid_Supplement,2853,162.3056431826148,5.095623556529456,0,0,1
cxtv_8lShBI,허리디스크,"도침, '허리디스크 치료 효과' 과학적 입증 / YTN", YTN,87176,383,2018-11-12 15:42:14+00:00,124,0.5,General,PreCovid_Supplement,2714,32.12085482682387,3.5001631391726304,0,0,0
ize7HDLHp2w,허리디스크,"225.나이 41세 남자 고관절 ,허리디스크, 발목 ,수년간 고통, 한번 스본,스도후 없어지다.",NewKsns,55660,692,2018-11-24 17:27:16+00:00,472,0.5,General,PreCovid_Supplement,2702,20.599555884529977,3.072672753577351,0,0,0
yPldCRgalUc,허리디스크,허리 도수치료 2부 [허리 통증/허리디스크/인대 근육통],힐스타TV,49890,162,2018-07-24 11:07:33+00:00,252,0.5,General,PreCovid_Supplement,2825,17.660176991150443,2.9263916804305086,0,0,0
aPkB7MtL-vQ,허리디스크,'데드리프트' 허리디스크 환자가 해도 괜찮을까요?,모커리 근육신경재활TV,49300,129,2018-09-21 08:03:26+00:00,180,0.5,General,PreCovid_Supplement,2766,17.823571945047,2.9351099113156254,0,0,0
lV_c6_zDvhM,허리디스크,허리디스크 및 척추협착증에 좋은 데드버그 허리운동,콕선생님 (콕통증의학과),46978,557,2018-08-22 00:33:31+00:00,52,0.5,General,PreCovid_Supplement,2796,16.801859799713878,2.8793029349700507,0,0,1
mM_giPyl7cA,허리디스크,+ 추간판 탈출증(허리 디스크) 치료법,전주MBC Original,41331,306,2018-06-03 02:04:59+00:00,651,0.5,General,PreCovid_Supplement,2876,14.371001390820584,2.7324827077262066,0,0,0
7B1phTgEAeI,허리디스크,허리 디스크 협착증에 침 놓는 방법 -가열식 화침과 장침치료-,압구정한의원,38978,360,2018-12-04 00:13:56+00:00,605,0.5,General,PreCovid_Supplement,2692,14.479197622585438,2.739497033651881,0,0,0
vp6mBhLyOwU,허리디스크,'허리 디스크'와 '척추관 협착증' 구별 방법! [내 몸 사용설명서] 203회 20180505,TVCHOSUN - TV조선,31731,172,2018-05-05 12:15:00+00:00,176,0.5,General,PreCovid_Supplement,2905,10.92289156626506,2.47846021328168,0,0,0
T1OmzeLRSn4,허리디스크,"허리디스크 증상,자가진단,치료법,근력운동 #3",헬스조선 Health Chosun,26091,180,2018-11-26 01:07:53+00:00,187,0.5,General,PreCovid_Supplement,2700,9.663333333333334,2.366811065293317,1,1,0
7zfpB7w-ewc,허리디스크,"허리디스크인줄 알았는데 비골신경마비? - 현재 허벅지,종아리 통증과 발의 마비감이 있으신분들은 꼭 보세요.",전기신경치료학회 KCNES 통증치료 ,25624,175,2018-05-29 10:33:04+00:00,999,0.5,General,PreCovid_Supplement,2881,8.894133981256509,2.291942054381154,1,1,0
H3W31uAH9SM,허리디스크,맥켄지운동 효과 및 주의사항 [허리디스크],정한석,20007,90,2018-09-07 06:17:33+00:00,124,0.5,General,PreCovid_Supplement,2780,7.196762589928057,2.1037392702074227,0,0,0
gDe2SpQ3dnk,허리디스크,디스크라고 오인받는 증상(디스크 의증)!!!#허리디스크#요추디스크#요통#허리통증#다리저림#다리당김#이상근증후근 의심자 필수 시청!!! - 페인랩이 말하는 통증 이야기,PAIN LAB,19024,196,2018-11-29 00:10:27+00:00,304,0.5,General,PreCovid_Supplement,2697,7.053763440860215,2.086139490363964,1,1,0
I607c8XP1K8,허리디스크,"허리통증, 허리디스크에 새우잠이 안 좋은 이유",모커리 근육신경재활TV,18897,226,2018-08-02 06:27:00+00:00,239,0.5,General,PreCovid_Supplement,2816,6.710582386363637,2.042593721215839,0,0,0
NSAy8y1OYNE,허리디스크,"[허리디스크]4.허리통증,엉덩이통증,허벅지 바깥쪽 통증의 진실과 오해",전기신경치료학회 KCNES 통증치료 ,18211,218,2018-11-09 09:51:02+00:00,440,0.5,General,PreCovid_Supplement,2717,6.702613176297387,2.0415596448305777,0,0,0
1QYNLcptq4E,허리디스크,척추수술 후 허리보조기 착용기간과 주의사항(허리디스크수술),서울예스병원,14913,134,2018-06-11 04:37:29+00:00,46,0.5,General,PreCovid_Supplement,2868,5.199790794979079,1.8245155487364368,1,1,1
hCITm2HAZ4A,허리디스크,"“허리디스크·척추협착증, 왜 생길까? 원인부터 운동까지 한눈에!”",손인수의 체형 & 재활 필라테스,14099,189,2018-12-21 08:08:39+00:00,366,0.5,General,PreCovid_Supplement,2675,5.270654205607476,1.8358806882142498,0,0,0
tamrjrKCgD4,허리디스크,디스크인듯 디스크아닌 디스크같은 요통!!#허리디스크#요추디스크#요통#허리통증#다리저림#다리당김#이상근증후근 있으신 분 필시청! - 페인랩이 말하는 통증이야기,PAIN LAB,13184,338,2018-10-16 01:08:43+00:00,335,0.5,General,PreCovid_Supplement,2741,4.809923385625684,1.7595673841375783,0,0,0
uOTQeGqUNaw,허리디스크,허리디스크의 증상,압구정한의원,10851,24,2018-11-17 02:12:14+00:00,164,0.5,General,PreCovid_Supplement,2709,4.005537098560354,1.6105447194092914,1,1,0
wXchEKpsWa8,허리디스크,허리디스크 재활에 좋은 맥켄지 운동법,평촌우리병원 '우리관절이야기',9628,108,2018-04-30 07:19:23+00:00,119,0.5,General,PreCovid_Supplement,2910,3.308591065292096,1.4606109516683756,0,0,0
iNBMtBVHgZA,전립선,"[건강강좌​] 요실금, 과민성방광, 전립선비대증(17.09.22) 비뇨의학과 이학민교수",분당서울대학교병원,46862,679,2018-01-12 05:17:25+00:00,2064,0.5,General,PreCovid_Supplement,3018,15.527501656726308,2.8050257604661786,0,0,0
JsT4qB0Id84,전립선,암치료의 길~ 전립선암과 성생활,암알지TV방송,9801,125,2018-05-18 06:26:12+00:00,455,0.5,General,PreCovid_Supplement,2892,3.3890041493775933,1.4791023561095218,1,1,0
qmXMw3Dcy1s,전립선,남성갱년기의 모든 것!! 전립선 건강의 적신호를 파헤쳐보자! 4탄 [제니의 드럭스토어],몸짱 약사 민재원,5796,116,2018-12-14 12:35:39+00:00,300,0.5,General,PreCovid_Supplement,2682,2.161073825503356,1.1509117880709587,1,1,0
6JWGslBsUYg,전립선,"[건강톡] 미니 인터뷰 - 전립선암 (장진석, 홍혜걸)",한화생명 건강톡,2232,33,2018-10-25 03:14:29+00:00,979,0.5,General,PreCovid_Supplement,2732,0.8169838945827232,0.5971779256338171,1,1,0
4h7cs66Hxc0,전립선,남자를 울리는 전립선 질환[tbc클리닉건강365],TBC,482,4,2018-11-29 12:36:55+00:00,1388,0.5,General,PreCovid_Supplement,2697,0.17871709306637004,0.16442663777107275,0,0,0
Xp8J72aqgiw,전립선,건강한의사 6월11일 한의학 방송 [전립선비대증 무지외반증 조루증 건강꿀팁],한의학건강한의사,170,2,2018-07-27 07:47:52+00:00,2978,0.5,General,PreCovid_Supplement,2822,0.060240963855421686,0.05849620668160855,0,0,0
yn3A0HWwvOY,치매,"메디컬 다큐 7요일 - 한결같은 사랑, 70년- [치매 외]_#002",EBSDocumentary (EBS 다큐),221929,1044,2018-03-06 11:10:29+00:00,2352,0.5,General,PreCovid_Supplement,2965,74.8495784148398,4.328752147635915,0,0,0
QH1AiQUYbzA,치매,4060 노후대비 : 치매예방 3분 건강체조 (한국보훈복지의료공단 보급),Silver3.0,35362,48,2018-11-11 02:41:07+00:00,267,0.5,General,PreCovid_Supplement,2715,13.024677716390423,2.6408184719212344,0,0,0
qfzsMNbqaEE,치매,"[건강톡] 영혼을 갉아먹는 병 치매, 어떻게 대비할 것인가 (2) - 치매를 예방하고 극복할 수 있는 방법",한화생명 건강톡,31546,114,2018-09-28 01:47:52+00:00,274,0.5,General,PreCovid_Supplement,2759,11.43385284523378,2.520422820907705,0,0,0
wp3BRN3e2vc,치매,"[건강톡] 영혼을 갉아먹는 병 치매, 어떻게 대비할 것인가 (3) - 내가 40년 후 치매에 걸릴 확률계산법",한화생명 건강톡,17727,68,2018-09-28 01:56:58+00:00,332,0.5,General,PreCovid_Supplement,2759,6.425154041319319,2.004873430779194,0,0,0
MQnoZN2ORqI,치매,[건강톡] 나와 치매는 얼마나 가까울까? CDR 척도로 알아보는 치매진단!,한화생명 건강톡,12521,140,2018-12-24 02:18:10+00:00,605,0.5,General,PreCovid_Supplement,2672,4.686002994011976,1.73800753978723,0,0,0
oYYp8LkzyZA,치매,"치매 지원, 틀니,임플란트 건강보험 적용 【어르신 알짜정책 10가지】 -3편-",보건복지부TV,10460,114,2018-10-10 06:57:26+00:00,212,0.5,General,PreCovid_Supplement,2747,3.8077903167091374,1.5702375849485306,0,0,0
MACA2jQewJA,치매,뉴로하모니 뉴로피드백 파낙토스 바이온스 치매예방 파킨슨 우울증 공황장애 뇌졸중 기억력 개선 뇌파 뇌과학 강박증 자폐 뇌건강,브레인,8438,70,2018-02-26 10:05:08+00:00,410,0.5,General,PreCovid_Supplement,2973,2.8382105617221662,1.345006258436582,0,0,0
PDLRgcMb3ZM,치매,모든 치매 진단 검사는 건강보험 적용 / YTN, YTN,5343,39,2018-04-09 09:12:54+00:00,143,0.5,General,PreCovid_Supplement,2931,1.8229273285568066,1.0377744063104644,0,0,0
zzjI_R3Ecgg,치매,치매 검사 건강보험 적용으로 부담을 줄이세요,보건복지부TV,4941,38,2018-04-10 06:49:35+00:00,143,0.5,General,PreCovid_Supplement,2930,1.6863481228668942,0.9881826961313371,0,0,0
TiAROjNG45E,치매,"[건강톡] 영혼을 갉아먹는 병 치매, 어떻게 대비할 것인가 (1) - 누구나 예외없는 병 치매",한화생명 건강톡,4605,72,2018-09-28 01:45:41+00:00,274,0.5,General,PreCovid_Supplement,2759,1.6690830010873505,0.9817349681356824,0,0,0
FXCXKcDggUA,치매,치매국가책임제ㅣ【정말통】 Ep.4,대통령직속 정책기획위원회,3945,19,2018-04-30 05:15:46+00:00,182,0.5,General,PreCovid_Supplement,2910,1.3556701030927836,0.8568252318308766,0,0,0
mRzJi40yi_A,치매,중증치매 의료비 건강보험으로 90% 해결! / YTN, YTN,3843,16,2018-04-16 12:12:45+00:00,132,0.5,General,PreCovid_Supplement,2924,1.3142954856361149,0.8391053153625564,0,0,0
9sZPQRgbj4I,치매,19.약으로 치료되는 수두증 치매[킴스패밀리 건강TV-똘똘백세],치매명의 김시효,3210,74,2018-07-11 01:00:00+00:00,280,0.5,General,PreCovid_Supplement,2838,1.1310782241014798,0.7566280601393809,0,0,0
S_PWTu20W-Y,치매,치매 예방! 혈관 건강 지키는 '착한지방'의 정체는? [내 몸 사용설명서] 209회 20180616,TVCHOSUN - TV조선,2311,14,2018-06-16 12:15:01+00:00,93,0.5,General,PreCovid_Supplement,2863,0.807195249738037,0.5917760576478593,0,0,0
CB027QW7QlM,치매,[건강강좌] 수면과 치매 (강동경희대병원 신경과 변정익 교수),강동경희대학교병원,2128,37,2018-06-08 08:47:43+00:00,934,0.5,General,PreCovid_Supplement,2871,0.7412051549982585,0.5545774912925063,0,0,0
VvMgj8MtkHw,치매,중증치매 의료비 건강보험으로 90% 해결됩니다.,보건복지부TV,1823,15,2018-04-18 00:15:19+00:00,133,0.5,General,PreCovid_Supplement,2922,0.6238877481177276,0.48482311873338346,0,0,0
YOMhS1bZFLk,치매,쿠키건강TV 특집 치매라도 괜찮아 영상클립 3,쿠키건강TV / KUKI HEALTH TV,1782,7,2018-11-19 12:19:45+00:00,850,0.5,General,PreCovid_Supplement,2707,0.6582933136313261,0.5057889491676308,0,0,0
cyof3KkBZCE,치매,쿠키건강TV 특집 치매라도 괜찮아 영상클립 4,쿠키건강TV / KUKI HEALTH TV,1271,5,2018-11-19 12:07:11+00:00,729,0.5,General,PreCovid_Supplement,2707,0.4695234577022534,0.3849381697996163,0,0,0
OyVoifEfSFs,치매,쿠키건강TV 특집 치매라도 괜찮아 영상클립 5,쿠키건강TV / KUKI HEALTH TV,1215,5,2018-11-19 11:55:27+00:00,543,0.5,General,PreCovid_Supplement,2707,0.44883635020317697,0.37076071714199044,0,0,0
AIJt7gqsS5w,치매,잠잘 때 ‘이것’하는 사람 치매 위기 발생! 60대 건강주의보! [내 몸 사용설명서] 225회 20181102,TVCHOSUN - TV조선,1212,2,2018-11-02 11:00:02+00:00,121,0.5,General,PreCovid_Supplement,2724,0.44493392070484583,0.3680635909027411,1,1,0
NO6orCz7poc,뇌졸중,5분 도리도리 운동의 효과는?! 뇌졸중 완전정복! [내 몸 사용설명서] 212회 20180714,TVCHOSUN - TV조선,119702,920,2018-07-14 12:15:01+00:00,161,0.5,General,PreCovid_Supplement,2835,42.22292768959436,3.7663710880162484,0,0,0
77nMveK7V5c,뇌졸중,[자막뉴스] 뇌·뇌혈관 MRI 건강보험 적용...71만 원→14만 원 / YTN, YTN,14680,95,2018-09-14 04:33:08+00:00,92,0.5,General,PreCovid_Supplement,2773,5.293905517490083,1.8395817870090587,0,0,0
qjQrw5aNbiA,뇌졸중,뇌·뇌혈관 MRI 건강보험 적용...71만 원→14만 원 / YTN, YTN,6851,52,2018-09-13 15:37:10+00:00,103,0.5,General,PreCovid_Supplement,2774,2.469718817591925,1.2440735582812081,0,0,0
LgCExcs8-rA,뇌졸중,[건강정보] 뇌졸중은 치료가 가능한 질병인가요?,고대병원,5281,61,2018-12-09 23:30:00+00:00,91,0.5,General,PreCovid_Supplement,2687,1.9653889095645702,1.087008190648943,0,0,0
bXYNQg-JQx8,뇌졸중,[건강정보] 뇌졸중의 원인은 무엇인가요?,고대병원,3430,35,2018-12-03 23:30:01+00:00,117,0.5,General,PreCovid_Supplement,2693,1.2736724842183438,0.8213963586663555,0,0,0
-2aLwv1O_Ps,뇌졸중,[건강] 뇌졸중 재활에 대하여 #뇌졸중_후유증,아이엠재활병원,2593,15,2018-03-06 02:59:52+00:00,59,0.5,General,PreCovid_Supplement,2965,0.8745362563237774,0.6283612988706233,0,0,1
Ze9bozfcJJI,뇌졸중,"[건강톡] 뇌혈관 질환(뇌졸중), F.A.S.T. 대처법",한화생명 건강톡,2001,17,2018-12-04 05:11:49+00:00,262,0.5,General,PreCovid_Supplement,2692,0.7433135215453195,0.5557876250297993,0,0,0
wxAaUIoRSx4,뇌졸중,[건강정보] 뇌졸중이란 무엇인가요?,고대병원,1948,21,2018-12-02 23:51:14+00:00,81,0.5,General,PreCovid_Supplement,2694,0.7230883444691908,0.5441182298640731,0,0,0
pGJi0mj594I,뇌졸중,[건강정보] 왜 겨울철에  뇌졸중 발병율이 높나요?,고대병원,513,2,2018-12-06 23:30:01+00:00,107,0.5,General,PreCovid_Supplement,2690,0.19070631970260224,0.17454667701327337,0,0,0
6xfncu9C2hQ,뇌졸중,"[건강정보] 아스피린의 효능- 심장병, 뇌졸중 예방효과에 항암효과까지",그린실버TV,417,7,2018-11-08 06:30:16+00:00,1732,0.5,General,PreCovid_Supplement,2718,0.1534216335540839,0.14273285835593205,1,1,0
qc9YQk3vuK4,뇌졸중,뇌졸중의 예방 [건강클리닉] 180615,엠키타카 MKTK,334,4,2018-06-15 04:55:46+00:00,3256,0.5,General,PreCovid_Supplement,2864,0.11662011173184357,0.1103063653133633,0,0,0
HTuNVNnuwSU,뇌졸중,"TV닥터 건강클리닉 박병주 과장뇌졸중 치료, 45분 10초",엠서클,303,2,2018-05-25 05:23:09+00:00,2737,0.5,General,PreCovid_Supplement,2885,0.10502599653379549,0.09986886096790572,0,0,0
lJxabBGv4HM,뇌졸중,건강 365 [76회] 뇌졸중 / YTN 라이프,YTN 밀덕스,218,3,2018-10-02 09:38:57+00:00,1506,0.5,General,PreCovid_Supplement,2755,0.07912885662431941,0.07615410141108282,0,0,0
S-xjxp4xZRU,뇌졸중,"TV닥터 건강클리닉 윤정규 과장뇌졸중 재활, 45분 30초 1",엠서클,203,1,2018-05-02 07:18:26+00:00,2760,0.5,General,PreCovid_Supplement,2908,0.06980742778541953,0.06747865824422704,0,0,0
TPNGW6ZJnqs,뇌졸중,2018건강나눔 공개강좌08회 뇌졸중과 치료 조병래교수 가톨릭대학교 인천성모병원,메디컬TV MedicalTV,197,4,2018-08-17 06:59:45+00:00,1316,0.5,General,PreCovid_Supplement,2801,0.07033202427704391,0.06796890340243449,0,0,0
DPX543L-js0,뇌졸중,영남대학교의료원 뇌졸중 건강교실(이준 교수)_1 영남대학교의료원 영남대학교병원 영남대의료원 영남대병원 영대병원,영남대학교병원,192,4,2018-03-27 00:52:29+00:00,710,0.5,General,PreCovid_Supplement,2944,0.06521739130434782,0.0631789016215316,0,0,0
IXpUFdV2OcQ,뇌졸중,영남대학교의료원 뇌졸중 건강교실(이준 교수)_2 영남대학교의료원 영남대학교병원 영남대의료원 영남대병원 영대병원,영남대학교병원,116,4,2018-03-27 00:57:31+00:00,475,0.5,General,PreCovid_Supplement,2944,0.03940217391304348,0.0386457150976596,0,0,0
2kZ2WWSCdDU,심장,심장 건강의 척도! ‘맥박’ 정확하게 체크하는 방법! [내 몸 사용설명서] 217회 20180907,TVCHOSUN - TV조선,48542,169,2018-09-07 11:00:00+00:00,141,0.5,General,PreCovid_Supplement,2780,17.46115107913669,2.9156685824468744,0,0,0
wQhvkFj6Pb8,심장,술 마실 때마다 얼굴 빨개진다면…심장건강에 '적신호',JTBC News,8609,79,2018-03-22 13:01:34+00:00,110,0.5,General,PreCovid_Supplement,2949,2.9192946761614107,1.365911708062447,1,1,0
RmU-lzSt66I,심장,"인공 심장 이식 수술 의학 과학 인체 건강 3D animation | artificial heart surgery medicine, science, and human health",imagefact,7513,37,2018-06-29 12:43:35+00:00,70,0.5,General,PreCovid_Supplement,2850,2.636140350877193,1.2909227759215212,0,0,0
KQIB0KSAd98,심장,류마티스 열에 의한 심장질환 발생기전,헤르메스,4393,34,2018-12-01 01:12:39+00:00,59,0.5,General,PreCovid_Supplement,2695,1.6300556586270871,0.9670050089418193,0,0,1
STwmhPH2TSM,심장,"""자궁절제, 심장 건강에 부정적 영향"" / YTN 사이언스",YTN 사이언스,3027,19,2018-01-05 07:51:52+00:00,41,0.5,General,PreCovid_Supplement,3025,1.0006611570247934,0.6934777044433047,0,0,1
TcWhbQrn0Bs,심장,초간단 심장 건강 테스트! 모두 ‘혀‘를 확인하자~ [내 몸 사용설명서] 224회 20181026,TVCHOSUN - TV조선,2738,8,2018-10-26 11:00:04+00:00,125,0.5,General,PreCovid_Supplement,2731,1.002563163676309,0.6944279418730677,0,0,0
rF7ukIoZju4,심장,[건강톡] 숨은그림 찾기로 쉽게 알아보는 허혈성 심장질환 극복,한화생명 건강톡,1524,28,2018-12-07 05:50:43+00:00,434,0.5,General,PreCovid_Supplement,2689,0.5667534399404983,0.44900560571015186,0,0,0
6siUm-TOrbk,심장,[건강정보] 유전성 심장질환은 무엇인가요?,고대병원,902,7,2018-07-19 23:30:01+00:00,61,0.5,General,PreCovid_Supplement,2830,0.3187279151943463,0.2766675713299511,0,0,0
HyS5Ow33VuU,심장,[5분건강]-심장재활 (이장우 교수),쿠키건강TV / KUKI HEALTH TV,878,4,2018-07-27 09:02:45+00:00,321,0.5,General,PreCovid_Supplement,2822,0.3111268603827073,0.2708869662195565,0,0,0
_UrU2V3EzWU,심장,[건강정보] 유전성 심장질환을 예방할 수 있는 방법이 있을까요?,고대병원,536,4,2018-07-19 23:30:00+00:00,119,0.5,General,PreCovid_Supplement,2830,0.18939929328621907,0.17344838411346802,0,0,0
X447wkrrak8,심장,순천향대학교 의료it공학과 인체해부학 6장 심장혈관계통,강재영,513,2,2018-06-03 14:40:55+00:00,987,0.5,General,PreCovid_Supplement,2876,0.17837273991655075,0.16413445276611402,0,0,0
Pu0gxTOs67I,심장,메디플렉스 세종병원 심장건강 강좌 인터뷰,부천방송,511,9,2018-06-09 12:50:17+00:00,209,0.5,General,PreCovid_Supplement,2870,0.17804878048780487,0.1638594939542192,0,0,0
xW7GeAinQi0,심장,[건강알리미] 심장돌연사에 관한 오해와 진실 / 일산백병원 순환기내과 곽재진 교수,인제대학교 백병원,466,4,2018-01-08 07:19:21+00:00,356,0.5,General,PreCovid_Supplement,3022,0.1542025148908008,0.14340964219618538,1,1,0
A20Qy4-9BvM,심장,심장 건강 적신호! 남녀별로 차이가 있다? [내 몸 사용설명서] 191회 20180209,TVCHOSUN - TV조선,428,4,2018-02-09 14:00:02+00:00,179,0.5,General,PreCovid_Supplement,2990,0.1431438127090301,0.1337821972908041,1,1,0
WBE-YNRGEt4,심장,심장ㆍ신생아 질환 건강보험 적용…의료비 부담↓ / 연합뉴스TV (YonhapnewsTV),연합뉴스TV,254,1,2018-08-02 23:06:17+00:00,41,0.5,General,PreCovid_Supplement,2816,0.09019886363636363,0.0863601233033098,0,0,1
UUaAWG0i5HY,심장,[일산백병원 건강강좌] 심장발작(심근경색)의 위험요인과 조기 진단 치료법,인제대학교 일산백병원,250,5,2018-07-31 01:31:52+00:00,2682,0.5,General,PreCovid_Supplement,2818,0.0887154009936125,0.08499847002852129,2,1,0
fmBDugBaup8,심장,"TV 닥터 건강클리닉 이유홍 과장구조적 심장질환, 47분 55초",클라우드엠서클,240,1,2018-06-22 02:38:46+00:00,2903,0.5,General,PreCovid_Supplement,2857,0.0840042002100105,0.08066177774242972,0,0,0
YRLRseb7KZM,심장,[Happyday]Heart health 'high pillow' is ruined! 심장 건강 '높은 배게'가 망친다![기분 좋은 날] 20180108,MBClife,178,2,2018-01-08 01:29:20+00:00,144,0.5,General,PreCovid_Supplement,3022,0.05890138980807412,0.057231945955133035,0,0,0
-fxsP0qcAm8,폐렴,"# 강아지 폐렴 환자의 기침 증상, 치료방법은?_이든동물의료센터",이든동물의료센터,19239,162,2018-10-13 07:46:16+00:00,259,0.5,General,PreCovid_Supplement,2744,7.011297376093294,2.080852717514341,1,1,0
Z1RPZiho_HE,폐렴,[광주농아방송]건강생활상식 -폐렴-(수어),dooho na,401,3,2018-01-04 02:30:19+00:00,201,0.5,General,PreCovid_Supplement,3026,0.1325181758096497,0.12444362752630761,0,0,0
rT8rjinMLWI,당뇨병,[5분 건강 톡톡] 췌장 작은 한국인…당뇨병 위험 증가 / KBS뉴스(News),KBS News,12795,101,2018-08-03 00:10:47+00:00,305,0.5,General,PreCovid_Supplement,2815,4.5452930728241565,1.7129494729356871,1,1,0
nuOv9l95B7I,당뇨병,"[건강 백문백답] 마른 비만과 당뇨병, 그 악순환의 해결책은? / 해운대백병원 내분비내과 김태년 교수",인제대학교 백병원,4891,44,2018-03-27 07:04:21+00:00,224,0.5,General,PreCovid_Supplement,2944,1.661345108695652,0.9788316749413543,0,0,0
COq6gBL1Oyk,당뇨병,[건강 백문백답] '팔다리는 가는데 배만 볼록?' 마른 비만과 당뇨병 / 해운대백병원 내분비내과 김태년 교수,인제대학교 백병원,1923,12,2018-03-27 07:04:21+00:00,179,0.5,General,PreCovid_Supplement,2944,0.6531929347826086,0.5027085299846874,0,0,0
RvvJSIiUeLE,당뇨병,[건강톡] 당뇨병 대란시대 2편 - 당뇨병의 진단기준과 종류,한화생명 건강톡,1425,28,2018-09-28 02:04:23+00:00,367,0.5,General,PreCovid_Supplement,2759,0.516491482421167,0.4163994315274727,0,0,0
m8ZsoAR9dhQ,당뇨병,[건강톡] 당뇨병 대란시대 1편 - 검진표 보면서 당뇨병 고위험군 예측하는 법,한화생명 건강톡,1129,27,2018-09-28 02:01:45+00:00,262,0.5,General,PreCovid_Supplement,2759,0.4092062341428054,0.34302659136304364,1,1,0
-q4Tofoz3r4,당뇨병,[건강 백문백답] '팔다리는 가는데 배만 볼록?' 마른 비만과 당뇨병,해운대백병원TV,831,1,2018-04-06 07:32:24+00:00,179,0.5,General,PreCovid_Supplement,2934,0.2832310838445808,0.24938118153106692,0,0,0
mXJgXMHqdVs,당뇨병,"[건강 백문백답] 마른 비만과 당뇨병, 그 악순환의 해결책은?",해운대백병원TV,396,1,2018-04-06 07:35:23+00:00,224,0.5,General,PreCovid_Supplement,2934,0.13496932515337423,0.12660562427156247,0,0,0
HGHD6qgtpig,당뇨병,"[건강프라임] 잡곡, 채소에 함유된 칼륨, '당뇨병성 신증'을 악화시켜 / 김태웅 기자",시선뉴스 YouTube,370,2,2018-06-17 15:00:23+00:00,391,0.5,General,PreCovid_Supplement,2862,0.12928022361984626,0.12158045952458978,0,0,0
jsAe3DjFpok,당뇨병,[건강정보] 비만환자는 당뇨병에 걸릴 확률이 높아지나요?,고대병원,127,0,2018-07-11 23:30:01+00:00,44,0.5,General,PreCovid_Supplement,2838,0.044749823819591264,0.04377745371183787,0,0,1
XXl9DNT1blA,비만,슬림해 보이는 나르샤의 건강검진 결과 '복부비만'(?!) 즐거운 감량생활 2회,JTBC Entertainment,2936,16,2018-06-16 04:56:30+00:00,174,0.5,General,PreCovid_Supplement,2863,1.025497729654209,0.7058154627783255,0,0,0
EciS9avMUpI,비만,"다이어트와 아름다움, 건강까지 모두 잡는 [광주비만클리닉]",광주청담리브의원,1403,3,2018-08-02 02:44:10+00:00,220,0.5,General,PreCovid_Supplement,2816,0.4982244318181818,0.40428069484640566,0,0,0
I-hHkQl9xek,비만,'비만 수술비'에 건강보험 적용 예정…만성질환 잡는다 / SBS,SBS 뉴스,1264,6,2018-03-03 13:03:27+00:00,128,0.5,General,PreCovid_Supplement,2968,0.42587601078167114,0.35478636925086426,0,0,0
aFw4v5Sn5u4,비만,[우리동네명의 시즌2] 비만과 건강,우리동네주치의,1012,6,2018-12-12 04:01:43+00:00,2050,0.5,General,PreCovid_Supplement,2684,0.3770491803278688,0.31994293467000234,0,0,0
NsBuhANn68Y,비만,'치료 목적' 고도비만 수술에 건강보험 적용,보건복지부TV,944,13,2018-11-23 07:31:01+00:00,116,0.5,General,PreCovid_Supplement,2703,0.3492415834258232,0.29954264453223267,0,0,0
p-Sqq0kNGzE,비만,"고도 비만 수술, 11월부터 건강보험 적용 / YTN 사이언스",YTN 사이언스,609,2,2018-02-07 03:52:15+00:00,26,0.5,General,PreCovid_Supplement,2992,0.2035427807486631,0.18526952455450738,0,0,1
a0gScUnHAaA,비만,성인질환의 모든 것 / 비만과 생리,메디큐레이터,580,3,2018-10-05 03:15:48+00:00,111,0.5,General,PreCovid_Supplement,2752,0.21075581395348839,0.19124480423349904,0,0,0
mqHfL29q6FI,비만,11월부터 고도비만 수술에도 건강보험 적용한다 / 연합뉴스TV (YonhapnewsTV),연합뉴스TV,512,1,2018-02-07 04:38:02+00:00,32,0.5,General,PreCovid_Supplement,2992,0.1711229946524064,0.15796311296191418,0,0,1
mCJJ8HSrqv8,비만,내년부터 '치료 목적' 고도비만 수술에 건보 적용 / YTN 사이언스,YTN 사이언스,480,3,2018-11-13 03:51:51+00:00,45,0.5,General,PreCovid_Supplement,2713,0.17692591227423515,0.16290588005585024,0,0,1
kYJnY9Skzqw,비만,약사 제니의 비만연구소 2화 다이어트 건강하게 하는 방법! [무삭제 풀버전],몸짱 약사 민재원,465,15,2018-12-07 09:00:05+00:00,3391,0.5,General,PreCovid_Supplement,2689,0.17292673856452212,0.159502111254119,0,0,0
uGDZIRmpouo,비만,건강 다이어트 방법/ 둔산한방병원/ 비만센터/ 백선은 교수,둔산한방,422,6,2018-07-30 02:50:21+00:00,114,0.5,General,PreCovid_Supplement,2819,0.14969847463639588,0.13949971202743483,0,0,0
eLNkpKcDymM,비만,건강 다이어트 방법/ 둔산한방병원/ 비만센터/ 유정은 교수,둔산한방,413,2,2018-07-30 02:44:35+00:00,177,0.5,General,PreCovid_Supplement,2819,0.14650585313941114,0.13671892852687345,0,0,0
rfUVb_yMfBc,비만,박수용박사의 건강교실(402) 비만하면 신부전증과  자궁내막암  발생율이 높다,박수용,376,14,2018-10-11 14:26:29+00:00,905,0.5,General,PreCovid_Supplement,2746,0.1369264384559359,0.12832851474746101,1,1,0
nRCHN7_B_mE,비만,[매일경제TV'건강 한의사'] 한의학 '비만' - 조현석 원장(미앤네이처 명동점),미앤네이처한의원,349,0,2018-02-12 06:52:44+00:00,521,0.5,General,PreCovid_Supplement,2987,0.11683963843321057,0.11050294526252757,0,0,0
GAtwQmmr-IU,비만,"[건강프라임] 하이힐, 과격한 운동, 비만...'아킬레스건염' 주의 / 이유진 기자",시선뉴스 YouTube,343,2,2018-08-09 12:30:02+00:00,370,0.5,General,PreCovid_Supplement,2809,0.12210751156995373,0.11520862387352608,1,1,0
K6iRf7_66gU,비만,"건강충전 잘못된 자세, 척추 질환에 비만까지      YouTube 480p",주식회사 슬리밍고그룹,334,0,2018-12-19 13:33:39+00:00,421,0.5,General,PreCovid_Supplement,2677,0.12476652969742248,0.11757548496138132,0,0,0
KN6AmDZBfCM,탈모,약사가 쉽게 설명하는 탈모약 & 주의사항 - 판시딜/마이녹실/프로페시아,이해창 약사TV,119922,1364,2018-11-30 17:11:19+00:00,281,0.5,General,PreCovid_Supplement,2696,44.481454005934715,3.817304638598535,1,1,0
wC6foEyL91s,탈모,자존감을 위협하는 여성탈모ㅣ건강플러스,서울아산병원,37130,132,2018-06-01 00:05:11+00:00,214,0.5,General,PreCovid_Supplement,2878,12.901320361362057,2.6319838256514263,0,0,0
pbufGH6f6BU,탈모,탈모치료 의료기기 헤어빔 Air 치료원리,헤어빔Hairbeam,5783,4,2018-06-28 04:29:31+00:00,105,0.5,General,PreCovid_Supplement,2851,2.028411083830235,1.1080380872027509,0,0,0
UABRjCQO4rw,탈모,[메디컬플러스] 탈모와 모발이식 _ 박병철 교수(단국대병원 피부과),단국대학교병원,2064,12,2018-08-30 05:33:07+00:00,658,0.5,General,PreCovid_Supplement,2788,0.7403156384505022,0.5540664981835263,0,0,0
UdpGOtSpVk4,탈모,[우버人건강] 줄기세포와 성장인자를 이용한 탈모치료,매경우버인,752,4,2018-09-17 05:10:27+00:00,118,0.5,General,PreCovid_Supplement,2770,0.27148014440433216,0.24018168987476726,0,0,0
0yjqIF2bxP8,탈모,[KNN 메디컬 24 닥터스] 탈모치료의 모(毛)든것/ 센텀모빅스피부과 박근 원장 출연,센텀모빅스피부과,561,4,2018-09-07 10:15:15+00:00,1478,0.5,General,PreCovid_Supplement,2780,0.20179856115107914,0.18381923567207378,0,0,0
IX3yvYpmYfs,탈모,다이어트의 모든 것 ) 다이어트와 탈모,메디큐레이터,508,3,2018-10-04 06:54:59+00:00,123,0.5,General,PreCovid_Supplement,2753,0.18452597166727205,0.16934267064671182,0,0,0
rYTdJuyquxE,탈모,[TBC클리닉 건강365] 탈모치료 모발이식 헤어라인 A to Z,대구모제림 모발이식.탈모치료,429,0,2018-04-02 10:14:40+00:00,1709,0.5,General,PreCovid_Supplement,2938,0.14601769911504425,0.13629306242725187,0,0,0
tJ5hB-rnrDo,탈모,탈모치료 의료기기 헤어빔 Air 브랜드 소개,헤어빔Hairbeam,337,0,2018-06-28 04:24:23+00:00,78,0.5,General,PreCovid_Supplement,2851,0.11820413889863206,0.11172395099743367,0,0,0
H9nSP9ZDhzY,탈모,[건강365] 탈모와의 전쟁 - 모제림 대구점,메이드인리얼,250,0,2018-03-29 06:27:14+00:00,1816,0.5,General,PreCovid_Supplement,2942,0.0849762066621346,0.08155805740831655,0,0,0
duvsRf8-QtA,탈모,건강 365 [78회] 탈모 / YTN 라이프,YTN 밀덕스,237,4,2018-10-08 09:48:27+00:00,1505,0.5,General,PreCovid_Supplement,2749,0.08621316842488178,0.08269748993388999,0,0,0
kovOflebNOw,위암,노년기 위암의 예방과 관리,서울아산병원,194497,4106,2018-12-17 02:18:51+00:00,1930,0.5,General,PreCovid_Supplement,2679,72.60059723777529,4.298653140345593,1,1,0
gt2ffeSfaVY,위암,잦은 소화불량에서 시작되는 위암의 증상 _ 박언휘 원장,박언휘TV,60185,517,2018-09-02 22:00:01+00:00,255,0.5,General,PreCovid_Supplement,2785,21.610412926391383,3.118410549121404,2,1,0
uMXKUA2IdBs,위암,"Q. 위내시경 조직검사 때 생긴 상처때문에, 위암이 생길수도 있나요? [위암 편]",국가암지식정보센터,31497,221,2018-12-10 05:22:45+00:00,53,0.5,General,PreCovid_Supplement,2686,11.726358897989575,2.54367534636088,1,1,1
XZIJZ-fOPPg,위암,Q. 헬리코박터균에 감염됐다는 판정을 받았는데 심각한건가요?  [위암 편],국가암지식정보센터,21682,136,2018-12-10 05:22:45+00:00,72,0.5,General,PreCovid_Supplement,2686,8.07222635889799,2.20521769805176,2,1,0
oapCSJsrGF0,위암,위암 수술 후 장기적 관리,서울아산병원,12195,121,2018-11-22 01:33:24+00:00,1018,0.5,General,PreCovid_Supplement,2704,4.509985207100592,1.7065619384244846,1,1,0
kTeWR2RUV6E,위암,위암의 진행 단계,EBS 건강 아카이브,11148,39,2018-01-18 03:00:01+00:00,82,0.5,General,PreCovid_Supplement,3012,3.701195219123506,1.5478167783279264,1,1,0
y_-KziwPV-s,위암,"[김지수의 건강 36.5] 한국인 위암 정복, 헬리코박터균 진단ㆍ치료에 달렸다 / 연합뉴스TV (YonhapnewsTV)",연합뉴스TV,6325,43,2018-04-21 00:57:17+00:00,422,0.5,General,PreCovid_Supplement,2919,2.1668379582048645,1.1527336005401565,1,1,0
_SxIc2fqGF0,위암,"위내시경, 음식과 스트레스 관리, 위암 예방법 _ 박언휘 원장",박언휘TV,5677,87,2018-09-09 22:00:00+00:00,265,0.5,General,PreCovid_Supplement,2778,2.0435565154787616,1.1130267380183916,1,1,0
FHRzxUwIKg0,위암,[5분 건강 톡톡] “위암 수술 성공률…병원 크기 상관없다” | KBS뉴스 | KBS NEWS,KBS News,3747,19,2018-03-23 00:08:39+00:00,300,0.5,General,PreCovid_Supplement,2948,1.2710312075983718,0.8202340048160457,1,1,0
UFEsNS9QdMQ,위암,[강동경희대병원] 위암 수술 (외과 최성일 교수),강동경희대학교병원,3285,43,2018-06-20 06:00:52+00:00,237,0.5,General,PreCovid_Supplement,2859,1.14900314795383,0.7650040825051964,1,1,0
TY3b5Ux67RQ,위암,[건강 백문백답] 젊은 층에게 치명적인 위암? 미만형 위암 / 해운대백병원 외과 오성진 교수,인제대학교 백병원,3014,30,2018-10-11 00:27:22+00:00,211,0.5,General,PreCovid_Supplement,2746,1.0975965040058266,0.7407921673620206,2,1,0
2oAk5HJE8CM,위암,위암 수술 후 늘어난 식탐 때문에 높아진 염증 수치,김병재 박사의 천연치유,1949,21,2018-07-04 22:00:00+00:00,307,0.5,General,PreCovid_Supplement,2845,0.6850615114235501,0.5218020684338984,1,1,0
Uc0ueHEBy3Y,위암,위암 환자가 꼭 알아야할 효과적인 관리법,재단법인보건의료정보센터,1935,29,2018-12-14 06:57:17+00:00,99,0.5,General,PreCovid_Supplement,2682,0.7214765100671141,0.5431823586653651,1,1,0
yuT_2d5QS8s,위암,"[부산백병원 건강강좌] 위암의 수술적 치료, 그리고 수술 후 관리 / 외과 김광희 교수",부산백병원,1841,9,2018-07-10 08:03:50+00:00,1450,0.5,General,PreCovid_Supplement,2839,0.6484677703416696,0.4998462324387212,1,1,0
o1HC3EBhfkM,위암,질병 및 의료행위분류 - 위암편,이수경,1774,0,2018-11-27 10:39:29+00:00,771,0.5,General,PreCovid_Supplement,2699,0.6572804742497221,0.5051779904148435,1,1,0
XUo8PoJLdLA,위암,젊은 여성 위협하는 ‘미만형 위암’을 아시나요?,베이비뉴스,1485,5,2018-06-28 08:39:43+00:00,66,0.5,General,PreCovid_Supplement,2851,0.5208698702209751,0.41928245420681015,1,1,0
Al-SKQkyLRk,위암,무엇이든 물어보세요 - 위 질환에 의한 소화불량 증상 - 위암 20180313,KBS 교양,1116,4,2018-03-13 04:36:38+00:00,169,0.5,General,PreCovid_Supplement,2958,0.3772819472616633,0.320111953516006,2,1,0
C40qT4ueUFE,위암,[건강 백문백답] 젊은 층에게 치명적인 위암? 미만형 위암,해운대백병원TV,749,6,2018-10-08 05:36:07+00:00,211,0.5,General,PreCovid_Supplement,2749,0.2724627137140778,0.24095416741330164,2,1,0
UAkE7dxG5rc,위암,[충무아트홀 건강강좌] 위암 / 서울백병원 외과 이우용 교수,인제대학교 백병원,713,5,2018-03-20 01:47:13+00:00,3902,0.5,General,PreCovid_Supplement,2951,0.24161301253812267,0.21641135085108149,1,1,0
pjcYOnmaWrA,위암,너무 사소해서 놓치기 쉬운 위암 초기증상 ♥ X-FACE,X-FACE Healthcare,713,6,2018-04-18 12:13:21+00:00,740,0.5,General,PreCovid_Supplement,2922,0.24401095140314852,0.21834079765697492,2,1,0
VdgwJw_ac08,대장암,대장내시경 절반은 장 청소 ‘불합격’ / KBS뉴스(News),KBS News,597127,1777,2018-11-19 13:01:10+00:00,123,0.5,General,PreCovid_Supplement,2707,220.58625785001848,5.400811939638033,0,0,0
hdWq3Wa8XE8,대장암,메디컬 다큐 7요일 - 너를 보낼 수 없어- 대장암 4기 외_#001,EBSDocumentary (EBS 다큐),273122,1796,2018-10-15 11:08:15+00:00,1437,0.5,General,PreCovid_Supplement,2742,99.6068563092633,4.611220409510876,1,1,0
id3NnrwGn-M,대장암,Q. 대장암 주된 증상은 무엇인가요? [대장암 편],국가암지식정보센터,250816,30,2018-06-19 01:53:29+00:00,47,0.5,General,PreCovid_Supplement,2860,87.6979020979021,4.485236237377453,2,1,1
FGKR-0LqMP0,대장암,대장암 - 장루란?,EBS 건강 아카이브,89562,321,2018-03-14 08:00:03+00:00,79,0.5,General,PreCovid_Supplement,2957,30.288129861345958,3.443238787960643,1,1,0
H2WvLVa5HDI,대장암,대장암의 맞춤 수술,서울아산병원,62525,509,2018-12-05 00:58:33+00:00,1766,0.5,General,PreCovid_Supplement,2691,23.234856930509103,3.187791965855491,1,1,0
x2ZX7vjXLa8,대장암,소리 없이 찾아오는 대장암! 단계별 모습은? [내 몸 사용설명서] 232회 20181221,TVCHOSUN - TV조선,57889,164,2018-12-21 11:00:09+00:00,139,0.5,General,PreCovid_Supplement,2675,21.6407476635514,3.119751276798156,1,1,0
-iEHTGUi18Q,대장암,내시경을 이용한 대장암의 진단과 치료,서울아산병원,51644,336,2018-12-05 00:58:33+00:00,1119,0.5,General,PreCovid_Supplement,2691,19.19137866963954,3.0052557147700463,1,1,0
v3EiIcvFHIU,대장암,'OO'이 대장암을 부른다?! (보고만 있어도 즐거웠거늘....) [엄지의 제왕 297회],MBN Entertainment,51554,222,2018-09-20 06:07:30+00:00,635,0.5,General,PreCovid_Supplement,2767,18.631731116732922,2.9771471917018264,1,1,0
PBnhp0GMq4I,대장암,대장암 전이 과정,EBS 건강 아카이브,49298,194,2018-03-14 08:00:06+00:00,89,0.5,General,PreCovid_Supplement,2957,16.67162664863037,2.871960339176127,1,1,0
LAY6mx2hzgc,대장암,"우측 대장·좌측 대장, 부위별 대장암 증상?! (청춘컴백청진기) @좋은아침 5374회 20180806",SBS Entertainment,34702,201,2018-08-06 08:24:52+00:00,176,0.5,General,PreCovid_Supplement,2812,12.34068278805121,2.590818222689731,2,1,0
dHxe3hpKU1I,대장암,직장암 환자 복강경 암세포 절제 수술,EBS 건강 아카이브,22408,57,2018-05-02 09:00:10+00:00,38,0.5,General,PreCovid_Supplement,2908,7.705639614855571,2.163971047241786,1,1,1
QeQ6en1drDw,대장암,"[자막뉴스] 춘천소년원, 대장암 10대 방치 논란 / YTN", YTN,21749,71,2018-01-15 00:33:03+00:00,138,0.5,General,PreCovid_Supplement,3015,7.213598673300166,2.105791155477837,1,1,0
9uKXA_y2jgw,대장암,대장암의 증상,EBS 건강 아카이브,18057,46,2018-03-14 08:00:00+00:00,54,0.5,General,PreCovid_Supplement,2957,6.1065268853567805,1.9610136413962433,2,1,1
_gr_DoixYWk,대장암,대장암 환자 수술,EBS 건강 아카이브,17078,50,2018-05-02 09:00:06+00:00,38,0.5,General,PreCovid_Supplement,2908,5.872764786795048,1.9275664687683247,1,1,1
bI6iImw1EaA,대장암,대장암 발병 ‘위치’에 따라 증상도 다르다?! [내 몸 사용설명서] 232회 20181221,TVCHOSUN - TV조선,14676,71,2018-12-21 11:00:10+00:00,87,0.5,General,PreCovid_Supplement,2675,5.486355140186916,1.8697007612715648,2,1,0
U_IQ5r7nhHI,유방암,유방암 환자가 반드시 먹어야 할 5가지 식품,재단법인보건의료정보센터,30101,232,2018-07-06 01:32:04+00:00,66,0.5,General,PreCovid_Supplement,2843,10.587759409074922,2.449949317616571,1,1,0
5m4RCMwWvqc,유방암,[건강강좌​] 유방암의 전신치료 소개 및 부작용 관리(17.10.17) 혈액종양내과 김지현교수,분당서울대학교병원,13287,97,2018-01-12 05:17:25+00:00,2037,0.5,General,PreCovid_Supplement,3018,4.40258449304175,1.6868774488956253,1,1,0
9bJTAP1aBlk,유방암,[건강강좌​] 유방암 환자의 스트레스 극복하기!(17.10.17) 정신건강의학과 김정현교수,분당서울대학교병원,12791,69,2018-01-12 05:17:25+00:00,2063,0.5,General,PreCovid_Supplement,3018,4.238237243207422,1.6559850377683936,1,1,0
QDUjYnmcC1k,유방암,유방암 환자의 이차암 검진,서울아산병원,9232,64,2018-11-05 08:42:01+00:00,944,0.5,General,PreCovid_Supplement,2721,3.392870268283719,1.4799828330947347,1,1,0
lIpBoQ_MYvg,유방암,"[건강정보] 유방암을 진단받았는데, 겨드랑이 림프절 절제술이 무엇인가요?",고대병원,7236,28,2018-10-11 23:30:00+00:00,76,0.5,General,PreCovid_Supplement,2746,2.63510560815732,1.2906381637016382,1,1,0
I60oaYiWymE,유방암,[건강정보] 유방암. 어떤 증상이 느껴지면 병원을 찾아야 하나요?,고대병원,5588,38,2018-10-14 23:30:01+00:00,81,0.5,General,PreCovid_Supplement,2743,2.037185563251914,1.110931285037306,2,1,0
lMqIn9BUjqo,유방암,[건강정보] 유방암 수술법은? 꼭 가슴을 절제해야 하나요?,고대병원,3958,16,2018-10-10 23:30:00+00:00,81,0.5,General,PreCovid_Supplement,2747,1.4408445576993083,0.892344109620505,1,1,0
kE1PgDWeOL0,유방암,[건강톡] 유방암 자가검진과 예방 - 대림성모병원 김성원 원장,한화생명 건강톡,3851,36,2018-09-30 09:29:31+00:00,463,0.5,General,PreCovid_Supplement,2757,1.3968081247733044,0.8741379041770173,1,1,0
6mOc84C8bwE,유방암,[분당 차병원] 유방암 건강강좌(20181022) - 혈액종양내과,분당차병원_CHA Bundang Medical Center,2920,49,2018-11-05 05:11:37+00:00,1610,0.5,General,PreCovid_Supplement,2721,1.0731348768834987,0.7290618949567298,1,1,0
zKEMR3sX4qg,유방암,[건강정보] 가슴 성형수술을 받으면 유방암 위험이 높아진다?,고대병원,2425,14,2018-10-15 23:30:01+00:00,40,0.5,General,PreCovid_Supplement,2742,0.8843909555069293,0.6336046681649249,2,1,1
AkfEr7PKrlU,유방암,[건강정보] 안젤리나 졸리처럼 유방을 절제하면 유방암 예방이 된다?,고대병원,1844,9,2018-10-16 23:30:01+00:00,61,0.5,General,PreCovid_Supplement,2741,0.6727471725647574,0.5144672883877794,1,1,0
V4lPcwO0jHU,유방암,[건강정보] 유방암이란 어떤 병인가요?,고대병원,759,10,2018-10-09 23:30:01+00:00,77,0.5,General,PreCovid_Supplement,2748,0.2762008733624454,0.24388759679793814,1,1,0
8js7s7KKZKU,유방암,이대목동병원 건강강좌: 골다공증 환자 및 유방암 수술 후 뼈주사 환자에서의 치과 치료,이화여자대학교 의료원,716,8,2018-05-21 07:07:15+00:00,3176,0.5,General,PreCovid_Supplement,2889,0.24783662166839737,0.2214113492528142,1,1,0
DmLDT2j-zJs,유방암,[건강정보] 브래지어는 유방암 위험이 높아진다?,고대병원,694,6,2018-10-17 23:30:00+00:00,64,0.5,General,PreCovid_Supplement,2740,0.25328467153284673,0.22576784207530495,2,1,0
vjLnNey3Bjc,유방암,"[건강시그널] 유방암 수술 후 재건, 암재발 발견 어려울까? / 박진아 아나운서, 대림성모 김성원 원장",시선뉴스 YouTube,686,7,2018-04-19 01:36:50+00:00,574,0.5,General,PreCovid_Supplement,2921,0.23485107839780897,0.21095037851579804,1,1,0
S1AnEhpDOVQ,유방암,"[건강시그널] 가족과 함께 유방암 우울증 극복하는 방법은? / 박진아 아나운서, 대림성모 김성원 원장",시선뉴스 YouTube,346,2,2018-05-09 21:42:16+00:00,556,0.5,General,PreCovid_Supplement,2901,0.11926921751120304,0.11267598798144195,1,1,0
aihSfX-oxJg,유방암,"[건강시그널] 유방암, 절제하지 않는 치료법은 없나? / 박진아 아나운서, 대림성모 김성원 원장",시선뉴스 YouTube,321,2,2018-03-21 23:24:28+00:00,619,0.5,General,PreCovid_Supplement,2950,0.1088135593220339,0.10329057820451841,1,1,0
sYOf1oE2V_Q,유방암,"유방암 극복, 희망 로드맵 ①",K-VIBE,274,1,2018-07-18 04:40:43+00:00,459,0.5,General,PreCovid_Supplement,2831,0.09678558813140233,0.09238370925567953,1,1,0
M7KVaeYrwGw,유방암,"[대림성모병원 건강시그널 #3] 유방암 수술 후 재건, 암재발 발견 어려울까?",대림성모병원,245,2,2018-04-19 03:16:12+00:00,574,0.5,General,PreCovid_Supplement,2921,0.08387538514207463,0.0805429380532165,1,1,0
vJK1tQBzN7w,유방암,2018.05.04 KNN건강365 유방암조기발견 마더즈병원 김상원원장,마더즈병원,210,3,2018-09-19 00:51:59+00:00,248,0.5,General,PreCovid_Supplement,2768,0.07586705202312138,0.07312689650639412,1,1,0
GF1KJ-8Yd6M,간염,완치 어려운 'B형 간염'...치료 실마리 풀렸다 / YTN 사이언스,YTN 사이언스,85146,831,2018-08-30 04:52:14+00:00,125,0.5,General,PreCovid_Supplement,2788,30.540172166427546,3.4512620401892247,0,0,0
C6ZtW2ffbPo,간염,[건강정보] 간염의 증상은 무엇인가요?,고대병원,15853,85,2018-09-13 23:30:00+00:00,90,0.5,General,PreCovid_Supplement,2774,5.714852198990627,1.9043218191582256,1,1,0
adikPJ_21LY,간염,간염/간경화/간암 강의 (1편): 죽음과 건강에 대한 통계,조동혁의100세 건강시대,9668,103,2018-07-06 16:58:45+00:00,358,0.5,General,PreCovid_Supplement,2843,3.400633134013366,1.4817484246664003,1,1,0
aTJJ-kOGPFA,간염,톡투건강 핫 클릭 두번째 C형 간염 오해와 진실,톡투건강TV,6358,116,2018-10-30 11:54:16+00:00,239,0.5,General,PreCovid_Supplement,2727,2.3314998166483316,1.203422597984683,0,0,0
iBd4viDma4c,간염,간경화에서 간암으로 이어질 수 있는 만성 바이러스성 간염 [건강클리닉]  180504,엠키타카 MKTK,3464,33,2018-05-04 07:14:46+00:00,3142,0.5,General,PreCovid_Supplement,2906,1.1920165175498967,0.7848219044359808,1,1,0
HsP0phZuO0A,간염,[메디컬플러스] C형 간염 _ 김석배 교수(단국대병원 소화기내과),단국대학교병원,1897,27,2018-09-11 23:38:42+00:00,604,0.5,General,PreCovid_Supplement,2776,0.68335734870317,0.5207902210737311,0,0,0
SOYbY7eQ8k4,간염,무료건강강좌 알림: 간염과 간암,조동혁의100세 건강시대,1779,52,2018-06-19 04:14:13+00:00,737,0.5,General,PreCovid_Supplement,2860,0.622027972027972,0.4836772009378454,1,1,0
HlJMqafmknU,간염,[건강정보] 간염의 치료법은 무엇인가요?,고대병원,634,7,2018-10-21 23:30:00+00:00,94,0.5,General,PreCovid_Supplement,2736,0.23172514619883042,0.20841574460396634,0,0,0
5tv_B22yRgY,간염,[건강정보] 간염이란 무엇인가요?,고대병원,440,4,2018-09-13 01:09:54+00:00,64,0.5,General,PreCovid_Supplement,2774,0.15861571737563085,0.147225945422681,0,0,0
Y7iUJxfU8Zg,간염,[건강정보] 간염은 어떤 위험성이 있나요?,고대병원,434,0,2018-10-23 23:30:01+00:00,73,0.5,General,PreCovid_Supplement,2734,0.15874177029992684,0.1473347356504216,1,1,0
lhLaXcnjWvU,간염,[건강정보] 간염의 예방법은 무엇인가요?,고대병원,229,2,2018-10-22 23:30:00+00:00,108,0.5,General,PreCovid_Supplement,2735,0.08372943327239488,0.08040827155989592,0,0,0
f1kJWRz7W40,간염,[메디컬현장]대한간학회 C형 간염과 전쟁 전남 구례군 현장 가보다,톡투건강TV,204,22,2018-10-28 22:45:53+00:00,183,0.5,General,PreCovid_Supplement,2729,0.07475265665078784,0.07209054826911257,0,0,0
FLVEopfMMUs,간염,건강 365 [51회] 간염 / YTN 라이프,YTN 밀덕스,176,1,2018-01-09 09:12:44+00:00,1484,0.5,General,PreCovid_Supplement,3021,0.05825885468387951,0.05662496767316946,0,0,0
bo1KWajzCIs,신장,[건강강좌​] 저염식사와 함께 건강한 콩팥(신장)만들기(17.08.25) 신장내과 김세중교수,분당서울대학교병원,186023,2590,2018-01-12 05:17:25+00:00,3016,0.5,General,PreCovid_Supplement,3018,61.63783962889331,4.137369562404742,0,0,0
ybVyqJhxE3w,신장,[국민건강보험 일산병원 건강강좌] 나쁜 콩팥 치료하기,국민건강보험일산병원,57652,1148,2018-09-03 10:37:22+00:00,3257,0.5,General,PreCovid_Supplement,2784,20.708333333333332,3.077696211405421,0,0,0
-0QpWCHUoFA,신장,"신장 투석 방법 - 혈액, 복막 투석 / YTN 라이프",YTN 밀덕스,45695,144,2018-02-06 07:52:05+00:00,141,0.5,General,PreCovid_Supplement,2993,15.267290344136319,2.7891563642840533,1,1,0
zKiFDa1DJEI,신장,신장암과 방광암,건국대학교병원,35331,359,2018-06-11 00:40:37+00:00,2078,0.5,General,PreCovid_Supplement,2868,12.319037656903765,2.589194414522034,1,1,0
m-ZEcMLT6CY,신장,신장이 나쁘면 빈혈이 온다?,조동혁의100세 건강시대,35077,1025,2018-07-28 04:16:45+00:00,507,0.5,General,PreCovid_Supplement,2821,12.43424317617866,2.5978069082275637,0,0,0
j7DyCdYA-SI,신장,신장내과와 비뇨기과에서 하는일들의 설명,조동혁의100세 건강시대,28940,936,2018-09-18 04:53:16+00:00,885,0.5,General,PreCovid_Supplement,2769,10.451426507764536,2.4381143080710426,0,0,0
muDkmeAI-_A,신장,"소리 없는 불청객, 신장암 [TBC-띠비띠]",TBC,25601,218,2018-05-25 04:04:55+00:00,1420,0.5,General,PreCovid_Supplement,2885,8.873830155979203,2.2898878385523314,1,1,0
YUJKrcpMa7o,신장,신장과 신장병 - 1편 (라디오코리아 라이브데스크),조동혁의100세 건강시대,22847,643,2018-11-13 05:48:59+00:00,1406,0.5,General,PreCovid_Supplement,2713,8.421304828603022,2.2429735958325394,0,0,0
PLxjGIX8f9M,신장,소변색으로 보는 신장 건강 상태 / YTN 라이프,YTN 밀덕스,20403,91,2018-02-06 08:02:25+00:00,124,0.5,General,PreCovid_Supplement,2993,6.816906114266622,2.0562888387102176,0,0,0
WVCgFGat8hU,신장,[건강똑똑 신장이식편] 강의3. 말기신부전의 혈액투석,헬스조선 Health Chosun,17715,125,2018-08-06 06:12:37+00:00,826,0.5,General,PreCovid_Supplement,2812,6.299786628733997,1.9878451187866233,2,1,0
2DlkKZ7Dd4g,신장,신장암과 로봇수술 / YTN, YTN,8397,77,2018-07-28 10:07:32+00:00,156,0.5,General,PreCovid_Supplement,2821,2.97660404112017,1.3804281990662859,1,1,0
5cJ59tUE9K8,신장,신장암 치료를 위한 다빈치 로봇 부분 신 절제술,분당서울대학교병원,8234,53,2018-05-02 23:22:24+00:00,233,0.5,General,PreCovid_Supplement,2908,2.831499312242091,1.343256191927351,1,1,0
-5zmxcVGnmw,신장,[TJB메디컬플러스] 신장결석과 연성요관경 치료,순천향대학교 천안병원,8165,75,2018-07-23 04:35:36+00:00,579,0.5,General,PreCovid_Supplement,2826,2.8892427459306442,1.3582144718244278,0,0,0
BEd5GsDswhk,신장,통풍약은 간과 신장에 무리를 준다? / YTN 라이프,YTN 밀덕스,6394,39,2018-02-01 07:11:44+00:00,64,0.5,General,PreCovid_Supplement,2998,2.132755170113409,1.1419128634053348,0,0,0
qYu9T-01OpU,신장,신장이식 환자의 이식 후 건강관리,손선영,6393,82,2018-11-08 11:28:58+00:00,458,0.5,General,PreCovid_Supplement,2718,2.3520971302428255,1.2095861590027694,0,0,0
KksKt86op_A,신장,큰 신 종양에서 신장을 보존하는 로봇 부분 신 절제술,분당서울대학교병원,3453,46,2018-05-02 23:22:23+00:00,411,0.5,General,PreCovid_Supplement,2908,1.187414030261348,0.7827200380253942,0,0,0
smgxn3KszG8,신장,건강질환신장 기능과 직결된 ‘단백뇨’ 원인과 증상은 ● 건강 TV매일 ●【경악】,건강 TV매일,2675,26,2018-07-27 14:00:06+00:00,201,0.5,General,PreCovid_Supplement,2822,0.9479092841956059,0.6667566354479011,2,1,0
2iXtUZXv-4Y,신장,[건강똑똑 신장이식편] 강의1. 신장의 구조와 기능,헬스조선 Health Chosun,2321,14,2018-08-06 06:14:26+00:00,314,0.5,General,PreCovid_Supplement,2812,0.8253911806543386,0.6017943096297477,0,0,0
yfgXSk5_zr0,신장,[건강똑똑 신장이식편] 강의4. 말기신부전의 신장이식,헬스조선 Health Chosun,2287,24,2018-08-06 05:51:47+00:00,1581,0.5,General,PreCovid_Supplement,2812,0.8133001422475107,0.5951484681246003,1,1,0
yvrKZjg88Y4,신장,[건강똑똑 신장이식편] 강의5. 국내장기기증 현황 및 문제점,헬스조선 Health Chosun,1630,8,2018-08-06 05:29:53+00:00,963,0.5,General,PreCovid_Supplement,2812,0.5796586059743954,0.45720875152381724,0,0,0
BZoId5L73XM,골다공증,"골다공증 예방 골밀도검사, 보건소에서 OK",용인시 조아용TV,12661,57,2018-02-06 02:56:48+00:00,63,0.5,General,PreCovid_Supplement,2993,4.230203808887404,1.6544502465120845,0,0,0
8t-e-WjCL-Y,골다공증,무엇이든물어보세요 -뼈 건강을 위협하는 골다공증에 대한 모든 것.20181001,KBS 교양,3297,25,2018-10-01 07:50:05+00:00,226,0.5,General,PreCovid_Supplement,2756,1.196298984034833,0.7867736637581381,0,0,0
hybhIj0EGj4,골다공증,[건강정보] 골다공증! 어떤 증세가 나타나면 병원에 가야할까요?,고대병원,2795,14,2018-09-27 23:30:01+00:00,69,0.5,General,PreCovid_Supplement,2760,1.0126811594202898,0.6994677433625347,0,0,0
n7kQXTR_7ug,골다공증,20181128 생로병사의 비밀 예고   골다공증 ㅣ KBS방송,KBS 한국방송,2070,8,2018-11-28 06:34:23+00:00,31,0.5,General,PreCovid_Supplement,2698,0.7672349888806523,0.5694161719774845,0,0,1
UM73CVj_JAw,골다공증,[건강정보] 골다공증 어떻게 검사하고 치료하나요?,고대병원,1887,16,2018-09-28 23:30:01+00:00,71,0.5,General,PreCovid_Supplement,2759,0.683943457774556,0.5211383391130684,0,0,0
YwqMb2wRB5k,골다공증,[5분 건강 톡톡] 소리 없는 뼈 도둑 ‘골다공증’…‘숨은 골절’ 조심 | KBS뉴스 | KBS NEWS,KBS News,1429,9,2018-04-06 00:06:11+00:00,300,0.5,General,PreCovid_Supplement,2934,0.48704839809134287,0.39679321442068255,0,0,0
6ZJOZ8Gw88c,골다공증,"[국민건강보험 일산병원 건강강좌] 골다공증, 어떻게 관리해야 하나요?",국민건강보험일산병원,1411,11,2018-02-20 16:32:07+00:00,2896,0.5,General,PreCovid_Supplement,2979,0.47364887546156426,0.38774155335593474,0,0,0
9A-lCtdN3Fw,골다공증,[건강웹툰] 골다공증 때문에 척추압박골절까지?,콕선생님 (콕통증의학과),1037,1,2018-04-23 09:00:26+00:00,61,0.5,General,PreCovid_Supplement,2917,0.3555022283167638,0.3041720338628408,0,0,0
_iOX0Kr1pgk,골다공증,뼈건강 나노칼슘ㅡ골다공증도회복되다,코칭,759,3,2018-03-08 02:50:05+00:00,73,0.5,General,PreCovid_Supplement,2963,0.2561592980087749,0.22805888962863083,0,0,0
L73jXGogt1Q,골다공증,[건강정보] 골다공증 예방법 혹은 건강생활수칙은?,고대병원,303,4,2018-09-29 23:30:00+00:00,83,0.5,General,PreCovid_Supplement,2758,0.10986221899927484,0.10423588059216539,0,0,0
xISjS-b4Lwk,요실금,요실금 수술 과정,EBS 건강 아카이브,57546,141,2018-02-01 03:00:03+00:00,51,0.5,General,PreCovid_Supplement,2998,19.194796531020682,3.0054249737490073,0,0,1
4ek7NOuZhZk,아토피,2018건강나눔 공개강좌6회 아토피 박귀영교수 중앙대병원[메디컬TV],메디컬TV MedicalTV,1066,8,2018-05-02 04:51:49+00:00,1282,0.5,General,PreCovid_Supplement,2908,0.36657496561210456,0.31230758445835216,0,0,0
BuaxOh9M94w,아토피,면역력 장건강 유산균 항생제 비염·아토피·천식 알러지 질환,한의사 황태환 TV,661,0,2018-07-08 04:43:27+00:00,101,0.5,General,PreCovid_Supplement,2841,0.2326645547342485,0.2091781309916092,0,0,0
UXBCNR1rw9Y,아토피,아토피 아토피 완치 아토피 흉터 로 화제가 된 건강플러스 TV출연 한의원!,하늘토 한의원,445,6,2018-10-02 05:23:54+00:00,110,0.5,General,PreCovid_Supplement,2755,0.16152450090744103,0.14973336720080305,0,0,0
7jc-Rjg1mok,당뇨,당뇨 판정을 받은 날부터 평생 챙겨야 할 11가지 l 당뇨 수치/합병증 관리 l  닥터딩요,닥터딩요,650399,16028,2019-05-18 09:45:01+00:00,1614,0.5,General,PreCovid_Supplement,2527,257.37989711119906,5.554430971324781,0,0,0
pTvFA0UdGHE,당뇨,[당뇨약사] 당뇨환자를 위한 여주 완전분석 ㅣ 당뇨음식,민수약사MINSOO Pharmacist,388108,8203,2019-08-12 05:41:54+00:00,329,0.5,General,PreCovid_Supplement,2441,158.99549365014337,5.075145650150591,0,0,0
36V4dmGbp-Y,당뇨,나에게 맞는 건강 주스가 따로 있다! 당뇨환자 체질별 맞춤 주스 - 신동진의 닥터밥상 #3,굿라이프,82084,1886,2019-08-08 23:00:00+00:00,382,0.5,General,PreCovid_Supplement,2445,33.57218813905931,3.5430495478245403,0,0,0
5UM0YENju7I,당뇨,흰쌀밥은 억울하다. 혈당이 높거나 당뇨를 가진 사람은 흰쌀밥 먹어도 되나요?,박민수박사,63652,1737,2019-08-26 08:31:58+00:00,581,0.5,General,PreCovid_Supplement,2427,26.226617222908942,3.304195069181838,0,0,0
L1VEFhE3NkQ,당뇨,당뇨약 종류 l 당뇨약 복용법 ㅣ 당뇨약 부작용 모두 설명해드립니다.,약사설명 약짱TV,57937,1503,2019-06-26 14:09:47+00:00,829,0.5,General,PreCovid_Supplement,2488,23.286575562700964,3.1899237517126138,0,0,0
UY6wziapF1Q,당뇨,소아 당뇨 환자 연속혈당측정기에 건강보험 적용한다 / SBS,SBS 뉴스,19287,74,2019-09-25 23:43:43+00:00,122,0.5,General,PreCovid_Supplement,2397,8.04630788485607,2.2023567059458444,0,0,0
uwGojkGwS5w,당뇨,당뇨 맞춤 치료법 - 남재현 박사의 건강이야기,남서방TV의사,14889,583,2019-07-03 05:51:51+00:00,560,0.5,General,PreCovid_Supplement,2481,6.001209189842806,1.9460828755433497,0,0,0
GLmTUwUGuyw,당뇨,"강아지 쿠싱증후군, 갑상선, 당뇨 예방하는 법 [노견 건강관리] ㅣ닥터맘마 수의사팀",닥터맘마: Dr mamma,12370,224,2019-08-08 06:12:03+00:00,381,0.5,General,PreCovid_Supplement,2445,5.059304703476482,1.8015950580986932,0,0,0
Hs2S1gTtvFg,당뇨,소아1형 당뇨환자 불편 줄여준다...내년부터 혈당관리기기 건보 적용 / YTN, YTN,9814,41,2019-09-25 12:17:15+00:00,130,0.5,General,PreCovid_Supplement,2397,4.094284522319566,1.6281192293986375,0,0,0
gdARLw1joWM,당뇨,[건강톡] 누가 당뇨에 잘걸리나 / 당뇨 병원은 동네병원이 좋을까 대학병원이 좋을까 - 아주대학교 내분비대사내과 김대중 교수,한화생명 건강톡,7594,104,2019-07-05 01:30:55+00:00,430,0.5,General,PreCovid_Supplement,2479,3.063331988705123,1.4020033239074905,0,0,0
EhcUUyzgH5w,당뇨,"[건강상식13] 당뇨 인슐린주사기 사용법과 보관법, 투여 방법과 주사 부위는 어디?",PublicTV 퍼블릭티비,7388,24,2019-11-08 09:50:55+00:00,198,0.5,General,PreCovid_Supplement,2353,3.1398215044623883,1.420652672043593,0,0,0
JEOA1omm6Y0,당뇨,고혈압/당뇨 우리동네 의사가 관리해준다. 일차의료 만성질환 관리사업,보건복지TV,6149,153,2019-12-29 22:00:02+00:00,602,0.5,General,PreCovid_Supplement,2302,2.6711555169417895,1.3005064672626543,0,0,0
h7AtfvlIdkw,당뇨,당뇨발·고혈당 위험…당뇨 환자 여름 건강 주의보 / 연합뉴스TV (YonhapnewsTV),연합뉴스TV,5141,33,2019-06-23 01:37:55+00:00,128,0.5,General,PreCovid_Supplement,2491,2.0638297872340425,1.119665697865942,2,1,0
ijT7HvMcQ2o,당뇨,소아1형 당뇨환자 불편 줄여준다...내년부터 혈당관리기기 건보 적용 / YTN, YTN,4887,24,2019-09-25 13:27:11+00:00,132,0.5,General,PreCovid_Supplement,2397,2.0387984981226532,1.111462206413114,0,0,0
Y5iyIeMMqzw,당뇨,"[한화생명 건강톡 라이브] 당뇨, 1300만 시대 - 10년 후 내가 당뇨병에 걸릴 확률은?",한화생명 건강톡,4527,130,2019-07-17 10:52:15+00:00,3656,0.5,General,PreCovid_Supplement,2467,1.8350222942845562,1.0420498010939645,0,0,0
MnyvoMTx6jw,당뇨,소아 당뇨환자 희소식…인슐린자동주입기 등 건강보험 적용 [굿모닝MBN],MBN News,3373,18,2019-09-26 00:02:30+00:00,90,0.5,General,PreCovid_Supplement,2396,1.407762938230384,0.8786980750215495,0,0,0
VrroviI0PVA,당뇨,혈당 검사 : 당뇨 환자는망고를 먹을 수 있을까?,하루 당뇨식사,2913,27,2019-07-17 09:27:44+00:00,300,0.5,General,PreCovid_Supplement,2467,1.1807863802188894,0.7796855366264734,0,0,0
WdqrYWZU0yA,당뇨,[건강상식] 물🍶 맛이 좋으면 당뇨의 징후? / 당뇨의 3대 증상,희망나무 tv,1964,91,2019-12-20 06:30:01+00:00,302,0.5,General,PreCovid_Supplement,2311,0.8498485504110774,0.61510377109648,1,1,0
ujzTUYLZSHE,당뇨,[메디컬현장] 당뇨병의 오해와진실 세계당뇨의날을 맞이해 푸른빛 점등식 행사 현장에 가다,톡투건강TV,1944,18,2019-11-14 01:01:40+00:00,227,0.5,General,PreCovid_Supplement,2347,0.8282914358755858,0.6033818891405012,0,0,0
h5Oegxk94Hw,당뇨,"고혈압, 당뇨 환자가 반드시 피해야 할 명절음식은? [건강정보]",건강의학전문채널 하이닥,1444,6,2019-02-02 22:00:01+00:00,92,0.5,General,PreCovid_Supplement,2632,0.5486322188449848,0.4373721018974076,0,0,0
JsifshC2pp8,고혈압,"[방태환 원장의 5분 건강 정보] 약 없이 고혈압 낮추는 방법, 고혈압완치",나음힐링센터 방태환원장,86269,1943,2019-04-18 23:51:22+00:00,527,0.5,General,PreCovid_Supplement,2557,33.73836527180289,3.547844703626423,0,0,0
xL2k3Rdi0Fs,고혈압,[고혈압2편]혈압약이 먹기 싫은 당신이 반드시 챙겨야 할 영양제. 코큐텐을 항산화제로만 기억하지 마세요.,정세운약사의 건강나눔,12218,425,2019-08-17 12:31:45+00:00,258,0.5,General,PreCovid_Supplement,2436,5.01559934318555,1.7943559858901215,0,0,0
0dTv4wilSwQ,고혈압,고혈압에 좋은 음식｜코메디닷컴,코메디닷컴,7957,111,2019-02-20 06:22:19+00:00,46,0.5,General,PreCovid_Supplement,2614,3.043993879112471,1.3972327875844957,0,0,1
xA1ntj4wEGQ,고혈압,고혈압 낮춰는데 도움 주는 영양제🌿,뉴리TV Nuri TV,6556,152,2019-12-13 13:45:10+00:00,363,0.5,General,PreCovid_Supplement,2318,2.828300258843831,1.3424209080391578,0,0,0
rjnaN5fkaqw,고혈압,[방태환 원장의 5분 건강 정보] 고혈압은 무서운 병이다- 고혈압이란?,나음힐링센터 방태환원장,3589,98,2019-04-17 04:07:57+00:00,400,0.5,General,PreCovid_Supplement,2558,1.4030492572322126,0.8767384547682214,0,0,0
I_0c6ALUd5k,고혈압,혈압 높았던 적 없어요! 건강검진 결과 상담 중 고혈압에 대해 받은 질문들 [병원밖의사 김유현 / 건강 정보],"다닥유현, 다이어트하는닥터와 같이건강",2434,37,2019-07-02 01:00:01+00:00,918,0.5,General,PreCovid_Supplement,2482,0.9806607574536664,0.683430504921373,0,0,0
Ri888Adn6J8,고혈압,[건강365] 망가진콩팥 신부전증 당뇨병 고혈압 합병증으로 생긴다?,캐내네 메디컬,2043,14,2019-06-24 07:50:44+00:00,173,0.5,General,PreCovid_Supplement,2490,0.8204819277108434,0.599101261482096,0,0,0
Ws4cP9DW5Ag,고혈압,"스트레스로 인한 고혈압, 두통, 초기 치매를 치료하는 약이 있다고? 조등산 효과와 복용 방법, 복용 기간",배현약사링거TV,1263,44,2019-12-20 00:12:20+00:00,699,0.5,General,PreCovid_Supplement,2311,0.5465166594547815,0.4360050854449926,0,0,0
NfaqQ8jpyQo,고혈압,"[건강정보] 비만대사수술 Q&A - 비만 동반질환(당뇨, 고혈압 등)도 좋아지나요 ?",고대병원,959,5,2019-10-17 23:48:47+00:00,86,0.5,General,PreCovid_Supplement,2375,0.40378947368421053,0.33917534684199774,0,0,0
i9FHIZlw_Yk,고혈압,[건강프라임] 젊은 사람들에게 잘 나타나는 '2차성 고혈압',시선뉴스 YouTube,772,7,2019-03-07 00:48:29+00:00,316,0.5,General,PreCovid_Supplement,2599,0.2970373220469411,0.26008268059257045,0,0,0
9qGwBV5fGeo,고혈압,"풀뿌리 의료의 작은 기적, 하남시 고혈압·당뇨병등록교육센터_(KBS 생로병사의 비밀)",하남시,737,4,2019-05-22 06:48:42+00:00,781,0.5,General,PreCovid_Supplement,2523,0.2921125644074514,0.25627852571969556,0,0,0
vqQtCgQcIl4,고혈압,[일분닥터] 건강 검진 혈압 상승! 고혈압일까요? 1분닥터 황닥이 알려드립니다.,몸편맘편 황닥 DoctorH,715,4,2019-11-22 04:59:44+00:00,75,0.5,General,PreCovid_Supplement,2339,0.3056861906797777,0.2667287191943987,0,0,0
LgdOrFZNbK4,고혈압,[건강프라임] 고혈압약 먹는 중년 여성 ‘쇼그렌증후군’ 주의해야,시선뉴스 YouTube,635,12,2019-08-21 03:45:02+00:00,372,0.5,General,PreCovid_Supplement,2432,0.2611019736842105,0.2319859210281939,1,1,0
7nd1YnlHLBA,고혈압,[힐팁TV] 심장‧뇌혈관 질환 도화선 ‘고혈압’ 건강하게 관리하려면,힐팁,476,3,2019-01-02 06:17:41+00:00,296,0.5,General,PreCovid_Supplement,2663,0.17874577544123169,0.16445097102802134,0,0,0
kFLcd71MIiY,고혈압,고혈압 건강강좌 - 조인정 교수,이화여자대학교 의료원,477,8,2019-08-21 23:56:40+00:00,2507,0.5,General,PreCovid_Supplement,2432,0.19613486842105263,0.179095415409144,0,0,0
oXYzVtP5oSw,고혈압,[건강프라임] 급성 합병증을 동반해 고혈압보다 위험해질 수 있는 ‘기립성저혈압’,시선뉴스 YouTube,470,4,2019-10-02 05:53:00+00:00,331,0.5,General,PreCovid_Supplement,2390,0.19665271966527198,0.17952825888834195,1,1,0
I-M_lMcJvX4,고혈압,"응급 고혈압 | 네이버 지식인 건강, 의학 위촉상담의",닥터코알라TV,352,6,2019-07-22 13:50:07+00:00,79,0.5,General,PreCovid_Supplement,2462,0.1429731925264013,0.13363293092993556,1,1,0
71eTe6jqQnA,암,암환자에게 기능의학이 도움이 될까?,닥터조의 건강이야기,351554,9827,2019-07-31 04:54:27+00:00,1105,0.5,General,PreCovid_Supplement,2453,143.31593966571546,4.972004921673219,1,1,0
qOpOwQePG0w,암,[건강강좌​] 천의 얼굴 전립선 암(19.05.31) 비뇨의학과 변석수교수,분당서울대학교병원,104491,1407,2019-08-19 03:36:21+00:00,3184,0.5,General,PreCovid_Supplement,2434,42.92974527526705,3.782591659547637,0,0,0
EypQTSeCkiA,암,"[건강정보] '대장 절제', 일상생활에 지장이 없을까? - 대장암 수술과 부작용",고대병원,35757,218,2019-12-02 00:20:14+00:00,155,0.5,General,PreCovid_Supplement,2329,15.352941176470589,2.7944077696344207,1,1,0
hA5nELtCzgc,암,충격적인 김도균의 건강검진 결과 ‘대장암 직전’ @불타는 청춘 190회 20190205,SBS Entertainment,31758,137,2019-02-05 16:00:16+00:00,147,0.5,General,PreCovid_Supplement,2629,12.0798782807151,2.5710750402300273,2,1,0
oyqRqUumlN8,암,[건강강좌] 유방암 생존율 향상과 암 유형별 특성,인제대학교 백병원,24319,273,2019-11-05 02:14:49+00:00,843,0.5,General,PreCovid_Supplement,2356,10.322156196943974,2.4267615313984767,1,1,0
ob2zNPdGMHI,암,"[건강정보] 대장의 용종, 대장암일까? 대장암의 대표적 증상은?",고대병원,17914,120,2019-11-26 23:32:39+00:00,119,0.5,General,PreCovid_Supplement,2335,7.671948608137045,2.1600935184962715,2,1,0
IaA91Qu_sUU,암,"[5분 건강 톡톡] 19살 이하, 무조건 CT 검사?…암 발생 1.5배 증가 / KBS뉴스(News)",KBS News,15408,81,2019-10-17 23:56:27+00:00,355,0.5,General,PreCovid_Supplement,2375,6.487578947368421,2.013245507274919,1,1,0
Vo39t6GZsBE,암,[5분 건강 톡톡] 흡연자 절반 암 걸려도 담배 못 끊어 / KBS뉴스(News),KBS News,13160,101,2019-08-01 23:57:23+00:00,295,0.5,General,PreCovid_Supplement,2452,5.367047308319739,1.8511358312444035,1,1,0
DECABKfJWw8,암,[그 암이 알고싶다] 연명의료란 무엇인가요?,KSMO TV_그암이 알고 싶다,13023,97,2019-08-01 10:41:32+00:00,548,0.5,General,PreCovid_Supplement,2452,5.311174551386623,1.8423218004966948,1,1,0
-IpeQFBq-Lc,암,갑상선암은 척한 암이 아니다![tbc클리닉건강 365],TBC,11744,113,2019-01-11 06:33:34+00:00,1640,0.5,General,PreCovid_Supplement,2654,4.425018839487566,1.6910213721370955,1,1,0
HXl_Uu6ITw8,암,"[건강기상청 내몸 ON-①대장암] 건강캐스터 남혜정, KMI한국의학연구소 대장내시경 검사 받다!",Channel KMI,8995,0,2019-07-15 00:20:17+00:00,246,0.5,General,PreCovid_Supplement,2469,3.6431753746456055,1.5353984801628282,1,1,0
TKUXaFX8efA,암,[건강 365] 대장용종 대장암 씨앗 용종 젊은층도 예외없다!,캐내네 메디컬,8632,39,2019-06-30 05:26:17+00:00,171,0.5,General,PreCovid_Supplement,2484,3.475040257648953,1.4985153478090247,1,1,0
aB1fLKAROKE,암,『슬기로운 암라이프』 1편. 암생존자 건강관리,충남대학교병원,8625,142,2019-11-21 01:57:41+00:00,323,0.5,General,PreCovid_Supplement,2340,3.6858974358974357,1.5445574525002415,1,1,0
tZjKRXXNmyk,암,암 수술 후 건강 관리 서비스 #암환자 #세컨드닥터,나만의 암관리 앱 세컨드닥터,7591,144,2019-12-20 07:30:01+00:00,446,0.5,General,PreCovid_Supplement,2311,3.284725227174383,1.4550564256469876,1,1,0
M3FynlkrSbE,암,"매일경제TV 건강한의사 - 미국 한·양방 협진 암치료, 환자 80% 만족",AKOM TV (대한한의사협회),6727,6,2019-02-19 01:21:56+00:00,195,0.5,General,PreCovid_Supplement,2615,2.572466539196941,1.27325626456303,1,1,0
VNhsyjk5F00,암,[건강정보] 암 건강 지식백과 '대장암 표적치료제의 효과는 어떻게 되나요?' -고려대학교안암병원 암센터,고대병원,6059,47,2019-08-06 23:43:21+00:00,109,0.5,General,PreCovid_Supplement,2447,2.476093175316714,1.2459090123709071,1,1,0
Bm7Ore3VzeE,암,대한민국 50대가 가장 많이 사망하는 암 순위 top3 [건강정보],건강의학전문채널 하이닥,4613,26,2019-01-31 22:00:00+00:00,124,0.5,General,PreCovid_Supplement,2634,1.7513287775246773,1.0120839868060552,2,1,0
R8vCJ0jbadw,암,암사망률 2위 간암.. 간 건강 지키는법은? 꼭 알아두자! (원인/증상/예방/진단),건강채널 민트TV,4456,29,2019-10-18 02:07:57+00:00,172,0.5,General,PreCovid_Supplement,2374,1.877000842459983,1.0567483773952224,3,1,0
St82X3h8gcI,암,"[암환자 브이로그] 대장암 4기, 실제 치료비와 보험에 대하여",캔서프리월드(암없는세상),4296,59,2019-06-26 08:00:02+00:00,104,0.5,General,PreCovid_Supplement,2488,1.7266881028938907,1.003087723612669,1,1,0
ZSF5mZME-d4,암,2019년 분당서울대병원 대장암 건강강좌 (4) _ 대장암의 항암치료,Colorectal Cancer Center SNUBH,4125,0,2019-11-19 12:29:53+00:00,1049,0.5,General,PreCovid_Supplement,2342,1.7613151152860802,1.01570705728893,1,1,0
wPbMJ9-AI_o,갑상선,갑상선 기능저하증도 좋아지는 이유는 이렇습니다,황성수힐링스쿨,221273,4521,2019-04-07 22:00:08+00:00,270,0.5,General,PreCovid_Supplement,2568,86.1654984423676,4.4678085925562465,0,0,0
cecrP4gfFz4,갑상선,건강토크쇼 구독도 부탁합니다. 톡투 갑상선 갑상선암의 원인 진단 치료 및 예방에 대한 모든 것을 국내 최고 전문가들을 모시고 알려드립니다.,톡투건강TV,81148,1212,2019-01-02 12:10:17+00:00,7418,0.5,General,PreCovid_Supplement,2663,30.4723995493804,3.449110956958225,1,1,0
Nucu7fiD9-k,갑상선,갑상선영양제 구성하는 팁을 배워보자!!,리틀약사,71043,1502,2019-11-26 09:00:07+00:00,452,0.5,General,PreCovid_Supplement,2335,30.42526766595289,3.4476122720519027,0,0,0
WYScEI2jzMo,갑상선,갑상선 결절 촉진으로 확인하는 자가진단법,TVCHOSUN - TV조선,36293,118,2019-12-27 10:50:01+00:00,130,0.5,General,PreCovid_Supplement,2304,15.75217013888889,2.8185278104095146,0,0,0
vypbDf2DaJY,갑상선,[갑상선 tv] 여성의 건강을 위협하는 갑상선 혹! 왜 생기는 걸까?,장덕한방병원 갑상선센터,8490,118,2019-12-17 01:36:02+00:00,306,0.5,General,PreCovid_Supplement,2314,3.668971477960242,1.5409388071588843,0,0,0
-bWXWSQXkEo,갑상선,"초음파교육, 갑상선초음파, Thyroid scan 강의 샘플영상 / SONOUS   (소노어쓰)  | 대표강사 : 장경미",SONOUS Education,7860,33,2019-05-07 05:39:56+00:00,49,0.5,General,PreCovid_Supplement,2538,3.0969267139479904,1.410237110669328,0,0,1
EY9_luaNtgs,갑상선,내과 - 갑상선 조직검사,건국대학교병원,5717,21,2019-07-12 07:54:36+00:00,111,0.5,General,PreCovid_Supplement,2472,2.3127022653721685,1.197764250692607,0,0,0
XgjwikVmfbo,갑상선,갑상선중독증이란 무엇인가,기역,5570,159,2019-10-05 09:00:02+00:00,473,0.5,General,PreCovid_Supplement,2387,2.333472978634269,1.204014697038705,0,0,0
NJ0rwOfkx4c,갑상선,이규언 교수's Health Talk - 갑상선암 치료,서울대병원tv,4722,0,2019-05-03 02:47:19+00:00,722,0.5,General,PreCovid_Supplement,2542,1.857592446892211,1.0499794685317299,1,1,0
cYTCn8G8Tsw,갑상선,"갑상선 건강을 위한 필수 영양소, 셀레늄의 효과!",[임보크] 암환자 전문 치료프로그램 ,4399,77,2019-05-17 05:04:43+00:00,301,0.5,General,PreCovid_Supplement,2528,1.7401107594936709,1.007998342755857,0,0,0
XzmeTbRhZT0,갑상선,초심자를 위한 초음파 강좌(174) - 검진 갑상선 초음파상 저에코 결절로 의심되어 세포진으로 낭성 병변으로 진단된 증례(M/51),김일봉,4002,27,2019-11-08 00:08:53+00:00,579,0.5,General,PreCovid_Supplement,2353,1.7008074798130046,0.9935507948961919,0,0,0
aBD9_oZFgjo,갑상선,"[행복한 갑상선tv] 스트레스, 갑상선 건강에 치명적인 이유!",장덕한방병원 갑상선센터,3478,72,2019-12-26 01:17:48+00:00,368,0.5,General,PreCovid_Supplement,2305,1.5088937093275487,0.9198419027274694,1,1,0
H30FerSdpws,갑상선,2019년 9월 25일 영임초 강의 - 갑상선 초음파(Dr. 이효명),김일봉,2999,31,2019-09-26 01:30:20+00:00,1806,0.5,General,PreCovid_Supplement,2396,1.251669449081803,0.811671918456895,0,0,0
moR1qPgl5OI,갑상선,"갑상선 혹 : 김용기 원장님, 노신예 아나운서",건강의학전문채널 하이닥,2709,34,2019-12-10 02:24:26+00:00,750,0.5,General,PreCovid_Supplement,2321,1.1671693235674279,0.7734218568193478,0,0,0
3xFbQuxcDIY,갑상선,갑상선 건강에 좋은 루바브|[HealthTips],Tips Health,2700,27,2019-05-13 04:33:24+00:00,728,0.5,General,PreCovid_Supplement,2532,1.066350710900474,0.7257841098729678,0,0,0
MH1CqDOphyE,갑상선,초음파검사ㅣ갑상선 초음파검사에 대한 모든 것!,심장이 콩닥콩닥,2461,15,2019-12-11 02:07:11+00:00,103,0.5,General,PreCovid_Supplement,2320,1.0607758620689656,0.7230825439657478,0,0,0
Ri3NYZ8RCg8,갑상선,갑상선 결절의 진단 초음파 및 세침흡입검사,Seungchan Paik,2302,17,2019-03-23 13:53:27+00:00,1396,0.5,General,PreCovid_Supplement,2583,0.8912117692605498,0.6372177713810427,0,0,0
H09OsuZidwc,갑상선,갑상선암센터 - 갑상선세포검사,건국대학교병원,2155,13,2019-07-12 08:15:00+00:00,147,0.5,General,PreCovid_Supplement,2472,0.8717637540453075,0.6268811703294181,0,0,0
L1eGf4d-Z7Q,갑상선,"초심자를 위한 초음파 강좌 (10) - (1) 우측 갑상선 고에코 결절, (2) 양측 갑상선의 다발성 낭성 병변 (M/61)",김일봉,2009,12,2019-02-27 06:02:03+00:00,558,0.5,General,PreCovid_Supplement,2607,0.7706175680859225,0.5713283942544338,0,0,0
sMU_oHg9AQU,관절염,조절 가능한 만성질환 ‘류마티스 관절염’ [건강플러스],서울아산병원,69046,613,2019-08-27 07:49:50+00:00,215,0.5,General,PreCovid_Supplement,2426,28.460840890354493,3.3830619540879043,0,0,0
FuHgRM7HcmE,관절염,톡투건강 무릎관절염 어떻게 해야 하나-전체 영상편,톡투건강TV,52168,727,2019-10-23 09:32:36+00:00,5968,0.5,General,PreCovid_Supplement,2369,22.02110595187843,3.136411445227386,0,0,0
7xYQKewLQ7w,관절염,"놀라운 관절 건강! 진실 혹은 거짓 ② ＜파스, 관절염 완화에 도움이 된다?＞",MBN Entertainment,18054,95,2019-12-20 13:04:46+00:00,196,0.5,General,PreCovid_Supplement,2311,7.812202509736045,2.176137409808132,0,0,0
CqJpzFpJUNc,관절염,종부원리 퇴행성 관절염 미국 건강박람회. 미라클!! 당신은 기적을 행하는 사람이에요~ 박석 acupuncture,종부원리 Jongboo principle,6905,253,2019-10-18 04:31:27+00:00,356,0.5,General,PreCovid_Supplement,2374,2.908593091828138,1.363177486183566,0,0,0
At3ggxZRmzc,관절염,Ep.03 현대인의 무릎 건강에 적신호가 켜졌다?! ‘퇴행성 관절염’,닥터고의 쓰리고TV,4469,167,2019-11-29 10:00:13+00:00,394,0.5,General,PreCovid_Supplement,2332,1.9163807890222984,1.0703433917052556,1,1,0
fVBQBHpa05Q,관절염,닥터88 관절염치료기 1661-7559 렌탈 닥터팔팔 골관절염치료기 통증치료기,힐링렌탈 (힐링렌탈 1661-7559),3530,30,2019-06-11 07:44:18+00:00,16,0.5,General,PreCovid_Supplement,2503,1.4103076308429885,0.8797543870089876,0,0,1
Pwn0thxMh6o,관절염,케어스타 입체 초음파 관절의료기기_홈앤쇼핑   관절염치료기  퇴행성관절염 무릎통증,플리어스관절,2861,27,2019-10-24 07:04:02+00:00,181,0.5,General,PreCovid_Supplement,2368,1.2081925675675675,0.7921743381842343,0,0,0
3c1F82PPzZY,관절염,"류마티스 관절염 : 증상, 원인, 치료 등.|1001 건강식단",1001건강식단,2220,50,2019-11-18 04:42:22+00:00,845,0.5,General,PreCovid_Supplement,2343,0.9475032010243278,0.6665481424196069,1,1,0
JbVztKBvbtE,관절염,"[예고] 장 건강! 제대로 지키지 않으면 치매, 뇌졸중, 관절염까지?! | 채널A 닥터 지바고 263회",play 채널A,1446,10,2019-10-10 01:33:46+00:00,31,0.5,General,PreCovid_Supplement,2382,0.6070528967254408,0.4744020026575995,0,0,1
4-nLUnbnTV0,관절염,OBS TV주치의 건강하게삽시다 - 퇴행성관절염 강남 KS병원 정병준 원장 출연,KS Hospital,1294,10,2019-12-30 05:54:42+00:00,527,0.5,General,PreCovid_Supplement,2301,0.5623641894828335,0.44620018011978113,0,0,0
QjalPgvza1s,관절염,[데일리건강] 무릎퇴행성관절염_ 선승덕 원장,쿠키건강TV / KUKI HEALTH TV,688,11,2019-09-23 00:45:48+00:00,1233,0.5,General,PreCovid_Supplement,2399,0.2867861609003752,0.2521477616624647,0,0,0
anmkXsilIFM,관절염,[쿠키건강TV] 연세본사랑병원 최철준 병원장님 통풍성관절염 방송,관절친구 본사랑TV,669,8,2019-03-05 03:11:03+00:00,930,0.5,General,PreCovid_Supplement,2601,0.25720876585928487,0.22889399844264752,0,0,0
j_FVo8gx9QI,관절염,[예스병원 건강이야기] 류마티스 관절염의 부위별 증상은?,서울예스병원,516,15,2019-09-17 00:06:31+00:00,57,0.5,General,PreCovid_Supplement,2405,0.21455301455301456,0.19437611984787942,1,1,1
wUHFjw-f4dU,관절염,[건강] 10월30일_어깨 퇴행성관절염 원인과 예방법!,케이웨더,491,9,2019-10-30 04:46:09+00:00,220,0.5,General,PreCovid_Supplement,2362,0.20787468247248095,0.18886235445619237,0,0,0
HEhz_a1aMpY,관절염,"[건강프라임] 퇴행성 관절염, 류마티스와 전혀 다른 질병이다",시선뉴스 YouTube,475,3,2019-07-10 03:31:07+00:00,414,0.5,General,PreCovid_Supplement,2474,0.1919967663702506,0.17562985586284302,0,0,0
PeSbcrGHSXQ,관절염,"[60초 건강툰] 추워진 날씨, 노년층 관절염 주의보",국민건강보험일산병원,445,1,2019-12-06 01:12:54+00:00,63,0.5,General,PreCovid_Supplement,2325,0.1913978494623656,0.1751272811599275,1,1,0
V7hD0o5jdYs,관절염,"관절염치료기1661-7559 렌탈 추천 관절염 치료의료기기
닥터팔팔 닥터88",쉐프렌탈,509,8,2019-05-28 06:21:33+00:00,13,0.5,General,PreCovid_Supplement,2517,0.2022248708780294,0.18417389921298535,0,0,1
iB_TLP2Hzcw,관절염,[서울부민병원]'스마트 건강TIP' 손가락관절염 증상과 치료법은?,어쩌다미디어TV,281,5,2019-09-10 13:09:59+00:00,290,0.5,General,PreCovid_Supplement,2412,0.11650082918739635,0.11019953496452284,1,1,0
2GWz654jY_A,관절염,10명중 4명은 퇴행성 관절염? | 건강플러스 | 10월 05일,대전MBC,258,2,2019-10-07 01:24:53+00:00,2700,0.5,General,PreCovid_Supplement,2385,0.10817610062893082,0.10271551128184761,0,0,0
wjtqC8C_CGc,허리디스크,허리 건강에 좋은 운동 기역자 스트레칭 - 자생한방병원,자생한방병원,842735,4160,2019-01-16 02:57:27+00:00,68,0.5,General,PreCovid_Supplement,2649,318.13325783314457,5.765608751711447,0,0,0
N1SzXAHUhvo,허리디스크,"허리디스크, 허리통증 3가지 핵심 운동방법 허리디스크 재활운동",피티킴tv,813776,17818,2019-06-09 01:13:00+00:00,533,0.5,General,PreCovid_Supplement,2505,324.86067864271456,5.786469923893136,0,0,0
VJTV8tk1vi8,허리디스크,허리디스크 낫게 하는 셀프 견인법 - 물리치료사가 가르쳐주는 진짜 운동,리얼리햅,585080,10144,2019-03-11 15:01:57+00:00,502,0.5,General,PreCovid_Supplement,2595,225.46435452793835,5.42258755738573,0,0,0
q_kOYtm38kc,허리디스크,허리디스크 재활운동 맥켄지운동 - MRI 꼭 필요한가? 아무도 해주지 않는 허리통증 이야기,Mr.Physio 호주물리치료사,519242,12754,2019-11-05 10:38:13+00:00,454,0.5,General,PreCovid_Supplement,2356,220.39134125636673,5.399931910459924,0,0,0
VGEgnoq7dFk,허리디스크,허리디스크 환자가 꼭 알아야 할 허리 강화 운동10가지 중  - 급성기편,모커리 근육신경재활TV,295452,4874,2019-11-21 09:12:06+00:00,459,0.5,General,PreCovid_Supplement,2340,126.26153846153846,4.846244326852573,0,0,0
WA70K0VpkAw,허리디스크,수술비가 병원마다 다른 이유! 수술비에 숨겨진 비밀 - 이경석의 척추88 #13,굿라이프,212602,4103,2019-10-23 08:00:04+00:00,507,0.5,General,PreCovid_Supplement,2369,89.7433516251583,4.508035210132457,0,0,0
LcFrzVJU-d4,허리디스크,허리 통증이 있다면 꼭 확인해보세요 (허리디스크 진단),라이프에이드,206735,1929,2019-12-21 02:47:30+00:00,184,0.5,General,PreCovid_Supplement,2310,89.49567099567099,4.505302015259805,0,0,0
9nV6zuRVuxo,허리디스크,허리디스크 환자가 꼭 알아야 할 허리 강화 운동 10가지 중 - 회복기(만성기)편,모커리 근육신경재활TV,165363,2619,2019-11-22 08:30:01+00:00,439,0.5,General,PreCovid_Supplement,2339,70.69816160752458,4.272465107214444,0,0,0
NsuympkCnYE,허리디스크,허리디스크 수술.. 참 안타깝습니다,피지컬갤러리,163094,2519,2019-07-06 10:00:05+00:00,189,0.5,General,PreCovid_Supplement,2478,65.81678773204197,4.201954362322611,0,0,0
CAVyxYYD65w,허리디스크,허리디스크 치료해도 낫지 않는 이유 4가지,모커리 근육신경재활TV,121593,2338,2019-10-15 08:02:50+00:00,569,0.5,General,PreCovid_Supplement,2377,51.15397559949516,3.9542004124719985,0,0,0
PYBaER_h14s,허리디스크,【자가테스트】 허리디스크 마비증상! 이렇게 확인하세요!ㅣ닥발TV,닥터발룬TV,99283,1845,2019-11-19 03:55:08+00:00,868,0.5,General,PreCovid_Supplement,2342,42.39239965841161,3.770284302692449,2,1,0
H61dCZN3-fA,허리디스크,"Eng, Ru cc)허리디스크와 협착증 차이/잘못 알면 큰일나요/Diffrence between Spinal Stenosis & Disc",우리들병원TV,90850,1168,2019-08-02 03:23:32+00:00,331,0.5,General,PreCovid_Supplement,2451,37.066503467972254,3.639334721363496,0,0,0
4Py2IVh7qn0,허리디스크,허리디스크(추간판탈출증)에 대해 꼭 알아야 할 10가지 - 1탄,모커리 근육신경재활TV,74755,1318,2019-07-11 07:51:13+00:00,719,0.5,General,PreCovid_Supplement,2473,30.228467448443187,3.441330097034291,0,0,0
OJOo5AlNxjY,허리디스크,"허리통증 즉시 해결, 허리 디스크의 원인과 치료법 최초공개",종부원리 Jongboo principle,54505,1346,2019-04-11 11:10:50+00:00,2404,0.5,General,PreCovid_Supplement,2564,21.25780031201248,3.1026925229956905,0,0,0
WQpQ1Q1SUe4,허리디스크,단 1초만에 허리디스크 증상 확인하는 방법 허리디스크 자가진단,최불꽃TV,53450,0,2019-06-26 08:44:05+00:00,161,0.5,General,PreCovid_Supplement,2488,21.483118971061092,3.1127647596656787,1,1,0
Ps7sHEEBRH0,허리디스크,허리디스크 환자에게 좋은 허리 근력 강화 운동 - 허리 통증 완화 운동,콕선생님 (콕통증의학과),53331,281,2019-06-17 09:11:05+00:00,53,0.5,General,PreCovid_Supplement,2497,21.358029635562676,3.1071855243487616,0,0,1
8KB0MU0_ov8,전립선,[PEOPLE in 세브란스] 몸이 보내는 전립선암 신호 2가지~,세브란스,601084,5659,2019-12-16 08:00:12+00:00,224,0.5,General,PreCovid_Supplement,2315,259.6475161987041,5.563168981909951,2,1,0
tptuFOdKe-8,전립선,전립선 건강에 좋은 음식은 뭘까? [비뇨의학과 비뇨기과],비오니까 3.0,62587,1017,2019-11-08 23:45:00+00:00,215,0.5,General,PreCovid_Supplement,2353,26.598810029749256,3.3177726569294745,0,0,0
bSD9mveFhRY,전립선,"[남자헬스케어] 전립선 비대증, 염증 개선, 남성탈모에 강추 영양제!!!쏘팔메토",뉴리TV Nuri TV,45031,204,2019-11-15 13:15:40+00:00,361,0.5,General,PreCovid_Supplement,2346,19.194799658994032,3.0054251286390605,0,0,0
zFhrISL1Dv8,전립선,전립선 건강에 좋은 음식들 [무엇이든 물어보세요] 20190514,KBS 교양,34110,381,2019-05-14 07:35:22+00:00,271,0.5,General,PreCovid_Supplement,2531,13.476886606084552,2.6725533504469263,0,0,0
Wb-YCnneD6g,전립선,검사비가 1/3로 줄어드는 전립선초음파검사란?- [골드만비뇨기과],비정상토크,29952,166,2019-09-11 02:44:02+00:00,191,0.5,General,PreCovid_Supplement,2411,12.423060970551639,2.5969741957399597,0,0,0
m-BqYoBvskY,전립선,"남성 전립선과 성기능, 여성 자궁건강을 지켜주는 ‘삼음교혈’ - 한동하의 지압신공(10)",한동하채널-HANDONGHA Channel,23080,404,2019-02-10 03:00:29+00:00,255,0.5,General,PreCovid_Supplement,2624,8.795731707317072,2.2819467507317146,0,0,0
0FPerDrP2KM,전립선,전립선비대증 인터벤션 치료! 환자들이 자주하는 질문 BEST (의료보험에 따라 시술금액이 개별상이할 수 있습니다)BPH Intervention Treatment: FAQ Bests,휴먼영상의학센터,16925,226,2019-11-21 09:33:47+00:00,727,0.5,General,PreCovid_Supplement,2340,7.232905982905983,2.108139048708511,0,0,0
zi8JNiFFJ9A,전립선,쏘팔메토는 어떻게 전립선 건강에 도움을 줄까? 부작용은?,너너블리,16675,254,2019-08-09 00:40:57+00:00,288,0.5,General,PreCovid_Supplement,2444,6.822831423895254,2.057046563690918,0,0,0
w-FJsq_Igo0,전립선,"[PEOPLE in 세브란스] 100세시대, 70대 전립선암 수술 사례",세브란스,13893,235,2019-04-11 01:47:59+00:00,178,0.5,General,PreCovid_Supplement,2564,5.418486739469579,1.8591823795548221,1,1,0
NSEmksSJzfE,전립선,전립선암 조기 진단의 중요성과 조기 검진 방법,대한비뇨기종양학회,13295,222,2019-01-02 05:49:13+00:00,262,0.5,General,PreCovid_Supplement,2663,4.992489673300788,1.790506964054294,1,1,0
__KcohuV934,전립선,Q. 전립선암 수술을 받으면 성기능에 문제가 생기나요? [전립선암 편],국가암지식정보센터,12315,98,2019-04-04 08:02:21+00:00,75,0.5,General,PreCovid_Supplement,2571,4.789964994165694,1.7561262456539666,1,1,0
uoRozl-4i0g,전립선,5060 아빠 영양제🌿| 전립선비대증  간 해독 👨 감기예방 | 🇨🇦 영양제 추천,뉴리TV Nuri TV,10742,92,2019-01-21 22:00:03+00:00,1294,0.5,General,PreCovid_Supplement,2644,4.062783661119516,1.6219164626890106,0,0,0
3VbgyyfsafQ,전립선,고환 통증…'고환암·전립선염' 의심할 수 있어 ● 건강 TV매일 ● 【경악】,건강 TV매일,8729,23,2019-03-04 11:00:01+00:00,175,0.5,General,PreCovid_Supplement,2602,3.354727132974635,1.4712619523081159,2,1,0
PvimBIe-oRk,전립선,전립선 건강 자가진단 방법!,이제는 지방시대,6437,42,2019-08-04 09:38:12+00:00,221,0.5,General,PreCovid_Supplement,2449,2.6284197631686403,1.288797226543686,0,0,0
JSFAy7kKvCU,전립선,K영상클리닉_김승협교수_전립선에 무언가 보이는데 암일지도 모른대요,Seung Hyup Kim,6023,71,2019-08-23 07:46:32+00:00,193,0.5,General,PreCovid_Supplement,2430,2.4786008230452676,1.2466301505943336,1,1,0
8o0dwdoik7E,전립선,[MBC충북 의료포털 닥터공감] 비뇨기과 - 만성전립선염,대전MBC닥터인MBC충북닥터공감,5720,28,2019-01-27 14:11:59+00:00,47,0.5,General,PreCovid_Supplement,2638,2.168309325246399,1.1531981097306008,0,0,1
7x_VqRKsNYM,전립선,[건투TV] 전립선에 좋은 건강기능식품은 뭐가 있을까요?,건투_건강기능식품을 투명하게,4135,28,2019-03-18 09:24:41+00:00,276,0.5,General,PreCovid_Supplement,2588,1.5977588871715611,0.9546491068482456,0,0,0
9ngomITfw2A,전립선,[의료중재원] 사례영상 EP 05 - 야간뇨의 정밀 검사 없이 전립선 절제술,한국의료분쟁조정중재원kmedi,3799,30,2019-12-16 09:29:10+00:00,93,0.5,General,PreCovid_Supplement,2315,1.641036717062635,0.9711715359304454,0,0,0
AYrrMprPh_s,치매,이런증상 있으면 치매로 발전합니다-경도인지장애 자가테스트,교육하는 의사! 이동환TV,2119593,51536,2019-10-24 09:00:01+00:00,619,0.5,General,PreCovid_Supplement,2368,895.0983952702703,6.798050223095434,1,1,0
8yxNnLxO2_E,치매,치매 테스트 ㅣ 치매검사. 지금 바로 확인하세요.,약사설명 약짱TV,814922,16626,2019-08-01 14:22:10+00:00,1037,0.5,General,PreCovid_Supplement,2452,332.34991843393146,5.809192744378068,0,0,0
2RSwslEViRQ,치매,레시틴의 놀라운 효능 그리고 치명적인 부작용 ( 치매 예방 혈관 건강에 좋은 이유),약사가 들려주는 약 이야기,453702,9100,2019-10-22 10:30:01+00:00,1178,0.5,General,PreCovid_Supplement,2370,191.4354430379747,5.259760736640127,1,1,0
ps-xakDyqFw,치매,치매와 경도인지장애의 차이점 [생로병사의 비밀] 20190918,KBS 다큐,49566,409,2019-09-18 15:46:51+00:00,225,0.5,General,PreCovid_Supplement,2404,20.618136439267886,3.0735326123473894,0,0,0
v5yapmVIA0Y,치매,치매 환자의 일상생활 관리,서울아산병원,40805,404,2019-11-18 08:04:10+00:00,506,0.5,General,PreCovid_Supplement,2343,17.415706359368333,2.913203906987524,0,0,0
4kOEfjzwc30,치매,의료보험 적용되는 치매 진단 - 이은아의 치매를부탁해 #7,굿라이프,36767,792,2019-10-15 08:00:00+00:00,443,0.5,General,PreCovid_Supplement,2377,15.467816575515355,2.8014079656087656,0,0,0
FaiQPLnQ1l8,치매,"[건강톡] 영혼을 갉아 먹는 병, 치매. 어떻게 준비하고 대비할 것인가 - 홍혜걸 의학전문기자",한화생명 건강톡,31581,701,2019-05-04 06:10:59+00:00,1713,0.5,General,PreCovid_Supplement,2541,12.428571428571429,2.597384633214691,0,0,0
NAvbAoGrP2s,치매,알츠하이머 치매 [생로병사의 비밀] 20190918,KBS 다큐,29219,204,2019-09-18 15:47:06+00:00,281,0.5,General,PreCovid_Supplement,2404,12.15432612312812,2.5767506872682007,0,0,0
yfoGBedl7Gc,치매,치매 예방 음식 7가지 - 두뇌 건강을 위한 식단,99세까지 88하게 - 임영빈 내과,22638,712,2019-04-01 04:30:18+00:00,172,0.5,General,PreCovid_Supplement,2574,8.794871794871796,2.281858962476929,0,0,0
XWihlKUeduM,치매,"# 강아지 치매 증상, 어떻게 관리해야 할까? _이든동물의료센터",이든동물의료센터,18798,177,2019-01-14 08:51:49+00:00,541,0.5,General,PreCovid_Supplement,2651,7.090909090909091,2.090741096933769,1,1,0
88r31VmBrhQ,치매,돈 되는 치매 정보! 치매 국가책임제 혜택 - 이은아의 치매를부탁해 #10,굿라이프,12803,531,2019-11-05 08:00:01+00:00,349,0.5,General,PreCovid_Supplement,2356,5.434210526315789,1.8616291491885408,0,0,0
46tev8jeVTA,치매,치매와 치아 건강 - 이은아의 치매를부탁해 #14,굿라이프,11686,691,2019-12-03 08:00:02+00:00,308,0.5,General,PreCovid_Supplement,2328,5.019759450171821,1.7950473000791507,0,0,0
Us4zK-L9yrc,치매,치매말기증상[킴스패밀리 건강TV-무병장수],치매명의 김시효,11648,225,2019-02-08 01:00:05+00:00,479,0.5,General,PreCovid_Supplement,2626,4.435643564356436,1.6929779246682712,2,1,0
x49i6rYYVFU,치매,"치매, 파킨슨병, 뇌졸중 등 뇌질환자는 반드시 비타민C를 복용하세요!!(미국 의대 발표 내용)",오드리약사의 영양상담,10065,239,2019-10-11 09:31:53+00:00,184,0.5,General,PreCovid_Supplement,2381,4.227215455690886,1.6538787186423003,0,0,0
myT-Pg9jDmI,치매,내가 너를 낳았니? 슬프지만 마음 따뜻한 이야기! - 이은아의 치매를부탁해 #11,굿라이프,9133,310,2019-11-12 08:00:14+00:00,371,0.5,General,PreCovid_Supplement,2349,3.8880374627501064,1.5867908860686692,0,0,0
QtgL-ujEGVU,치매,"[분당 차병원 TV]깜박 깜박 증상, 치매가 아니라 우울증? 가성치매 - 정신건강의학과 이강수 교수",분당차병원_CHA Bundang Medical Center,7167,82,2019-05-22 00:53:36+00:00,483,0.5,General,PreCovid_Supplement,2523,2.840665873959572,1.345645756243754,1,1,0
tltf4CaSn4M,치매,"[한화생명 건강톡 라이브] 치매, 무엇이든 물어보세요 - 홍혜걸 의학전문기자 -",한화생명 건강톡,5214,201,2019-05-15 09:06:54+00:00,3658,0.5,General,PreCovid_Supplement,2530,2.0608695652173914,1.118699047234847,0,0,0
vMGbmS768EY,치매,치매중기증상[킴스패밀리 건강TV-무병장수],치매명의 김시효,4300,107,2019-01-31 01:00:02+00:00,405,0.5,General,PreCovid_Supplement,2634,1.6324981017463933,0.9679332439417424,1,1,0
86Fn1sD-e-g,치매,알츠하이머 치매 진행단계[킴스패밀리 건강TV-무병장수],치매명의 김시효,4277,82,2019-02-15 01:00:01+00:00,520,0.5,General,PreCovid_Supplement,2619,1.633066055746468,0.968148967835817,0,0,0
ToMM7JeGw2c,치매,혈관성 치매(feat. 뇌건강센터 나해란 교수),여의도성모병원,3464,52,2019-06-13 02:11:19+00:00,376,0.5,General,PreCovid_Supplement,2501,1.385045981607357,0.8692184036543974,0,0,0
ydXkRC3EHgE,뇌졸중,뇌졸중 재활 치료 '골든타임'...발병 3개월 이내 중요 / YTN, YTN,89089,544,2019-11-03 15:47:31+00:00,134,0.5,General,PreCovid_Supplement,2358,37.78159457167091,3.6579457673722335,0,0,0
xr_DvnJugFY,뇌졸중,"고지혈증,심근경색,뇌졸중💊코엔자임 Q10 필수, 갓성비 영양제! - 스타틴 복용자에 필수",닥터후니,68327,1916,2019-12-23 01:37:32+00:00,328,0.5,General,PreCovid_Supplement,2308,29.604419410745233,3.4211444237177746,0,0,0
mFf4Ru5gat4,뇌졸중,뇌졸중 퇴원 후 생활습관은 무엇을 조심해야할까?,뉴고려병원공식유튜브,57037,702,2019-10-14 03:31:03+00:00,338,0.5,General,PreCovid_Supplement,2378,23.985281749369218,3.2182869214734,0,0,0
4gfCV4EYNhc,뇌졸중,"뇌졸중의 골든타임, 빨리 병원에 방문하세요!ㅣ건강플러스",서울아산병원,45922,332,2019-12-31 03:01:53+00:00,200,0.5,General,PreCovid_Supplement,2300,19.96608695652174,3.042906225523532,0,0,0
qRaGSghDpMw,뇌졸중,[건강칼럼] 뇌졸중 환자의 어깨통증에 대해 알아 볼까요?,아이엠재활병원,25754,294,2019-06-03 08:23:03+00:00,355,0.5,General,PreCovid_Supplement,2511,10.25647152528873,2.420943209951806,0,0,0
mTSfs2oTbCs,뇌졸중,뇌출혈과 뇌경색의 차이점을 모른다면 봐야 할 영상! 뇌졸중의 모든것을 알려드립니다! [TV 클리닉+건강이 보인다] 190813,엠키타카 MKTK,16855,191,2019-08-13 11:22:15+00:00,175,0.5,General,PreCovid_Supplement,2440,6.907786885245901,2.0678479556844716,0,0,0
3kYuV7J0NRQ,뇌졸중,뇌졸중 환자의 영양 관리,서울아산병원,9338,144,2019-10-15 09:05:33+00:00,1258,0.5,General,PreCovid_Supplement,2377,3.9284812789230124,1.5950308835817022,0,0,0
3WYtkcI8STY,뇌졸중,[건강칼럼] 뇌졸중 후 인지장애 재활치료,아이엠재활병원,8851,74,2019-06-11 02:00:56+00:00,339,0.5,General,PreCovid_Supplement,2503,3.5361566120655215,1.5120800922988975,0,0,0
lNhBFTiERvg,뇌졸중,[건강강좌] 뇌졸중 등 뇌혈관질환 치료와 예방 - 나사렛국제병원 신경외과 최종원 과장,나사렛 건강지킴이,7678,86,2019-04-01 07:10:27+00:00,2563,0.5,General,PreCovid_Supplement,2574,2.982905982905983,1.3820116993278897,0,0,0
tnlVcsgYzXQ,뇌졸중,"[뇌졸중 건강강좌] 한국 사망원인 3위, 뇌졸중의 예방과 치료 - 신경과 정필욱 교수",강북삼성병원,7175,134,2019-12-02 21:00:14+00:00,2493,0.5,General,PreCovid_Supplement,2329,3.0807213396307427,1.406273771718085,1,1,0
aRYTyNZKySs,뇌졸중,[모션그래픽] 인하대병원 뇌졸중 캠페인 영상,윤동빈,5479,43,2019-12-24 04:39:31+00:00,81,0.5,General,PreCovid_Supplement,2307,2.3749458170784568,1.2163792699966474,0,0,0
0IFpf0b0uuc,뇌졸중,[명품토크] '고려대학교구로병원' 건강하시 Guro - 뇌졸중 명품토크-고대 구로병원 뇌신경센터 김치경 교수&정진희 PD,의학채널 비온뒤,4297,115,2019-11-28 11:13:58+00:00,3606,0.5,General,PreCovid_Supplement,2333,1.8418345477925417,1.0444498111584781,0,0,0
p_t686aFBOU,뇌졸중,[서울성모병원] 뇌졸중 건강강좌 5. 뇌졸중 환자를 위한 재활운동(재활의학팀),서울성모병원TV,2509,24,2019-02-12 02:40:07+00:00,607,0.5,General,PreCovid_Supplement,2622,0.9569031273836766,0.6713631866183196,0,0,0
wc99T141BmI,뇌졸중,[서울성모병원] 뇌졸중 건강강좌 3. 뇌졸중의 수술적 치료(신경외과 최재호 교수),서울성모병원TV,2478,27,2019-02-12 02:23:26+00:00,1291,0.5,General,PreCovid_Supplement,2622,0.9450800915331807,0.665303154388772,0,0,0
2ElE8k5aQDk,뇌졸중,"[서울성모병원] 뇌졸중 건강강좌 6. 사회 복지 서비스-의료비,간병서비스,장애등급(사회사업팀)",서울성모병원TV,1850,20,2019-02-12 02:41:37+00:00,852,0.5,General,PreCovid_Supplement,2622,0.7055682684973302,0.53389835051129,0,0,0
2T6KOHU_46U,뇌졸중,[서울성모병원] 뇌졸중 건강강좌 2. 뇌졸중 환자들이 자주 하는 질문(신경과 이기정 교수),서울성모병원TV,1584,15,2019-02-11 07:32:38+00:00,2343,0.5,General,PreCovid_Supplement,2623,0.6038886770873046,0.4724311037236472,0,0,0
Am4StQxiZo0,뇌졸중,머릿속 시한폭탄 뇌졸중  KTV 건강더하기 행복 뇌혈관질환 전문병원 명지성모병원,뇌혈관질환전문명지성모병원,1374,23,2019-10-21 08:32:15+00:00,1365,0.5,General,PreCovid_Supplement,2371,0.5795023196963307,0.4571098098859144,0,0,0
cZZWZa6zyQs,뇌졸중,[서울성모병원] 뇌졸중 건강강좌 4. 뇌졸중의 영양관리(영양팀),서울성모병원TV,1285,15,2019-02-12 02:38:36+00:00,1323,0.5,General,PreCovid_Supplement,2622,0.4900839054157132,0.39883243073142544,0,0,0
jxTbL1Zk91M,심장,심장 건강을 위한 생활습관 관리,서울아산병원,187302,2195,2019-09-06 00:07:31+00:00,1372,0.5,General,PreCovid_Supplement,2416,77.52566225165563,4.363425479030098,0,0,0
F-U54FQD-20,심장,심장 건강을 지켜라! 심부전의 증상과 치료,서울아산병원,82589,766,2019-01-23 01:58:41+00:00,197,0.5,General,PreCovid_Supplement,2642,31.26003028009084,3.473829011323121,1,1,0
OVBe_OeluWE,심장,[건강강좌] 부정맥 명의 김영훈교수와 함께하는 '인공심장 박동기'의 모든것!,고대병원,46938,723,2019-12-10 23:30:00+00:00,2098,0.5,General,PreCovid_Supplement,2321,20.22317966393796,3.0550939647474253,0,0,0
ZKpq03chO2Q,심장,입술색이 갑자기 변했다면 심장 비장건강 적신호! 입술색과 상태로 건강을 체크하자![돈건통]    -Peter Kim 김찬우 -,통찰의학 돈건통,37713,552,2019-12-13 11:00:12+00:00,666,0.5,General,PreCovid_Supplement,2318,16.26962899050906,2.8489494090389478,1,1,0
lj0jaDoNct4,심장,심장 건강을 위한 스트레스 관리법,서울아산병원,30548,441,2019-09-06 00:05:03+00:00,1563,0.5,General,PreCovid_Supplement,2416,12.644039735099337,2.6133027768285686,0,0,0
SM6O0Z4Z9V0,심장,심장질환은 단순 노인성질환이 아니다 (feat. 장 건강),독서연구소,9368,421,2019-12-05 09:00:07+00:00,1096,0.5,General,PreCovid_Supplement,2326,4.027515047291487,1.614925835657006,0,0,0
_wghmXYhK9g,심장,(건강정보) 허혈성 심장질환,안동MBC PLUS,5887,44,2019-08-26 02:26:46+00:00,61,0.5,General,PreCovid_Supplement,2427,2.4256283477544294,1.2312849140859814,0,0,0
VsXmiW1UKvg,심장,[PEOPLE in 세브란스] 건강 하려면 심장의 문을 열어라!,세브란스,4631,67,2019-07-25 08:10:11+00:00,234,0.5,General,PreCovid_Supplement,2459,1.8832858885725905,1.0589305773099806,0,0,0
16Q0Dhx-v4k,심장,[강동경희1분건강]서맥성 부정맥 치료법'인공심장박동기'바로알기,강동경희대학교병원,4427,59,2019-09-11 01:41:22+00:00,107,0.5,General,PreCovid_Supplement,2411,1.8361675653255911,1.0424536920180756,0,0,0
TluBiQ5L32w,심장,[건강톡] 젊은 대만 모델 고이상 촬영 중 심장마비사망으로 돌이켜본 돌연사,한화생명 건강톡,2535,33,2019-12-09 01:55:13+00:00,757,0.5,General,PreCovid_Supplement,2322,1.0917312661498708,0.7379920800879081,3,1,0
gb801NOmhFQ,심장,"[급사방지 건강검진] 뇌혈관질환, 심장혈관질환, 폐암 조기진단 - 휴먼영상의학센터",휴먼영상의학센터,2322,38,2019-07-25 09:04:54+00:00,670,0.5,General,PreCovid_Supplement,2459,0.9442862952419683,0.6648949664099109,1,1,0
k0lR1LgOg2g,심장,심장이 쿵❗ 허혈성 심장질환 [TBC클리닉건강365][TBC-띠비띠],TBC,1825,21,2019-06-16 03:00:02+00:00,1435,0.5,General,PreCovid_Supplement,2498,0.7305844675740593,0.5484591939821087,0,0,0
ZJnuaphElGc,심장,"[건강기상청 내몸 ON-⑦심장질환] 건강캐스터 남혜정, KMI한국의학연구소 심장 초음파 검사 받다!",Channel KMI,1466,0,2019-09-27 01:10:45+00:00,248,0.5,General,PreCovid_Supplement,2395,0.6121085594989562,0.4775429864192207,0,0,0
wu0GWk9AFKs,심장,[국민건강보험 일산병원] '고지혈증' 심장내과 박종관 교수,국민건강보험일산병원,1453,12,2019-09-04 00:00:24+00:00,155,0.5,General,PreCovid_Supplement,2418,0.6009098428453267,0.4705721194029101,0,0,0
cD4skZ6WVhY,심장,제39회 재활의학과 건강강좌 - 심장재활 (이현석교수),명지병원-MYONGJI HOSPITAL,559,7,2019-04-16 08:38:38+00:00,2230,0.5,General,PreCovid_Supplement,2559,0.21844470496287613,0.19757521345793302,0,0,0
ts8pJaBxTSo,심장,[진주제일병원] 1분 건강정보 - 심장혈관 질환 (심장내과전문의 최봉룡 센터장),진주제일병원,405,2,2019-04-17 04:23:24+00:00,46,0.5,General,PreCovid_Supplement,2558,0.1583268178264269,0.14697656543477725,0,0,1
uDU1kX06Js8,심장,"[궁금한메디컬상식] 제 2의 심장, 발건강을 지킬 의료 상식 꿀팁!",메디컬TV MedicalTV,307,3,2019-07-15 04:09:57+00:00,163,0.5,General,PreCovid_Supplement,2469,0.12434183880113406,0.11719783228151562,0,0,0
eYokcx0LOfg,심장,가을 별미 낙지 요리법 그리고 내 심장의 이상증세 부정맥 | 건강플러스 | 10월 12일,대전MBC,274,3,2019-10-14 01:26:11+00:00,2708,0.5,General,PreCovid_Supplement,2378,0.1152228763666947,0.10905427405502599,0,0,0
ZQt9TAp9_I0,심장,20190926 대한심장학회 건강강좌 ｜ 충북대학교병원 01 배장환,대한심장학회,267,0,2019-10-24 01:43:47+00:00,1771,0.5,General,PreCovid_Supplement,2368,0.11275337837837837,0.10683746497156639,0,0,0
mN0dWxbJvUQ,폐렴,노인 폐렴 증상 예방 사망 - 꼭 아셔야할 13가 백신 설명이 있습니다,약사설명 약짱TV,66430,2289,2019-11-05 14:22:18+00:00,687,0.5,General,PreCovid_Supplement,2356,28.196095076400677,3.3740349700712966,2,1,0
k4aPYKU_Aok,폐렴,평택 굿모닝병원 건강상식 015 폐렴 호흡기내과 전문의 이상국 과장 [1과],평택 굿모닝병원,800,13,2019-10-21 08:34:57+00:00,145,0.5,General,PreCovid_Supplement,2371,0.3374103753690426,0.2907351884729419,0,0,0
qNWGpT_QvcU,폐렴,평택 굿모닝병원 건강상식 016 폐렴을 둘러싼 오해와 진실 호흡기내과 전문의 이상국 과장 [1과],평택 굿모닝병원,528,17,2019-10-21 08:36:55+00:00,161,0.5,General,PreCovid_Supplement,2371,0.22269084774356812,0.20105404285625003,0,0,0
miwuxDHnFX4,당뇨병,당뇨병 관리 법 - 남재현 박사의 건강이야기,남서방TV의사,266225,5275,2019-04-13 02:23:46+00:00,485,0.5,General,PreCovid_Supplement,2562,103.91295862607338,4.653131040909682,0,0,0
OeA0b37pNFU,당뇨병,뱃살과 당뇨병 예방 하는 법 - 남재현 박사의 건강이야기,남서방TV의사,44170,1184,2019-06-04 08:24:27+00:00,675,0.5,General,PreCovid_Supplement,2510,17.59760956175299,2.9230330542746628,0,0,0
GrrgpzvRHjk,당뇨병,"[건강강좌​] 당뇨병과 근육 근감소증, 노쇠(18.05.02) 내분비내과 장학철교수",분당서울대학교병원,27874,468,2019-05-08 02:27:17+00:00,1497,0.5,General,PreCovid_Supplement,2537,10.986992510839574,2.4838221044512276,0,0,0
JW7EUcRdw6U,당뇨병,[건강톡] 내가 10년 내에 당뇨병에 걸릴 확률은?,한화생명 건강톡,8057,182,2019-07-19 01:22:26+00:00,286,0.5,General,PreCovid_Supplement,2465,3.2685598377281946,1.451276495813962,0,0,0
sEoOKx4E9Fg,당뇨병,대한당뇨병학회 건강토크쇼 당뇨병 첫걸음 강의1부,Korean Diabetes Association대한당뇨병학회,5623,97,2019-12-06 07:24:27+00:00,787,0.5,General,PreCovid_Supplement,2325,2.418494623655914,1.2292002856502509,0,0,0
SiyNGU3r7nU,당뇨병,"당뇨병 무엇인가요? ｜당뇨병 정의와 진단, 증상, 검사｜텍스트 건강정보 #1",의사TV,4178,68,2019-08-21 09:25:41+00:00,168,0.5,General,PreCovid_Supplement,2432,1.7179276315789473,0.9998696897596744,1,1,0
bqXWqo_AihA,당뇨병,[일산서구보건소 건강강좌] 당뇨병 예방관리 / 일산백병원 내분비내과 노정현 교수,인제대학교 백병원,4050,72,2019-03-14 04:45:17+00:00,2458,0.5,General,PreCovid_Supplement,2592,1.5625,0.9409833444645266,0,0,0
CxvZS2sbkbI,당뇨병,"[건강365] 원인과 치료, 관리가 전혀 다른 1형 당뇨병",KBS 1라디오,3813,56,2019-12-24 23:00:00+00:00,2849,0.5,General,PreCovid_Supplement,2307,1.6527958387516255,0.975614117332618,0,0,0
URhFCids0Uc,당뇨병,이대서울병원 송도경 당뇨병 건강강좌,이화여자대학교 의료원,3803,35,2019-12-20 08:38:21+00:00,2084,0.5,General,PreCovid_Supplement,2311,1.6456079619212463,0.9729008921763991,0,0,0
uY_3sqdgV5Q,당뇨병,박수용박사의 건강교실(506) 당뇨병은 절대 혼자 오지 않는다,박수용,1419,62,2019-02-23 11:07:50+00:00,928,0.5,General,PreCovid_Supplement,2611,0.5434699348908464,0.4340330862415998,1,1,0
Qh2nP52-8r4,당뇨병,당뇨병 치료를 위한 당뇨대사수술_건강스페셜 김종민원장 방송,반드시 갑상선&당뇨를 잡겠습니다,1309,40,2019-05-12 01:58:52+00:00,1165,0.5,General,PreCovid_Supplement,2533,0.5167785234899329,0.41658869332682674,0,0,0
FGUnkbUrto8,당뇨병,[건강톡] 비타민D가 당뇨병 예방에 도움이 된다?,한화생명 건강톡,996,42,2019-08-08 06:15:56+00:00,288,0.5,General,PreCovid_Supplement,2445,0.40736196319018403,0.34171700388850795,0,0,0
l1EAPVYlFs8,당뇨병,'당뇨망막병증' 당뇨병 환자 실명을 부르는 질환 알아보기[강동경희대병원],강동경희대학교병원,834,12,2019-05-09 06:15:30+00:00,110,0.5,General,PreCovid_Supplement,2536,0.32886435331230285,0.28432470778929086,1,1,0
F7mrId7FHVI,당뇨병,박수용박사의 건강교실(705) 침묵의 살인자 당뇨병  예방하고 치유하자,박수용,815,41,2019-11-14 06:38:25+00:00,920,0.5,General,PreCovid_Supplement,2347,0.34725181082232637,0.2980668219183938,0,0,0
awE7DlahrCs,당뇨병,당뇨병 건강강좌 핵심 모아보기! 합병증 이야기 / 길병원 당뇨내분비센터 김병준 교수,길병원TV,469,15,2019-11-07 08:08:23+00:00,199,0.5,General,PreCovid_Supplement,2354,0.19923534409515717,0.1816841404332673,0,0,0
kmTY7nkEah4,당뇨병,대한당뇨병학회 건강토크쇼-당뇨병 환자 여름나기 강의(1부),Korean Diabetes Association대한당뇨병학회,434,8,2019-08-21 09:00:19+00:00,878,0.5,General,PreCovid_Supplement,2432,0.17845394736842105,0.16420336530205953,0,0,0
vT6SIeSO-fY,당뇨병,"[신개념 메디컬예능] 우리동네 주치의 친절한닥터스  8화 ""당뇨병""",우리동네주치의친절한닥터스,348,16,2019-07-01 08:05:43+00:00,1518,0.5,General,PreCovid_Supplement,2483,0.1401530406766009,0.131162499603733,0,0,0
kbhZhHBApgw,비만,"[방태환원장 건강강의] 비만을 해결하는 방법, 다이어트하는 방법(성인병, 콜레스테롤, 중성지방)",나음힐링센터 방태환원장,59141,1350,2019-01-10 09:21:37+00:00,1841,0.5,General,PreCovid_Supplement,2655,22.27532956685499,3.147393982755901,0,0,0
aG1CAB5IMbo,비만,건강강의-다이어트-수면과 비만의 관계에 대한 연구결과 공개,교육하는 의사! 이동환TV,10805,152,2019-04-18 13:00:00+00:00,286,0.5,General,PreCovid_Supplement,2557,4.225655064528745,1.653580161194236,0,0,0
FwYBBd3BUmQ,비만,"강북삼성병원 [닥터뷰] 현대인의 생활 습관병 비만, 건강하게 탈출하는 다이어트 방법 (가정의학과 강재헌 교수)",강북삼성병원,5430,115,2019-04-21 23:00:00+00:00,604,0.5,General,PreCovid_Supplement,2554,2.126076742364918,1.1397787813988154,0,0,0
pRYA2EGv5Mk,비만,‘비만’이 관절 건강에 미치는 영향은? [내 몸 사용설명서] 257회 20190621,TVCHOSUN - TV조선,3424,21,2019-06-21 11:00:12+00:00,108,0.5,General,PreCovid_Supplement,2493,1.3734456478138788,0.8643427591531362,0,0,0
V3hgIMGMokc,비만,[건강정보] 비만대사수술을 하고 난 후 어떤 것이 중요할까요?-고려대학교안암병원 비만대사센터,고대병원,2793,24,2019-03-26 23:30:01+00:00,65,0.5,General,PreCovid_Supplement,2580,1.0825581395348838,0.7335970128131584,1,1,0
8Dxqc-qa664,비만,"[초고도비만탈출기]비만대사수술비용(건강보험공단급여대상조건), 비만대사수술전에 시행하는 모든 검사,비만대사수술보험처리여부!!",[아가리어터]정뚜까,2444,61,2019-09-01 14:06:17+00:00,519,0.5,General,PreCovid_Supplement,2421,1.0095002065262288,0.6978860376820469,0,0,0
YgU_fRocbjE,비만,[건강정보] 고도비만 이라는데.. 수술을 서둘러야 할까요?-비만대사수술,고대병원,2323,14,2019-03-21 23:30:00+00:00,88,0.5,General,PreCovid_Supplement,2585,0.8986460348162476,0.6411410188882726,0,0,0
1uAm9m_yol4,비만,[건강정보] 비만대사수술 Q&A - 비만수술 이후 관리는 어떻게 해야하나요? -고려대학교구로병원 비만대사센터,고대병원,2271,10,2019-10-14 00:18:00+00:00,125,0.5,General,PreCovid_Supplement,2378,0.9550042052144659,0.6703923444398575,0,0,0
uLFiSu9z-Vc,비만,"[건강정보] 비만대사수술, 어디에서 받아야 할까요?-고려대학교안암병원 비만대사센터",고대병원,2148,18,2019-03-31 23:30:00+00:00,100,0.5,General,PreCovid_Supplement,2575,0.8341747572815534,0.6065946567982806,1,1,0
jFgJ2iOHIQM,비만,초중고생 25% '비만·과체중'... 학생 건강증진에 정부가 나선다 / YTN, YTN,2138,12,2019-03-15 09:49:07+00:00,147,0.5,General,PreCovid_Supplement,2591,0.8251640293323041,0.6016698620817659,0,0,0
QqYDA6pQuSc,비만,[건강정보] 비만대사수술은 정말 안전한가요?-고려대학교안암병원 비만대사센터,고대병원,1598,17,2019-03-24 23:30:01+00:00,65,0.5,General,PreCovid_Supplement,2582,0.6189000774593338,0.4817469541122142,1,1,0
1sxJWfRFu24,비만,[60초 건강툰] 수면 부족이 비만 부른다,국민건강보험일산병원,1524,11,2019-09-27 00:30:01+00:00,64,0.5,General,PreCovid_Supplement,2395,0.6363256784968685,0.4924532883546159,0,0,0
hSgu5CHGZ7w,비만,초중고생 25% '비만·과체중'... 학생 건강증진에 정부가 나선다 / YTN, YTN,1491,3,2019-03-15 13:47:30+00:00,148,0.5,General,PreCovid_Supplement,2591,0.5754534928598997,0.45454316280768015,0,0,0
b7kZ0stNKGA,비만,유익균 유해균이 비만을 좌우한다고??｜닥터쿡의 건강톡톡,헬스라이프포미,1235,11,2019-04-24 03:12:10+00:00,214,0.5,General,PreCovid_Supplement,2551,0.4841238729909839,0.39482461362745674,0,0,0
2rIHFE8FGgw,비만,허리디스크 증상 비만과 연관있다?,서울예스병원,1308,17,2019-05-02 08:43:15+00:00,51,0.5,General,PreCovid_Supplement,2543,0.5143531262288635,0.41498836839278924,1,1,1
JucZgPwyVe4,비만,"[건강정보] 비만대사수술 Q&A - ‘비만대사수술’, 어떤 수술인가요? -고려대학교구로병원 비만대사센터",고대병원,1108,7,2019-10-11 00:00:00+00:00,93,0.5,General,PreCovid_Supplement,2382,0.4651553316540722,0.3819612652812274,0,0,0
Dsa3slFISdU,비만,올바른 비만치료 방법,부산본병원,1066,11,2019-07-12 05:55:40+00:00,180,0.5,General,PreCovid_Supplement,2472,0.4312297734627832,0.35853405614214917,0,0,0
GaM9_-OC_LI,비만,"[건강정보] 합병증 없는 ""건강한 비만"", 꼭 수술을 해야할까요?-비만대사수술",고대병원,942,11,2019-03-17 23:50:31+00:00,111,0.5,General,PreCovid_Supplement,2589,0.3638470451911935,0.31030941617684876,0,0,0
lxmNZa3_LOE,비만,"강북삼성병원 [건강을 만나다 시즌2] 비만은 습관일까, 병일까? - 외과 정경욱 교수",강북삼성병원,896,115,2019-03-12 23:00:04+00:00,483,0.5,General,PreCovid_Supplement,2594,0.3454124903623747,0.29670065032008364,0,0,0
lTQDAth9XsM,탈모,"여성 호르몬 탈모 영양제🌿| 두부, 두유, 대두콩 피하기💆‍♀️💆‍♂️ | 여성호르몬 불균형♀️",뉴리TV Nuri TV,199020,546,2019-01-11 13:30:00+00:00,644,0.5,General,PreCovid_Supplement,2654,74.98869630746044,4.330584596427939,0,0,0
qAPRsiEKONo,탈모,"헤어빔, 탈모치료 헬멧 8년 사용 후기ㅣ저렴하게 사는 법 (광고❌)",용닥터,94314,670,2019-10-09 15:19:41+00:00,219,0.5,General,PreCovid_Supplement,2383,39.577843054972725,3.7032221800764944,0,0,0
p-4dDeXmNh0,탈모,"톡투건강 탈모 치료, 함부로 하지 마라, 바노바기 성형외과 모발이식 클리닉 이경구 원장이 알려주는 탈모 치료 이것만 꼭 기억",톡투건강TV,1089,19,2019-08-26 14:34:16+00:00,801,0.5,General,PreCovid_Supplement,2427,0.44870210135970334,0.37066805307846623,0,0,0
9fw8eMQ4w5Y,탈모,탈모치료 실손의료비 보상에관하여,No.1보상에관하여,1044,16,2019-03-04 07:11:22+00:00,137,0.5,General,PreCovid_Supplement,2602,0.4012298232129131,0.33735029616615775,0,0,0
wmzSPfl35cE,탈모,헤어맥스 탈모치료기기 의료기기 사용법 & 작동법,빱샷,815,2,2019-07-17 00:45:04+00:00,31,0.5,General,PreCovid_Supplement,2467,0.3303607620591812,0.2854501551206795,0,0,1
omoxp-5y55c,탈모,헤어맥스 탈모치료기 의료기기,빱샷,681,2,2019-06-24 08:30:17+00:00,95,0.5,General,PreCovid_Supplement,2490,0.27349397590361446,0.24176428507959402,0,0,0
A3SjMLd4MeU,탈모,[2D 홍보영상] 와이앤제이바이오 - 제품 치료 개발 의료기술 탈모치료 제품 광고 영상,알지비커뮤니케이션즈,437,3,2019-04-18 08:47:41+00:00,255,0.5,General,PreCovid_Supplement,2557,0.17090340242471647,0.15777558968838704,0,0,0
wb1JuHxBtfY,탈모,30. 식품 또는 건강기능식품 복용으로 탈모에  효과를 나타나는  시기,삼탈모tv,314,1,2019-11-06 02:10:44+00:00,146,0.5,General,PreCovid_Supplement,2355,0.13333333333333333,0.12516314295400602,0,0,0
TyTRvTL4mtA,탈모,탈모치료도 보험금을 받을 수 있다!?실손의료비로 받을 수 있는 치료비용에는 어떤 것이 있을까?-기파랑의 보험상식,기파랑tv,161,3,2019-11-08 10:50:10+00:00,6011,0.5,General,PreCovid_Supplement,2353,0.06842328941776456,0.06618400042283025,0,0,0
F-eyE8JJRZE,탈모,"KNN 메디컬 24시 닥터스 - 탈모치료 김택훈, 김상민 원장님",busanmaxwell,152,1,2019-11-26 02:44:53+00:00,1007,0.5,General,PreCovid_Supplement,2335,0.06509635974304069,0.06306527370040699,0,0,0
ilwsMYQyO4w,탈모,KBC 건강클리닉 탈모와 광주모발이식 나용필원장님 #광주모발이식 #광주탈모치료 #광주탈모병원,탈모치료에 대한 새로운 생각 나용필 TV,109,6,2019-10-17 08:47:28+00:00,181,0.5,General,PreCovid_Supplement,2375,0.045894736842105266,0.044872726584627806,0,0,0
-2a18NMkrOI,위암,[PEOPLE in 세브란스] 몸이 보내는 위암 신호 3가지~,세브란스,1517183,11962,2019-10-31 08:00:00+00:00,249,0.5,General,PreCovid_Supplement,2361,642.6018636171113,6.467080310727944,2,1,0
hQZeKFg1YaM,위암,[건강정보] 놓쳐서는 안될 위암 초기증상 5가지,건강의학전문채널 하이닥,364811,2201,2019-02-06 22:00:03+00:00,156,0.5,General,PreCovid_Supplement,2628,138.8169710806697,4.9403342178587035,2,1,0
CKNC23ZSTQM,위암,건강강의-위염 위암 증상으로 구분할 수 있을까? 소화안될때 사이다? 매운것 먹으면 스트레스 풀린다?,교육하는 의사! 이동환TV,168203,2651,2019-06-17 13:30:00+00:00,504,0.5,General,PreCovid_Supplement,2497,67.3620344413296,4.224817618502759,2,1,0
BIUaWaAHrGc,위암,위암 환자라면 절대 먹으면 안되는 음식 [건강정보],건강의학전문채널 하이닥,96084,683,2019-02-12 11:00:01+00:00,127,0.5,General,PreCovid_Supplement,2622,36.64530892448513,3.62820834952383,2,1,0
1XGH7ujWX4w,위암,위암에 좋은 음식 best5 [건강정보],건강의학전문채널 하이닥,84673,836,2019-02-07 22:00:00+00:00,146,0.5,General,PreCovid_Supplement,2627,32.231823372668444,3.503507952142154,1,1,0
sFaFM5xKZQU,위암,위암일으키는 위장 속 헬리코박터 없애는 음식,최불꽃TV,75352,0,2019-07-12 05:20:05+00:00,385,0.5,General,PreCovid_Supplement,2472,30.48220064724919,3.449422327308203,1,1,0
77PxbzeOYtQ,위암,위암 환자를 위한 영양관리,서울아산병원,62456,775,2019-12-05 02:25:57+00:00,2007,0.5,General,PreCovid_Supplement,2326,26.851246775580396,3.3268777328965857,1,1,0
1a9bCyysJNk,위암,위암환자 식사관리 (더 건강하게 만들어봐요!),인하대병원,55651,723,2019-11-11 02:29:58+00:00,1529,0.5,General,PreCovid_Supplement,2350,23.68127659574468,3.206044923621031,1,1,0
n-_J3nFV-XQ,위암,[메디텔] 위암 최신치료법 (김영우 교수),의학채널 비온뒤,55643,1023,2019-02-20 13:02:11+00:00,5602,0.5,General,PreCovid_Supplement,2614,21.286534047436877,3.1039826416975624,1,1,0
MZcluB6RYLo,위암,위암 환자를 위한 운동법,서울아산병원,43808,522,2019-12-05 02:25:57+00:00,1187,0.5,General,PreCovid_Supplement,2326,18.834049871023215,2.987400151181626,1,1,0
2xigQK-KL4A,위암,내시경을 통한 위암 치료ㅣ건강플러스,서울아산병원,27133,207,2019-12-24 04:56:47+00:00,173,0.5,General,PreCovid_Supplement,2307,11.761161681837885,2.546406314669059,1,1,0
w71-h27j5oQ,위암,위암의 내시경 치료와 관리,서울아산병원,25066,243,2019-12-05 02:27:25+00:00,1349,0.5,General,PreCovid_Supplement,2326,10.776440240756664,2.466100945862859,1,1,0
cF8uvPgbaOY,위암,위암 수술 후 식사는 어떻게 해야 할까? [건강정보],건강의학전문채널 하이닥,24609,187,2019-02-11 11:00:05+00:00,106,0.5,General,PreCovid_Supplement,2623,9.382005337399924,2.3400740515062273,1,1,0
R9lc9ZOQBUo,위암,"위암, 수술 못하는 경우들",기역,23232,302,2019-04-11 09:00:08+00:00,411,0.5,General,PreCovid_Supplement,2564,9.060842433697347,2.3086509020897075,1,1,0
4HOnq0Xj4cw,위암,[베스트셀러] 위암 4기 진단을 받았다.,베스트셀러(북채널),21793,191,2019-10-11 02:45:00+00:00,299,0.5,General,PreCovid_Supplement,2381,9.15287694246115,2.317757107932539,1,1,0
SqU-96Rvzec,위암,[내 몸 보고서] 위염에서 위암까지…위 건강 지키는 방법  / YTN 사이언스,YTN 사이언스,21312,187,2019-03-12 09:35:16+00:00,466,0.5,General,PreCovid_Supplement,2594,8.215882806476484,2.220928387561537,1,1,0
O9YeXBLvcOM,위암,유문원 교수의 위암 이야기ㅣ암행의사,서울아산병원,17547,299,2019-08-23 00:58:50+00:00,345,0.5,General,PreCovid_Supplement,2430,7.220987654320988,2.106690354444138,1,1,0
uchY-MBWm8s,위암,"[그 암이 알고싶다] 내시경에서 위암이 의심되면, 그 다음은?",KSMO TV_그암이 알고 싶다,16174,87,2019-04-02 11:19:05+00:00,135,0.5,General,PreCovid_Supplement,2573,6.286047415468325,1.9859612063154473,1,1,0
fazFlCWcorA,위암,위암의 항암화학요법,서울아산병원,15952,180,2019-12-05 02:25:57+00:00,1792,0.5,General,PreCovid_Supplement,2326,6.858125537403267,2.0615480967535373,1,1,0
V8w5f74yAtM,위암,"한국인에게 가장 많은 위암, 음식과 관계가 깊어",황성수힐링스쿨,15857,474,2019-06-09 22:00:02+00:00,255,0.5,General,PreCovid_Supplement,2505,6.330139720558882,1.99199457718468,1,1,0
Z0wDguG5n9w,대장암,[PEOPLE in 세브란스] 몸이 보내는 대장암 신호 3가지~,세브란스,2445683,23923,2019-12-30 08:00:14+00:00,224,0.5,General,PreCovid_Supplement,2301,1062.8783137766188,6.969676296609916,2,1,0
J2uNWDIJOcM,대장암,대장암 유발하는 장 속 찌꺼기 없애는 방법 8가지  독소 없애는 방법,최불꽃TV,623730,0,2019-07-17 10:03:29+00:00,426,0.5,General,PreCovid_Supplement,2467,252.82934738548846,5.536662180531949,1,1,0
aqpmv606PLU,대장암,이런 증상이 있다면 반드시 대장암 의심해야한다 대장암초기증상,최불꽃TV,124937,0,2019-07-04 08:16:19+00:00,410,0.5,General,PreCovid_Supplement,2480,50.37782258064516,3.9392066120496962,2,1,0
X8wjlN-2wXY,대장암,"대장암으로 진행될 수 있는 대장용종, 예방법은? [엄지의 제왕 119회]",MBN Entertainment,89851,573,2019-04-03 07:09:01+00:00,788,0.5,General,PreCovid_Supplement,2572,34.93429237947123,3.5816920590463006,1,1,0
OXHsIzLipU8,대장암,혈변이 대장암의 전조증상?? 대장암의 원인과 예방법 / 가천대 길병원 대장항문외과 백정흠 교수,길병원TV,85897,1148,2019-12-03 05:35:46+00:00,265,0.5,General,PreCovid_Supplement,2328,36.89733676975945,3.6348808396921424,3,1,0
Vbu_CdRtvFA,대장암,[Balance Of Life] ※완전꿀팁※ 대장암 전문의도 실천하는 3가지 장 건강 습관! l 닥터지바고,play 채널A,66715,835,2019-09-05 09:00:14+00:00,782,0.5,General,PreCovid_Supplement,2417,27.60239966901117,3.3534906188169002,1,1,0
xqL2MWy01Jo,대장암,대장암의 항암치료,서울아산병원,65578,626,2019-09-19 04:13:24+00:00,1214,0.5,General,PreCovid_Supplement,2403,27.290054099042862,3.342510297614329,1,1,0
TQvwWKWEkqY,대장암,혈변나오면 큰병? ㅣ치질과 대장암 혈변의 차이ㅣ,의사TV,54416,330,2019-09-19 09:07:23+00:00,94,0.5,General,PreCovid_Supplement,2403,22.64502704952143,3.16315282008002,1,1,0
z0Hx9QQE_cE,대장암,"대장 용종의 크기, 위치에 따라 치료가 달라진다!",건강의학전문채널 하이닥,47862,421,2019-03-24 22:30:01+00:00,218,0.5,General,PreCovid_Supplement,2582,18.53679318357862,2.9722995176691773,0,0,0
HCpmmzo9U5c,대장암,대장암 및 장루 환자의 맞춤 식생활,서울아산병원,45505,523,2019-09-19 04:13:23+00:00,1521,0.5,General,PreCovid_Supplement,2403,18.936745734498544,2.9925645483309284,1,1,0
_bLjUmKARtA,대장암,대장암 수술 후에는 어떤 검사를 하나요?,서울아산병원,44426,540,2019-09-19 04:13:24+00:00,1122,0.5,General,PreCovid_Supplement,2403,18.487723678734916,2.9697847123801093,1,1,0
A0ZIxg45PdA,대장암,증상이 거의 없는 초기 대장암[생로병사의 비밀] 20190821,KBS 다큐,41972,209,2019-08-21 16:50:29+00:00,232,0.5,General,PreCovid_Supplement,2432,17.258223684210527,2.9046155913664804,2,1,0
X78EDnwdcAQ,대장암,"[그 암이 알고싶다] 수술 어려운 대장암 4기, 항암치료는 얼마나 받나요?",KSMO TV_그암이 알고 싶다,34660,228,2019-05-07 10:54:14+00:00,205,0.5,General,PreCovid_Supplement,2538,13.656422379826635,2.684878627100739,1,1,0
kEvEvv61IR0,대장암,대장암 초기증상! 정말 있다? 없다?,"치유의 숲, 휘림한방병원",34033,251,2019-07-02 01:12:28+00:00,79,0.5,General,PreCovid_Supplement,2482,13.711925866236905,2.6886584482896576,2,1,0
g_19T9JZ4DA,대장암,"[명의보감] 20대도 안심할 수 없는 대장암, 식사습관 바꿔야/ 연합뉴스 (Yonhapnews)",연합뉴스 Yonhapnews,33933,335,2019-07-13 00:19:30+00:00,667,0.5,General,PreCovid_Supplement,2471,13.732496964791583,2.6900557317086364,1,1,0
CO9IjnZJlA4,대장암,"대장암 사망률, 위암보다 높다?! - 대장암 경고증상, 대장검사 잘 받는 방법",서울대학교병원 강남센터,32745,408,2019-05-07 07:39:45+00:00,903,0.5,General,PreCovid_Supplement,2538,12.901891252955084,2.6320248922448135,4,1,0
G4QBga1vAAM,대장암,대장암 위치에 따라 증상이 다른 이유는?,한양대학교병원,29094,277,2019-08-28 05:34:31+00:00,336,0.5,General,PreCovid_Supplement,2425,11.997525773195877,2.5647590142086303,2,1,0
AIALzQfhupw,대장암,"[그 암이 알고싶다] 대장암 4기, 다른 전이성 암과 어떻게 다를까",KSMO TV_그암이 알고 싶다,27748,217,2019-05-07 10:45:33+00:00,192,0.5,General,PreCovid_Supplement,2538,10.933018124507486,2.479309190242268,1,1,0
h8Y9rnkDYyE,유방암,[PEOPLE in 세브란스] 몸이 보내는 유방암 신호 3가지,세브란스,925234,6983,2019-12-26 08:13:59+00:00,266,0.5,General,PreCovid_Supplement,2305,401.40303687635577,5.997454165666484,2,1,0
7ggj-G6v8KE,유방암,유방암 수술 후 식사요법[환자설명자료],삼성서울병원,52457,628,2019-06-13 05:36:39+00:00,184,0.5,General,PreCovid_Supplement,2501,20.974410235905637,3.089878605254584,1,1,0
NavGG6wWBfE,유방암,유방암 자가진단! 어렵지 않아요,윤희쌤의 자궁리셋,16911,191,2019-11-13 10:25:55+00:00,367,0.5,General,PreCovid_Supplement,2348,7.202299829642249,2.104414581976225,1,1,0
4lnCBEdA4zg,유방암,유방암의 로봇수술,서울아산병원,15918,91,2019-10-07 00:04:50+00:00,825,0.5,General,PreCovid_Supplement,2385,6.674213836477987,2.0378658564975205,1,1,0
a56IxcEId_0,유방암,[톡톡건강토크] 유방암의 방사선치료,대구파티마병원,15294,171,2019-04-04 05:33:19+00:00,1648,0.5,General,PreCovid_Supplement,2571,5.948658109684947,1.9385485631916206,1,1,0
6mDudhbJOsM,유방암,[건강정보] 유방암 자가검진 방법은?,고대병원,12465,52,2019-02-06 23:30:01+00:00,85,0.5,General,PreCovid_Supplement,2628,4.743150684931507,1.7480079595549272,1,1,0
AssnuGHMd08,유방암,[건강정보] 유방암의 병기별 생존율은 어떻게 달라지나요?,고대병원,10978,53,2019-01-21 23:30:00+00:00,49,0.5,General,PreCovid_Supplement,2644,4.1520423600605145,1.6393932108296867,1,1,1
qbGJCDOevbw,유방암,갑상샘암·유방암 과잉 진단의 실체,헬스중앙,9549,31,2019-08-30 05:08:35+00:00,113,0.5,General,PreCovid_Supplement,2423,3.94098225340487,1.5975641481560638,1,1,0
BlHvtxuMO2U,유방암,[유방암 수술 후 운동] 머리 위로 스트레칭,세브란스,9277,98,2019-01-28 04:55:08+00:00,165,0.5,General,PreCovid_Supplement,2637,3.5180128934395145,1.508072271835346,1,1,0
JeN-iypKAeo,유방암,[유방암 수술 후 운동] 벽타기 운동,세브란스,8772,100,2019-01-28 04:49:50+00:00,86,0.5,General,PreCovid_Supplement,2637,3.3265073947667805,1.4647606102430826,1,1,0
zX3G6pHjevA,유방암,[건강정보] 유방암 검진의 기본이 되는 검사는 어떤 것이 있을까요?,고대병원,8470,11,2019-02-11 23:30:00+00:00,76,0.5,General,PreCovid_Supplement,2623,3.229126953869615,1.4419955778717861,1,1,0
Zc9O8G1GUi0,유방암,[건강강좌] 유방암의 항암치료,인제대학교 백병원,7543,56,2019-12-02 01:39:17+00:00,1084,0.5,General,PreCovid_Supplement,2329,3.2387290682696435,1.444263476260828,1,1,0
gxjTmpVJCrE,유방암,"유방 섬유선종, 유방암,  조직검사 등 유방건강에대해 외과전문의 닥터민이 알려드립니다! 🤫",닥터민의디테일19,6975,87,2019-11-11 02:31:48+00:00,475,0.5,General,PreCovid_Supplement,2350,2.9680851063829787,1.3782836373738117,1,1,0
7RD9f-qEF0g,유방암,[건강강좌] 유방암에서 림프부종의 치료와 관리,인제대학교 백병원,6551,85,2019-12-03 00:51:23+00:00,1325,0.5,General,PreCovid_Supplement,2328,2.814003436426117,1.3386794081809985,1,1,0
TZcE6q-WLho,유방암,[건강강좌] 유방암에 대한 흔한 오해들,인제대학교 백병원,5450,74,2019-12-04 01:15:12+00:00,1076,0.5,General,PreCovid_Supplement,2327,2.3420713364847443,1.2065907753926515,1,1,0
cbKpF3HuRIM,유방암,유방암검사방법 찾지 말고 한 눈에 보세요,한송이영상의학과,4450,55,2019-06-18 00:22:53+00:00,126,0.5,General,PreCovid_Supplement,2496,1.782852564102564,1.023476503814701,1,1,0
Q_XbYUCQI-k,유방암,[의료중재원] 사례영상 EP 02 - 유방암 진단 지연,한국의료분쟁조정중재원kmedi,4431,33,2019-12-16 09:06:35+00:00,78,0.5,General,PreCovid_Supplement,2315,1.9140388768898489,1.0695400491012612,1,1,0
KjbDZZlXgLM,유방암,유방암 표적 항암제 피크레이에 대해 알아보자|PIQRAY|항암제|유방암|호르몬양성|아푼데 우짜꼬?,아푼데 우짜꼬?,4195,132,2019-12-01 11:39:12+00:00,630,0.5,General,PreCovid_Supplement,2330,1.8004291845493563,1.029772685631148,1,1,0
xHuDUSUkDs8,유방암,[건강정보] 유방암 자가검진으로 조기발견이 가능할까요?,고대병원,4105,8,2019-01-28 23:30:02+00:00,46,0.5,General,PreCovid_Supplement,2637,1.5566932119833143,0.9387147094407193,1,1,1
Jl7FffqNGT0,간염,"간을 건강하게 만드는 13가지 방법, (간염 예방, 지방간 개선, 간수치 )",약사가 들려주는 약 이야기,70768,1684,2019-08-05 09:00:05+00:00,632,0.5,General,PreCovid_Supplement,2448,28.908496732026144,3.398142611667198,0,0,0
V2lpjAIZOoc,간염,"사랑 표현도 확인 후 하세요, B형 간염의 전염과 예방",박언휘TV,16375,153,2019-02-27 22:00:02+00:00,321,0.5,General,PreCovid_Supplement,2607,6.281166091292674,1.9852910267569357,0,0,0
ja2As5bYCB4,간염,B형 간염: 피검사만 하면 안되나요?,간보는 의사언니 유정주,9658,111,2019-12-28 02:47:26+00:00,101,0.5,General,PreCovid_Supplement,2303,4.193660442900565,1.6474387362287795,0,0,0
rRdDyZ3K5gI,간염,만성B형간염의 치료 (광주 한정렬내과) : CMB 건강라이프 7화,Always patients first,8416,139,2019-11-20 00:42:02+00:00,1493,0.5,General,PreCovid_Supplement,2341,3.5950448526270824,1.5249785169410948,0,0,0
JbJeLVP2xmM,간염,"[건강정보] A형 간염, 어떤 질병인가요? - 고려대학교구로병원 감염내과",고대병원,6827,20,2019-05-04 00:00:02+00:00,79,0.5,General,PreCovid_Supplement,2541,2.686737504919323,1.3047419219573893,0,0,0
gd_blxMrPXA,간염,"A형간염 항체 검사방법 [BIOCREDIT HAV IgG, RapiGEN Inc.] 래피젠",Rapigen 래피젠,4434,12,2019-05-21 09:33:02+00:00,68,0.5,General,PreCovid_Supplement,2524,1.7567353407290016,1.0140471320507836,0,0,0
JXfnwgn4Q_c,간염,"내가 나를 공격할 때, 자가면역성 간염",박언휘TV,3716,58,2019-03-20 22:00:00+00:00,205,0.5,General,PreCovid_Supplement,2586,1.436968290796597,0.8907547629854171,0,0,0
HYnbUibzXSQ,간염,[건강정보] 전국적으로 확산중인 A형 간염 ! 증상은 어떻게 나타나나요?-고려대학교구로병원 감염내과,고대병원,2423,5,2019-05-17 02:29:24+00:00,85,0.5,General,PreCovid_Supplement,2528,0.9584651898734177,0.6721611000946749,1,1,0
jYWUrX7KR98,간염,[건강정보] A형간염 백신 접종 대상은 어떻게 되나요?-고려대학교구로병원 감염내과,고대병원,1788,9,2019-05-28 23:30:00+00:00,88,0.5,General,PreCovid_Supplement,2517,0.7103694874851013,0.5367094217265154,0,0,0
mUMEiOHbLT8,간염,[건강정보] 빠르게 확산중인 A형간염! 전염 경로는 어떻게 되나요?-고려대학교 구로병원 감염내과,고대병원,1228,3,2019-05-24 04:56:20+00:00,91,0.5,General,PreCovid_Supplement,2521,0.48710829036096787,0.3968334895479922,0,0,0
6xKQ_elnQMg,간염,"[건강정보] 치료제 없는 A형간염, 예방법은? -고려대학교구로병원 감염내과",고대병원,659,3,2019-05-26 23:55:48+00:00,75,0.5,General,PreCovid_Supplement,2519,0.26161175069472015,0.2323900707440511,0,0,0
t3Zr-asRSXQ,간염,건강라이프 7화(B형 간염),health life,651,3,2019-11-11 11:00:18+00:00,1493,0.5,General,PreCovid_Supplement,2350,0.27702127659574466,0.24453023830216244,0,0,0
rGgx39DYv3E,간염,[건강정보] A형 간염이 현재 유행하고 있는데    특히 30-40대 환자가 많은 이유가 뭘까요? - 고려대학교구로병원 감염내과,고대병원,288,4,2019-05-15 05:49:51+00:00,111,0.5,General,PreCovid_Supplement,2530,0.11383399209486166,0.1078081107370596,0,0,0
rvenDV6J_gQ,간염,[건강프라임] 20~30대가 A형 간염에 많이 걸리는 이유,시선뉴스 YouTube,189,3,2019-06-26 03:45:00+00:00,376,0.5,General,PreCovid_Supplement,2488,0.07596463022508039,0.07321758966128245,0,0,0
5RDjGIIwKio,간염,[5분건강] A형 간염- KMI 한국의학연구소 신상엽 학술위원장,쿠키건강TV / KUKI HEALTH TV,181,3,2019-06-05 05:00:03+00:00,298,0.5,General,PreCovid_Supplement,2509,0.0721402949382224,0.0696569262294625,0,0,0
B01NLYgJOZA,간염,"간암의 초기 ""간염의 모든 것"" [강동경희 건강꿀팁]",강동경희대학교병원,164,2,2019-07-05 00:26:25+00:00,119,0.5,General,PreCovid_Supplement,2479,0.06615570794675273,0.0640593825690987,1,1,0
LdywV-xg2b0,신장,[건강강좌​] 만성콩팥병에서 단백뇨 줄이기 및 사구체 여과율 보존 전략(19.07.19) 신장내과 진호준교수,분당서울대학교병원,778794,10691,2019-12-30 01:41:51+00:00,3402,0.5,General,PreCovid_Supplement,2301,338.45893089960884,5.827352970313499,0,0,0
1qFCGn02eWA,신장,신장내과 총론: 신장이 안좋을때 오래 살수있는 방법,조동혁의100세 건강시대,458229,11635,2019-11-14 14:50:36+00:00,679,0.5,General,PreCovid_Supplement,2347,195.24030677460587,5.279339963211374,0,0,0
hhx_N-mI5AQ,신장,신장을 망가뜨리는 안좋은 습관들.. (간 만큼 중요한 장기가 신장입니다..),약사가 들려주는 약 이야기,411186,9307,2019-08-08 10:15:00+00:00,695,0.5,General,PreCovid_Supplement,2445,168.17423312883435,5.130929149102751,0,0,0
R-M-7iyfnEw,신장,"신부전증에서 신장과 뼈, 심장, 혈관을 보호하는 방법: 산성치료, 베이킹소다",조동혁의100세 건강시대,286115,8978,2019-11-28 11:07:25+00:00,765,0.5,General,PreCovid_Supplement,2333,122.63823403343335,4.81735983402889,0,0,0
iiBEuIQzWUU,신장,[PEOPLE in 세브란스] 몸이 보내는 신장암 신호 3가지~,세브란스,277684,3645,2019-10-07 08:00:09+00:00,251,0.5,General,PreCovid_Supplement,2385,116.42935010482181,4.76583687704184,2,1,0
TxnsBn60c50,신장,신장낭종 (물혹/혹) vs 신장암: 신장초음파에서 물혹이 발견되었다고요?,조동혁의100세 건강시대,152477,5801,2019-12-20 08:30:10+00:00,592,0.5,General,PreCovid_Supplement,2311,65.97879705755085,4.204376107478756,1,1,0
KCnIKHNnZfE,신장,원인에 따른 부종 치료법 - 신장내과 전문의 강문수 과장,CJB NEWS,110848,1639,2019-06-24 05:09:26+00:00,2622,0.5,General,PreCovid_Supplement,2490,44.51726907630522,3.8180917940883417,0,0,0
H1QTQYiP7no,신장,"과학적으로 입증된 신장에 좋은 음식, 신장(콩팥)건강 관리법 大공개",헬시라이프,105648,1525,2019-04-19 01:10:27+00:00,312,0.5,General,PreCovid_Supplement,2556,41.333333333333336,3.7455747977904816,0,0,0
C1E5lVtJIyE,신장,"[건강강좌​] 사구체 신염의 진단, 예후, 치료(18.05.25) 신장내과 진호준교수",분당서울대학교병원,87503,1307,2019-05-13 02:54:27+00:00,3019,0.5,General,PreCovid_Supplement,2532,34.558846761453395,3.571188979339539,0,0,0
8kLlsvptidA,신장,체중/식단조절후 저혈압/ 신장이 망가졌어요.,조동혁의100세 건강시대,67739,2894,2019-04-23 04:27:56+00:00,597,0.5,General,PreCovid_Supplement,2552,26.54349529780564,3.315766402378861,0,0,0
ApQ5Ztz7-SE,신장,[건강강좌​] 단백뇨와 혈뇨의 진단과 처치(19.03.22) 신장내과 진호준교수,분당서울대학교병원,62115,926,2019-09-11 01:49:34+00:00,3337,0.5,General,PreCovid_Supplement,2411,25.763168809622563,3.287026644154596,0,0,0
kPRGJ3E-KfU,신장,"생방송: 시청자 질문 - 당뇨식단, 신장식단, 심장식단",조동혁의100세 건강시대,53687,2225,2019-06-05 04:51:20+00:00,4924,0.5,General,PreCovid_Supplement,2509,21.397768035073735,3.10896131260512,0,0,0
vIVCO48o5Vc,신장,신장을 보호하는 당뇨약,조동혁의100세 건강시대,52448,2945,2019-06-20 04:00:52+00:00,2733,0.5,General,PreCovid_Supplement,2494,21.029671210906177,3.0923902360958055,0,0,0
-hiOTmgj3UQ,신장,[강남세브란스] 신장이식 환자의 이식 후 건강관리,강남세브란스병원,50925,603,2019-07-15 07:42:49+00:00,458,0.5,General,PreCovid_Supplement,2469,20.625759416767924,3.0738851697397376,0,0,0
yc0gCpfMoGg,신장,아빠에게 신장이식 공여자의 수술 VLOG,미나공원,41371,500,2019-10-28 00:05:08+00:00,615,0.5,General,PreCovid_Supplement,2364,17.500423011844333,2.9177935973279667,0,0,0
1B2Yfru7z7A,신장,[건강강좌​] 단백뇨와 혈뇨의 진단과 처치(18.03.23) 신장내과 진호준교수,분당서울대학교병원,38231,592,2019-05-07 07:15:05+00:00,3222,0.5,General,PreCovid_Supplement,2538,15.063435776201734,2.7765456193990565,0,0,0
Io1s-eRi-wY,신장,"[건강강좌​] 사구체 신염의 진단, 예후, 치료(19.05.17) 신장내과 진호준교수",분당서울대학교병원,35409,620,2019-09-11 04:54:09+00:00,3440,0.5,General,PreCovid_Supplement,2411,14.686437163002903,2.7527964640312774,0,0,0
C--FjOKnQSg,신장,"크레아티닌 수치, 나도 신부전일 수 있다 신장기능검사, 건강검진 시 반드시 확인하자!",김지만TV,35353,675,2019-12-26 11:41:26+00:00,596,0.5,General,PreCovid_Supplement,2305,15.337527114967463,2.793464738625625,0,0,0
xEphJSJuoUo,신장,신장 이식 후 건강 관리,서울아산병원,29896,379,2019-12-05 02:25:57+00:00,901,0.5,General,PreCovid_Supplement,2326,12.852966466036113,2.628499394972322,0,0,0
xu2faKrbbDI,신장,만성피로/간/신장에 좋은 영양제 조합 (현직 약사피셜),이해창 약사TV,27350,485,2019-08-18 11:25:39+00:00,188,0.5,General,PreCovid_Supplement,2435,11.232032854209445,2.5040581545460974,0,0,0
Ad4E8sU8N_c,골다공증,골다공증주사-의사처방받은 포스테오주사 놓는법-매일 한번 19시 매일 다른곳 투여,부산걷기왕 컴쌤,234939,635,2019-06-09 12:04:21+00:00,179,0.5,General,PreCovid_Supplement,2505,93.78802395209581,4.551643071661475,0,0,0
A-qEe4oSzYM,골다공증,골다공증약 부작용 - 복용법 - 효과 - 종류 시원하게 설명해 드립니다.,약사설명 약짱TV,51354,2014,2019-07-01 14:34:00+00:00,902,0.5,General,PreCovid_Supplement,2483,20.682239226741846,3.0764934566042004,0,0,0
OFie1reebpA,골다공증,건강강의-비타민D-골다공증-한국사람들이 비타민D를 먹어야 하는 이유,교육하는 의사! 이동환TV,35499,1202,2019-03-25 13:30:00+00:00,453,0.5,General,PreCovid_Supplement,2581,13.75397132894227,2.691512289186688,0,0,0
mipu-jJ078E,골다공증,이규헌 박사의 뼈와 건강 세미나(골다공증),SAC칼슘마라내츄럴,12775,166,2019-01-10 04:04:35+00:00,3340,0.5,General,PreCovid_Supplement,2655,4.811676082862523,1.7598690116811673,0,0,0
OnBzNJt1DIY,골다공증,[내 몸 보고서] 노년 건강 위협…골다공증성 척추 압박골절 / YTN 사이언스,YTN 사이언스 투데이,10739,103,2019-10-30 00:24:53+00:00,549,0.5,General,PreCovid_Supplement,2362,4.546570702794242,1.7131798453963631,0,0,0
1MJ0R-qHsW4,골다공증,"[건강강좌] 골다공증, 왜 중요할까요?",세브란스,6624,143,2019-11-15 03:27:07+00:00,1134,0.5,General,PreCovid_Supplement,2346,2.823529411764706,1.341173925839421,0,0,0
sNVyT-SpVB8,골다공증,골다공증과 척추압박골절 - 2018 1105 건강톡톡 아침이 좋다,대전MBC,6015,53,2019-01-19 09:19:09+00:00,1050,0.5,General,PreCovid_Supplement,2646,2.2732426303854876,1.1857811236561437,0,0,0
HYhgUt0U3A0,골다공증,[건강365]골다공증 증상과 척추골절,캐내네 메디컬,4074,45,2019-06-20 08:32:34+00:00,203,0.5,General,PreCovid_Supplement,2494,1.6335204490777866,0.9683215248922824,1,1,0
YCk13mqyIQY,골다공증,[생로병사의 비밀] 라이브Q&A - 골다공증에 좋은  식품들  (우유는 정말 골다공증에 좋을까?),KBS 생로병사의 비밀,3577,33,2019-04-30 03:00:04+00:00,59,0.5,General,PreCovid_Supplement,2545,1.4055009823182711,0.8777581905207347,0,0,1
Fr7Bj94lVlI,골다공증,[골다공증 건강강좌] 골다공증성 압박골절의 수술적 치료,인제대학교 백병원,1811,39,2019-12-13 00:19:48+00:00,1500,0.5,General,PreCovid_Supplement,2318,0.7812769628990509,0.5773305019863932,0,0,0
rO5GZwt3EWo,골다공증,"KNN건강365 - 약한 충격에도 척추골절이 , 골다공증 이석재병원장",병원척시원,213,2,2019-05-21 00:27:02+00:00,192,0.5,General,PreCovid_Supplement,2524,0.08438985736925515,0.0810174853795753,1,1,0
f9DN3VBW8_4,요실금,"남녀 모두에게 좋은 케겔운동 | 변비 개선, 전립선 강화, 요실금 예방효과 | 괄약근운동",차병원 CHA Medical Center,1411727,16111,2019-02-07 03:03:01+00:00,111,0.5,General,PreCovid_Supplement,2627,537.3913208983631,6.28858565802667,0,0,0
Xs5ZH5vO5CI,요실금,"[닥튜버] 여성배뇨장애 - 과민성 방광, 방광염, 요실금 - 건국대학교병원 비뇨의학과 김아람 교수",의학채널 비온뒤,93448,2705,2019-10-17 07:11:49+00:00,3351,0.5,General,PreCovid_Supplement,2375,39.346526315789475,3.697505302182084,0,0,0
oN0cqypRHfs,요실금,"시도 때도 없이 찔끔, 난감한 요실금 [건강플러스]",서울아산병원,41680,283,2019-07-24 02:44:33+00:00,199,0.5,General,PreCovid_Supplement,2460,16.943089430894307,2.887205050884319,0,0,0
IBo14th3sAc,요실금,요실금수술 보험 실비보험 궁금증 총정리,질성형달인,34792,531,2019-07-16 21:00:00+00:00,943,0.5,General,PreCovid_Supplement,2468,14.097244732576986,2.7145122591303013,0,0,0
AI4RxM6ADt4,요실금,생로병사의 비밀 - 복압성 요실금이란?.20190130,KBS 다큐,14886,56,2019-01-30 17:38:44+00:00,118,0.5,General,PreCovid_Supplement,2635,5.649335863377609,1.8945169795116248,0,0,0
PuC8D8r4u_Y,요실금,요실금이 발생하는 원인은 무엇일까 [무엇이든 물어보세요] 20190514,KBS 교양,7604,71,2019-05-14 07:34:15+00:00,203,0.5,General,PreCovid_Supplement,2531,3.0043461082576055,1.3873802983409762,0,0,0
fUFC1Bpl_h0,요실금,요실금치료  미니 TOT 사용법,닥터 엄재두,7701,19,2019-11-18 07:16:01+00:00,9,0.5,General,PreCovid_Supplement,2343,3.2868117797695264,1.45554328176968,0,0,1
mfpkJ-5Hin0,요실금,생로병사의 비밀 - 요실금 환자 수 증가 추이.20190130,KBS 다큐,5852,35,2019-01-30 17:38:51+00:00,133,0.5,General,PreCovid_Supplement,2635,2.220872865275142,1.169652398994214,0,0,0
UOfRHUvUGzw,요실금,여성비뇨기과 - 복압성 요실금에 대해 알아봅니다,미즈러브여성비뇨의학과MIZLOVE FEMALE UROLOGY,1279,4,2019-11-26 10:41:59+00:00,51,0.5,General,PreCovid_Supplement,2335,0.5477516059957174,0.43680330104917614,0,0,1
aOUmnmEwBdM,요실금,여성 요실금 : 미즈러브여성비뇨기과,미즈러브여성비뇨의학과MIZLOVE FEMALE UROLOGY,417,5,2019-08-26 13:16:29+00:00,46,0.5,General,PreCovid_Supplement,2427,0.17181705809641531,0.1585555851965301,0,0,1
Yq40VrCdvAU,아토피,아토피가 있을 때 처방받을 수 있는 의료기기인 보습제. 그 의미와 주의사항,피부멘토 민원장,1036,29,2019-06-27 06:15:49+00:00,214,0.5,General,PreCovid_Supplement,2487,0.41656614394853236,0.34823573453783296,1,1,0
gFeKEuXOLGQ,아토피,건강한의사 - 아토피 피부염의 원인,윤홍일  TV,140,1,2019-04-22 15:17:34+00:00,151,0.5,General,PreCovid_Supplement,2553,0.05483744614179397,0.05338667557011508,0,0,0
YrZK5NJ1_IE,아토피,[190816] 몸건강 마음건강 - 아토피 피부염(심심한의원 심시현 원장),WBS 원음방송,129,4,2019-08-28 22:40:54+00:00,2975,0.5,General,PreCovid_Supplement,2425,0.053195876288659794,0.05182923322090103,0,0,0
odqZNZ4Lkq8,당뇨,당뇨병에 천혜의 식품 홍삼! 홍삼이 당뇨증상을 크게 개선시키는 임상결과 공개,Mind Mind,11214,100,2018-03-16 02:46:52+00:00,236,0.5,General,PreCovid_Supplement,2955,3.7949238578680204,1.5675578287240284,1,1,0
