red_ratio,has_face,n_faces,brightness,contrast,saturation,text_ratio,edge_density,Video_ID,Views,Keyword,Log_Views
0.06704861111111111,0,0,0.42989644607843136,0.3347088523736696,0.32430290032679737,0.18569444444444444,0.07947916666666667,5hvsiSOimaY,9985009,당뇨,16.116595526333803
0.12580439814814814,1,1,0.5717089687726943,0.3537173448057552,0.38389794389978216,0.23112847222222221,0.1466435185185185,fxMZRqFU3us,3003593,당뇨,14.915320129602994
0.020185185185185184,0,0,0.451617964778504,0.3454397821543114,0.24010232843137252,0.1553125,0.19352430555555555,CZuM-JGAXio,2813231,당뇨,14.849844558297987
0.11177083333333333,1,1,0.4504367057007988,0.30631179484736204,0.2919222040668119,0.10920138888888889,0.10818287037037037,Fb68jBgSQxE,2527324,당뇨,14.742671989101833
0.006082175925925926,0,0,0.37245427106027595,0.2857057539837955,0.4190317492737836,0.09375578703703703,0.1378125,r64-CfnNbZ8,2216212,당뇨,14.611310441363738
0.06132523148148148,1,1,0.5597619144880174,0.37095500487816624,0.29998506717501816,0.19828125,0.09314814814814815,6ZrsdZostJ0,2102507,당뇨,14.558641475816056
0.08631944444444445,0,0,0.41160434822076974,0.23143946297198437,0.5463264796659404,0.043640046296296295,0.1228587962962963,wqxr_wetnkY,2734460,당뇨,14.821444899462103
0.14216435185185186,1,1,0.3836219135802469,0.30178266189451647,0.35425369916485117,0.10141203703703704,0.12691550925925926,hvaov-wbfYw,1457673,당뇨,14.192352572585548
0.03270833333333333,1,2,0.5331445397603486,0.341756295232242,0.4822123502178649,0.3170543981481482,0.10221064814814815,evrt7oBp0jc,1388524,당뇨,14.143752590608313
0.03009837962962963,1,1,0.3747753267973856,0.34589401486469773,0.2808430918663762,0.19569444444444445,0.1355324074074074,oDFeXQ9un6A,1376531,당뇨,14.135077850661093
0.032065972222222225,0,0,0.44072617102396516,0.3613065705197883,0.4083862563543936,0.24810185185185185,0.10072337962962963,BaldiszhnZw,1206278,당뇨,14.00305097279712
0.1727372685185185,1,1,0.4112319353667393,0.3282086660197698,0.31958721405228757,0.18006944444444445,0.0850462962962963,wcKLKODazrE,1145413,당뇨,13.951276701671457
0.0007523148148148148,0,0,0.36145472494553377,0.2797392708575547,0.18987413761801017,0.027760416666666666,0.11175347222222222,JlTQM86qBG8,1117151,당뇨,13.926293147575914
0.011967592592592592,0,0,0.17498390976761075,0.1855111010741001,0.16191126543209874,0.005127314814814815,0.0392650462962963,UpoCJLjqKEo,1811721,당뇨,14.409788332181204
0.016811342592592593,0,0,0.4734950980392157,0.3319332499572237,0.35345871913580246,0.15806134259259258,0.12728587962962962,HIIoFFa5E3E,981886,당뇨,13.797231509432299
0.04217013888888889,0,0,0.34986519607843136,0.23761176149701355,0.3872374273783587,0.03936342592592593,0.11212962962962963,StWaKgO2kb4,1566404,당뇨,14.264293742785975
0.09553240740740741,0,0,0.4313115241466957,0.3624512073118628,0.4411354847494553,0.19240740740740742,0.146875,t9y-XfTQ8Xk,922778,당뇨,13.735145048195747
0.004878472222222222,1,1,0.3405277550835149,0.27098077413538896,0.20914578794480754,0.1556076388888889,0.07590277777777778,kFoWo0R-T3M,844740,당뇨,13.646785350480124
0.06131944444444445,1,2,0.5448875953159041,0.3117856751453335,0.5039470315904139,0.21348958333333334,0.1271122685185185,MEGTZdT7eGM,831254,당뇨,13.630691885971705
0.022372685185185186,1,1,0.360390931372549,0.30159027376072756,0.16815055374001453,0.11587384259259259,0.08780671296296297,-Z2Iv8mgb88,823317,당뇨,13.62109779628085
0.00010416666666666667,1,1,0.4385037445533769,0.3342112176620447,0.346895901416122,0.18713541666666667,0.13914930555555555,SSP4GuBuYKc,820973,당뇨,13.61824671923639
0.042748842592592595,1,1,0.3387171614015977,0.37385358892491544,0.3180649509803921,0.1376388888888889,0.11021412037037037,9jGaam5NStQ,782858,당뇨,13.570707882128845
0.022598379629629628,0,0,0.4345460693536674,0.3738443787331646,0.27923105029048656,0.17835069444444446,0.09190972222222223,9cVWXNGzNys,783018,당뇨,13.570912240323489
0.12089699074074074,1,1,0.3338693718228032,0.2914473465546461,0.36823522603485837,0.0411400462962963,0.10401620370370371,sTY3n8nFpOE,777983,당뇨,13.564461237396355
0.03635416666666667,1,1,0.49636812363834426,0.38120411881304944,0.2518116376180101,0.32685185185185184,0.10603009259259259,FFAtjiXQ8Yg,5592600,당뇨,15.536955032084999
0.06177662037037037,1,2,0.5686379811183733,0.37610964397867325,0.30426706608569354,0.3229224537037037,0.10789930555555556,1e3fdWqWQEg,901386,당뇨,13.71168996712448
0.0366087962962963,1,2,0.394798021060276,0.34178372290468606,0.2694607389251997,0.20461805555555557,0.10023148148148148,1XqVCgPe7RQ,759760,당뇨,13.540759189121085
0.05533564814814815,0,0,0.5260430283224401,0.36447244159504266,0.4408934731299927,0.2266087962962963,0.15367476851851852,kenma0gGtes,750023,당뇨,13.527860485000504
0.10024884259259259,1,1,0.4576997549019608,0.3179266381022563,0.29724929647785037,0.20722800925925927,0.08032407407407408,hK8FLQxAClw,727555,당뇨,13.497446251010306
0.0011979166666666666,0,0,0.31548338779956425,0.22838734232874316,0.19084375,0.0640162037037037,0.07798032407407407,k1Ie4IwJYcY,969809,당뇨,13.78485545500464
0.13457754629629629,1,1,0.5804688861655773,0.35953130995105476,0.35562556735657225,0.29265625,0.1340451388888889,VY4fKsyqkAs,671326,당뇨,13.41701162958577
0.04638888888888889,1,1,0.5114197303921569,0.38474704879682065,0.2724347086056645,0.24748263888888888,0.12115740740740741,M6SncX2qGV8,667192,당뇨,13.410834638364921
1.736111111111111e-05,0,0,0.5499858160856935,0.3096721476738596,0.21569258351488743,0.20967013888888889,0.03152777777777778,E9OTBn8IMl8,1437530,당뇨,14.178437616638508
0.08419560185185185,1,1,0.37590749818445895,0.3276821778868542,0.42260117102396516,0.13031828703703704,0.11787037037037038,l9NnzJriAiI,656632,당뇨,13.394880541696226
0.0,0,0,0.2597594408133624,0.293219402939406,0.4813521695715323,0.07137152777777778,0.09792824074074075,trbzHeJCXz0,1192266,당뇨,13.991367094813272
0.004699074074074074,0,0,0.3457386755628177,0.23522246533325078,0.20183378721859113,0.047094907407407405,0.10311342592592593,NGHEXSY4aBY,1759685,당뇨,14.38064594200663
0.16848958333333333,0,0,0.39921564088598405,0.2070521019640704,0.67518647875817,0.018275462962962962,0.049699074074074076,q9aL6t1akxU,1984761,당뇨,14.501009565670607
0.06024305555555556,1,1,0.36707600308641974,0.2481449488203744,0.31469392247639794,0.07640046296296296,0.09423611111111112,2uY7YeDkFw4,922420,당뇨,13.734757014373406
0.09829861111111111,1,1,0.44057806826434276,0.26911438919444014,0.31799210239651415,0.05914930555555555,0.07143518518518518,v2FOPVQGHeI,639142,당뇨,13.367883495490508
0.0184375,1,1,0.5588280909586056,0.330237782023074,0.36430628177196805,0.16119791666666666,0.109375,YTCvUS-RX_s,563786,당뇨,13.24243179957439
0.06401041666666667,1,1,0.4557451207334786,0.3590904416562924,0.3293010620915033,0.16922453703703705,0.08756944444444445,BFeF_5NywSs,533198,당뇨,13.186649991816065
0.028275462962962964,0,0,0.48864962327523603,0.30305749060090253,0.5734892883079158,0.1381886574074074,0.09537037037037037,C1VFUxGtzn0,512084,당뇨,13.146245905867575
0.051186342592592596,1,2,0.4633904547930283,0.3858904166918421,0.35444340050835144,0.23498842592592592,0.11924768518518518,fB8wHlukhrA,466566,당뇨,13.053156911679181
0.07909722222222222,1,2,0.5724437409222949,0.3377665850462816,0.4883223720043573,0.2064814814814815,0.0895486111111111,78SpY4RXPok,463743,당뇨,13.047087954814694
0.006336805555555556,1,1,0.43388723220769787,0.305729453947768,0.11272362926652142,0.2425,0.053871527777777775,LBYoLtuA45g,507570,당뇨,13.137391881590613
0.08160879629629629,1,1,0.4413869825708061,0.3623993193983587,0.4085882125998547,0.1880439814814815,0.12916087962962963,xZNhbw8RGOI,455271,당뇨,13.028650321518336
0.07880208333333333,1,2,0.5152680192447349,0.3705983043239283,0.3709788035584604,0.2817071759259259,0.10927083333333333,XCYKMlAHkCQ,443812,당뇨,13.003158581525701
0.038842592592592595,1,1,0.45306692538126364,0.39798305931207445,0.38813001543209874,0.24981481481481482,0.1084548611111111,ScuZhbeLpS8,436250,당뇨,12.985973044759756
0.17935185185185185,1,1,0.39798000635439357,0.319809355786957,0.2990804284676834,0.16627314814814814,0.07721643518518519,a3v2FDJNZ3c,385574,당뇨,12.862491005591815
0.05138888888888889,1,1,0.38455927741466955,0.2771139193426772,0.23206136528685548,0.08590277777777777,0.03023148148148148,zYHLn0zjw98,376854,당뇨,12.839615777062065
0.030630787037037036,1,1,0.3910138435003631,0.3766416318206778,0.3136937863108206,0.1457349537037037,0.10791087962962963,a-UU9K3iJ2k,366633,당뇨,12.812119354222567
0.03310763888888889,0,0,0.3166073438634713,0.23123716539707795,0.4174854983660131,0.04604166666666667,0.1090798611111111,qm1QbVZK2VE,566041,당뇨,13.246423559379265
0.05227430555555555,0,0,0.34269998184458966,0.2858532199084627,0.45667195442992015,0.10305555555555555,0.13075810185185185,F7vEO06VsNE,454954,당뇨,13.02795379194315
0.05542824074074074,1,1,0.23199146695715323,0.2932936918684879,0.30498506717501817,0.07980902777777778,0.07304398148148149,Gh81gech3d0,322439,당뇨,12.683672351397536
0.02796875,1,1,0.5178943128177197,0.3590179086453023,0.37260473402323896,0.23528935185185185,0.0981712962962963,cP7jKMO1Txs,298771,당뇨,12.607436019683918
0.06453703703703703,1,1,0.49376007625272333,0.3660840138150723,0.20538208061002178,0.2356712962962963,0.08151041666666667,aXZ8MwVMG-g,282820,당뇨,12.55256946767335
0.007934027777777778,1,1,0.3376107706971678,0.3248684541507746,0.37039694535221496,0.12348958333333333,0.11190393518518518,UBeXn7CwO8Y,266319,당뇨,12.492453872248907
0.005827546296296296,0,0,0.3000440041757444,0.28659738977329896,0.18697358387799562,0.07423611111111111,0.0752025462962963,brTX2SJF0OQ,311962,당뇨,12.65063987001571
0.014328703703703703,0,0,0.5103522149600581,0.33543094988705413,0.4216959422657952,0.12686921296296297,0.17361689814814815,vV5rfPEDHb4,266060,당뇨,12.491480884781536
0.0033333333333333335,1,1,0.3894699527959332,0.2774877314175803,0.26396897694262894,0.20613425925925927,0.06840277777777778,_CItSiA-vt4,280950,당뇨,12.545935555886208
0.08670717592592593,0,0,0.4558488562091503,0.2678730162777407,0.216883691902687,0.08502893518518519,0.06391782407407408,oZKOF5AoOcY,259716,당뇨,12.46734785565474
0.008206018518518519,1,2,0.3001496005809732,0.33238558009520647,0.24279007806826436,0.13905671296296296,0.10022569444444444,-rGDsXQDk1w,254465,당뇨,12.446922510763198
0.008900462962962962,0,0,0.45688400962236747,0.28969333057357466,0.15307368827160495,0.28184606481481483,0.05403935185185185,7qlIqRqPzmg,355384,당뇨,12.780956987846881
0.0952662037037037,1,3,0.3627856753812636,0.3515058725884874,0.452607207697894,0.1869675925925926,0.11826388888888889,cGXcB8l1s_I,232768,당뇨,12.35780182446061
0.008217592592592592,1,1,0.49956120642701524,0.2773614523693357,0.5852863108206245,0.06936921296296296,0.0658912037037037,C77Ft9Yl5cE,211315,당뇨,12.261109922460072
0.049166666666666664,1,1,0.5518238244371823,0.3106232911025669,0.4408541212781409,0.09524305555555555,0.09602430555555555,Com40Z-esu0,200615,당뇨,12.209147912047102
0.019623842592592592,1,1,0.45415034949164856,0.3477480244642043,0.2922130083514888,0.19667824074074075,0.11602430555555555,hDWIJI31MpY,198066,당뇨,12.196360636276157
0.01861689814814815,1,1,0.4135068082788671,0.26512067780977766,0.06586998456790123,0.126875,0.06633101851851853,U2Dnv8SoIoU,200572,당뇨,12.208933549239724
0.00020833333333333335,1,1,0.27382591230936815,0.18201915015645004,0.28150896423384164,0.029652777777777778,0.04853587962962963,IHuWTwKu5ZU,203987,당뇨,12.22581644756677
0.05151041666666667,0,0,0.5177745098039216,0.3789037027542835,0.34160030864197527,0.2678761574074074,0.11704282407407407,1XmesDOxBLs,150241,당뇨,11.920002606387564
0.07246527777777778,1,3,0.4020690359477124,0.23203103148682824,0.8395721677559913,0.07221643518518518,0.12997685185185184,PrSKcN8hrU8,509319,당뇨,13.140831781687371
0.05873842592592592,0,0,0.4268787672476398,0.36124131422690037,0.31689220225127085,0.18773148148148147,0.1477662037037037,pEoHbwvVcf0,137963,당뇨,11.83474806054174
0.05248263888888889,1,1,0.3360371051198257,0.31234776858917457,0.4499473039215686,0.1044386574074074,0.08095486111111111,FVi9CiboGo8,134128,당뇨,11.80655730241468
0.011186342592592593,0,0,0.21302178649237474,0.1968536287553549,0.4419619417211329,0.03910300925925926,0.0794212962962963,okk2NvMH_l0,253231,당뇨,12.442061343573064
0.03242476851851852,1,2,0.39270885530137983,0.2949061744385414,0.2249251997095134,0.14769675925925926,0.07043402777777778,l54Av5IGGvA,125162,당뇨,11.737372166814831
0.020416666666666666,0,0,0.34692100127087877,0.26893934950178594,0.16703376906318082,0.11789930555555556,0.07127314814814815,YGuPmzZ3FWQ,119516,당뇨,11.691213899650018
0.028576388888888887,1,1,0.47449198892519967,0.2895085204016751,0.1868038307915759,0.2280150462962963,0.08275462962962964,ppyQCjY2iC0,368703,당뇨,12.817749433092056
0.0026331018518518517,1,1,0.5204918300653595,0.3007144713975914,0.045541575889615105,0.31711805555555556,0.057650462962962966,Q9C4iRyj_E8,158826,당뇨,11.975570838531445
0.08679976851851852,0,0,0.4066778776325345,0.2735958890614314,0.29011206427015246,0.07800347222222222,0.060127314814814814,YxcKNlzN348,108354,당뇨,11.593168152646431
0.11829282407407407,1,2,0.5287342047930284,0.3211980891496134,0.48949348674655047,0.14139467592592592,0.1216087962962963,Ul04sNARrko,102511,당뇨,11.537735143878804
0.08861689814814815,1,1,0.44499929647785036,0.33545250403364735,0.34788339687726944,0.1744386574074074,0.08684606481481481,s6E3LaFjfnQ,103355,당뇨,11.545934618577174
0.020231481481481482,0,0,0.3947353848946986,0.3088730912076257,0.3119668436819172,0.1621122685185185,0.13777199074074073,eQuaoh66Obc,308283,당뇨,12.638776715025086
0.14625,0,0,0.465305056281772,0.358161730121533,0.4068194671387073,0.1727372685185185,0.17479166666666668,98Pnm76O98o,98806,당뇨,11.500923731428632
0.07918981481481481,1,4,0.4564383623819898,0.3611243480041435,0.282574505265069,0.16605902777777778,0.14037615740740741,w3Lbyfe5UWo,79638,당뇨,11.28525920159503
0.01318287037037037,0,0,0.3807734658678286,0.2716524103524202,0.1536285403050109,0.06652777777777778,0.09994212962962963,CuozP08YYOg,76207,당뇨,11.241221723040642
0.009340277777777777,0,0,0.17045962690631808,0.21266705215047757,0.13161145152505446,0.031788194444444445,0.06763310185185185,Hof1SFWeE_M,124711,당뇨,11.733762357992516
0.17504629629629628,1,1,0.35789994099491645,0.23609463313017767,0.5620387164124909,0.034172453703703705,0.1596122685185185,RLTHnFmi-ys,151267,당뇨,11.926808377076629
0.01824074074074074,1,1,0.2822975671750182,0.21711672545959265,0.26256347585330425,0.028530092592592593,0.08444444444444445,0cb72M8HHPA,173344,당뇨,12.063039107316747
0.0009490740740740741,1,2,0.36933696441539576,0.2900203339032439,0.31962391067538126,0.10321180555555555,0.06371527777777777,35L6ttTp0zs,63840,당뇨,11.06415089616141
0.01845486111111111,0,0,0.3249884259259259,0.2167169676049232,0.3424561092955701,0.03224537037037037,0.1829513888888889,OtJRkSdcZg0,104692,당뇨,11.558787536934918
0.005810185185185186,1,1,0.4503033542120552,0.29634987790012507,0.14790284586056643,0.11842592592592592,0.07337962962962963,NsYuml6u2S8,62086,당뇨,11.036291906232384
0.11038194444444445,1,1,0.37087111928104577,0.339672409379748,0.2488472449164851,0.13463541666666667,0.08058449074074074,dsNPZvVGwcQ,62491,당뇨,11.042793827531794
0.04728587962962963,0,0,0.5187531771968046,0.3448058346245065,0.23405144789397242,0.2331886574074074,0.12534143518518517,8JV9v2MRL9M,56340,당뇨,10.939177790651616
0.008269675925925925,1,1,0.365308369644154,0.34253216225138294,0.3707323438634713,0.054375,0.09644675925925926,iEfGrPK9gI8,53196,당뇨,10.881757282762262
0.007743055555555556,0,0,0.21945383986928105,0.25114324872194344,0.10465534222948439,0.05136574074074074,0.03146412037037037,MFaFW40Rzww,46364,당뇨,10.744300143234327
0.036041666666666666,1,1,0.2653349673202614,0.2160751182051464,0.6212908950617284,0.04777199074074074,0.11899305555555556,p6Lo0fbsY9w,86507,당뇨,11.36799217419258
0.07786458333333333,1,1,0.41509735838779954,0.35666426535854,0.32110005900508354,0.18053819444444444,0.11798611111111111,o36QFkg3x2s,41725,당뇨,10.63887971468982
0.05288773148148148,0,0,0.3876438589324619,0.29868889098875234,0.18090920025417576,0.13218171296296297,0.09060763888888888,FTR8l9X0f6s,2594566,고혈압,14.768930201314662
0.011637731481481482,1,1,0.29524169389978216,0.3443156279445358,0.3035603667392883,0.12483217592592592,0.10212384259259259,2oLLd-ueTCQ,2089034,고혈압,14.552212794826305
0.0846875,1,1,0.48815940450254175,0.35683529703432176,0.33920277323892517,0.22521412037037036,0.12643518518518518,E6jd5dhEi18,1831751,고혈압,14.420783443873669
0.042957175925925926,1,2,0.3367430101670298,0.25035976122186576,0.31146884077705156,0.03498842592592592,0.07903935185185185,EeZmjcXNcjo,2433460,고혈압,14.704825081827655
0.09137731481481481,0,0,0.2651020787944808,0.29965221092406163,0.4156670978576616,0.07902777777777778,0.0745775462962963,KvxU1Idqq1g,1758316,고혈압,14.379867659515625
0.06964699074074074,0,0,0.3676063226216412,0.2698899310282564,0.30100133896151055,0.05919560185185185,0.11267939814814815,AQwu7htUdS0,1627993,고혈압,14.302859140034146
0.029913194444444444,1,1,0.412105551016703,0.36333973261956887,0.17863414578794481,0.24388888888888888,0.12047453703703703,lCn-uuWA1uA,1365649,고혈압,14.127141063734683
0.043327546296296295,0,0,0.3518634486201888,0.2710368363523642,0.6449930328612926,0.07775462962962963,0.12943287037037038,FJuJ7Gc7TBI,1778960,고혈압,14.391540043979342
0.02517939814814815,0,0,0.28501935820624547,0.3338465085324227,0.3731753812636166,0.1313425925925926,0.07902777777777778,dIqdw3PvSIk,1249028,고혈압,14.037877007413028
0.06304398148148148,1,1,0.4755000226942629,0.3162459908648734,0.20179119008714597,0.15683449074074074,0.10411458333333333,ZeNTrMEgKps,1248430,고혈압,14.037398120855142
0.01769675925925926,0,0,0.4534795978576616,0.3280502053255969,0.45882457334785764,0.12736689814814814,0.18549189814814815,uq1_AgWaW7I,1213324,고혈압,14.00887508278936
0.011394675925925926,0,0,0.3944911265432099,0.27179933806029516,0.15908467229484388,0.06453125,0.07259837962962963,l-CJJAVwrJE,1037094,고혈압,13.851934093430344
0.06863425925925926,1,1,0.3802638208061002,0.3062740101801438,0.20811662581699344,0.11283564814814814,0.07836805555555555,1lY15p8bbBg,787397,고혈압,13.576489117483469
0.01961226851851852,1,1,0.42751055283224404,0.26276986798089397,0.25932620733478573,0.14565393518518518,0.08150462962962964,xP--vm98XSU,1118765,고혈압,13.927736850144912
0.02549189814814815,0,0,0.38338977396514157,0.27968655934778797,0.23529856572258534,0.08370949074074074,0.06097222222222222,vPYfzOk8Skw,767550,고혈압,13.550960205747218
0.1360648148148148,1,1,0.4373172431009441,0.34922787999950455,0.39861308551198255,0.15053819444444444,0.11684027777777778,ZaXjvIminRY,756112,고혈압,13.535946114891479
0.05146412037037037,0,0,0.4954158496732026,0.3998270953179825,0.23525378994190269,0.31211805555555555,0.07732638888888889,XODJid3FcTk,749172,고혈압,13.526725210461667
0.10603587962962963,0,0,0.3433270016339869,0.2780368499993259,0.2873928830791576,0.09578125,0.06722800925925926,Fb7GJqHOavc,659423,고혈압,13.399122005681718
0.013726851851851851,0,0,0.4743009713144517,0.3843250842385826,0.3162614606027596,0.31588541666666664,0.12163194444444445,Y2nhvGM_xsQ,577614,고혈압,13.266662835752637
0.054114583333333334,1,1,0.4987623002904865,0.303607764186187,0.43619596496005814,0.16994791666666667,0.053668981481481484,4qzn3Rcfn1E,617811,고혈압,13.333939483039714
0.022372685185185186,0,0,0.39116723402323894,0.2936191351383515,0.26003152233115473,0.08373263888888889,0.11425347222222222,lkWsl3SRNII,404360,고혈압,12.910063322308758
0.018564814814814815,1,1,0.6154298747276689,0.35369611976019405,0.35088711873638345,0.3031886574074074,0.09262152777777778,LLBKN6d1Kxk,397550,고혈압,12.893078506733334
0.016498842592592593,1,1,0.5730530137981118,0.3882781738124523,0.08587967501815541,0.41887152777777775,0.07441550925925926,I5TbFBmbY0w,393322,고혈압,12.882386436242204
0.014450231481481482,1,1,0.2699937590777052,0.2256298641872994,0.24372800925925925,0.05056712962962963,0.09046875,SslSM1SCrrg,808376,고혈압,13.602783812845107
0.14179976851851853,1,2,0.5562601670297749,0.3559870570920316,0.33789590141612197,0.30813078703703706,0.13021412037037036,7k4kKBrLcZA,348493,고혈압,12.761376292391754
0.002447916666666667,0,0,0.09916006263616559,0.15557172506951003,0.09301341230936819,0.015636574074074074,0.0330150462962963,zdF_SOjbFLI,2318867,고혈압,14.656589693530927
0.03553240740740741,0,0,0.3443456563180828,0.34777811224609545,0.4163832380174292,0.14770833333333333,0.08540509259259259,y_sIoZ3yAB4,314578,고혈압,12.65899051594795
0.15108217592592593,1,1,0.4677229711328976,0.3784414494691769,0.3301412037037037,0.2040625,0.07606481481481482,p2PaARE6TbQ,274483,고혈압,12.52264825043693
0.0190625,1,1,0.4659229983660131,0.3525684498398494,0.21698488562091503,0.22815972222222222,0.14302083333333335,byN7XXMMBaY,259227,고혈압,12.465463262317368
0.02262152777777778,0,0,0.48108247095134354,0.3703472363621738,0.197413489469862,0.3217071759259259,0.10512731481481481,Gj7FpFaB3bE,252534,고혈압,12.439305131952924
0.02230324074074074,1,1,0.5872207017066086,0.338524235602569,0.3163606118373275,0.13124421296296296,0.07840277777777778,93BUnm48W4w,251810,고혈압,12.436434085102857
0.06566550925925926,1,1,0.5306271559549747,0.37306674681855134,0.17496314451706607,0.32436342592592593,0.07858217592592592,z4F6x-k1gw0,249730,고혈압,12.428139617540792
0.017042824074074075,1,2,0.5327409222948438,0.3521265509316281,0.23430412581699345,0.2569270833333333,0.12638310185185186,hPfrDupxTTM,245139,고혈압,12.409584754895157
0.020260416666666666,1,1,0.3016302423747277,0.34042550716470066,0.20186624001452433,0.14107060185185186,0.09144097222222222,G4TUcgVkIfk,232868,고혈압,12.358231342676639
0.007013888888888889,1,1,0.48466938997821346,0.36424353000676096,0.18936049836601307,0.3197858796296296,0.12714120370370371,_uGyIM_uimQ,221592,고혈압,12.308597644908687
0.005642361111111111,0,0,0.4159393836238199,0.29569630149482057,0.2624743781771968,0.10979166666666666,0.14772569444444444,_VwKVMUtxo8,216294,고혈압,12.284398495631438
0.14928240740740742,1,2,0.4217767565359477,0.34556495848281715,0.3540847630718954,0.16170138888888888,0.103125,w7bkxOY3iOM,215859,고혈압,12.282385328379338
0.0479224537037037,0,0,0.1904837962962963,0.19261172013675346,0.45737422839506175,0.029403935185185186,0.07704282407407408,6Ouv74BGa84,717365,고혈압,13.48334144959229
0.014265046296296297,1,1,0.5404388389615105,0.37404353619933034,0.07620157044299201,0.3611400462962963,0.11402199074074074,89bXxgPHGXI,200182,고혈압,12.206987227172853
0.10854166666666666,0,0,0.46532929375453885,0.3016940795642892,0.6412422612563544,0.09351851851851851,0.08347222222222223,tJHPFJStCzU,196005,고혈압,12.185900549989007
0.021984953703703704,1,1,0.6113092320261438,0.36585255688486745,0.29250819262890343,0.2380787037037037,0.09278935185185185,awl7x29_gJg,195480,고혈압,12.183218466983856
0.18587962962962962,0,0,0.437277528140886,0.34584438839041953,0.33661801016702975,0.1914236111111111,0.11821180555555555,EtnlB8i2VnQ,194274,고혈압,12.177029960077443
0.11452546296296297,0,0,0.36204128086419757,0.34718878723967145,0.44410927287581703,0.14449652777777777,0.10260995370370371,TZX_pqcWXv8,193887,고혈압,12.175035951744716
0.08641203703703704,1,1,0.4029159631445171,0.2506828595227365,0.28018597948438634,0.009079861111111111,0.09225694444444445,7-obw_zzfcE,191244,고혈압,12.161310607556178
0.03319444444444444,1,1,0.4772837463689179,0.34577212651454087,0.12998379629629628,0.2913483796296296,0.032789351851851854,jphhF0JG9pk,198272,고혈압,12.197400147900268
0.004241898148148148,0,0,0.3649377496368918,0.32370200647093106,0.26276640795206974,0.13624421296296296,0.09786458333333334,OCUQpeR_dxQ,182778,고혈압,12.116033051753124
0.01579861111111111,1,1,0.27083916575889616,0.27407571182630064,0.27091348946986205,0.11020833333333334,0.08006365740740741,sDvfKFLdJ_o,180711,고혈압,12.10465988278711
0.2145138888888889,0,0,0.35435135257806827,0.30314357377610274,0.5327838144517066,0.10718171296296296,0.1177025462962963,D2pt6PeB2K0,168486,고혈압,12.034613874462925
0.01558449074074074,1,1,0.43607296205519247,0.35474678568872253,0.21159418119099493,0.19427083333333334,0.0859375,-smDvfL_RFI,167943,고혈압,12.031385869484158
0.014658564814814815,1,1,0.6125920933188089,0.3567303889561025,0.3928718228031954,0.2119675925925926,0.09364583333333333,AMWGYmK784I,157258,고혈압,11.965649406629193
0.08853587962962962,0,0,0.39963257988380535,0.22846529563815862,0.29905464778503993,0.08476273148148149,0.020434027777777777,_MCqxr4bYt0,585001,고혈압,13.279370545011568
0.03771990740740741,0,0,0.5017535403050108,0.41586171183688286,0.14470495188816268,0.3308275462962963,0.08194444444444444,F8GWUfDePCI,136890,고혈압,11.826940267698387
0.009895833333333333,0,0,0.2563324255628177,0.22730690887359487,0.12578494916485114,0.01255787037037037,0.06195601851851852,j1Nc6P12Vlo,133081,고혈압,11.798720758573738
0.006950231481481482,1,1,0.46024562000726216,0.2700426479926787,0.1862036810094408,0.14622685185185186,0.07614583333333333,qY5JGTDSguY,156965,고혈압,11.963784500368277
0.05808449074074074,1,1,0.2943126815541031,0.3335997486321935,0.23917415577342047,0.09947337962962963,0.07666666666666666,wwRFXQe4R6A,106571,고혈압,11.576576092046505
0.008252314814814815,1,1,0.5927965913217138,0.39801911131379114,0.36450367647058823,0.25381944444444443,0.09389467592592593,cxAFynMfKEA,100202,고혈압,11.514953407304466
0.10799768518518518,0,0,0.4446598356935367,0.31538203080435473,0.28998005174291935,0.14686921296296296,0.13361111111111112,Ca3qWFFGwAY,97487,고혈압,11.487484572488276
0.001990740740740741,1,1,0.30709765341321715,0.284413184536943,0.24537631626724765,0.11569444444444445,0.06550925925925925,QQ7jxYp5z0o,96309,고혈압,11.47532743455491
0.010868055555555556,1,1,0.6309825481118373,0.3862314891499953,0.19981402051561364,0.5009953703703703,0.07353009259259259,ymWyGhq6DH0,92619,고혈압,11.436260380034742
0.022864583333333334,0,0,0.16634079974582425,0.16925152326752804,0.16973672385620917,0.015381944444444445,0.06896412037037038,67GRY2Pwcio,113093,고혈압,11.635974610299112
0.011782407407407408,1,2,0.5668267066085694,0.33288439917334695,0.27629758986928105,0.16413773148148147,0.09785879629629629,OnIzvmQtXZE,90262,고혈압,11.41048291014307
0.08275462962962964,0,0,0.20869680464778503,0.26076559157569074,0.3782460511982571,0.0759548611111111,0.07858217592592592,ekE3Csj9Ptw,85129,고혈압,11.351934778878103
0.2242361111111111,1,1,0.3882074709513435,0.323836194855787,0.4555918663761801,0.13155092592592593,0.13701967592592593,nuALhLc6Sug,82188,고혈압,11.316776752138244
0.0993923611111111,0,0,0.41489311002178647,0.3636344624559868,0.35728000181554104,0.09876157407407407,0.13043402777777777,-UmpRqIb-ng,80268,고혈압,11.293138773093618
0.053020833333333336,0,0,0.26155380809731305,0.2360033851805109,0.351803195352215,0.009606481481481481,0.08870949074074073,DWTKFGzpGQM,107756,고혈압,11.587633971053062
0.059340277777777777,1,1,0.29495665395787946,0.3351109369749131,0.32006145606390707,0.09624421296296297,0.08896412037037037,2ghnT5cyBkQ,71848,고혈압,11.182321973525834
0.02420138888888889,0,0,0.13733097312999273,0.1560332958316117,0.16337577160493827,0.007355324074074074,0.03097800925925926,-gDEVT-cpKM,173242,고혈압,12.06245051219548
0.03318287037037037,1,1,0.5897796840958606,0.41421497958106346,0.24478794480755267,0.31873263888888886,0.11223958333333334,EwGV43DEqT4,69487,고혈압,11.148909354774602
0.5203298611111111,1,2,0.5798663761801016,0.30049927200276266,0.5163096632171387,0.14447337962962964,0.06023148148148148,ccQTgl3Q0xc,68440,고혈압,11.133727339237783
0.02421875,0,0,0.3475997639796659,0.29849477189397333,0.2303536220043573,0.10320601851851852,0.11114583333333333,yukn1cxrkOc,65702,고혈압,11.092899865530676
0.12800925925925927,0,0,0.3651144925562818,0.19709710153310656,0.5018736837327523,0.013831018518518519,0.08596064814814815,1R7WElc6C8E,88525,고혈압,11.3910515731603
0.057233796296296297,1,1,0.5809979575163399,0.37428217301435246,0.35148885711692085,0.14583912037037036,0.07960069444444444,-EK-51SItd0,56568,고혈압,10.943216410966887
0.0240625,0,0,0.4326023965141612,0.3114344376089586,0.2954726080246914,0.13392939814814814,0.08927083333333333,ap5lWkaU8ng,54007,고혈압,10.896887462721706
0.05333912037037037,0,0,0.3129004175744372,0.31987114573627096,0.32484440813362386,0.13302662037037036,0.09105324074074074,Q9fYgCfV7Ng,53156,고혈압,10.88100507782618
0.0029340277777777776,0,0,0.3719781908133624,0.3085109947552439,0.08720070806100218,0.20072337962962963,0.07311921296296296,oKCSaGQTASM,69118,고혈압,11.143584935780687
0.02335648148148148,1,1,0.6404567220406682,0.3823260183365286,0.07150410766158315,0.5622453703703704,0.044646990740740744,Ijbbj4nGcbo,53208,고혈압,10.88198283395394
0.034658564814814816,1,1,0.5053817855846042,0.3620721982892321,0.19819859749455337,0.28607638888888887,0.08643518518518518,jxFTV9frUuY,47907,고혈압,10.777037784067398
0.022123842592592594,1,1,0.41931747004357295,0.22044124467438855,0.19360373547567175,0.11671296296296296,0.051730324074074074,4_eRqbw3IG0,59375,고혈압,10.991645383300378
0.0016319444444444445,0,0,0.1817057915758896,0.15678648234812328,0.38819784858387796,0.019502314814814816,0.06572916666666667,uPETHTb69E8,45849,고혈압,10.733130477684611
0.020983796296296296,1,1,0.4070208106390704,0.336573918940685,0.21641643972403776,0.19508101851851853,0.10724537037037037,oYTMqupQ1rw,44343,고혈압,10.69973269109964
0.019832175925925927,1,1,0.328581336238199,0.2794265170416053,0.15819187999273782,0.10684027777777778,0.09508101851851852,z5qctIiMZdI,41410,고혈압,10.631301825004375
0.027806712962962964,1,1,0.4281468999636892,0.33456120248202087,0.22601050744371823,0.1793287037037037,0.0775,R6jp4McBeW8,40671,고혈압,10.613295173989181
0.0020486111111111113,1,1,0.4836031227305737,0.32112950433226206,0.3412345225127088,0.2011226851851852,0.037800925925925925,brt8-lxEF5Y,52709,고혈압,10.872560469849253
0.055185185185185184,1,1,0.43972785039941903,0.30600508586331593,0.3718440677196805,0.05669560185185185,0.16634837962962962,ZniortANfXA,38261,고혈압,10.552212515543326
0.021278935185185185,1,1,0.4660551924473493,0.30931461037528496,0.12807772785039942,0.32101851851851854,0.058541666666666665,phoC0YnwrOI,54092,고혈압,10.898460066444478
0.003969907407407407,1,1,0.44282645697167755,0.30139618580273975,0.5258070306826435,0.09289930555555556,0.07796875,v7_m3jNZ-4E,33345,고혈압,10.414693104120404
0.006359953703703704,0,0,0.24728372367465504,0.22372724941759806,0.3000691040305011,0.03276620370370371,0.051354166666666666,-_4ilvEgVR4,67978,고혈압,11.126954112933026
0.0757349537037037,1,1,0.2952889660493827,0.3557389605758802,0.1221395697167756,0.15295717592592592,0.0473900462962963,VH32gFAvdv8,29030,고혈압,10.276119503549053
0.0024363425925925924,1,1,0.3640175653594771,0.21936214461056647,0.36264354121278136,0.044265046296296295,0.05174189814814815,pa8ZBwujSWY,41900,고혈압,10.643064971973882
0.011747685185185186,1,1,0.43762990196078433,0.2803732691400597,0.11445318173565723,0.17686342592592594,0.06418981481481481,vns3dAxJftc,30107,고혈압,10.312546196154422
0.23264467592592591,0,0,0.44660641339869284,0.3232888803822717,0.4188105255991285,0.1219386574074074,0.08671875,JmHsB71KGXw,27648,고혈압,10.227344839931181
0.3075462962962963,1,1,0.582699301016703,0.3761049562405948,0.3310131399782135,0.26079861111111113,0.05838541666666667,7csFOQOzVf4,26453,고혈압,10.183162654585992
0.09723958333333334,1,1,0.5142465504720407,0.38196783958222186,0.392485929557008,0.03324074074074074,0.06833333333333333,gPryrX13GUo,6108159,고지혈증,15.62513614013147
0.13933449074074075,1,1,0.4995867601670298,0.36454566470596367,0.38161819172113287,0.20322337962962964,0.12731481481481483,zHvIgS0OioU,4988475,고지혈증,15.422641010258674
0.11861689814814814,1,1,0.4653417075163399,0.3392550071622283,0.34796287218591143,0.16225115740740742,0.13717013888888888,IjHrWPEiCPc,3769300,고지혈증,15.14240013109284
0.07109375,1,1,0.33517660675381267,0.28308454736477157,0.3501536174655047,0.05822337962962963,0.10856481481481481,9CwQ9QVMGQQ,2792527,고지혈증,14.842457836732878
0.10582175925925925,1,1,0.3109956427015251,0.29938818830617325,0.408380787037037,0.10778356481481481,0.10609953703703703,VX4QiYqHl-g,2119511,고지혈증,14.566696431471469
3.472222222222222e-05,0,0,0.37799496187363835,0.33070813598861937,0.18675231481481483,0.07567129629629629,0.05486111111111111,BhDWCD_41ts,1554805,고지혈증,14.256861336969996
0.018350694444444444,0,0,0.48763391884531593,0.32650649146528227,0.3782068355119826,0.07688657407407408,0.15031828703703703,0zxxpzB53ms,1524941,고지혈증,14.237466934513499
0.06699074074074074,1,1,0.5176451071169208,0.39814114583338245,0.24505591866376178,0.3347685185185185,0.09613425925925925,MK439-xiNTU,1478235,고지혈증,14.206360042980357
0.10479166666666667,1,1,0.4101611973493101,0.30831749587768004,0.35948084604212055,0.09094328703703704,0.08015046296296297,PYOiwPeHH00,1291465,고지혈증,14.071288565193953
0.10331018518518519,1,1,0.4171275871459695,0.31307334182883084,0.4167271922657952,0.1033275462962963,0.14031828703703703,TlIQ5PwfUuQ,1289026,고지혈증,14.069398228172082
0.13740162037037038,1,1,0.35876699800290485,0.32573432117405754,0.508406862745098,0.16419560185185186,0.09571180555555556,4nSnZAAzkZ0,1243634,고지혈증,14.033549100868479
0.0074594907407407405,1,1,0.5441146287218591,0.2684696575272081,0.5421929012345679,0.0842013888888889,0.07741898148148148,_c3E1BhYxuo,942122,고지혈증,13.755891118282964
0.11196180555555556,1,2,0.35776606753812634,0.33835280907303633,0.40942161401597676,0.15167824074074074,0.09620370370370371,V95y4kdnyU4,836811,고지혈증,13.637354712534142
0.08512152777777778,1,1,0.30974820715323165,0.2921111766134615,0.17556964869281044,0.09591435185185185,0.0972974537037037,wvPdw9GAqBY,828923,고지혈증,13.627883753195926
0.08489583333333334,1,1,0.4309541802832244,0.36692368597247405,0.3045075571895425,0.18676504629629628,0.1220949074074074,2Vb00G22jbg,833151,고지혈증,13.632971377492005
0.00019675925925925926,1,1,0.09447832697893972,0.12501200771719412,0.45269446713870737,0.006070601851851852,0.04186342592592593,AZwbgtTYXeE,915431,고지혈증,13.727151363986357
0.08707175925925927,1,2,0.22931887708787219,0.286777198166535,0.3487275780682643,0.07027199074074074,0.07016203703703704,gUPSLpGJDwU,790836,고지혈증,13.580847157246794
0.08020254629629629,1,1,0.4694935321350763,0.35449711946872886,0.21178656045751634,0.2114814814814815,0.10272569444444445,3SygoiXRr-Y,755527,고지혈증,13.535172121556812
0.027077546296296297,1,1,0.34324802559912854,0.2573184496848493,0.21710589143064635,0.09179976851851852,0.10710648148148148,wbwpHF-idzk,1740847,고지혈증,14.369882908793029
0.2713946759259259,1,2,0.5311103622004357,0.3931934509276185,0.39330439814814816,0.17644675925925926,0.10591435185185186,MUReCyOqKAY,733047,고지혈증,13.504966463035835
0.09834490740740741,0,0,0.4762940722585331,0.3379203152491229,0.2699956200072622,0.16696759259259258,0.1255787037037037,L6EGu09nCUQ,714503,고지혈증,13.479343874656893
0.0038425925925925928,1,2,0.3250394199346405,0.31089396534282665,0.3123980346768337,0.1280787037037037,0.0894386574074074,MWs95k66OuY,600975,고지혈증,13.306310279275724
0.12461805555555555,1,1,0.4502509531590414,0.3513860101497192,0.4491587009803922,0.15753472222222223,0.11212384259259259,OVK9dl_xFzM,567454,고지혈증,13.248916730039483
0.08216435185185185,0,0,0.5077201570442992,0.35994709230239974,0.37983682824981846,0.125625,0.13740162037037038,25pr6KA2Ts0,519174,고지혈증,13.15999629221118
0.10957754629629629,1,1,0.42797312999273784,0.2991273795978205,0.35360300925925925,0.08614004629629629,0.06483796296296296,oMZJHV4GSU8,470693,고지혈증,13.061963480335397
0.04137731481481482,1,1,0.43881302196804645,0.28855277814805547,0.5018587736020333,0.09983796296296296,0.14050347222222223,aEGKgjn5dTE,470084,고지혈증,13.06066880839849
0.004184027777777778,0,0,0.23295490649963688,0.2671592210554922,0.14848667846768338,0.09086226851851852,0.07175347222222223,gN7A2viiF3A,510474,고지혈증,13.143096943791235
0.10427662037037037,1,1,0.42324596042120555,0.30561972263352755,0.3193215777051561,0.09564236111111112,0.06475694444444445,2S5vHRU6qUA,403957,고지혈증,12.90906619114299
0.30774305555555553,1,1,0.44410219226579517,0.3090576125043188,0.5401763344226579,0.1080787037037037,0.09327546296296296,ieNuyH2IiZA,391055,고지혈증,12.876606051218532
0.1416550925925926,1,1,0.42104665940450253,0.3133848281690602,0.34061673928830793,0.12395254629629629,0.06615162037037037,fb0FXusPcMY,374270,고지혈증,12.832735412932092
0.03320601851851852,1,1,0.39102019789397235,0.3735665089409815,0.29425385802469134,0.14357638888888888,0.10893518518518519,YT94UCmlais,370162,고지혈증,12.821698728151453
0.005347222222222222,0,0,0.4102200208787219,0.3148963867618795,0.4170225127087872,0.09765625,0.11444444444444445,kMbgWk3h0C4,369559,고지혈증,12.820068387784682
0.11860532407407408,1,1,0.5031676879084968,0.33683393467993494,0.4407415350399419,0.0891087962962963,0.1409548611111111,AS5BQ7chWYA,368442,고지혈증,12.817041297507412
0.04455439814814815,1,1,0.4425940904139434,0.34060571080091656,0.29506236383442264,0.18041087962962962,0.08628472222222222,OGRftKY_M6w,368292,고지혈증,12.816634096007627
0.07697916666666667,1,2,0.4336776960784314,0.376017123504187,0.16590684005083517,0.24806712962962962,0.11049768518518518,zL5XLxdXFjY,333475,고지혈증,12.71732617773029
0.06804976851851852,1,2,0.2927789578794481,0.3179447444060691,0.3340984477124183,0.10057291666666666,0.11414930555555555,TPL4krxpStU,327835,고지혈증,12.7002687623246
0.0019039351851851852,1,1,0.1841552968409586,0.22694659295789496,0.23665570533769062,0.039837962962962964,0.09282407407407407,wPW6dRs5cGM,556309,고지혈증,13.229080971814097
0.018738425925925926,1,1,0.3824686592229484,0.272198888976976,0.39626561365286855,0.08471064814814815,0.08082175925925926,78XnQOgZTAU,294368,고지혈증,12.592589361379495
0.016591435185185185,1,2,0.6435162717864924,0.3531429722069668,0.40134406771968045,0.21267939814814815,0.10505208333333334,-5K8wVVZcQE,275921,고지혈증,12.527873496062272
0.04388888888888889,0,0,0.5252917574437181,0.371525272563083,0.28555190177923023,0.20466435185185186,0.1385590277777778,yDzxRqz57IQ,259295,고지혈증,12.465725545260451
0.22141782407407407,1,1,0.38706261347131443,0.3022184189352804,0.5018573892519971,0.11082175925925926,0.1404050925925926,lhZzarMGsbA,249524,고지혈증,12.427314389554788
0.013726851851851851,1,1,0.3386594045025417,0.27674155498113284,0.1885136846405229,0.15608217592592594,0.05928819444444444,xrDDNvVSovY,254792,고지혈증,12.448206729775295
0.08403935185185185,1,2,0.33448792665214233,0.3406875587074472,0.4665711465141612,0.17210069444444445,0.09015625,_Ur_rrFRQFQ,241063,고지혈증,12.392817737383908
0.08392361111111112,1,1,0.39600378994190266,0.3291767723443612,0.34104221132897605,0.14063078703703705,0.11218171296296296,i9ulQwz9UXo,230667,고지혈증,12.348734726261812
0.019479166666666665,0,0,0.3376037808641975,0.2491311522010996,0.22336619462599855,0.09181134259259259,0.07536458333333333,dyqRzMhgUFs,264499,고지혈증,12.48559653028049
0.012060185185185186,1,1,0.3397595769789397,0.26183449781040385,0.1775537854030501,0.10586226851851852,0.07965277777777778,vy61oQbZ5S0,258075,고지혈증,12.461009394168869
0.09747685185185186,1,2,0.40526491013071897,0.35726141287042684,0.3200763435003631,0.17171296296296296,0.0992013888888889,YNtw4PCMAnI,221795,고지혈증,12.30951331947068
0.044994212962962965,1,1,0.32409361383442264,0.31011794074542604,0.3941178513071895,0.08375578703703704,0.1116550925925926,U_SvQ755GBQ,206218,고지혈증,12.236693989869991
0.03222800925925926,1,2,0.31675063543936094,0.25845489500080304,0.18890050835148875,0.09300925925925926,0.09752893518518518,ivhSxSWtq1M,433569,고지혈증,12.979808538522079
0.0315625,1,1,0.38180839233841685,0.31864227401888523,0.29211124727668847,0.14358217592592593,0.11057291666666667,FW978HDMrSA,167859,고지혈증,12.030885577636818
0.12456597222222222,0,0,0.47480544208424114,0.3311687440765691,0.42259649600580973,0.11034143518518519,0.14162615740740742,jtKMouVJQFQ,163960,고지혈증,12.007383873648223
0.16671875,1,1,0.36436619462599856,0.31851070583092383,0.3267996323529412,0.1425752314814815,0.12730324074074073,6yCB3DQfwRA,159517,고지혈증,11.97991204750423
0.19788194444444446,0,0,0.39998815359477125,0.2721824935049374,0.424190609114016,0.049450231481481484,0.10656828703703704,xS_uVOyYJOo,158043,고지혈증,11.970628754253122
0.4165625,0,0,0.3290847630718954,0.2037042033667109,0.32679454883805376,0.01361111111111111,0.07586805555555555,PA70-NQ-c1s,154517,고지혈증,11.948065873388142
0.08640625,1,1,0.40014764887436455,0.34780818982047096,0.35555017701525055,0.1333738425925926,0.10931712962962963,5WTgrq0_HfA,149734,고지혈증,11.916622344015744
0.026614583333333334,1,1,0.3997059958242556,0.295311500385758,0.13196332607116923,0.18736111111111112,0.07740162037037036,f6ySurY0xTs,165811,고지혈증,12.018609895421346
0.2721122685185185,1,1,0.5348743418663762,0.34675928573353376,0.4968991920842411,0.13324074074074074,0.11215277777777778,BVpHhfU_2AY,141881,고지혈증,11.862751005207715
0.08049189814814815,1,1,0.3530763208061002,0.28540964420307613,0.4492699482570806,0.11731481481481482,0.10113425925925926,m7XuqUyAAzg,133940,고지혈증,11.805154683465735
0.09750578703703704,0,0,0.37453665123456786,0.26524186858165116,0.27247941630355843,0.10040509259259259,0.09028356481481481,9vgEXajBl84,130042,고지혈증,11.775620443976406
0.014797453703703703,1,1,0.31119131263616556,0.2643926317822105,0.13872735112563545,0.1172337962962963,0.06203125,tKfjF03q3kM,145914,고지혈증,11.890779539370211
0.032615740740740744,0,0,0.352498751815541,0.2588148698709281,0.2425349491648511,0.10133101851851851,0.08277199074074074,kUP1Hn4AMG8,126105,고지혈증,11.744878102105751
0.10396990740740741,0,0,0.431022149600581,0.29989076227203776,0.48288312454611476,0.1504861111111111,0.11402777777777778,zEvynD1nnf8,167873,고지혈증,12.030968976994691
0.14108796296296297,1,1,0.5250089642338417,0.3726191843599592,0.28239227033405956,0.3003125,0.12478587962962963,9ao7PjL6Yc4,109593,고지혈증,11.604537907471968
0.008940972222222222,1,1,0.37081479212055196,0.38308767888715883,0.5252190904139433,0.2440914351851852,0.057465277777777775,oI48WJfq2TM,99246,고지혈증,11.505366971392348
0.028292824074074074,1,4,0.3589834558823529,0.2540929823485863,0.16108957425562817,0.09677083333333333,0.07877314814814815,thkV1nw6Xp4,119274,고지혈증,11.689187030384307
0.022552083333333334,1,1,0.516825753449528,0.3583311136195168,0.2732206563180828,0.2444675925925926,0.15435185185185185,X0gn7vBPGr0,97764,고지혈증,11.490321918760376
0.043431712962962964,0,0,0.5165313634713145,0.3358612164778086,0.31655975399419023,0.15887152777777777,0.15676504629629628,lq4V_GL_K2I,97159,고지혈증,11.48411438311611
0.21467592592592594,1,1,0.39590377632534496,0.3476954932887869,0.39818021514161217,0.19023148148148147,0.07675347222222222,fXgUhigGdlY,96352,고지혈증,11.47577380983936
0.026822916666666665,0,0,0.258467093318809,0.3040312472055589,0.30527448710965865,0.10078125,0.07511574074074075,exnHPYK4q1k,95271,고지혈증,11.464491237447831
0.04987268518518519,0,0,0.40523032407407406,0.2806027024341546,0.3012041802832244,0.0943287037037037,0.10007523148148148,m8tpcFmDEH8,101693,고지혈증,11.52972358324611
0.10260995370370371,0,0,0.4642667256717502,0.32424454560919835,0.280883691902687,0.11690393518518519,0.08865162037037037,8w4Ld19D1F8,83288,고지혈증,11.330071766614065
0.08120949074074074,1,1,0.45472322076978944,0.35524251828217196,0.3591938770878722,0.20603587962962963,0.11134837962962962,-bpMGpPUNYI,83424,고지혈증,11.331703303619575
0.11144675925925926,1,1,0.41084792574437184,0.2911572030076001,0.3727640250544662,0.09291666666666666,0.07821180555555556,RC-E-bEC2hc,77719,고지혈증,11.260867903491377
0.17736689814814816,0,0,0.35999798021060275,0.19565623546826144,0.8095779320987654,0.037939814814814815,0.056984953703703704,KZ0Nzn5gsA0,133775,고지혈증,11.803922038389839
0.09500578703703703,0,0,0.5573054874727669,0.30653378727841196,0.4619185275962237,0.11350694444444444,0.07033564814814815,y_DeAsY7CR0,71968,고지혈증,11.18399074972698
0.030219907407407407,1,1,0.16262096042120552,0.15682427669317392,0.14228871641249094,0.008310185185185184,0.03494791666666667,kj_Apar04wQ,112223,고지혈증,11.628252152939904
0.16375578703703703,1,2,0.4016037127814089,0.34563138093780305,0.45348499909222945,0.1716550925925926,0.11674768518518519,bj2r29gmdok,66338,고지혈증,11.102533238525508
0.012650462962962962,1,1,0.36415706699346406,0.2794590527142514,0.19997079248366015,0.1109375,0.08738425925925926,cs_S92tcoVw,79817,고지혈증,11.28750432191196
0.06076967592592593,0,0,0.3753649010530138,0.25052530247934096,0.3514268336964415,0.0734837962962963,0.09014467592592593,ixdpd5nrLJE,190059,고지혈증,12.155095090765306
0.023570601851851853,1,1,0.4235851034858388,0.29470331426393814,0.15105843772694263,0.24469328703703705,0.05317129629629629,dYSR7gi5IKM,116918,고지혈증,11.669236666331953
0.05884259259259259,0,0,0.49166053921568625,0.3077241262152384,0.3989124001452433,0.1154513888888889,0.13717013888888888,gWsCBu4_EOc,58218,고지혈증,10.971967040924001
0.05358796296296296,1,2,0.4985541938997821,0.312445648726761,0.2585717365649964,0.22880787037037037,0.1297222222222222,SMGl7Hdw134,235583,고지혈증,12.369822816738694
0.010561342592592593,1,2,0.5361019653231662,0.4131838587709278,0.36762776870007263,0.355474537037037,0.05807291666666667,Cqf3253zVZE,50635,고지혈증,10.83241806475672
0.11197916666666667,1,3,0.4027645016339869,0.3127500761596649,0.2584534994553377,0.1284837962962963,0.1531597222222222,zlWiBJVKWIc,50481,고지혈증,10.829372116081604
0.14991319444444445,1,2,0.36840236928104575,0.3345847245943153,0.423616103848947,0.13050347222222222,0.13017361111111111,5smApTucU3Y,47641,고지혈증,10.771470004116164
0.11680555555555555,1,1,0.4184074301016703,0.33644799233260886,0.4143304057734205,0.1480150462962963,0.12788773148148147,3yP4KrV4DLU,46071,고지혈증,10.737960669186508
0.018605324074074073,1,1,0.4680095315904139,0.32660075132379535,0.14024564270152504,0.26197337962962963,0.06181712962962963,s2DfAqmpjwg,58289,고지혈증,10.973185831039595
0.10623842592592593,1,1,0.45559554284676834,0.3463928641410646,0.2928993509440813,0.18157407407407408,0.11096064814814814,hg9X4_vZf0s,44583,고지혈증,10.705130329249373
0.04332175925925926,1,1,0.6356262254901961,0.39328085691944814,0.17037754175744374,0.5454976851851852,0.05753472222222222,rtLumrUCemc,43376,고지혈증,10.677684625696235
0.05568865740740741,0,0,0.32791446532316626,0.27071954325170916,0.22493418663761802,0.0938599537037037,0.11619212962962963,XQ82PEs3kdw,45005,고지혈증,10.714551093197692
0.020462962962962964,1,1,0.5161946940813363,0.3352850140996155,0.19500594589687725,0.19050925925925927,0.09750578703703704,uOcTA8zR9_U,41807,고지혈증,10.640842987760394
0.022771990740740742,1,1,0.342864651416122,0.25753826129654034,0.10058714596949891,0.10931134259259259,0.04388888888888889,nOTNXdpeX68,96933,고지혈증,11.481785613528833
0.1696875,1,1,0.42701942628903417,0.2955054683137298,0.380656045751634,0.09690393518518518,0.07490740740740741,vSRrDRJ4y14,38372,고지혈증,10.555109366267503
0.040005787037037034,1,3,0.4142514751270879,0.3258424117994549,0.46076098402323895,0.15503472222222223,0.1683449074074074,Q6_PPNSBycw,37625,고지혈증,10.535450579771076
0.1941087962962963,1,2,0.4203906363471315,0.3405115721299391,0.2920359477124183,0.18984953703703702,0.0980150462962963,3tMh6vuiW74,37418,고지혈증,10.52993387579382
0.0077546296296296295,1,1,0.28692885348583874,0.2610707874759241,0.1212121459694989,0.11868055555555555,0.050653935185185184,YFAigYKrYQ0,43402,고지혈증,10.678283842123477
0.02917824074074074,0,0,0.4225007716049383,0.3090222047503351,0.3451272467320261,0.18722222222222223,0.1111111111111111,5bIFMyLucfI,38054,고지혈증,10.546787760701491
0.025069444444444443,0,0,0.32158392338416847,0.27249610687651304,0.22653326978939725,0.1199826388888889,0.09206018518518519,XAWWqzPI5B8,94026,고지혈증,11.451337254050895
0.08920717592592593,1,1,0.3612696759259259,0.2619736264079454,0.774740059912854,0.15471064814814814,0.06944444444444445,swCEjohS8pA,49228,고지혈증,10.80423815972855
0.0039872685185185185,1,1,0.21633560275962235,0.20651702680123396,0.21427462327523603,0.02938078703703704,0.04982638888888889,Nr45rKtDs4Y,34135,고지혈증,10.438107824867837
0.42109953703703706,0,0,0.4478048066448802,0.29808151815566497,0.4685858523965142,0.052395833333333336,0.07165509259259259,3eIi9wJU_QA,32326,고지혈증,10.383658073342485
0.22051504629629629,1,1,0.4411527550835149,0.2245766265597866,0.40835060366739284,0.025434027777777778,0.08247106481481481,ZppVx3hMM1Q,51629,고지혈증,10.851858177873694
0.1002025462962963,1,1,0.38570572349310095,0.33452834465651543,0.48881141067538125,0.15901041666666665,0.09898726851851852,Y5HGOkwhdfI,29976,고지혈증,10.308185699938441
0.041082175925925925,0,0,0.34331499636891794,0.33749602137688606,0.24938548474945532,0.18561921296296297,0.0766550925925926,8dOqhywo2W0,44111,고지혈증,10.694487133263578
0.03052662037037037,1,1,0.3008949255628177,0.23939461275193027,0.16601792846768337,0.0705324074074074,0.05057291666666667,mgLcQX5QH48,55872,고지혈증,10.930836537091798
0.008559027777777778,1,1,0.4668736837327524,0.3514766474896377,0.11441219589687728,0.2772222222222222,0.05060763888888889,y6GrhgSHBtc,31392,고지혈증,10.354340217107467
0.05905092592592592,1,1,0.6520071713870734,0.3854804362038815,0.22728692356572258,0.43049189814814814,0.07538773148148148,fclaFwjjQgs,26091,고지혈증,10.169384032915987
0.033368055555555554,1,1,0.5165030183369644,0.3407543558751948,0.15667731027596224,0.2892997685185185,0.0975462962962963,gy-WzcFBuFw,25406,고지혈증,10.142780005589708
2.3148148148148147e-05,0,0,0.3807041122004357,0.28141579619439727,0.28435972676107485,0.035694444444444445,0.09935763888888889,cbfcltKlpnU,25506,고지혈증,10.146708203279516
0.02980324074074074,1,1,0.524844998184459,0.430473885002134,0.11836930374001452,0.40046875,0.08674189814814814,L_xQI1hFP0g,21389,고지혈증,9.970678802076451
0.01234375,1,1,0.3031203703703704,0.3351480368047197,0.276694739469862,0.16354166666666667,0.11161458333333334,LTazdCdzg9c,19527,고지혈증,9.879604612072796
0.06608796296296296,1,1,0.4368759304647785,0.26805520122704024,0.25930932280319535,0.13765046296296296,0.10684027777777778,DuDtuEzjJ-c,30800,고지혈증,10.335302435967074
0.14998263888888888,1,1,0.4103383033769063,0.3350091831359987,0.4494350036310821,0.15692708333333333,0.10986689814814815,C_LPAkR3ZQ0,18992,고지혈증,9.851825769212237
0.043194444444444445,1,1,0.3449660947712418,0.20934250925003328,0.7319969362745098,0.021232638888888888,0.07939814814814815,UT7M648hTrw,53423,고지혈증,10.886015362183436
0.0009780092592592592,1,1,0.45223014251997096,0.3898602134646214,0.19732977033405955,0.3179050925925926,0.08155092592592593,ltubLEL7tM4,18531,고지혈증,9.827254246536539
0.018298611111111113,1,2,0.43020812908496736,0.2742359327733303,0.23933657861292665,0.15608796296296296,0.08969907407407407,dbODJAYTa_A,36063,고지혈증,10.493050416839504
0.014953703703703703,1,1,0.09730623638344227,0.16923983328491415,0.2698132262164125,0.010127314814814815,0.047170138888888886,opxXqLXbUW0,21373,고지혈증,9.969930509084842
0.07186921296296296,1,1,0.6339075889615106,0.39389537811551273,0.4415978349673203,0.3018460648148148,0.0825,mhl7WdIMzTQ,17321,고지혈증,9.75973264889099
0.1725925925925926,1,3,0.4860013843500363,0.32344500875013316,0.28998100490196077,0.18379050925925927,0.10826967592592593,CLVMI-HdQk0,16874,고지혈증,9.733588515740731
0.1332465277777778,1,1,0.4095086011256354,0.35961813190404185,0.2271794889251997,0.18972800925925926,0.0854224537037037,64r67ov9DmU,15336,고지혈증,9.638023488650779
0.005387731481481481,1,1,0.2329226579520697,0.2829224248586658,0.09050197440087146,0.11171296296296296,0.0547974537037037,SZL0VRH2ftM,40969,고지혈증,10.620595370540917
0.004635416666666667,0,0,0.28147730573710966,0.23077405492494668,0.49849888798111835,0.0047627314814814815,0.11241319444444445,7sPJ02czJaM,35540,고지혈증,10.478442238622868
0.022390046296296297,1,1,0.3655199709513435,0.29474065850546544,0.19879504811183735,0.13734953703703703,0.08731481481481482,Merrk745Vlc,13520,고지혈증,9.511999311358759
0.07078703703703704,0,0,0.42782248547567175,0.2591279661341324,0.41306204611474223,0.09436342592592592,0.11581597222222222,q8wdoPnuRvY,14019,고지혈증,9.54824016058858
0.05783564814814815,1,2,0.5225520152505446,0.3163940920758745,0.2531696396151053,0.15231481481481482,0.11415509259259259,fX6Gyr5c1xE,12612,고지혈증,9.442483307087192
0.03244791666666667,1,1,0.30750649055918666,0.35775591068489426,0.3653428649237473,0.12859953703703703,0.0771412037037037,5gJJUetVlNg,12366,고지혈증,9.422786913742057
0.02328125,0,0,0.3693066221859114,0.2978702930607878,0.26187391067538124,0.13887731481481483,0.10309606481481481,IJEttWqSpb0,25442,고지혈증,10.14419593502981
0.03269675925925926,0,0,0.25014978213507627,0.2076266823065121,0.1387227441902687,0.02332175925925926,0.06156828703703704,oSImycSE-g8,24856,고지혈증,10.1208946819984
0.0337037037037037,1,1,0.47828315631808277,0.2990446402931258,0.16052006172839509,0.2504166666666667,0.09251157407407408,PZ73-pIUaNQ,25119,고지혈증,10.131419620582134
0.011984953703703704,0,0,0.3177612790486565,0.20970482484724925,0.27970418028322436,0.05309606481481482,0.1033738425925926,RDQj9ZNeTGA,15530,고지혈증,9.65059330557001
0.0,0,0,0.3052913716412491,0.19770637749971787,0.20336451525054464,0.036834490740740744,0.0584837962962963,LoLFdybdgz0,22084,고지혈증,10.002653924030627
0.05336226851851852,1,1,0.5347342047930284,0.26762224613874386,0.49136524146695715,0.06363425925925927,0.10679398148148148,wuz-NvzKP2U,7745,고지혈증,8.954931860074698
0.14923611111111112,1,1,0.4064349128540305,0.32549690388480074,0.39125830610021783,0.09829282407407407,0.09094907407407407,bb3lQSp_Pc0,7617,고지혈증,8.938269147038548
0.006076388888888889,1,1,0.4250157952069717,0.25023528479973284,0.2563582062454612,0.12534143518518517,0.07778356481481481,1_sfFVmedhU,8576,고지혈증,9.056839480990421
0.0,0,0,0.3968575935003631,0.2747425497744927,0.2710333832607117,0.08638888888888889,0.06539351851851852,c8xbcW_Su6Q,7164,고지혈증,8.876963340262272
0.20239004629629628,1,1,0.37693852124183,0.2505684038652251,0.6168387118736384,0.05617476851851852,0.07299189814814815,KIKoAkwMxhQ,13058,고지혈증,9.477232830220407
0.08963541666666666,1,1,0.3556291076615832,0.3379216574215874,0.4216440858750908,0.15161458333333333,0.0895949074074074,FtQqkdJczEU,7223,고지혈증,8.88516409509682
0.07909143518518519,0,0,0.2547175245098039,0.18503910711053406,0.5502685412127813,0.013958333333333333,0.09898148148148148,00daV1n78DE,11509,고지혈증,9.350971501715929
0.11671296296296296,1,1,0.41937638435003627,0.3172414838535122,0.3027818400508352,0.13627314814814814,0.11456018518518518,pPLEK5shS-E,5372690,통풍,15.49683945828613
0.09793981481481481,0,0,0.48816103848946985,0.32126054448276986,0.40151230029048657,0.06028356481481482,0.13002893518518518,riZmav9JuS8,3320283,통풍,15.015560879402823
0.09270254629629629,1,1,0.44013192175018157,0.33202393828563814,0.3797810911401598,0.11403935185185185,0.11543402777777778,1Zs9AcVYL0k,1967413,통풍,14.492230548026123
0.17353587962962963,0,0,0.42825914578794483,0.3145300608226135,0.2802518836238199,0.059849537037037034,0.07850694444444445,trVdrdeMmvE,1626997,통풍,14.30224715694412
0.020202546296296295,0,0,0.180558982389252,0.17766589795887067,0.26915588689179376,0.020619212962962964,0.040740740740740744,ygpc6e0e0Co,1395917,통풍,14.149062821324224
0.03947337962962963,0,0,0.4846706381626725,0.3364169725197033,0.32263618827160495,0.19973379629629628,0.1425810185185185,rJF462wYZZE,1237469,통풍,14.028579530706887
0.015943287037037037,1,1,0.5311913580246914,0.3506795414881337,0.18144399055918664,0.17652777777777778,0.09091435185185186,8pgAvTTJazM,1068781,통풍,13.882030240305337
0.01425925925925926,1,1,0.26625692175018156,0.23473464296600155,0.19684107207697893,0.058547453703703706,0.05963541666666667,PRYCeyDBOos,1899899,통풍,14.457311811172632
0.04310185185185185,0,0,0.22481821895424836,0.33942285360423186,0.5242297567175017,0.14593171296296295,0.07890625,7ae9ZAY55O0,624339,통풍,13.3444503707577
0.05168402777777778,1,1,0.46468793119099494,0.3710791859241007,0.34032879448075526,0.1853761574074074,0.11504050925925927,PVnuTdYgBm4,462650,통풍,13.044728269135987
0.10141203703703704,0,0,0.36813062817719683,0.31813639354161294,0.49388287490922295,0.11054398148148148,0.10642361111111111,h4LSpsiljjA,392798,통풍,12.88105330963436
0.11056712962962963,1,1,0.3208230074437182,0.2835481230909291,0.44021203249818447,0.062413194444444445,0.13006944444444443,NhsAGszE3hE,372127,통풍,12.82699316009277
0.0030787037037037037,0,0,0.43546741103848946,0.3566927414081959,0.3151165350399419,0.17869212962962963,0.12122685185185185,h43ORD8NCvw,297186,통풍,12.602116849280893
0.07820023148148147,1,1,0.38043956517792304,0.3152626843167298,0.2639563135439361,0.1268402777777778,0.0852662037037037,oLam8uWRw1Y,287461,통풍,12.568845956570756
0.03395254629629629,1,1,0.4674552696078431,0.3469963276456251,0.3787198166303558,0.15329282407407407,0.16234953703703703,veYe8iArAs0,284913,통풍,12.559942659327808
0.011331018518518518,1,1,0.47821196441539576,0.354436726865533,0.249068082788671,0.23614004629629629,0.11395833333333333,g3zMz0-2e0U,249069,통풍,12.425489260436748
0.08452546296296297,1,1,0.40739542483660135,0.3078704670248963,0.3099679557007988,0.08265625,0.12571180555555556,1Njo2Std36Q,234378,통풍,12.364694742227845
0.09016203703703704,1,1,0.5937650009077705,0.3493209943862442,0.2819819353667393,0.25817708333333333,0.09690972222222222,5bVcahX9fuM,232953,통풍,12.358596288164275
0.08190393518518518,1,1,0.5842838825344953,0.38318772770682985,0.3378908632897603,0.26082175925925927,0.11673611111111111,0pJW2OEofYA,226198,통풍,12.329170421787895
0.02454861111111111,0,0,0.4534331880900508,0.322566415244707,0.44032754629629633,0.07263310185185186,0.14197916666666666,5zSaoeOP4ac,202610,통풍,12.21904316349856
0.048894675925925925,1,1,0.3786461283587509,0.339969503510908,0.3986586328976035,0.12402199074074075,0.15828125,J-zgCkBB7Rw,193968,통풍,12.17545363146264
0.08897569444444445,1,1,0.2800200163398693,0.2319369932379695,0.417241512345679,0.04009259259259259,0.08599537037037037,ADvog04Ii8g,222483,통풍,12.312610467890416
0.008292824074074074,1,1,0.30942306644880174,0.25782540359644046,0.1389922385620915,0.06157407407407407,0.1011574074074074,BS8BTrpS4q4,216733,통풍,12.286426074155724
0.015792824074074074,1,1,0.4652256490559187,0.3476669221280009,0.18002310275962236,0.1764351851851852,0.09574652777777778,ehg8Nrqn1BA,160725,통풍,11.987456330797967
0.01099537037037037,0,0,0.4304699527959332,0.34344429908256136,0.16089787581699347,0.17994791666666668,0.08664351851851852,XNSoLInRgvE,160284,통풍,11.98470875967155
0.027146990740740742,1,1,0.31631145606390704,0.3251499019774629,0.2033771332607117,0.11413773148148149,0.08541087962962964,QwF6Im4GVm0,158693,통풍,11.974733098616426
0.09454861111111111,1,1,0.39311855482933916,0.33238306272067397,0.3049197757806827,0.12552083333333333,0.10778356481481481,S4Iao0C8LeU,154743,통풍,11.949527417581933
0.08960069444444445,1,1,0.40883206245461146,0.34198573810530764,0.5916497594408134,0.15216435185185184,0.08152199074074074,MT_7k0LNMaE,152320,통풍,11.933745415129692
0.18710069444444444,0,0,0.46404404956427014,0.277155993734889,0.3152942311183733,0.08539351851851852,0.0821875,uCfhWQpdl2Y,149052,통풍,11.912057226377664
0.010202546296296296,1,1,0.5331471042120551,0.3154776450889615,0.023160675381263617,0.33761574074074074,0.035931712962962964,4e7BXS1Bwz4,171431,통풍,12.051941965502918
0.006672453703703704,1,1,0.2858432053376906,0.3341162208925141,0.3337059050472041,0.1214525462962963,0.0884375,Wcqpr6tnqu0,136233,통풍,11.822129274437248
0.006059027777777778,1,1,0.5935070352214961,0.3952173514524856,0.3233443854393609,0.3461689814814815,0.11314236111111112,bCXOlvgmBtQ,136267,통풍,11.822378813891463
0.002355324074074074,1,1,0.4473299291938998,0.36549734735935746,0.18141512345679012,0.2533564814814815,0.0737037037037037,olfjwESyzBw,135546,통풍,11.8170737226273
0.03257523148148148,0,0,0.4170739152142338,0.34657628660504824,0.2924490286855483,0.0784837962962963,0.10274305555555556,PnS6cVRODTw,137303,통풍,11.829952724616474
0.04847222222222222,1,1,0.3359800744371823,0.24989906140629461,0.4049605800653595,0.04123842592592593,0.12427662037037036,YrIKVjm1eXg,300061,통풍,12.611744398952391
0.007766203703703704,1,1,0.4918173111837328,0.33648300640305506,0.05328519880174292,0.2999016203703704,0.056927083333333336,GaGQ0swMfzQ,168338,통풍,12.033735082389125
0.13923611111111112,0,0,0.5489741739288307,0.3246567316679423,0.24297562636165576,0.17030092592592594,0.06674189814814815,xXTjib_fj1U,105190,통풍,11.563533024295225
0.0705787037037037,0,0,0.5070547385620915,0.3344477828813863,0.41083278867102396,0.12963541666666667,0.1030324074074074,S5xeeQck3JM,105284,통풍,11.564426237832631
0.10112268518518519,1,2,0.36709261528685544,0.33033883597758906,0.3273819217501816,0.11583912037037038,0.11335648148148147,UheGECEuv_A,104593,통풍,11.557841467591059
0.09775462962962964,0,0,0.5008770651779231,0.33480352229495974,0.3092487972040668,0.13082175925925926,0.14527777777777778,if5ElDIyn60,96393,통풍,11.476199237997706
0.010694444444444444,0,0,0.36240241466957157,0.3108143187982501,0.28854441267247644,0.03633101851851852,0.0905150462962963,jp88U9i7m8U,96130,통풍,11.473467123585595
0.08916087962962962,0,0,0.49700009077705154,0.32471039673927754,0.31170088961510534,0.08374421296296296,0.06471064814814814,UfQeMnRI1cs,94100,통풍,11.452123952509567
0.08122685185185186,0,0,0.5028868237109658,0.3439835871202179,0.3304286719317357,0.18875578703703705,0.07660300925925925,ym5o8aUCOqA,91704,통풍,11.426332182385133
0.02922453703703704,0,0,0.4585352441902687,0.34949773639331394,0.2568924518881627,0.2009085648148148,0.09854166666666667,fhmcG9S758g,91909,통풍,11.428565116352155
0.18186921296296296,1,1,0.5706890659041394,0.3710360710999026,0.2697976352578068,0.24914351851851851,0.0905787037037037,Qk6CjMnF3S4,89826,통풍,11.405640877250129
0.11269675925925926,0,0,0.28488094589687724,0.2647628882928342,0.5465067175018156,0.047233796296296295,0.08229166666666667,0tLgzRfXIU0,82007,통풍,11.314572082463238
0.00865162037037037,0,0,0.29555360384894697,0.26827988878727926,0.24231690268700073,0.07644097222222222,0.05665509259259259,Gc0X11JzCYY,123144,통풍,11.721117801831225
0.08852430555555556,1,1,0.4729473493100944,0.3308306623780415,0.4145076025780683,0.13911458333333335,0.11926504629629629,OEI6cG-6Q8o,76803,통풍,11.249012001112806
0.0004976851851851852,0,0,0.45293561637618013,0.2929038860519808,0.25415068990559186,0.2374537037037037,0.060480324074074075,Kp_Vvnuqivo,105933,통풍,11.570571537663046
0.07057291666666667,0,0,0.6853533269789397,0.4335127702673416,0.11515196078431372,0.5456828703703703,0.0493287037037037,8r7V-M72s5I,68903,통풍,11.140469510469009
0.013616898148148149,0,0,0.4548334921931736,0.2844604981817003,0.1946745642701525,0.11429398148148148,0.04119791666666667,dBOJZFt8Dc8,67979,통풍,11.126968823250108
6.36574074074074e-05,1,1,0.6746544571532316,0.3553477530837451,0.29494886982570806,0.2207638888888889,0.06957175925925926,STYNeBQENL0,66523,통풍,11.10531806379003
0.005787037037037037,1,1,0.47430072167755993,0.29506251763474717,0.1155965640885984,0.25883680555555555,0.08955439814814815,ajPO2_oDOe0,80647,통풍,11.297849284733777
0.10043981481481482,0,0,0.5990238289760349,0.3683374305423743,0.19681896786492373,0.45483796296296297,0.08080439814814815,de-uOsvbFRc,61961,통풍,11.03427657289946
0.16566550925925927,1,1,0.3616905864197531,0.3327244620035036,0.42568965595497454,0.1400173611111111,0.12580439814814814,sKgVkXmwE8Y,60914,통풍,11.017234728788507
0.008466435185185184,1,1,0.4281178059186638,0.35395315448750847,0.18594487563543938,0.2305324074074074,0.08482060185185185,ESMXnxafNb4,57835,통풍,10.965366698148017
0.11554398148148148,1,1,0.2985087145969499,0.294895844226944,0.45104420842411036,0.0661111111111111,0.09138310185185185,fnMBlAx3IPI,17313,통풍,9.75927070177572
0.03447337962962963,1,2,0.3399876316267248,0.23664204676725553,0.175043459513435,0.06508680555555556,0.1077488425925926,lbLe2zXGFSY,17909,통풍,9.793114495054757
0.09071180555555555,1,1,0.4264752405591866,0.264383931955164,0.2836435412127814,0.14997106481481481,0.15263888888888888,eWsJcF4Ij20,26834,통풍,10.197462284610928
0.24872685185185187,1,1,0.42694321895424836,0.32714256642505996,0.42309279684095863,0.11263888888888889,0.12998842592592594,Terf3kGDtPk,15232,통풍,9.631219406136701
0.013663194444444445,1,1,0.31187366103848946,0.24841266136657414,0.4108587962962963,0.04777777777777778,0.054247685185185184,iK198aBX4WA,16943,통풍,9.737669067841187
0.01365162037037037,1,2,0.6066723856209151,0.31554782312634416,0.6073610430283225,0.13837962962962963,0.0830613425925926,JC88uQ5SNtQ,14261,통풍,9.565353936588249
0.020092592592592592,1,1,0.23785448438634713,0.21582813470807857,0.18895508805374,0.03646412037037037,0.07460648148148148,PiT9Xv8kAYE,19472,통풍,9.876784169701578
0.07379050925925926,1,2,0.41036771514161224,0.2888571330082647,0.199904797567175,0.17550925925925925,0.04818287037037037,1xEBqPONQpA,16666,통풍,9.721185995542177
0.02894675925925926,1,1,0.5680991058460422,0.35045877518818325,0.30411195079883807,0.22041087962962963,0.08315393518518518,XsXAu5eiu_k,12043,통풍,9.396321889601625
0.08847800925925926,0,0,0.31661124727668843,0.2692275967064873,0.3183863471314452,0.06378472222222223,0.10242476851851852,iXZ5iGT0ERY,21557,통풍,9.978502256341574
0.1666550925925926,1,1,0.5213200344952796,0.36579316705018955,0.35828937454611476,0.25458333333333333,0.1107349537037037,EpzJIs-Xvao,11646,통풍,9.362803915102651
0.08646412037037036,0,0,0.35905276416122006,0.24494093373462802,0.32654143972403776,0.05502893518518519,0.10107638888888888,M2YLPaejYaY,20023,통풍,9.90468683311161
0.19219328703703703,1,1,0.2488611791938998,0.227895172549285,0.42572215413943354,0.010584490740740742,0.07008101851851851,3OUOm7GgCYc,10805,통풍,9.28785681440401
0.0010069444444444444,1,1,0.30812062000726215,0.2841830166542114,0.15302591684822078,0.13229166666666667,0.07832754629629629,2gH5ggfJGO8,15731,통풍,9.6634521335517
0.016550925925925927,0,0,0.17250583242556283,0.21955881957703238,0.25537692901234565,0.04211226851851852,0.07380787037037037,tOc6G92-Lek,24485,통풍,10.105856804633861
0.04266782407407407,1,3,0.503280001815541,0.33264111233388083,0.21906324891067536,0.19436342592592593,0.12847800925925926,3YBiq-eXZr0,9695,통풍,9.179468708309095
0.011336805555555555,0,0,0.45319896060275966,0.2786457731071614,0.24359756263616558,0.12616319444444443,0.05056712962962963,1JYbNqUVsuk,11647,통풍,9.362889770436468
0.2043576388888889,0,0,0.4012258079157589,0.24174185765432044,0.40258682824981845,0.02730324074074074,0.056782407407407406,rB2liAjI4IU,20003,통풍,9.903687532538795
0.1917824074074074,1,1,0.3648649691358025,0.31331346276043714,0.37948018790849675,0.0958449074074074,0.10807291666666667,x9dq1xa1djk,8957,통풍,9.100302266767246
0.00203125,1,1,0.6688003585693536,0.4019574852359875,0.2605470452069717,0.466568287037037,0.08331597222222223,LTehPhaiKCs,8586,통풍,9.058004710672485
0.018153935185185186,1,1,0.6585283905228758,0.3876403351962952,0.1052460285039942,0.5326388888888889,0.05094907407407408,lAxYr4wsfrY,8533,통풍,9.051813463747946
0.09609375,0,0,0.4986502814088598,0.362429609668657,0.3439285584604212,0.23568287037037036,0.12657407407407406,F9weoNc400M,553264,지방간,13.223592370062704
0.011574074074074073,1,2,0.36479021423384167,0.3270087887321704,0.23858755446623092,0.12235532407407407,0.09257523148148149,HEZSN4gX044,319389,지방간,12.674168205569101
0.07705439814814814,1,3,0.27450444807552654,0.29043507495500426,0.3996757897603486,0.07579861111111111,0.10993634259259259,2DRvec-NDq4,223776,지방간,12.318405299248077
0.03675925925925926,0,0,0.3421861156499637,0.3060931883348676,0.26349632352941177,0.06612847222222222,0.12350694444444445,SQtoznCgOCI,114920,지방간,11.6520002147609
0.08933449074074074,1,1,0.3897860838779956,0.3425864552572622,0.3123056917211329,0.10540509259259259,0.09629050925925926,6w_203tsX7w,104757,지방간,11.559408207183203
0.004728009259259259,0,0,0.5075246005809732,0.3213541682110109,0.17031048021060277,0.2998032407407407,0.12423032407407407,O2W-Hc15AEA,446152,지방간,13.008417221501588
0.1351388888888889,0,0,0.3919504357298475,0.28674220091381497,0.3731420887799564,0.06592013888888888,0.05684027777777778,cz_-aEahepI,97074,지방간,11.483239154599868
0.015040509259259259,1,1,0.22482668391430646,0.3332306219666692,0.28906937636165575,0.08774305555555556,0.08429398148148148,jBFGEbFEB4A,93608,지방간,11.446881811689353
0.009652777777777777,1,1,0.4911254311909949,0.3156128910526528,0.240458809912854,0.23944444444444443,0.06574074074074074,FaHrDHkwW3o,81820,지방간,11.312289213359325
0.055636574074074074,0,0,0.6570634077705156,0.419721815829762,0.2257993373275236,0.46728587962962964,0.07958912037037037,WhjEHuBfAnA,71608,지방간,11.178976043373387
0.025949074074074076,1,1,0.383201366194626,0.30897075538454066,0.33215938180827886,0.11814236111111111,0.1312326388888889,_S3MMivzGFg,71252,지방간,11.173992202507653
0.14081018518518518,1,1,0.39864717229484387,0.2509994090043265,0.4045953612926652,0.06183449074074074,0.0953587962962963,EsarG2RPXLQ,67040,지방간,11.113059651512495
5.787037037037037e-06,0,0,0.36777339778504,0.2188850898873333,0.6159926243645607,0.06019097222222222,0.10861111111111112,_K9QYCuSS1A,156427,지방간,11.960351119202716
0.05331597222222222,1,1,0.3293402096949891,0.23143768155132033,0.32003304284676837,0.02775462962962963,0.07191550925925926,sKd5W-MvbnE,89191,지방간,11.398546628447408
0.037528935185185186,1,1,0.36537717864923747,0.3243469483657138,0.3939502087872186,0.18462962962962962,0.12597800925925925,TzP9nIjqWfM,41146,지방간,10.62490629943787
0.1680150462962963,1,1,0.468899010530138,0.30483287880067395,0.4293673974219317,0.13995949074074074,0.08256944444444445,_ElE7LW5eHY,40006,지방간,10.59680971778536
0.023605324074074074,1,1,0.37312563543936095,0.30671127244475704,0.33165752087872186,0.11781828703703703,0.12765046296296295,oESoRXhs-mg,39402,지방간,10.58159723451934
0.1104050925925926,0,0,0.4386647830428468,0.3077870471549921,0.41461646695715326,0.054184027777777775,0.09067129629629629,AtUXTCvPJeE,112454,지방간,11.630308420605273
0.04833333333333333,0,0,0.4040796568627451,0.30664874832412065,0.3916423611111111,0.1611226851851852,0.09304398148148148,xpmqgVOyMv8,42702,지방간,10.662024454360006
0.021846064814814815,1,1,0.27515965413943355,0.2411832686928803,0.1304600354030501,0.051556712962962964,0.062002314814814816,w_F5xJyKZzo,68521,지방간,11.134910140570163
0.0014699074074074074,0,0,0.13759527051561365,0.16024284534310593,0.3226057325708061,0.00271412037037037,0.03931712962962963,OJ94I3GDdUU,42464,지방간,10.656435486214109
0.07953125,1,1,0.29025381263616556,0.2904560271578207,0.2267380174291939,0.08433449074074074,0.08146412037037037,3PWwDazCh1Y,29466,지방간,10.291026272110837
0.04348958333333333,0,0,0.26798102759622366,0.15610920235454998,0.5707198620188816,0.01001736111111111,0.057916666666666665,vwrdEH_rOG8,28103,지방간,10.243667193945663
0.09269097222222222,1,2,0.5304444671387073,0.3133836690246144,0.3022439406318083,0.17465856481481482,0.08881944444444445,mIu3yxmjbso,26918,지방간,10.200587635966167
0.08916666666666667,0,0,0.4591405682643428,0.3517859121510797,0.30609458968772696,0.16460069444444445,0.11574074074074074,B-IYTMDXj7s,24860,지방간,10.121055589517152
0.06840277777777778,0,0,0.29915820170660856,0.26402257897162384,0.5602003449527959,0.08686342592592593,0.12133101851851852,xgkTkXWgKWY,33124,지방간,10.408043563288523
0.012309027777777778,0,0,0.30936828249818443,0.3031990060460457,0.3117772558097313,0.060237268518518516,0.12288194444444445,seuh7fqHy5A,23204,지방간,10.052123051675276
0.07702546296296296,0,0,0.3772039760348584,0.22897990693667966,0.28636984840232393,0.042465277777777775,0.08308449074074074,RyTl8UFCzBk,61352,지방간,11.024399348699005
0.06985532407407408,1,1,0.4840403730936819,0.3821878190587562,0.1344153730936819,0.33251157407407406,0.12128472222222222,cc6XJHPEkd0,14348,지방간,9.571435532348406
0.018726851851851852,1,2,0.28525297294843865,0.22676014617529813,0.16219816630355846,0.0862962962962963,0.07128472222222222,mgDaMoCoKOw,24293,지방간,10.097984685260217
0.1562037037037037,0,0,0.4691429284676834,0.28066743133952926,0.622661015795207,0.15322916666666667,0.04959490740740741,rEK9uc6gF_0,25007,지방간,10.126951052661259
0.0004861111111111111,0,0,0.3192927786855483,0.23715062387218658,0.4383976488743646,0.04581018518518518,0.11565393518518519,5cx7dQ-_I1Y,7191,지방간,8.880724576151456
0.05527777777777778,1,4,0.390125408496732,0.32751648976697467,0.3548658542120552,0.0955613425925926,0.12700810185185185,t4vjLV6TDag,6877,지방간,8.83608319099221
0.02544560185185185,1,1,0.5657132806826435,0.4208233914447586,0.1420314769426289,0.47032986111111114,0.08219907407407408,2qfOtfDG74Q,4995,지방간,8.516392871245468
0.03505208333333333,0,0,0.29058737291212783,0.20312554064216096,0.3314941221859114,0.02476851851851852,0.1016087962962963,alMz1rEX3tQ,9012,지방간,9.10642325855641
0.04856481481481482,0,0,0.27197049745824253,0.19710087173185747,0.606393427741467,0.02141203703703704,0.07491319444444444,Du7PUIBeKu8,10570,지방간,9.265869681768663
0.022488425925925926,1,2,0.3600291621278141,0.23704912687172489,0.3774719725853304,0.06230324074074074,0.05847800925925926,5uBDsvckgHw,12001,지방간,9.392828581549459
0.07779513888888889,1,2,0.5057803876180101,0.35510398569750934,0.29415686274509806,0.22406828703703704,0.09222800925925925,YcGvnTHcmfM,3937,지방간,8.278428259199071
0.016064814814814816,0,0,0.2744585602759622,0.27899200523790474,0.1574966412490922,0.1208738425925926,0.07840277777777778,AM-q7OPq7BM,4765,지방간,8.469262657658687
0.018275462962962962,0,0,0.33627584876543215,0.230673090217098,0.716200957697894,0.11079861111111111,0.08673032407407408,G0CPfn5H_80,3745,지방간,8.228443883004033
0.016898148148148148,0,0,0.4869229756717502,0.3565786346076571,0.30002226307189545,0.17516203703703703,0.14163773148148148,yAV8zljaeg4,2251,지방간,7.719573989259581
0.1386226851851852,0,0,0.43511549110384895,0.26706304793953867,0.2049297612563544,0.22484375,0.05350115740740741,qHzjGWZmYS0,6349,지방간,8.756210091886738
0.04273726851851852,0,0,0.1484330746187364,0.20873214960348954,0.3195674019607843,0.027332175925925926,0.08324652777777777,4N6lbOQfeRM,4813,지방간,8.479283618343016
0.1480613425925926,0,0,0.4052130991285403,0.2756023843234162,0.271477237654321,0.20087384259259258,0.07563657407407408,MBvNgBRHreY,3994,지방간,8.292798858200374
0.04496527777777778,0,0,0.22812186819172114,0.21503897557036444,0.21583862109658677,0.025341435185185186,0.10804398148148148,RdijYEmeLyA,4227,지방간,8.349484346990128
0.014565972222222221,0,0,0.07494532952069717,0.178029022329404,0.09112747367465504,0.02133101851851852,0.1002662037037037,aid4Ey1GUx8,4695,지방간,8.454466361507933
0.005104166666666667,1,1,0.5054125363108206,0.35702336147973585,0.20302435094408133,0.2584201388888889,0.10188078703703704,ohl-LBoGUlM,1054,지방간,6.961296045910167
0.06167824074074074,1,2,0.27451336692084244,0.21533866069929325,0.21846584513435002,0.0042592592592592595,0.03150462962962963,YGQkqFFoKMM,2563,지방간,7.849323818040561
0.06572337962962962,1,2,0.5107439406318083,0.3761489740557052,0.2021405001815541,0.25853587962962965,0.14747685185185186,I3XF9Ig6CBw,907,지방간,6.811244378601294
0.015601851851851851,0,0,0.4304664351851852,0.31132401696699036,0.1828378494916485,0.2147337962962963,0.07233796296296297,wnEQin_vsMw,1138,지방간,7.037905963447182
0.0015219907407407406,1,1,0.3677096269063181,0.2920105254808134,0.3444934640522876,0.15763310185185186,0.14137152777777778,Oqa_v0nKKrc,2107,지방간,7.653494909661253
0.013206018518518518,0,0,0.33470107116920844,0.3497760020448865,0.40798434095860564,0.12028935185185186,0.11090277777777778,z393gKPLNyY,815,지방간,6.704414354964107
0.09920717592592593,1,1,0.3618505128903413,0.2403886711094397,0.4073215323166304,0.055844907407407406,0.07673611111111112,Yavt4_fiycY,2918,지방간,7.978996370854115
0.024265046296296295,1,2,0.3523907044299201,0.23437514630123008,0.43481545025417573,0.04057291666666667,0.08405092592592593,y9gf7znk924,2312,지방간,7.746300662231439
0.05434606481481481,1,2,0.24770311365286854,0.21667585053855998,0.34062445533769065,0.03679398148148148,0.12457175925925926,b8qG6GGiOFI,1772,지방간,7.480428306074208
0.04074652777777778,0,0,0.453862381989833,0.27366805816545436,0.1646388888888889,0.18805555555555556,0.05229166666666667,zRo-neD5OhQ,1385,지방간,7.234177179749849
0.011064814814814816,1,1,0.24798241194626,0.20149209426918221,0.3273721632171387,0.02619212962962963,0.06344907407407407,YQmR_r5L5l8,1980,지방간,7.591357046698551
0.03556712962962963,0,0,0.22352925290486567,0.26585044110128614,0.13196241830065358,0.06811342592592592,0.07693287037037037,fE1MVeldxuQ,1777,지방간,7.48324441607385
0.012760416666666666,0,0,0.441046568627451,0.277270192857808,0.2705706472403776,0.11806712962962963,0.054155092592592595,UDbMDSgGGN4,2086,지방간,7.643482907077201
0.05192708333333333,1,1,0.36309365922294845,0.267989173406194,0.39036717047930286,0.11197916666666667,0.08846064814814815,D9hgpBUvaoU,2064,지방간,7.632885505395133
0.013842592592592592,1,1,0.1967194762164125,0.22551775878418004,0.321682121459695,0.03391782407407407,0.06298611111111112,nOF17NtAbi0,1587,지방간,7.370230641807081
0.039328703703703706,1,1,0.2948263435003631,0.21204924373857303,0.5474516612200435,0.02001736111111111,0.25219328703703703,a2x1fJ6Q40I,1304,지방간,7.173958319756794
0.0946701388888889,0,0,0.2137962736020334,0.1722889820532678,0.7052347040668119,0.022193287037037036,0.13137152777777777,HllxRMBo8Z0,1172,지방간,7.067319848653476
0.021545138888888888,1,1,0.09310207879448075,0.14859875145952617,0.3353656045751634,0.014797453703703703,0.037280092592592594,mGvyLrDOksQ,2356,지방간,7.7651449029361315
0.002789351851851852,1,2,0.4154516839143065,0.2712476332379452,0.12615239197530864,0.15244212962962964,0.061342592592592594,lJZCA3AuFjU,2828,지방간,7.947678571301568
0.020949074074074075,1,1,0.3688973084604212,0.2813714920242151,0.381149214778504,0.11973958333333333,0.13653935185185184,ji1QRrfmNTc,1407,지방간,7.249925536717988
0.050243055555555555,1,2,0.3002180464778504,0.22426301250197167,0.36114127178649236,0.04269097222222222,0.11572337962962963,VS4CM_YMpyI,1589,지방간,7.371489295214277
0.26428819444444446,0,0,0.37316968500363107,0.2100192916016263,0.44030539669571533,0.011116898148148148,0.0797800925925926,-ziMKS9aHUw,2156,지방간,7.676473646389156
0.026469907407407407,1,2,0.25978503994190266,0.18555235980680806,0.5963812636165577,0.018802083333333334,0.13907986111111112,UwIMUz0guD4,1506,지방간,7.317876198626496
0.036001157407407405,0,0,0.3409034132171387,0.23639983432337738,0.5750389660493828,0.05161458333333333,0.10407986111111112,I6uhItLNqHM,1509,지방간,7.31986492980897
0.04732638888888889,1,3,0.37129690904139434,0.25286486352956916,0.23796831880900507,0.07369791666666667,0.10243055555555555,fascxQLBuFs,1603,지방간,7.38025578842646
0.17991319444444445,0,0,0.2691075708061002,0.20048833317473463,0.5274176879084967,0.031157407407407408,0.07821759259259259,qFOk2ZMo4FY,1219,지방간,7.106606137727303
0.0055844907407407406,0,0,0.0987718772694263,0.1298358460613508,0.7190305691721133,0.007077546296296296,0.05184027777777778,xBkGxn4pSxA,2137,지방간,7.6676260915849905
0.014143518518518519,0,0,0.508430442084241,0.299331247014671,0.3285124364560639,0.045086805555555554,0.08595486111111111,Be5vBUpLvjI,2434,지방간,7.79770203551669
0.0,0,0,0.20720483841684822,0.2537035279861748,0.407956540486565,0.052216435185185185,0.12909722222222222,twEpYLxSsEo,1579,지방간,7.365180126021013
0.008096064814814815,0,0,0.3782287808641975,0.24702409720244467,0.14166083424110384,0.11054398148148148,0.03318287037037037,Zznortn1hyQ,1648,지방간,7.407924322559599
0.23989583333333334,0,0,0.45986948529411764,0.24408566710983634,0.5113203068264343,0.07833912037037037,0.11231481481481481,VuMqc6zpb64,1308,지방간,7.1770187659099
0.12741319444444443,0,0,0.20208342411038488,0.1472590795389051,0.4919539760348584,0.010491898148148148,0.12019097222222222,RQ-lrv2OvQI,1796,지방간,7.493873886783559
0.021984953703703704,0,0,0.17756717501815542,0.19555924758705392,0.5820905274146696,0.02337962962962963,0.07710648148148148,sDDn_d0dKqc,2107,지방간,7.653494909661253
0.08079861111111111,1,1,0.18488736837327524,0.13098815570923156,0.5572349310094409,0.008061342592592592,0.06403356481481481,07P63yYWvEo,1534,지방간,7.336285660021297
0.0019039351851851852,0,0,0.30248005174291936,0.230115556385675,0.34281799201161944,0.06654513888888888,0.05077546296296296,rl1s4pd1dV4,1658,지방간,7.413970290190444
0.10866898148148148,0,0,0.3905806554103123,0.23920818264679963,0.5003905682643428,0.027934027777777776,0.10022569444444444,w4PnGLDXG_E,1575,지방간,7.362645270417825
0.07854166666666666,1,1,0.35479663671023964,0.23869066184043491,0.4244778957879448,0.04124421296296296,0.06868055555555555,8eZo-sEmNjs,1682,지방간,7.428333194190806
0.05084490740740741,0,0,0.28901182371096584,0.36251862857641654,0.2127074709513435,0.15954282407407408,0.06341435185185185,3hbzZRnJgm4,516,지방간,6.248042874508429
0.018385416666666668,0,0,0.3078225081699346,0.23481332743352126,0.4876061864560639,0.049618055555555554,0.12228009259259259,4MW6wQjDOBY,1789,지방간,7.489970898834801
0.024016203703703703,0,0,0.24771253177196803,0.2253005839555206,0.19767692447349308,0.025555555555555557,0.06035300925925926,cXX6gX7aaxg,1326,지방간,7.190676034332207
0.02269675925925926,0,0,0.3317962736020334,0.262154988954207,0.28428138616557735,0.08825231481481481,0.09997685185185186,jX8Hzih1O3A,1692,지방간,7.4342573821331355
0.14421875,0,0,0.3225750272331155,0.19011136273919654,0.7967372912127815,0.038628472222222224,0.056741898148148145,Cxd8v6PfKAA,1797,지방간,7.494430215031565
0.0028935185185185184,1,1,0.3271383669208424,0.30658135125047736,0.06484710875090777,0.16244212962962962,0.04853587962962963,SWS6d8saUbk,886,지방간,6.787844982309579
0.004826388888888889,1,1,0.38782019335511986,0.232246123789793,0.3303575254175744,0.04770833333333333,0.0829513888888889,72QfzVE0-Hs,1192,지방간,7.084226422097916
0.0015046296296296296,0,0,0.44305235566448803,0.26681352337822,0.60515915486565,0.04435763888888889,0.03366898148148148,sv4Vb90-0os,1883,지방간,7.5411524551363085
0.04382523148148148,0,0,0.4024332788671024,0.30897049877044236,0.19859735838779957,0.18590277777777778,0.04002314814814815,dJIvQvvp2AM,946,지방간,6.853299093186078
0.04465277777777778,1,1,0.35983374183006533,0.25097130902491127,0.38665545570079884,0.06885995370370371,0.158125,_dHYPi4JrMU,1912,지방간,7.556427969440253
0.2502662037037037,0,0,0.2772406272694263,0.17097141815870415,0.7335307053376907,0.017418981481481483,0.08960648148148148,Bw7sAXzvr90,1312,지방간,7.180069874302796
0.0025289351851851853,0,0,0.1909720860566449,0.10456370766910957,0.8819950526506899,0.004849537037037037,0.06017361111111111,me7m5YBd0Ow,1271,지방간,7.148345743900068
0.02373263888888889,1,1,0.38860825163398693,0.24039834556039985,0.10362438725490197,0.05844907407407408,0.07444444444444444,MxHmiCx7ZFw,1228,지방간,7.113956109566034
0.03675925925925926,1,1,0.25908514887436457,0.21658145622444752,0.33829786220043573,0.008900462962962962,0.05517939814814815,FLcAqZVjY7U,1147,지방간,7.045776576879511
0.01083912037037037,0,0,0.3064821396151053,0.3172706443434462,0.2351483070079884,0.11249421296296297,0.07479166666666667,QYHEWk07mkk,3904943,비만,15.177754000564107
0.08825231481481481,0,0,0.46169278776325345,0.32732121449334645,0.4103316766521424,0.1498611111111111,0.16181134259259258,JNS2daJ-P_I,2789061,비만,14.841215896552571
0.10101851851851852,1,2,0.5164523647421932,0.3455053404545882,0.2845805646332607,0.1990451388888889,0.08583912037037036,BPgRNtYiFfM,965219,비만,13.780111333612409
0.02490162037037037,1,1,0.4045017020697168,0.2948166437415957,0.39662731481481484,0.07832175925925926,0.1063599537037037,TCwM1BcNdOo,755035,비만,13.534520709213611
0.06802662037037037,1,1,0.3976986882716049,0.35229964667810926,0.25809413580246915,0.16337962962962962,0.11013310185185185,noNs-zmSCH8,476101,비만,13.073387395971938
0.00609375,0,0,0.39650406227305734,0.3334146151888057,0.3261160584604212,0.12905092592592593,0.08269675925925926,kRVJf_crI1k,371040,비만,12.824067847612937
0.06280092592592593,1,3,0.4074768972403776,0.32549568538809553,0.32316886801016703,0.10664351851851851,0.14380208333333333,G8okoThwDWg,334724,비만,12.72106457816558
0.008709490740740742,1,1,0.2254233387799564,0.24686347660206986,0.2561176697530864,0.07008680555555556,0.04554976851851852,JyQFXp1Clis,576178,비만,13.264173655289822
0.06103587962962963,1,4,0.2555316358024691,0.3122698161391776,0.21412018881626724,0.07935763888888889,0.10360532407407408,DeB8kIQkitc,312478,비만,12.652292545900572
0.12424768518518518,1,1,0.49563403231663034,0.35572461782834924,0.29446214596949893,0.19925347222222223,0.15902777777777777,27i9Fey1Iyo,296905,비만,12.601170869372176
0.005202546296296296,0,0,0.19992942084241103,0.18735477273410306,0.2889258351488744,0.02679398148148148,0.09807870370370371,PzysO1kNGBs,474118,비만,13.069213624020538
0.009068287037037038,0,0,0.23194467138707336,0.2535220279128707,0.2310119598765432,0.047997685185185185,0.04778356481481481,V4LlJN7NTHo,405040,비만,12.911743575532704
0.044890046296296296,0,0,0.365777096949891,0.31634543560761,0.2911761982570806,0.12093171296296296,0.10773726851851852,VKhiLazD1jY,239370,비만,12.385769928594664
0.07298611111111111,1,2,0.3730134123093682,0.30303892146691064,0.36765211964415395,0.08283564814814814,0.08203125,ST7Ku5YXB60,190855,비만,12.159274495981535
0.032962962962962965,1,1,0.5487251270878721,0.3432270991652036,0.4358877314814815,0.14678240740740742,0.1530150462962963,qwnoqDB5OIo,165955,비만,12.019477971963042
0.022476851851851852,0,0,0.3853246414306463,0.35618562805139353,0.22616879992737837,0.1686863425925926,0.10924189814814815,Pfc_uyTFb0E,126207,비만,11.745686618522253
0.045821759259259257,0,0,0.29161519607843134,0.2545132035438009,0.2512859704066812,0.04472800925925926,0.05649305555555555,U8nQOMeGjNA,115199,비만,11.654425027243928
0.06568865740740741,1,1,0.3183287037037037,0.3175031901160628,0.23646793300653596,0.12310185185185185,0.110625,8wVllhBzEAc,110093,비만,11.609089825313008
0.03357638888888889,0,0,0.38049965958605664,0.24244668740555506,0.22704738562091503,0.07074074074074074,0.06465277777777778,aYk1cF5bH8k,95837,비만,11.470414545018011
0.03689236111111111,1,1,0.443837327523602,0.3786299313086618,0.34003821713870735,0.2419212962962963,0.14092592592592593,fGNFk3BwxP4,59524,비만,10.994151671355063
0.01353587962962963,1,2,0.2363150871459695,0.25402593636242277,0.19429234749455337,0.07074074074074074,0.06152199074074074,p6LHSFX3VgY,66481,비만,11.104686513312668
0.07549189814814815,1,2,0.4319600807915759,0.3353074065851821,0.35199777596223675,0.09355324074074074,0.09090277777777778,-garSE7ZWrU,57597,비만,10.96124312385893
0.04865162037037037,1,2,0.466727033405955,0.3557645975464255,0.24771906771968047,0.1832696759259259,0.0758449074074074,BtFm9N-6iSc,53196,비만,10.881757282762262
0.04594328703703704,0,0,0.44533932461873643,0.34350416494391084,0.31350154320987655,0.20516782407407408,0.10898148148148148,QfCmJxz9izg,189573,비만,12.152534728598082
0.05471064814814815,0,0,0.3953830110748003,0.3518358469028819,0.3674416076615832,0.18671296296296297,0.09030671296296296,ghb4dpT4WXk,41719,비만,10.63873590911471
0.07331597222222222,1,1,0.38635108024691356,0.34169455739242954,0.40681315813362384,0.1679224537037037,0.11761574074074074,B3Afa5kJTSU,39754,비만,10.590490898335585
0.00441550925925926,0,0,0.36088180827886707,0.25450285049406,0.36755337690631806,0.04190393518518518,0.0964525462962963,NafKF2niD0E,37685,비만,10.537043951682437
0.10707175925925926,0,0,0.4701045297748729,0.30990080734708597,0.23439270152505445,0.13251736111111112,0.1749189814814815,TExymdTJ2Oc,36642,비만,10.508977693165527
0.030538194444444444,0,0,0.14941666666666667,0.1553803581280441,0.16272226761074798,0.006880787037037037,0.035167824074074074,_b7U0areUVs,86742,비만,11.370705002910709
0.008518518518518519,0,0,0.3441608569353667,0.2903959545999587,0.34517590323166303,0.05023726851851852,0.10668981481481482,iKkLDYWy2pc,30952,비만,10.3402252039484
0.007552083333333333,1,1,0.46340311819172114,0.39046484671970677,0.35678438180827887,0.2616435185185185,0.07678240740740741,2bWqz7eFd9U,4253046,골다공증,15.263146225197517
0.010920138888888889,1,2,0.28124089960058096,0.2708768948538132,0.2870374228395062,0.07034143518518518,0.10111689814814814,0W3ePojHA_Q,2013056,골다공증,14.51516502016739
0.011944444444444445,0,0,0.5029887890341321,0.3455541430165775,0.43009842501815543,0.06385416666666667,0.13896412037037037,WFUdHlILSoU,1486751,골다공증,14.212104432784011
0.012303240740740741,0,0,0.48721772875816993,0.36676465584688883,0.31159552015250547,0.21570023148148149,0.12903935185185186,Da41W6s97gM,1009495,골다공증,13.824961754369577
0.012042824074074074,0,0,0.3069119008714597,0.24665249149398386,0.41776252723311547,0.05689814814814815,0.10911458333333333,tah6p2WzbXY,791355,골다공증,13.581503208712846
0.026458333333333334,1,1,0.5046627178649238,0.35420515918119533,0.24710287309368192,0.3044386574074074,0.10706597222222222,sVHynlLoAqk,612252,골다공증,13.324900874761576
0.021747685185185186,1,1,0.3191440631808279,0.2594310054137198,0.14854343681917212,0.09251157407407408,0.05851273148148148,UOxZhG3YZ6I,593133,골다공증,13.293175622098437
0.03453125,0,0,0.39629075889615106,0.322731723948723,0.29628681009440816,0.17376157407407408,0.12096064814814815,0fz8YariPcA,509390,골다공증,13.140971173526893
0.02872685185185185,1,1,0.3155117556281772,0.23248338773453853,0.48889106753812633,0.014039351851851851,0.10647569444444445,2dBGOWA-nlU,795604,골다공증,13.586858110507315
0.021359953703703704,1,1,0.35170082153231663,0.3127095229635734,0.4282234023238925,0.09990162037037037,0.09153356481481481,zy54rjgkjOQ,438391,골다공증,12.99086876627426
0.12059606481481482,1,1,0.4297908950617284,0.30751212598335514,0.36532790940450255,0.10094907407407408,0.0734837962962963,7dG2sA_VJ0I,394207,골다공증,12.884633967761701
0.07627893518518518,1,1,0.2678743191721133,0.3309625116902901,0.23309032316630354,0.12793402777777776,0.10664930555555556,g96uZM7KZGY,370523,골다공증,12.822673498948253
0.04749421296296296,1,1,0.634592706063907,0.38201272245137124,0.1591054375453885,0.48877314814814815,0.08702546296296296,85nGsQnG3FU,260436,골다공증,12.470116268316554
0.08684027777777778,1,1,0.3706875,0.2487420425179329,0.4214036401597676,0.08370949074074074,0.08146412037037037,sxurVuSoeuE,260209,골다공증,12.469244276297456
0.00034722222222222224,1,1,0.130168459513435,0.17030334132412003,0.20222335693536675,0.01370949074074074,0.05793981481481481,Tmfv4JUKYEQ,301066,골다공증,12.615088110323358
0.02828125,0,0,0.4669783496732026,0.3461108606208677,0.19405253721859114,0.2480439814814815,0.08483796296296296,LYq492sKEKg,204246,골다공증,12.227085324731885
0.013315972222222222,1,1,0.502736315359477,0.34898005026317264,0.4480233977850399,0.17248842592592592,0.08793402777777778,vhGiCFyBdpM,192933,골다공증,12.170103440490404
0.007881944444444445,1,1,0.6255336328976034,0.4196773363639219,0.24604459422657954,0.45230902777777776,0.07668402777777777,LNBgX5Xyrvg,188731,골다공증,12.148083298325403
0.09914930555555555,1,1,0.3859736746550472,0.35479599229158093,0.3697637527233116,0.1466435185185185,0.08688657407407407,IE3ZE1W8YiI,142517,골다공증,11.86722358650315
0.21597222222222223,1,1,0.5175598220769789,0.33540599491928164,0.4831733841684822,0.18896412037037036,0.11892939814814815,1C3Gm5UUEaM,138994,골다공증,11.842193240242826
0.0509837962962963,1,3,0.3467670660856935,0.31111798413782454,0.33518865740740744,0.08173032407407407,0.09246527777777777,XNk2imNlfSA,126946,골다공증,11.751524955502674
0.1357986111111111,1,1,0.4259931463326071,0.31101939151296254,0.41301132443718225,0.1159375,0.07427083333333333,YfMOU1-8tI4,126742,골다공증,11.749916693103915
0.028153935185185185,1,2,0.39993309731299925,0.3036452785846963,0.30537858569353665,0.12352430555555556,0.13382523148148148,xhaNVIbheOE,126071,골다공증,11.744608451301907
0.0789699074074074,1,1,0.34906889978213507,0.3228235888210858,0.47691716594045025,0.09204861111111111,0.11321759259259259,haVz6uNV3EA,121427,골다공증,11.70707677351776
0.002673611111111111,0,0,0.39208063271604937,0.34051249559615826,0.2247734885620915,0.07233217592592593,0.1075,2AsUcqnD3iA,112486,골다공증,11.630592938393999
0.008194444444444445,1,2,0.35105507897603483,0.3063940612887425,0.22226438816267247,0.12265046296296296,0.07737847222222222,xcpSgVca4bM,104772,골다공증,11.559551384088058
0.012146990740740741,1,2,0.2598418436819172,0.29703091648904417,0.272745869644154,0.1429513888888889,0.07321180555555555,FbG8J0FSwLs,87194,골다공증,11.37590226880356
0.002777777777777778,0,0,0.3734550199709513,0.27582545305922807,0.2605431871822803,0.02888310185185185,0.14678819444444444,6F9IUvfmFzU,86960,골다공증,11.37321502126899
0.07372106481481482,0,0,0.3189245869644154,0.23681057940610112,0.6364617828612926,0.024641203703703703,0.11550925925925926,SjBfmBiQ33E,128056,골다공증,11.760230756279569
0.0020833333333333333,1,1,0.403883283405955,0.259838564680562,0.22185269153957882,0.11629050925925925,0.052702546296296296,r1qgUUgadqo,92676,골다공증,11.436875608579165
0.011730324074074074,1,1,0.3137956381626725,0.2617694031699452,0.19190740740740742,0.13489583333333333,0.05251736111111111,aHC50w_TOmE,98829,골다공증,11.501156481370229
0.01994212962962963,0,0,0.23633807643427743,0.2744501416277323,0.13506097948438633,0.0552025462962963,0.11923611111111111,HNAD8TrkmAo,127568,골다공증,11.75641267366803
0.12672453703703704,1,3,0.46753540305010893,0.3482365154482545,0.37867109204793026,0.11935185185185185,0.1194675925925926,kvIdaHxzDnc,59816,골다공증,10.99904518047501
0.0007291666666666667,0,0,0.29738405501089327,0.1988942138598938,0.5185030864197531,0.036863425925925924,0.0782349537037037,DuZPMtwTdsI,64691,골다공증,11.077392825239668
0.013697916666666667,0,0,0.33914367737835877,0.24033813511968485,0.578227010711692,0.023148148148148147,0.14103009259259258,8iE3AIHYPz4,115663,골다공증,11.658444715240078
0.03455439814814815,1,1,0.6424117420116195,0.3487195486291622,0.3754743781771968,0.2431076388888889,0.08912615740740741,QBrfcKg_jpM,376685,골다공증,12.839167228136834
0.0023784722222222224,1,1,0.6255886891793755,0.35103312805511144,0.4063814451706609,0.22385416666666666,0.11294560185185185,0Zy4DHK6uo8,370704,골다공증,12.823161877043546
0.009143518518518518,1,1,0.21623443173565723,0.25348751975735107,0.2824036401597676,0.05126157407407408,0.05516203703703704,ZyD0XhqvmF4,56126,골다공증,10.935372259153528
0.0020891203703703705,1,1,0.42845129811183735,0.30332839379491944,0.09931697076978939,0.18810185185185185,0.05304976851851852,nuM29nhAvEg,101316,골다공증,11.526009494518151
0.046747685185185184,1,2,0.37287479575163396,0.311594190890276,0.2669051606753812,0.064375,0.08625578703703704,tt7YNRezyKo,58017,골다공증,10.968508586209147
0.06498263888888889,0,0,0.38312627087872186,0.2660300840306824,0.39618763616557734,0.0769212962962963,0.05945601851851852,Xz-SFX1BlPs,68085,골다공증,11.128526890973765
0.04595486111111111,0,0,0.1420923429557008,0.18753571055261914,0.2962074936456064,0.009299768518518518,0.03594328703703704,ZDanp0i6oQY,79020,골다공증,11.277468918909353
0.02528935185185185,1,2,0.2871419526143791,0.3038961476054717,0.2744627814088598,0.1374363425925926,0.07854166666666666,56UYbEHTngU,49239,골다공증,10.80446158029839
0.018622685185185187,0,0,0.2927001633986928,0.32842547030336217,0.2927671114742193,0.14355902777777776,0.10055555555555555,eG6-Ls2NP38,48450,골다공증,10.788308256940795
0.007696759259259259,0,0,0.30509177559912853,0.21624007856803643,0.08592703794480755,0.027633101851851853,0.03804976851851852,u4fG54Mjbzc,101489,골다공증,11.527715550442863
0.00203125,1,1,0.23815747549019609,0.18166762050482912,0.17667118282498184,0.024103009259259258,0.054739583333333335,JOiSPBZDC04,45289,골다공증,10.72084153655026
0.0271875,1,3,0.4268624273783587,0.3770229948269253,0.32030482933914306,0.1623900462962963,0.12047453703703703,2s3Nc2dbeNI,41287,골다공증,10.628327179828563
0.04171875,1,2,0.34915441176470585,0.2809433630203919,0.4543506263616558,0.10707175925925926,0.08566550925925925,VWYnJ-bLadQ,81398,골다공증,11.307118266902885
0.003576388888888889,1,1,0.5094762618010167,0.283677853524957,0.5394220905954975,0.07474537037037036,0.08755787037037037,qgBAl4Gsy9s,34960,골다공증,10.461988433479375
0.01220486111111111,1,1,0.28589009168482205,0.2609537890650913,0.12151495551924474,0.11396412037037038,0.05348958333333333,6Pa35OByIwM,50437,골다공증,10.828500138222152
0.0883738425925926,1,2,0.4059963008351489,0.2305121363852165,0.44592649328249817,0.02675925925925926,0.14579861111111111,rLP0yJJqfLU,62812,골다공증,11.047917337402854
0.11123263888888889,1,1,0.4243566630355846,0.2624988765235109,0.30828218046477845,0.10148148148148148,0.12610532407407407,Jt-SB1RMzso,46526,골다공증,10.747788068227562
0.18623263888888889,1,3,0.513526484204793,0.3470853275504533,0.3251090232389252,0.20330439814814816,0.08936921296296296,9_wSPeY-X0s,23810,골다공증,10.077902937758985
0.008645833333333333,0,0,0.2192556054829339,0.19175800323452435,0.28387084694989106,0.018564814814814815,0.04905092592592593,ZY2YOl7X4Ag,26200,골다공증,10.173552856959743
0.009363425925925926,0,0,0.44112797294843864,0.3165195787948587,0.16232337055192447,0.10351851851851852,0.08059606481481481,6ilQmINkYSM,21009,골다공증,9.952753793839046
0.00640625,0,0,0.21732330246913578,0.25361031059468975,0.20668999636891794,0.07581018518518519,0.06659143518518519,BQuL4vtGlgk,26925,골다공증,10.20084764153918
0.00038194444444444446,1,1,0.4108622912127814,0.23629770958861537,0.468110521060276,0.05790509259259259,0.05162037037037037,J4oY5wjRW7I,24755,골다공증,10.116823162859252
0.014293981481481482,0,0,0.3823724809368192,0.38950261956564824,0.2910220588235294,0.24298032407407408,0.05947337962962963,QsjlgfaKnQg,15476,골다공증,9.64711032991276
0.008489583333333333,1,2,0.315945147966594,0.2732611058785652,0.17617297567175016,0.09082175925925925,0.09054976851851852,1a7kf-nc814,13240,골다공증,9.491073355339758
0.03170717592592592,1,1,0.3441648965141612,0.2711499047113703,0.11008042846768337,0.1327199074074074,0.060688657407407406,raLwuFTjaWI,12396,골다공증,9.425209786838147
0.006707175925925926,0,0,0.5036405909586057,0.38642975539850277,0.32664901053013795,0.30509837962962966,0.0840625,rHLbpd6Ek0g,8772,골다공증,9.079434102128383
0.008211805555555556,1,2,0.3608174473493101,0.3387261226297202,0.19958800835148874,0.1686689814814815,0.07747685185185185,rTvQO-RPSBM,7849,골다공증,8.968268810776454
0.03829861111111111,1,1,0.3273098674655047,0.2398941068866996,0.21981091140159767,0.05568287037037037,0.045063657407407406,MeM5RfdCi2s,14894,골다공증,9.608780865147382
0.0839525462962963,0,0,0.27593012436456066,0.3254536967829212,0.3824762164124909,0.10236689814814814,0.08335069444444444,jhne4wrx-kU,7256,골다공증,8.889721799278137
0.012332175925925925,1,1,0.47397605755265065,0.3083249122244501,0.25160523329702256,0.2768923611111111,0.0714525462962963,oWBRfGjel9Q,9801,골다공증,9.190341725469493
0.0004398148148148148,1,1,0.3241191448801743,0.211119719971889,0.5316196895424836,0.03715856481481482,0.05568287037037037,7PHWdVPKwqU,11344,골다공증,9.336532397213942
0.03756365740740741,1,1,0.3087327296659404,0.32882019611351876,0.28609542937545385,0.11468171296296296,0.08409722222222223,ZdwMTSRxKOI,6739,골다공증,8.815815203906352
0.03912037037037037,0,0,0.4733615649963689,0.33985192805675096,0.6148154275599128,0.09954282407407407,0.09102430555555556,vkazlsTqQiQ,6208,골다공증,8.733755131364893
0.013043981481481481,1,2,0.3372732843137255,0.2406923909595165,0.2848528730936819,0.046030092592592595,0.06009837962962963,nEXEQ7qwOBI,5834,골다공증,8.671629544720656
0.04913194444444444,0,0,0.16659091321713873,0.19907816350046023,0.4740841276325345,0.022586805555555554,0.12590856481481483,DdWfpvaXoo0,22613,골다공증,10.026324462495191
0.0020486111111111113,1,2,0.35100487926652146,0.2684217610165439,0.4087511347131445,0.10525462962962963,0.08038773148148148,x-MTD9IYmz8,9731,골다공증,9.183174703903413
0.10506944444444444,0,0,0.3734853848946986,0.24245105392818858,0.4155777505446623,0.07635416666666667,0.05870949074074074,P75h9xK-p28,11212,골다공증,9.324829098460881
0.09202546296296296,0,0,0.37801733841684826,0.3249412770971907,0.4855587327523602,0.1077662037037037,0.14269675925925926,ElJvaFb68KA,4915,골다공증,8.500250470685925
0.03436342592592593,0,0,0.32433081427015253,0.2676576453377414,0.45640804284676834,0.03741319444444444,0.12357638888888889,ADl98qt3drQ,13825,골다공증,9.53430615650521
0.2944907407407407,0,0,0.3808636301742919,0.18527385618639347,0.8005783179012346,0.02525462962962963,0.09289351851851851,n0KT_O8xG8I,10776,골다공증,9.285169512596832
0.02925925925925926,0,0,0.6411854121278141,0.36423876900736424,0.31382287127814085,0.21938657407407408,0.09247106481481482,HVMPNkO1T38,4485,골다공증,8.408716715080153
0.04200231481481481,1,2,0.3544416984386347,0.3026029393178753,0.2086360294117647,0.12237847222222223,0.08462384259259259,mJS09-gS_H0,4512,골다공증,8.414717399827001
0.026087962962962962,0,0,0.16866149237472766,0.22253020835140874,0.22303597040668122,0.0317650462962963,0.06420717592592592,gINa2rweU0Y,11451,골다공증,9.345919666218006
0.026788194444444444,1,1,0.42358866648511256,0.25971846584923086,0.18851647603485838,0.12121527777777778,0.09189814814814815,8-o08sbsI50,10072,골다공증,9.21761385594268
0.01839699074074074,1,2,0.3983449301016703,0.3331985126743887,0.40704904230210603,0.12534722222222222,0.14151041666666667,J68o_EDbbaE,3669,골다공증,8.207946941048617
0.017314814814814814,0,0,0.16744580610021786,0.1607695738813902,0.5190903685548294,0.015173611111111112,0.1066087962962963,p1XP9ScBjTU,13728,골다공증,9.527265662897605
0.1279224537037037,1,1,0.4301612654320988,0.31483724873139546,0.41461996187363837,0.11949074074074074,0.16322916666666668,ZDwVTnOlNC0,2980,골다공증,8.000014093678072
0.05091435185185185,0,0,0.3832177968409586,0.24456218402213734,0.6099646196441539,0.08424768518518519,0.11508101851851851,33YD2n8s50o,5681,골다공증,8.645058562414134
0.006070601851851852,1,1,0.662374387254902,0.3946393112730443,0.2388761347131445,0.42226273148148147,0.10243055555555555,BeDMqQgnB0c,3044,골다공증,8.021256180143997
0.050243055555555555,1,2,0.21651983478576614,0.2724809528923334,0.3929657316630356,0.08210648148148147,0.07094907407407407,-zfQhE-C83E,6194,골다공증,8.731497794063243
0.06619791666666666,1,1,0.4789591730210602,0.32959223798207443,0.30450020424836605,0.11736111111111111,0.13416666666666666,3YPMtV9o5kI,2606,골다공증,7.865955413933502
0.007517361111111111,1,1,0.5213554375453886,0.3134601131817353,0.11873493100944081,0.36061921296296295,0.07045717592592593,bMAWL3GGFuM,7298,골다공증,8.895492631451633
0.03310763888888889,1,1,0.40083862109658674,0.33096245141382336,0.3190999228395062,0.1266898148148148,0.08686342592592593,KR8yJD2h0Ds,1995,골다공증,7.59890045687141
0.0052199074074074075,1,1,0.2848687363834423,0.26669202424221067,0.16278499455337692,0.11282986111111111,0.06494212962962963,2BYgN6BN7Rc,2932,골다공증,7.983781068977451
0.005711805555555556,0,0,0.4112460285039942,0.2802047155176646,0.5906713189905591,0.08964120370370371,0.10642939814814815,15ale7BQu6A,5231,골다공증,8.562548893137034
0.008333333333333333,0,0,0.29827714233841685,0.17924771893537042,0.5141153095497458,0.01777199074074074,0.11526041666666667,VA1m52-B1xc,6573,골다공증,8.790877754224164
0.029930555555555554,1,1,0.46882693355119825,0.29558219790388085,0.2526938316993464,0.16679976851851852,0.05579861111111111,HkT6r9A14-I,5282,골다공증,8.572249397164315
0.005283564814814815,0,0,0.3147073347857662,0.2571047156175362,0.28291410221496005,0.051006944444444445,0.05399884259259259,7aTwtL2MnN4,1708,골다공증,7.443663683115591
0.03588541666666667,0,0,0.32753422294843865,0.21137958288401848,0.33099616466957155,0.053431712962962966,0.07630208333333334,FXpqE2PLZQ8,3532,골다공증,8.169902647359145
0.0044444444444444444,1,1,0.26721741103848945,0.26170462320237414,0.8010668572984749,0.016116898148148148,0.044994212962962965,1EgSBdb7SyI,3542,골다공증,8.172729104865471
0.002534722222222222,0,0,0.23089606027596224,0.2587853821174323,0.24965475217864924,0.09111689814814815,0.060474537037037035,V-Y43PeqWR8,2262,골다공증,7.724446645633537
0.054872685185185184,0,0,0.2203978304284677,0.19534501180738686,0.41390917755991286,0.009693287037037037,0.0706076388888889,QE8EfDM4V6M,2734,골다공증,7.913886714856082
0.015225694444444444,0,0,0.2322544707697894,0.2540191720265882,0.32744024600580973,0.06881365740740741,0.04465856481481482,Umy-k_HYJGc,2430,골다공증,7.796057974316123
0.01802662037037037,0,0,0.20138834422657953,0.17151537492466926,0.6112181145606391,0.008107638888888888,0.17656828703703703,wexV2FqCSdk,1534,골다공증,7.336285660021297
0.039392361111111114,0,0,0.4479758759985476,0.23525028824453134,0.613242987472767,0.03263310185185185,0.043287037037037034,ySc8rXwnWMg,1821,골다공증,7.507690077819904
0.021001157407407406,0,0,0.3922051561365287,0.24669089468162927,0.25629053195352214,0.08285879629629629,0.08761574074074074,aJoEjMxIdfo,1564,골다공증,7.355641102974253
0.011047453703703703,0,0,0.28190019063180827,0.20174566944604957,0.16950088507625272,0.02531828703703704,0.14162615740740742,YfcsYzcEOlc,1945,골다공증,7.57353126274595
0.02193287037037037,0,0,0.19086991648511256,0.2032854166843672,0.3572704248366013,0.030017361111111113,0.09736689814814815,RcpLPo985t0,1959,골다공증,7.580699752224563
0.03984953703703704,0,0,0.328923429557008,0.3244215853619031,0.27164072712418297,0.18319444444444444,0.033478009259259256,ndAcSsv-jvU,1498,골다공증,7.312553498102598
0.007094907407407407,0,0,0.21598960602759623,0.26385194640249443,0.35036113380537404,0.09388888888888888,0.07567708333333334,PvLYhH1nqFg,1226,골다공증,7.112327444710911
0.005133101851851852,1,1,0.3685885530137981,0.27523440827015816,0.2418577750544662,0.11738425925925926,0.0503587962962963,wKtatcy0a0s,1420,골다공증,7.259116128097101
0.027135416666666665,0,0,0.21059148057371097,0.2274139553885152,0.2483291802832244,0.039560185185185184,0.050277777777777775,xBT-UlDqIEY,1705,골다공증,7.441906728051625
0.01173611111111111,0,0,0.4323997594408134,0.3194672007607046,0.1377248774509804,0.22546875,0.059583333333333335,Ob4zlTVqDqY,2191,골다공증,7.692569648067906
0.050208333333333334,0,0,0.08982196350762527,0.07354287572706936,0.5146127904865649,0.0,0.020381944444444446,QHGjanGpLtw,1651,골다공증,7.409741954080923
0.0007233796296296296,0,0,0.4211733387799564,0.2523554128332061,0.003670070806100218,0.019641203703703702,0.03902777777777778,KoJafXY4-VI,2038,골다공증,7.620214770574455
0.026059027777777778,0,0,0.2085039941902687,0.2154490007608975,0.3710907543572985,0.037627314814814815,0.08773726851851851,Aef1V6ooctg,1401,골다공증,7.2456550675945355
0.006961805555555555,0,0,0.19639928286129266,0.19814134031447814,0.3922242874001452,0.018408564814814815,0.07515625,qc_P7gG4GPc,2171,골다공증,7.683403681053826
0.006186342592592592,1,1,0.3649712690631808,0.31899914452979017,0.33728867102396515,0.23824074074074075,0.08222222222222222,K_2ViE8HZIE,2314,골다공증,7.747164966520335
0.014189814814814815,1,1,0.3046793527596224,0.2515478721844888,0.12040783859840233,0.07997106481481482,0.08825231481481481,g_7u_Yskkd4,1171,골다공증,7.066466970136958
0.014050925925925927,1,1,0.39757970225127093,0.30007301160614847,0.4473798338779956,0.1340162037037037,0.05012152777777778,VwfZvM5k62A,1847,골다공증,7.521859252201629
0.008327546296296296,0,0,0.39523456790123457,0.2625534712189651,0.21866864106753814,0.1426273148148148,0.07638310185185185,X5anRqw_6tA,1752,골다공증,7.469083884921234
0.034756944444444444,0,0,0.344676311728395,0.22892406143799443,0.19454645515613653,0.05534722222222222,0.025144675925925924,h852kE3RJXc,1950,골다공증,7.576097340623111
0.07018518518518518,1,1,0.347462962962963,0.2547076797121526,0.34977153685548296,0.09003472222222222,0.1324884259259259,NgpzGCQZGpI,1816,골다공증,7.504942068396171
0.029594907407407407,1,3,0.5039837962962963,0.3240054538605863,0.15358537581699347,0.25482638888888887,0.09172453703703703,P1P3aJUj_SA,1920,골다공증,7.560601162768557
0.0003125,0,0,0.13396384803921568,0.2354477401036002,0.21451118827160495,0.020023148148148148,0.07247685185185185,trkfWKKcnZw,2386,골다공증,7.77779262633883
0.0027488425925925927,1,1,0.3109530001815541,0.27925110756401805,0.3088486292665214,0.10186921296296296,0.15425347222222222,B16C8iZaVVA,1524,골다공증,7.329749689041512
0.028009259259259258,1,1,0.3368705292302106,0.22957514456157443,0.39634946895424833,0.048802083333333336,0.05919560185185185,n5WFaTgq_Y0,1395,골다공증,7.241366283322318
0.0171875,1,1,0.3650843318809005,0.33990878332669505,0.2567474355482934,0.13994791666666667,0.1043287037037037,7RRgnuY4mMc,2237738,갑상선기능저하증,14.620976539069222
0.022916666666666665,1,1,0.6032439633260711,0.38732641979708243,0.24811551379811184,0.3929398148148148,0.08814814814814814,lmgAd1PC9ZE,278943,갑상선기능저하증,12.538766323811302
0.027337962962962963,1,1,0.4711673474945534,0.3219961056077374,0.23647991557734205,0.1256076388888889,0.11162037037037037,fAPZ5JgWu_M,248996,갑상선기능저하증,12.425196127181493
0.014583333333333334,1,1,0.4708465867828613,0.39519214631419586,0.19450274600580975,0.27935185185185185,0.07038194444444444,TttjdiGzBxs,233759,갑상선기능저하증,12.362050226984527
0.008107638888888888,1,1,0.4631491920842411,0.25736628807732725,0.42053544843863466,0.11213541666666667,0.05365162037037037,I0foKe8Rf2w,279143,갑상선기능저하증,12.539483056686985
0.04258101851851852,1,2,0.5025781590413944,0.3715251629744314,0.22270871913580248,0.2277951388888889,0.08714699074074074,pBnTJ_LZdrI,206033,갑상선기능저하증,12.235796482696395
0.016278935185185184,1,1,0.3222188180827887,0.36839656369464296,0.3831836192810457,0.1795949074074074,0.1189525462962963,qjMRtIJTozI,1399785,갑상선기능저하증,14.151829925758786
0.1280787037037037,1,1,0.6335949074074074,0.4004578555953886,0.21711104302832246,0.4649826388888889,0.07814236111111111,mY65yVVci-c,188749,갑상선기능저하증,12.14817866711127
0.023993055555555556,1,1,0.42043461782861297,0.31901034553939883,0.17657557189542483,0.10553819444444444,0.07891203703703703,96TPzZt_y3g,135235,갑상선기능저하증,11.814776679336202
0.11124421296296297,1,1,0.42573502178649236,0.3364623108454895,0.3060780001815541,0.17298032407407407,0.1334548611111111,iKd66UO4As4,108130,갑상선기능저하증,11.591098734024074
0.004421296296296296,1,2,0.3582470497458243,0.3534971101922006,0.4139665486564997,0.1400810185185185,0.05793981481481481,My6IF5L8RDw,105396,갑상선기능저하증,11.565489451686219
0.10353009259259259,1,1,0.5445037445533769,0.30358858099464653,0.21747031590413943,0.14357638888888888,0.0614525462962963,XAubYr7Z3tM,101313,갑상선기능저하증,11.525979884043938
0.04980902777777778,1,1,0.3466483070079884,0.23707653080354626,0.27229788489469864,0.05502314814814815,0.06519675925925926,6VUHTqzfbK4,91079,갑상선기능저하증,11.419493520177676
0.05219907407407407,1,1,0.393470202432825,0.2787729659515775,0.40793155410312276,0.1204224537037037,0.0936400462962963,20v8rUi4eSY,157037,갑상선기능저하증,11.964243093260482
0.11441550925925927,1,1,0.5018250499273784,0.3792675436133238,0.2904485748002905,0.22617476851851853,0.07388888888888889,0F0qT-i_brA,79373,갑상선기능저하증,11.281926137690435
0.12074652777777778,1,1,0.3500952251270879,0.22568147147553383,0.5170072848583878,0.05188657407407407,0.0830613425925926,kAzo_IGSd_o,94687,갑상선기능저하증,11.458342555199936
0.011637731481481482,1,2,0.36737345679012345,0.2891037705284658,0.26096645787944805,0.12580439814814814,0.06918402777777778,kk_5B-ofm1E,94107,갑상선기능저하증,11.45219833790031
0.13868055555555556,1,1,0.3690735521060276,0.28185206848407124,0.25245433914306464,0.11344907407407408,0.12805555555555556,yCgr6f0vkvM,66271,갑상선기능저하증,11.10152276419531
0.07247685185185185,0,0,0.39292744644153954,0.2750801512722758,0.24436635348583877,0.07189236111111111,0.0830150462962963,ApeWxILt1qQ,64522,갑상선기능저하증,11.07477702836835
0.0019097222222222222,0,0,0.3564104938271605,0.28686846725789295,0.31901466049382715,0.04927662037037037,0.08745949074074075,2WflKL0Ludc,62731,갑상선기능저하증,11.046626963254315
0.002372685185185185,1,2,0.664937704248366,0.41562470365490495,0.11056617647058824,0.5800115740740741,0.11268518518518518,qgzCDunOQ2M,59068,갑상선기능저하증,10.986461531090773
0.0004398148148148148,1,1,0.2711156499636892,0.24112454379954085,0.20760657225853305,0.06892361111111112,0.05195023148148148,yYNnYSOVtYI,83926,갑상선기능저하증,11.337702652365598
0.07280092592592592,1,1,0.5398590913217138,0.34997978688197534,0.3044831154684096,0.07610532407407407,0.08247106481481481,5aul-gg2vJE,49057,갑상선기능저하증,10.800758550573029
0.023460648148148147,0,0,0.5391512118736383,0.3476348235317342,0.20270924110384894,0.18328125,0.055046296296296295,MBVp6c7RA5g,43362,갑상선기능저하증,10.677361821912017
0.18522569444444445,0,0,0.3970299564270153,0.26977827445806984,0.6054682961147422,0.02142939814814815,0.060127314814814814,XHbu8uvZHvo,75660,갑상선기능저하증,11.234018115123202
0.0,1,1,0.36412284404502543,0.27994133962449597,0.5043836692084241,0.10224537037037038,0.04663194444444444,unLD3lUcDfk,37526,갑상선기능저하증,10.532815952882851
0.003553240740740741,1,1,0.30923529411764705,0.2904132714867519,0.33008442265795207,0.0899537037037037,0.14414930555555555,sKe-JeAmfrE,36933,갑상선기능저하증,10.516887815005818
0.05002314814814815,0,0,0.4974885847857662,0.2928682199181325,0.17430909586056645,0.1713888888888889,0.03829861111111111,PIff7PHk13I,271792,갑상선기능저하증,12.512796026136483
0.0999074074074074,1,1,0.5188717547204067,0.3766141702271521,0.24466889070442993,0.33013888888888887,0.07126157407407407,a4aSRwID0qc,32344,갑상선기능저하증,10.384214728478085
0.12235532407407407,1,2,0.509509508896151,0.2852672155719422,0.43487132352941177,0.07781828703703704,0.07800925925925926,n0bhcfUHlu8,31833,갑상선기능저하증,10.368290179989799
0.12403356481481481,1,1,0.42612928921568627,0.2927039763984534,0.40536551379811187,0.13318287037037038,0.06027777777777778,Z730rnwWXjc,48756,갑상선기능저하증,10.794604055861562
0.009618055555555555,1,1,0.4522883759985476,0.2552457382587927,0.4244690223311547,0.07530092592592592,0.06991319444444444,1XSuzWyyIdI,59359,갑상선기능저하증,10.991375877841262
0.06509259259259259,1,1,0.469753721859114,0.3376358182763649,0.23976908587509077,0.12765046296296295,0.09849537037037037,pL1aw-4ypG4,28759,갑상선기능저하증,10.266740811834984
0.025300925925925925,1,1,0.48963711873638344,0.2355368169837434,0.3975191766521423,0.04330439814814815,0.07036458333333333,_cX2XEFuMi0,30332,갑상선기능저하증,10.319991507759509
0.05359375,0,0,0.29186217774146694,0.2834177493021355,0.3063999636891794,0.12174768518518518,0.09130787037037037,h6pliOimVtE,26991,갑상선기능저하증,10.20329580478575
0.04020833333333333,1,1,0.38178746822803195,0.29988514485769696,0.350074913761801,0.08741319444444444,0.06598958333333334,7egGaJkH_xg,26544,갑상선기능저하증,10.186596685017772
0.04741898148148148,1,1,0.436481368010167,0.3758772501653472,0.06387495461147422,0.2552951388888889,0.10662615740740741,7VHRpmbTIjs,24998,갑상선기능저하증,10.126591103050316
0.041539351851851855,1,1,0.5889410629992738,0.3665209681471345,0.1665901643064633,0.4620196759259259,0.07588541666666666,N58jcX_ZGoM,23001,갑상선기능저하증,10.043336447652527
0.00014467592592592592,0,0,0.6174528413217139,0.378798344822587,0.29552183188090053,0.21179398148148149,0.07891203703703703,-m-_0fTOmbA,20643,갑상선기능저하증,9.935179999268618
0.006232638888888889,0,0,0.5674437863108207,0.40539999523104514,0.1798294072258533,0.3777314814814815,0.028778935185185185,qboeJdOqBvI,20457,갑상선기능저하증,9.926129283016953
0.002650462962962963,1,1,0.4473110929557008,0.3003930177830688,0.27913105936819177,0.11125,0.10633101851851852,KGQNJmxvZfU,20552,갑상선기능저하증,9.93076219467101
0.0007002314814814815,1,2,0.34758730482933914,0.3203839506195678,0.3350615014524328,0.11390046296296297,0.1274826388888889,fslewyw_vcc,19851,갑상선기능저하증,9.89606003670733
0.018171296296296297,1,1,0.5555812000726217,0.3244368362731409,0.1045998547567175,0.30993055555555554,0.06086226851851852,F6-MC4ByL1A,20242,갑상선기능저하증,9.915564333761576
0.04103587962962963,1,1,0.29691632625272335,0.2851031425675208,0.3830062636165577,0.09920717592592593,0.12754050925925925,cINUFyjUkg8,18405,갑상선기능저하증,9.820431977398803
0.05756365740740741,1,1,0.5443253676470587,0.3829730539959873,0.24010210148874364,0.30993055555555554,0.0903125,B_dwTCFZlNs,17305,갑상선기능저하증,9.758808541166685
0.0012905092592592593,1,1,0.3559269017792302,0.3151653407415364,0.31958984658678286,0.10788194444444445,0.1252025462962963,f8f505hJYBA,17199,갑상선기능저하증,9.752664662801545
0.07041666666666667,1,1,0.5071377768700073,0.37874322926662446,0.27748263888888886,0.2751099537037037,0.13755208333333332,7sWU0aR1qiM,16852,갑상선기능저하증,9.73228396147602
0.036724537037037035,0,0,0.5484746505083515,0.3427596658024134,0.16916314905591867,0.27186342592592594,0.06716435185185185,TVS_Cz-2Jl4,16501,갑상선기능저하증,9.711236864664288
0.03314814814814815,1,1,0.6150754584241104,0.31003618947678196,0.6104814360929557,0.11965856481481481,0.08548032407407408,OeA-Gg89fEc,13413,갑상선기능저하증,9.504054216659682
0.15086805555555555,1,1,0.5813074164851125,0.3696508460378548,0.26767699255628175,0.26733217592592595,0.12591435185185185,18gb-ma8f7g,13353,갑상선기능저하증,9.499571244417814
0.007476851851851852,1,1,0.4060495188816267,0.308297055952712,0.248124795751634,0.14699074074074073,0.0539525462962963,FCAEZro1p0Y,16046,갑상선기능저하증,9.68327719519936
0.06435185185185185,1,1,0.39764115831517793,0.25913391601727925,0.28289433551198256,0.1032349537037037,0.11321180555555556,9YVu2cYMabo,23547,갑상선기능저하증,10.066796170148152
0.054375,1,1,0.47542165940450254,0.36638108580405365,0.27825295025417573,0.2811284722222222,0.08973958333333333,LkbBa75iHRo,12465,갑상선기능저하증,9.430760217368796
0.10296875,0,0,0.5441611292665214,0.38797568403601035,0.1737929602396514,0.43299768518518517,0.08295717592592593,AW1KjWaploE,12395,갑상선기능저하증,9.42512911890764
0.02720486111111111,1,2,0.48118166757443714,0.3195021708368064,0.2102487972040668,0.1902488425925926,0.07810185185185185,7GI45wFCr3w,11401,갑상선기능저하증,9.341544057591527
0.057818287037037036,0,0,0.3524175063543936,0.2712503333705682,0.2883694625998548,0.07778935185185185,0.19583912037037038,8H5ylF3bt2I,10393,갑상선기능저하증,9.248983995568388
0.009652777777777777,0,0,0.4968744099491649,0.2801238290762622,0.3167489106753813,0.08006365740740741,0.07490162037037038,yanXAWIgBAA,11603,갑상선기능저하증,9.359105145241294
0.053634259259259257,0,0,0.3642951615831518,0.23944343619566882,0.3286802151416122,0.07546296296296297,0.1084837962962963,NwpRVodw2Vs,17882,갑상선기능저하증,9.791605819888035
0.0564525462962963,1,1,0.509296568627451,0.3546980717777792,0.285325118010167,0.23721643518518518,0.07928819444444445,V2KPyZd9hDA,9719,갑상선기능저하증,9.181940897454485
0.011811342592592592,1,1,0.6993958560275962,0.4082204125281118,0.14011553649237474,0.5542939814814815,0.1174074074074074,MPxAkxB46mI,9417,갑상선기능저하증,9.1503780308035
0.021284722222222222,0,0,0.5836980982207698,0.3620645445809504,0.19127689270152504,0.34263310185185186,0.04078703703703704,AOE3n0FI8VA,8497,갑상선기능저하증,9.047586120674756
0.13918402777777777,0,0,0.4608830110748003,0.27583473731768166,0.3797233342411039,0.11821180555555555,0.09354745370370371,sZEPq6WOkTE,17808,갑상선기능저하증,9.787459226476006
0.10356481481481482,1,2,0.3759732207697894,0.32263579911410484,0.31407938453159046,0.1790972222222222,0.06439814814814815,6hT7d-ejbBk,8212,갑상선기능저하증,9.013473543740192
0.10210069444444445,1,2,0.38902523602033406,0.237258318701878,0.4144530001815541,0.03374421296296296,0.11055555555555556,w5IueC2dctM,12377,갑상선기능저하증,9.423675982299306
0.018425925925925925,1,1,0.6340892565359477,0.3880918079864274,0.11511079339143064,0.5064236111111111,0.07581597222222222,gwqG3Gze670,7442,갑상선기능저하증,8.915029272359911
0.07050925925925926,1,1,0.28246294026870006,0.303424428910288,0.5075871686637619,0.09480324074074074,0.10273726851851851,HG7GnpeU_A8,7107,갑상선기능저하증,8.868976189274543
0.015856481481481482,0,0,0.6285830610021786,0.45430411052812847,0.15320095769789396,0.4811400462962963,0.05626736111111111,U9jd9jhprd0,6960,갑상선기능저하증,8.848078421168667
0.030740740740740742,1,2,0.40627201343500363,0.2817800845270133,0.27475451615831514,0.15852430555555555,0.10549189814814815,SVVXmNKZd68,15170,갑상선기능저하증,9.627140989748092
0.16445023148148147,1,1,0.3951824845679012,0.24377753412460543,0.34128578885257804,0.056915509259259256,0.06164351851851852,TIVNr99r-wg,10218,갑상선기능저하증,9.23200401161221
0.050109953703703705,1,1,0.5493698710965867,0.35058454914258896,0.18959670025417574,0.3430324074074074,0.10953703703703704,8vs8EmVynRA,6516,갑상선기능저하증,8.78216942633238
0.00022569444444444443,1,1,0.25884953703703706,0.23674434165814895,0.18581402051561366,0.061099537037037036,0.05074652777777778,mUkpWptYKF4,9746,갑상선기능저하증,9.18471482433721
0.000787037037037037,1,1,0.4739039124909223,0.222236412120478,0.37233426379811185,0.06197916666666667,0.07280092592592592,Lr-EembKNe4,6702,갑상선기능저하증,8.810310466357958
0.026568287037037036,1,1,0.4704276960784314,0.28691146459431127,0.2160902550835149,0.20011574074074073,0.11007523148148148,Zn6MVR_zVKk,13519,갑상선기능저하증,9.511925349596956
0.03841435185185185,0,0,0.6696321033042847,0.36259956304400576,0.20764308732752362,0.6385185185185185,0.043015046296296294,id24-PyAav4,6255,갑상선기능저하증,8.741296282225147
0.06921875,0,0,0.6054761483297022,0.4305306758450093,0.09149235203340596,0.5965219907407407,0.04743634259259259,B9v-DTyhDbk,6074,갑상선기능저하증,8.711937268208748
0.10133680555555556,1,1,0.5099640295933188,0.39596484611829785,0.19892143246187363,0.37872685185185184,0.09225115740740741,qtxLvYZREkw,6012,갑상선기능저하증,8.70167907103957
0.10534722222222222,0,0,0.40622567175018154,0.22088319166026985,0.3423529638707335,0.0797511574074074,0.06238425925925926,0775pE5v4qA,6463,갑상선기능저하증,8.774003600200931
0.00490162037037037,1,1,0.5407270787944808,0.3663148902665813,0.4010636347131445,0.2936284722222222,0.06835648148148148,5kXLHONewDA,5931,갑상선기능저하증,8.688116703257823
0.030086805555555554,0,0,0.33859338689179375,0.3716589801824165,0.3529665259622367,0.18949074074074074,0.12174189814814815,slXui2z2RAU,74009,갑상선기능저하증,11.211955498191513
0.010925925925925926,1,1,0.48511471949891066,0.32686808494385083,0.3035321350762527,0.13935763888888889,0.09237268518518518,Drpibs38BaA,5712,갑상선기능저하증,8.650499558724462
0.4521585648148148,1,1,0.42795901416122,0.29831183338581335,0.3845256445170661,0.12905671296296295,0.10230324074074074,p4jD0vX-x90,5688,갑상선기능저하증,8.646289764750648
0.018836805555555555,1,2,0.4518277732389252,0.2767827121191026,0.07192379266521423,0.2081886574074074,0.059409722222222225,xxmwIkmf8hE,6049,갑상선기능저하증,8.707813551024888
0.0,0,0,0.734540350399419,0.4308498549565702,0.016007125998547568,0.7015798611111111,0.027586805555555555,uBJwxtj_0Kk,5308,갑상선기능저하증,8.57715877258367
0.007488425925925926,1,1,0.4012305737109659,0.3067983851751353,0.18893970134350035,0.17133680555555555,0.062135416666666665,bWouzYW3e9E,6865,갑상선기능저하증,8.834336974017637
0.1595949074074074,1,2,0.6246329656862746,0.37831067850047423,0.3283122276688453,0.31276041666666665,0.12239583333333333,ttgw3d06kYo,5206,갑상선기능저하증,8.557759153162898
0.00020833333333333335,0,0,0.4700487926652142,0.32445816403291766,0.6142437136891794,0.12732060185185184,0.07423611111111111,45CDV0ItQZQ,13505,갑상선기능저하증,9.510889310134788
0.032609953703703703,1,1,0.34349777596223674,0.27775727693371366,0.3093757262164125,0.09359953703703704,0.12435763888888889,9bozGvu25RE,4418,갑상선기능저하증,8.39366870513074
0.025671296296296296,1,2,0.48307659313725493,0.3228877340670999,0.2075676289034132,0.20467592592592593,0.07925925925925927,EbDuC4QUu4g,4375,갑상선기능저하증,8.383890344101816
0.12431712962962962,0,0,0.5025373774509804,0.3571967045211593,0.24301373002904866,0.24717592592592594,0.0843113425925926,j0OF7lTtYl0,4365,갑상선기능저하증,8.38160253710989
0.02755787037037037,1,1,0.6018131581336239,0.3387511961041507,0.44983501270878723,0.1815335648148148,0.10146412037037036,8xnDHI53Urk,4374,갑상선기능저하증,8.383661798791715
0.00109375,1,1,0.42918380083514884,0.34438122073483135,0.009140182461873638,0.19316550925925927,0.044334490740740744,8a_2DOZnFZY,4306,갑상선기능저하증,8.36799688505411
0.0002951388888888889,1,1,0.2742842002541757,0.2443915996643783,0.16956669843863473,0.08726273148148148,0.04134837962962963,4YsvQhQVWJw,5894,갑상선기능저하증,8.68185981297147
0.15361689814814813,1,1,0.6580054466230937,0.3846858606985265,0.1953129765795207,0.4702662037037037,0.10184027777777778,rfkFJLqgDbY,4149,갑상선기능저하증,8.330863613224745
0.016342592592592593,1,2,0.22055299110384896,0.3075163646475852,0.19993591140159767,0.09766203703703703,0.09664351851851852,ngySgoFDRRY,4113,갑상선기능저하증,8.322151070212902
0.06195601851851852,0,0,0.3221250680827886,0.3216617851139645,0.2822426470588235,0.09520254629629629,0.05721064814814815,jf7wSj8jJBk,4051,갑상선기능저하증,8.306965865368573
0.0982349537037037,0,0,0.3696029638707335,0.3572401381703232,0.2498674428104575,0.2258101851851852,0.049618055555555554,NINhvifNx0Y,5710,갑상선기능저하증,8.650149418664864
0.057644675925925926,0,0,0.16044167574437182,0.1136515748759625,0.30757377904865646,0.0051967592592592595,0.02464699074074074,V4pgMQokrnY,5603,갑상선기능저하증,8.631235907456897
0.08399305555555556,0,0,0.36685026325344955,0.29364611280184183,0.2491308551198257,0.07030671296296297,0.1,HaZfAS5N7lI,3479,갑상선기능저하증,8.15478757276852
0.02404513888888889,1,1,0.42192354302832247,0.32235690713310666,0.17998946986201889,0.10986689814814815,0.09047453703703703,YOKzBUHeHqQ,3481,갑상선기능저하증,8.155362120328135
0.08605902777777778,1,2,0.26921033042846765,0.2856356515852839,0.47661342592592587,0.05974537037037037,0.08743634259259259,reOCKhI4aBw,3430,갑상선기능저하증,8.14060704285845
0.018761574074074073,1,1,0.3918916122004357,0.2898156702619565,0.26894896060275963,0.16093171296296296,0.08998263888888888,khL-NTZSDh8,6214,갑상선기능저하증,8.734721003944811
0.0011342592592592593,0,0,0.10160294117647059,0.15412530563574953,0.13472714687726942,0.017025462962962964,0.08300925925925925,JHqEKgGK_Cs,12664,갑상선기능저하증,9.446597562435775
0.05368055555555556,1,1,0.5506694126724764,0.42765204826803405,0.2804384304647785,0.443130787037037,0.09358796296296296,Cd_LcuHcNkc,3351,갑상선기능저하증,8.117312461601975
0.00037037037037037035,1,1,0.2458529411764706,0.2369029069071365,0.19176105210602762,0.06599537037037037,0.05945601851851852,5BRwCbODdB8,4737,갑상선기능저하증,8.463370384718731
0.0697337962962963,1,1,0.3273319262890341,0.3161886894097963,0.27481043482207695,0.11008101851851852,0.09950810185185185,FmIz9AwGgcs,3075,갑상선기능저하증,8.031385330625534
0.00043402777777777775,1,1,0.25780140250544664,0.23650936496533953,0.18708471768336965,0.06433449074074074,0.05139467592592593,n38x5AGJX3c,4229,갑상선기능저하증,8.349957272040324
0.034890046296296294,0,0,0.6984843863471315,0.3814577500014386,0.22497646604938273,0.1611400462962963,0.0638599537037037,AQeopwjXp70,3006,갑상선기능저하증,8.008698182988528
0.005827546296296296,0,0,0.40033943809005085,0.38275509097276567,0.0850474763979666,0.2689814814814815,0.056539351851851855,a46M35v-Cyk,6401,갑상선기능저하증,8.764365720529808
0.04275462962962963,1,1,0.4856747004357298,0.33067145528552877,0.316728690087146,0.05838541666666667,0.11822916666666666,hr9kqYuI-ck,2794,갑상선기능저하증,7.9355873855892
0.015324074074074073,1,2,0.5464382489106754,0.3601292844191974,0.40711714778503993,0.15333333333333332,0.10957754629629629,m0AXY5o_oC4,2752,갑상선기능저하증,7.920446505142607
0.033935185185185186,1,1,0.3851657135076253,0.30304216361173497,0.36923502178649237,0.09578125,0.11240162037037037,6OJcipEIODk,2944,갑상선기능저하증,7.987864096085687
0.019947916666666666,0,0,0.30201041666666667,0.2303973547746908,0.23823996913580248,0.03329861111111111,0.09882523148148148,Fi4HuGy6YNo,3023,갑상선기능저하증,8.014335737299424
0.02810763888888889,1,1,0.5893323801742919,0.39692265544269345,0.2994601715686274,0.27685763888888887,0.10253472222222222,46xJ4uVD8Ug,2667,갑상선기능저하증,7.889084407035514
0.00019097222222222223,0,0,0.616018019244735,0.4272669562964798,0.16522728304284676,0.58015625,0.055532407407407405,G8nhS3B-pB0,2668,갑상선기능저하증,7.889459149404524
0.009832175925925926,0,0,0.6423170388525781,0.4260231329598373,0.18959354575163398,0.5003182870370371,0.07224537037037038,pSk03l_v2TU,2614,갑상선기능저하증,7.869019376499023
0.0002314814814814815,1,1,0.2589193218954248,0.23243769845735698,0.18632813634713144,0.05610532407407407,0.04486689814814815,Zfz0jQNVHQA,3836,갑상선기능저하증,8.252446090246952
0.0017766203703703705,1,2,0.5108733433188091,0.34296342642182154,0.03410836510530138,0.344068287037037,0.050109953703703705,1GIzIDwy9Bk,3684,갑상선기능저하증,8.212025804623437
0.1624537037037037,1,1,0.5694053649237473,0.363077094496671,0.24985146604938271,0.27424189814814814,0.159375,q6w4UDxy0vw,2549,갑상선기능저하증,7.843848638152472
0.0003298611111111111,1,1,0.27337742828612926,0.24784887114721244,0.1684265159767611,0.07893518518518519,0.045086805555555554,uQO2rxmtMFw,3303,갑상선기능저하증,8.102889134640868
0.02625,1,1,0.6335613652868555,0.40047531270566317,0.16167218137254902,0.46859953703703705,0.16647569444444443,y1oy39JxLAc,2422,갑상선기능저하증,7.792761720816526
0.07065972222222222,0,0,0.5561652142338417,0.38036738370944384,0.17183707788671024,0.4794212962962963,0.06470486111111111,qKU8r3oNUzo,2370,갑상선기능저하증,7.771067086065406
0.03750578703703704,1,1,0.38299979575163395,0.3040716394042871,0.160925290486565,0.10315393518518519,0.11034143518518519,vdsf2P80Bis,2231,갑상선기능저하증,7.710653323501202
0.008640046296296297,1,1,0.4576017610748003,0.33696094543172544,0.1905135938634713,0.261412037037037,0.07653935185185186,qD3iphtYekg,2481,갑상선기능저하증,7.8168199657645525
0.012123842592592592,0,0,0.3260453885257807,0.28283657355445163,0.190380582788671,0.08954282407407407,0.10484953703703703,Wo6Ot6L9Uyw,4855,갑상선기능저하증,8.487970332739334
0.0040335648148148145,1,2,0.3181474219317357,0.2668342695820805,0.18307389251997094,0.1339525462962963,0.050387731481481485,Bvk9avZuRBE,2173,갑상선기능저하증,7.684324067681155
0.04442708333333333,0,0,0.21747594408133625,0.2183785277218659,0.33658589778503994,0.02120949074074074,0.07447916666666667,dC8L5V4gcCU,2361,갑상선기능저하증,7.767263996757308
0.0074594907407407405,1,1,0.46850106663035584,0.316159901042074,0.2919379765795207,0.1392650462962963,0.10331597222222222,7FvnpcQpc5k,1890,갑상선기능저하증,7.544861068658458
0.12755208333333334,1,1,0.48970418028322443,0.3510058321269379,0.22066296750181555,0.25388310185185187,0.1080787037037037,PG4offPx7Ag,1869,갑상선기능저하증,7.533693709848633
0.019265046296296297,1,1,0.6068189905591866,0.3907493645339063,0.281824913761801,0.24900462962962963,0.09968171296296297,dPi8HqD379w,1846,갑상선기능저하증,7.52131798019924
0.00030671296296296295,1,1,0.2688834649600581,0.24595387107350156,0.15728109114015978,0.06285300925925925,0.04765625,hV_UAdWK1g8,2779,갑상선기능저하증,7.930206206684683
0.0002199074074074074,1,1,0.2598366920842411,0.23307334676130648,0.2050960875090777,0.05949652777777778,0.04611689814814815,CRPvL2tVtn8,2512,갑상선기능저하증,7.829232537543592
0.04382523148148148,1,1,0.3435586419753086,0.22374789196630748,0.33104028231663035,0.024618055555555556,0.07798611111111112,pHH12F9ESw0,1778,갑상선기능저하증,7.483806687665835
0.048171296296296295,1,1,0.42542488198983297,0.28106088916968164,0.4911208469498911,0.08548032407407408,0.08647569444444445,FaSJrLKqhII,1731,갑상선기능저하증,7.4570320891223805
0.02607638888888889,1,1,0.4975494734931009,0.3383783668426249,0.14770286401597676,0.3007175925925926,0.06837384259259259,5_C5MsSpHhs,1953,갑상선기능저하증,7.577633832602728
6.944444444444444e-05,1,1,0.492274623275236,0.299766546437713,0.06710475671750181,0.3032349537037037,0.04701967592592592,FGeCPY9C-H8,2212,갑상선기능저하증,7.70210434005105
0.0009953703703703704,0,0,0.26571584513435004,0.24053537684743465,0.16597703340595496,0.07728587962962963,0.051597222222222225,vgqEgW0BbtY,2307,갑상선기능저하증,7.744136627627991
0.027806712962962964,0,0,0.3710575526506899,0.3272872900145241,0.3435545797022513,0.16594328703703703,0.1303587962962963,FLRlvOYlWQQ,1647,갑상선기능저하증,7.4073177104694174
0.002065972222222222,0,0,0.47058830337690627,0.31286798835190566,0.1387631172839506,0.30377314814814815,0.06725694444444444,jW1CAcntO_A,1711,갑상선기능저하증,7.445417556701687
0.011087962962962963,1,2,0.3924976397966594,0.2730829200660797,0.26290216503267977,0.1256886574074074,0.0821412037037037,knQaOTWveLA,5010,갑상선기능저하증,8.519390774959724
0.1443576388888889,1,1,0.5828873002904865,0.36637164833087443,0.2641207334785766,0.3154976851851852,0.08865740740740741,WGDtj544TIE,1525,갑상선기능저하증,7.330405211844402
0.0002719907407407407,1,1,0.2595087599854757,0.2370849033553106,0.19203610657225853,0.06366319444444445,0.048101851851851854,1Ld_BdqCkyg,1993,갑상선기능저하증,7.597897950521784
0.0979224537037037,0,0,0.4655967683369644,0.37283935917492134,0.15058918845315905,0.2839351851851852,0.051556712962962964,U7oPU9iWvP8,1499,갑상선기능저하증,7.313220387090301
0.0020486111111111113,0,0,0.08786853213507625,0.20630329974695893,0.12412933460421206,0.024623842592592593,0.09169560185185185,wspuSAx5gPE,6193,갑상선기능저하증,8.731336360533149
0.005590277777777777,1,1,0.2865765931372549,0.1785657994952003,0.20412840413943353,0.02217013888888889,0.1096701388888889,hxkowOmd7rA,2182817,빈혈,14.596127260549384
0.00318287037037037,1,1,0.49497499092229486,0.3589596695159816,0.3190630219680465,0.23270833333333332,0.1374363425925926,NAE7Zc2-xO0,807891,빈혈,13.602183665203151
0.40995949074074073,1,1,0.41159847040668124,0.22619537145099392,0.48882248547567175,0.014027777777777778,0.05910300925925926,0-90FuV7Po8,102261,빈혈,11.535293426432174
0.14882523148148147,0,0,0.4061568854393609,0.32274124224699596,0.4295294117647059,0.10219907407407407,0.1637962962962963,KOhV28r3Vlc,102441,빈혈,11.537052063746463
0.00014467592592592592,0,0,0.26502385167029774,0.24582578552838336,0.6292830201525055,0.02925925925925926,0.16771990740740741,Ds_LhnWO8qA,91908,빈혈,11.428554236084064
0.00019675925925925926,0,0,0.1406381399782135,0.19634777885210788,0.2063801289034132,0.04178240740740741,0.05472222222222222,tK9LJyejv5c,71908,빈혈,11.183156709728118
0.06282407407407407,1,1,0.3858471995279593,0.3528390866296261,0.3372860611837328,0.12173611111111111,0.07160300925925926,4IPYkUa6wf0,44948,빈혈,10.713283792711254
0.03266203703703704,1,1,0.4643700072621641,0.4017258952363445,0.1392092864923747,0.3391261574074074,0.06484953703703704,7Ly_7cGE7Wo,40901,빈혈,10.618934240590841
0.014542824074074074,1,2,0.6373424337327523,0.35368796038091116,0.5713897285766157,0.5482638888888889,0.051458333333333335,uTmoC3DI6qs,38824,빈혈,10.566819648016887
0.1394675925925926,0,0,0.5688678740014524,0.3595969699927871,0.2796116557734205,0.15624421296296295,0.12677083333333333,KiIlPblidyY,35852,빈혈,10.48718252453499
0.0034432870370370372,1,1,0.31086526416122007,0.28813965779606215,0.401141975308642,0.09869212962962963,0.1110474537037037,tCp7LISKb2A,32541,빈혈,10.390286841699265
0.0031886574074074074,1,1,0.40388993282498187,0.29912148684890344,0.2740220134350036,0.12022569444444445,0.06721643518518519,wujKUYyr7dw,47562,빈혈,10.76981042703236
0.055457175925925924,1,1,0.4893893200798838,0.3594011983711488,0.2774431735657226,0.2064525462962963,0.11665509259259259,jw4psQGB35Q,32171,빈혈,10.37885178802396
0.01958912037037037,0,0,0.35269750816993467,0.2682045485997757,0.21930821078431373,0.09711226851851852,0.11216435185185185,uxmT3ph-wck,31394,빈혈,10.35440392354821
0.030908564814814816,1,1,0.6590610702614379,0.411884414310787,0.14847646604938272,0.46685185185185185,0.07233217592592593,nP3a-dcvywE,28169,빈혈,10.246012860870419
0.005329861111111111,0,0,0.3817881717501816,0.2641755373525507,0.15904600127087873,0.07667824074074074,0.062170138888888886,g7EpMAYxCDw,37438,빈혈,10.530468220833116
0.09234953703703704,1,4,0.45789969135802466,0.34931925999351354,0.29696663943355117,0.2311574074074074,0.11211226851851852,YXnTc0KfVhM,26646,빈혈,10.190431852901
0.13090277777777778,0,0,0.28137400145243285,0.20059216469053015,0.5350004765795207,0.021747685185185186,0.0700636574074074,hPFQeiVt-8k,33618,빈혈,10.422846662320358
0.10202546296296296,1,1,0.625758487654321,0.3939118816555426,0.3083487881263617,0.4398148148148148,0.09447916666666667,97EdP2sQ0_E,22262,빈혈,10.010681386638243
0.04300925925925926,1,1,0.44324396332607113,0.3522713153891234,0.1163153367828613,0.17899305555555556,0.08888310185185185,0P_auH22NZs,65216,빈혈,11.085475450125289
0.01339699074074074,1,1,0.40122787309368196,0.33826307545275913,0.23901470588235293,0.13412037037037036,0.09913194444444444,FtC_1fSTduQ,18242,빈혈,9.811536723788219
0.002957175925925926,1,1,0.3713641521423384,0.26601993842200305,0.2132258079157589,0.04195601851851852,0.07001157407407407,qS_heDBVupM,17121,빈혈,9.74811946530243
0.05794560185185185,0,0,0.3284987972040668,0.2190122750475934,0.45177546296296295,0.053703703703703705,0.07242476851851852,nx8SCvz-bXc,28119,빈혈,10.244236345924602
0.018755787037037036,1,4,0.4841108160856935,0.30183091543217333,0.17683551198257083,0.08370949074074074,0.07309606481481482,pUwQEcmAMaA,16008,빈혈,9.680906343078094
0.002800925925925926,1,1,0.5664178694625999,0.4427136740008983,0.12812992465504722,0.4621122685185185,0.15755787037037036,gJBIndRdh5A,15340,빈혈,9.638284261844774
0.023506944444444445,1,1,0.35079493464052286,0.2917507585059215,0.30239581063907045,0.06866898148148148,0.07239583333333334,TTxmzX_Qiuc,14566,빈혈,9.586513975448948
0.07225115740740741,1,1,0.38673200344952796,0.3215418242079384,0.36311049836601306,0.1672511574074074,0.06882523148148148,IhdVHmE91kQ,12610,빈혈,9.442324727955874
0.0035185185185185185,0,0,0.27060961328976035,0.24253619985825625,0.3419272875816993,0.0593287037037037,0.0616724537037037,Glydd7KCgco,32853,빈혈,10.399828782101146
0.07921875,1,2,0.388213167211329,0.3312455381515502,0.3930507897603486,0.1258159722222222,0.09624421296296297,a4Bg6I4QP6M,10321,빈혈,9.242032818708672
0.004427083333333333,1,2,0.677578022875817,0.40156728382673745,0.27279938271604937,0.46774305555555556,0.06903356481481482,ym3MQ_S4xxM,9717,빈혈,9.181735114965848
0.02495949074074074,1,1,0.33193475399419026,0.26931832026697056,0.32273647421931734,0.14276620370370371,0.05991319444444444,gh0NbFubzmo,9433,빈혈,9.152075463844207
0.008269675925925925,0,0,0.33203848946986203,0.29910790901759277,0.2631090459331881,0.10258101851851852,0.16335069444444444,oYcptvcvbBk,8095,빈혈,8.999125391527247
0.10440972222222222,1,2,0.3860773874364561,0.2867728751313,0.4140293663761801,0.03997106481481481,0.11385416666666667,U0293_4jmKQ,7963,빈혈,8.982686665184087
0.002355324074074074,1,1,0.5964210012708787,0.3971190019212625,0.16203903413217138,0.411880787037037,0.1271238425925926,3SFh1QuLVRc,7584,빈혈,8.933927891782632
0.06527199074074073,0,0,0.590485521060276,0.4198405521951742,0.0757297567175018,0.4580266203703704,0.05748263888888889,rizhKr2JS8M,4159209,치질,15.240835710357274
0.014936342592592593,1,1,0.36464876089324616,0.2799851218976404,0.273353894335512,0.06382523148148148,0.0840625,0ZXkC3ODjQM,3063271,치질,14.934994183700537
0.025844907407407407,1,1,0.5052367919389977,0.3116001851720546,0.2646129493464052,0.1272337962962963,0.12126157407407408,E0d_eSOTLd4,1199298,치질,13.997247777399737
0.05789351851851852,0,0,0.37567737835875087,0.32060471406314206,0.27632480029048656,0.12513888888888888,0.20513310185185185,MhV6iFTL8z4,962152,치질,13.776928760660786
0.07839699074074075,1,1,0.48595806100217864,0.33499438009895693,0.2442941630355846,0.15230324074074075,0.09429976851851851,yT8YuDEFdiM,906111,치질,13.716918197693806
0.04877893518518518,1,1,0.38591065268700075,0.2974193474560963,0.2609795751633987,0.09938078703703704,0.13175347222222222,4NaeaFGk8aA,895621,치질,13.705273727942773
0.08847800925925926,0,0,0.4346360294117647,0.297529280361462,0.23124478031953521,0.07409722222222222,0.11230902777777778,p1EFOK9V81I,858049,치질,13.662417651830449
0.0587037037037037,1,1,0.38924019607843136,0.3082465620182387,0.21573036946259985,0.06655092592592593,0.06936921296296296,uP2VYIdmaQ0,684605,치질,13.436598769281709
0.11093171296296296,1,1,0.2520988108206246,0.2848193696767066,0.22971466503267973,0.046828703703703706,0.06813657407407407,wWCVMfu5IOQ,609603,치질,13.320564845012836
0.08535300925925926,1,1,0.3676468318809005,0.30338617787428185,0.33909738108206244,0.03523726851851852,0.09243055555555556,tIC_AB7koFs,496936,치질,13.116218536480586
0.14888888888888888,0,0,0.5634784404502542,0.342147065269993,0.28512109658678286,0.08340856481481482,0.09473958333333334,D6kEQfGCEWM,344644,치질,12.750270180737216
0.13409722222222223,1,1,0.500352850399419,0.38209204046397016,0.29368312000726216,0.3637962962962963,0.0946412037037037,eyKZzgJEr5c,338081,치질,12.731043748591969
0.07097222222222223,1,2,0.4919644607843137,0.34113495739217525,0.21444085875090776,0.20623263888888888,0.10127893518518519,Nl3ul7nXINE,317000,치질,12.666660207428574
0.005619212962962963,0,0,0.40287511347131444,0.32615668249261687,0.1935991739288308,0.0880324074074074,0.1031712962962963,WbrWIVVGh_8,282703,치질,12.55215569285643
0.03390625,1,1,0.5616253631082063,0.36142692404774546,0.18367538126361657,0.270630787037037,0.08798611111111111,aPFMm1wBTuM,228335,치질,12.338573507340172
0.03388310185185185,0,0,0.31713310185185184,0.36634997044218764,0.3402234250181554,0.16811921296296295,0.06903356481481482,iiCEhVtW4Eg,219634,치질,12.299722356609927
0.04030092592592593,0,0,0.4309109250181554,0.3129600636878965,0.1751698211692084,0.12065972222222222,0.06359953703703704,XIXS4rIRcMc,210582,치질,12.257635153676448
0.007141203703703703,1,1,0.40898270697167755,0.29568716710396753,0.2069672748729121,0.1498900462962963,0.13659722222222223,kOR4mNlfEWg,257210,치질,12.457652038704781
0.011626157407407408,0,0,0.3205206517792302,0.26791312578530363,0.15121425653594772,0.07022569444444444,0.18284722222222222,bB_ZqDJ6ing,164031,치질,12.007816809723742
0.01369212962962963,1,1,0.4522462327523602,0.3094189679411849,0.41006524600580974,0.14441550925925925,0.06572337962962962,v5jeM7AltaY,154185,치질,11.945914944809312
0.014189814814814815,0,0,0.44771343954248366,0.2640485735248623,0.3312786174655047,0.1177025462962963,0.07686342592592593,quMHNEwKrts,225039,치질,12.324033443163739
0.01791087962962963,0,0,0.25675485657225855,0.22060233931735634,0.2440390341321714,0.03238425925925926,0.0914525462962963,MlmoUUl5st0,179241,치질,12.096492127061438
0.01257523148148148,0,0,0.44113977396514165,0.31715633912409147,0.2621091594045025,0.14824074074074073,0.10633101851851852,KhWOsRVuE8U,152549,치질,11.935247690144816
0.536869212962963,1,1,0.6440881445170661,0.2703366089861065,0.5127896695715323,0.10184027777777778,0.06023148148148148,b7tPeA7UIe0,152269,치질,11.933410539834778
0.016689814814814814,1,1,0.499680056281772,0.3119959894493356,0.21717957970225127,0.14763310185185186,0.06592592592592593,dBk5bOtXeUA,243937,치질,12.404669373626225
0.023599537037037037,1,2,0.2963139978213508,0.3140963214191037,0.32445624546114743,0.12195023148148149,0.06638888888888889,N8sA6q3Sr80,126029,치질,11.744275252831537
0.10008680555555556,1,2,0.5744539760348584,0.37565520489207094,0.2771491240014524,0.13512731481481483,0.08018518518518518,70nVb8-MvYA,125388,치질,11.739176184035149
0.012309027777777778,0,0,0.45114687726942626,0.3148552806460425,0.0479748547567175,0.22403356481481482,0.06251157407407408,ZCIWr-JhJpg,127404,치질,11.755126267817895
0.011342592592592593,1,2,0.49840463870733476,0.41333806173586435,0.11830537400145243,0.3962615740740741,0.08641203703703704,a6XR1TziOSo,115651,치질,11.658340961068204
0.010688657407407407,1,1,0.09537583968772693,0.16473491929908843,0.37225710330428463,0.021753472222222223,0.04161458333333334,qIe25rVJRcM,127209,치질,11.753594543150257
0.013663194444444445,1,1,0.4451865922294844,0.30082607318110033,0.4167749863834423,0.12807291666666668,0.06184606481481481,PXmSTwtNtSE,106029,치질,11.571477351919844
0.0047858796296296295,1,1,0.37145921840958607,0.30169669966306867,0.19090804284676835,0.14726273148148147,0.05504050925925926,OJU4zny_t08,3065373,치질,14.935680142746767
0.018744212962962963,1,1,0.4760953612926652,0.37954232661299986,0.15326967592592594,0.2877662037037037,0.10510416666666667,jrCaQTwEHcA,274146,치질,12.521419737857858
0.009479166666666667,0,0,0.4500954520697168,0.3767592976330757,0.4055531499636892,0.2442013888888889,0.08311342592592592,NxpJ4Jn6sFU,97807,치질,11.490761652268507
0.013489583333333333,0,0,0.3238427968409586,0.2898756855335687,0.2184790305010893,0.06673032407407407,0.1753414351851852,_yfaTPjFgsw,97097,치질,11.48347605674494
0.12628472222222223,1,1,0.552396332607117,0.38819629218004137,0.3483221677559913,0.3069618055555556,0.11789930555555556,7P4MfSCu-Oo,96042,치질,11.472551286831916
0.01974537037037037,1,2,0.5256100671750181,0.3353177514944724,0.5664584468046479,0.3052141203703704,0.10806712962962962,aMD9zvyrGWY,95179,치질,11.463525114675102
0.25069444444444444,0,0,0.3068652187726943,0.28447098296666007,0.48351227759622367,0.08575810185185186,0.06466435185185185,MzARRkh_KRk,91869,치질,11.428129813265512
0.03879050925925926,0,0,0.5733899101307189,0.3613221604391422,0.18290960875090775,0.20927662037037037,0.030283564814814815,aorQsrsU4oA,90921,치질,11.417757275084858
0.04788773148148148,1,1,0.5019831608569353,0.3659241920843045,0.23797798656499639,0.3355208333333333,0.10777199074074074,NoM7SR-Xqik,91353,치질,11.422497348477497
0.1537673611111111,1,1,0.4764181871822803,0.355475977536117,0.24277165032679737,0.22877314814814814,0.10980324074074074,_a8MX_Vu9AA,89064,치질,11.397121719226586
0.032337962962962964,1,1,0.6212302332970224,0.4129348626644176,0.18778937454611475,0.38347800925925923,0.12194444444444444,lWIDX4vMVCM,87441,치질,11.378730995415923
0.01808449074074074,1,1,0.42081563180827886,0.20505205000708795,0.5542195442992012,0.08103587962962963,0.04140625,Jd7OK9Z07VY,133493,치질,11.801811811992213
0.04694444444444444,0,0,0.47611428830791575,0.3526334653051032,0.2187638435003631,0.23990162037037038,0.10911458333333333,FFAkpd49-zk,72436,치질,11.190472497556128
0.07533564814814815,1,1,0.3683348765432099,0.3122883240300876,0.38167168209876545,0.08337962962962962,0.11686342592592593,Vaf_QTnLXwQ,72613,치질,11.192913019687698
0.014618055555555556,1,2,0.5014303966957153,0.3259976406098401,0.4538605891430646,0.1595023148148148,0.12524305555555557,f1SD7NTQfnU,65375,치질,11.087910497617349
0.02724537037037037,0,0,0.42476264070442993,0.3293018854116049,0.13583950617283952,0.18622106481481482,0.08454861111111112,CzJ1Nu2bVjQ,61524,치질,11.027198875259257
0.13045717592592593,0,0,0.6493347630718954,0.376725060245823,0.1765268019244735,0.42004050925925923,0.0853587962962963,4WBOuUlSlVU,60767,치질,11.014818613612013
0.13049768518518517,1,1,0.6444293981481483,0.38367677795753335,0.16559089052287582,0.48670138888888886,0.08818287037037037,5JRBetku5qw,59580,치질,10.995092010282178
0.04545717592592593,0,0,0.533237586238199,0.40943539942619195,0.15182178195352214,0.4221238425925926,0.08811342592592593,Tiz771v_iLY,59847,치질,10.99956329355224
0.0022337962962962962,1,1,0.369954679557008,0.29726857979812865,0.21233596586782863,0.15237847222222223,0.08104166666666666,UqhjsXOfkec,66070,치질,11.09848520037178
0.026817129629629628,0,0,0.46912842683369643,0.37589477760684215,0.2764109704066812,0.3024189814814815,0.12752314814814814,lt0BHOi_LZU,58006,치질,10.968318971901319
0.16037037037037036,1,1,0.4983684640522876,0.38123861356994426,0.35002784586056646,0.24052662037037037,0.1355613425925926,HegQ3TDjlWw,57149,치질,10.953434669222956
0.1487210648148148,1,2,0.6696970315904139,0.3243143688623817,0.47666505537400145,0.1480613425925926,0.0804224537037037,qyn7aliDWWk,55991,치질,10.932964102369375
0.027488425925925927,1,2,0.3760670388525781,0.3476105073944894,0.17880836964415395,0.13077546296296297,0.1025462962962963,V14rjIDYWCQ,55819,치질,10.929887507090314
0.027824074074074074,0,0,0.11951504629629629,0.15452875097082272,0.32086664851125635,0.01326388888888889,0.02957175925925926,ZEurkeheW60,81522,치질,11.308640468004558
0.09774305555555556,1,1,0.5735019290123456,0.4087221767389648,0.32521144244734934,0.34520833333333334,0.12015046296296296,-T7IWDvJ2lE,54284,치질,10.902003224665952
0.07853587962962963,1,1,0.5375519925562817,0.36314207533603865,0.377844566993464,0.17357060185185186,0.085,i4TrzlZ5H_c,54047,치질,10.897627819607527
0.07637731481481481,1,1,0.5802927559912854,0.35640574023370586,0.2403409359114016,0.16140625,0.07693865740740741,02KPmPkZNQs,54494,치질,10.905864233323411
0.03253472222222222,0,0,0.24862770061728395,0.27773186190031346,0.38954522966594046,0.06873842592592593,0.07560185185185185,f2bkzLjM-Hw,64338,치질,11.071921258241396
0.1161574074074074,1,1,0.35521046659404504,0.268043487265366,0.3816072303921569,0.03923032407407408,0.04822337962962963,Ss8DqEnAhEA,48288,치질,10.784959070432006
0.013778935185185186,1,1,0.452108228939724,0.3071697672120393,0.41201141521423384,0.13407407407407407,0.06627893518518518,ZMCf48tpExg,47044,치질,10.758859869440865
0.03425925925925926,0,0,0.19871375726216411,0.18552837154311552,0.28960938634713146,0.02640625,0.05669560185185185,oVrNtVSvFLk,73521,치질,11.205339960141606
0.034340277777777775,0,0,0.49358156318082785,0.2997930803572444,0.20763208061002178,0.24189814814814814,0.039467592592592596,Jk2o8SLZmxc,50331,치질,10.82639633671186
0.0010474537037037037,0,0,0.20570942265795208,0.253868431398414,0.10751933551198257,0.07730902777777778,0.06898726851851852,pwO3vO8kl98,73163,치질,11.200458775695816
0.006915509259259259,1,1,0.4827034540668119,0.3283218216653891,0.15966759713144518,0.27207754629629627,0.04496527777777778,6lzcQZN9RkY,58164,치질,10.971039078250866
0.06001736111111111,1,1,0.3623590459331881,0.29699191440043926,0.2883682371096587,0.09596064814814814,0.10130208333333333,Ya_36p4eXxQ,40345,치질,10.605247536194296
0.022060185185185186,1,1,0.18375156590413944,0.2814323929040494,0.35712379720406684,0.0718287037037037,0.07002314814814815,5v7e3hNjMKU,35755,치질,10.484473366207743
0.29355902777777776,1,2,0.5169993418663762,0.20966868801331534,0.5750784994553377,0.05080439814814815,0.05947337962962963,CW6Rrzr7Vkw,50459,치질,10.828936222195049
0.05701388888888889,1,1,0.4483836692084241,0.3496816865174057,0.37783201706608566,0.08002893518518518,0.10463541666666666,yGWR2a3gZv4,35038,치질,10.464217005830303
0.013680555555555555,1,1,0.4512463916122004,0.30660816061393636,0.4128440223311547,0.1346412037037037,0.06824074074074074,ku6be90JRxg,33978,치질,10.433497965716953
0.0008275462962962963,0,0,0.4874021877269426,0.297945830449391,0.3321069126724764,0.04105902777777778,0.051556712962962964,5Gv4otvxVuQ,47164,치질,10.761407371083953
0.025827546296296296,1,1,0.42787785947712415,0.2904129306451675,0.30388489469862023,0.09959490740740741,0.08285879629629629,S3NrZeQsQ3c,33768,치질,10.427298500859438
0.0003298611111111111,0,0,0.3025786810094408,0.2932759494125082,0.27708224400871456,0.17601851851851852,0.03623263888888889,xM8RbyK1v5E,37902,치질,10.542785543610696
0.020422453703703703,0,0,0.6497823166303559,0.4105449132852995,0.20069510257806825,0.31951967592592595,0.06527777777777778,NVWSj4LMATI,33126,치질,10.408103938824375
0.06936921296296296,0,0,0.585543051016703,0.42222087309631534,0.20680728031953524,0.4364525462962963,0.10200810185185186,jeIiYcUW2zY,32547,치질,10.390471201816547
0.16531828703703705,1,2,0.5446192810457516,0.35348680515549397,0.25525551470588237,0.23967013888888888,0.13067708333333333,B_dSeEu4b0w,32026,치질,10.374334576024932
0.013680555555555555,1,1,0.4411783542120552,0.2963628434433314,0.42312309368191725,0.1222337962962963,0.060381944444444446,K5Md5UBaq_I,28915,치질,10.272150354120187
0.015925925925925927,1,1,0.4925043119099492,0.3681073576365302,0.13568877087872186,0.2970659722222222,0.09599537037037037,msP6mU3qa4U,28663,치질,10.26339725898479
0.026626157407407407,1,1,0.4106004675018155,0.31485135567434613,0.16783140432098764,0.08697337962962963,0.08778935185185185,Msv4RYwdSgg,28029,치질,10.241030644158833
0.11903356481481482,1,1,0.43293314270152505,0.32524815009667374,0.44169017792302107,0.08035300925925926,0.11015625,dgMWREl3prg,28106,치질,10.243773934619298
0.023599537037037037,0,0,0.5871427696078432,0.3938178489985754,0.4624470769789398,0.44866319444444447,0.10060185185185185,sdgEI2FObAM,27975,치질,10.239102278743212
0.19621527777777778,1,1,0.3860095996732026,0.32301483737042896,0.3247638888888889,0.1247048611111111,0.14447916666666666,wGVGa6tMRpA,27872,치질,10.235413757309422
0.013234953703703704,0,0,0.6957154820261438,0.40656395561905745,0.33139333696441536,0.628125,0.07489583333333333,9ciS3rbMGPE,27455,치질,10.220340002287688
0.008773148148148148,1,1,0.5089355029048657,0.29410780280192655,0.056796682098765434,0.3662789351851852,0.03889467592592592,AJk9llKjc3k,31783,치질,10.366718297494435
0.007245370370370371,0,0,0.2932718545751634,0.22175670025129723,0.24391274055918666,0.0052199074074074075,0.02378472222222222,DW2Y4GOy_-g,28670,치질,10.26364143793429
0.13443287037037038,0,0,0.3922079702251271,0.35184167266211985,0.21504554738562093,0.14531828703703703,0.06582175925925926,Hpl1IxcboHk,23555,치질,10.067135844064461
0.01365162037037037,1,1,0.45190584150326796,0.3069527543615173,0.41309375,0.13280671296296295,0.0663599537037037,RbUcUcoJOfE,22358,치질,10.014984203549803
0.03,1,1,0.39775855573710966,0.35837808869016924,0.2171882035221496,0.23748263888888888,0.13589699074074074,2H_t_WymBls,21239,치질,9.963641475355875
0.03576967592592593,1,2,0.3022730573710966,0.25969467628204485,0.24654493464052288,0.0812962962962963,0.09567708333333333,yOa2te7LBmc,24880,치질,10.121859738971446
0.01837962962962963,1,1,0.5795392610748004,0.4040619956212797,0.2702876043936093,0.37744212962962964,0.11105902777777778,VYxrNFcfzJ0,21161,치질,9.959962399464107
0.008883101851851852,0,0,0.18322934822076978,0.22044276137511673,0.13033113198983298,0.041950231481481484,0.09609375,sI9a5gInNss,33545,치질,10.4206729102547
0.04724537037037037,1,1,0.4600930010893246,0.3366085806661513,0.14370356753812635,0.20675347222222223,0.0964525462962963,UGWJOFpWx04,20474,치질,9.92695990872127
0.021047453703703704,1,1,0.34739084059549746,0.25557477833009434,0.14408371913580245,0.08745949074074075,0.0862326388888889,vCzGQ4oZTYc,31130,치질,10.345959386273389
0.046238425925925926,0,0,0.48534163943355124,0.275589113126741,0.34717544934640526,0.09137731481481481,0.04915509259259259,JKuzGcKEYkQ,33968,치질,10.43320362298215
0.01373263888888889,1,1,0.48006197803195355,0.33626829954078324,0.12634504357298473,0.2821296296296296,0.04814236111111111,PG__UMb8JG4,37878,치질,10.542152147796324
0.00980324074074074,1,1,0.6182835648148148,0.42984023739419924,0.1444738789034132,0.4780729166666667,0.08215856481481482,lZkkFHS0U6A,19539,치질,9.880218925596774
0.013663194444444445,1,1,0.4529163716412491,0.3094459744974872,0.4099834785766158,0.14324652777777777,0.06796296296296296,9oTjFKyBxz0,18860,치질,9.844851577051172
0.3062210648148148,0,0,0.44897097403776326,0.25983722150581684,0.30369247004357297,0.02370949074074074,0.08773148148148148,LMVCcIcox1o,18846,치질,9.844109029016629
0.006730324074074074,0,0,0.19299521151053012,0.24018786994599478,0.1289409949164851,0.05260416666666667,0.1057349537037037,Y1Lsol1FltQ,24877,치질,10.12173915776991
0.28980324074074076,1,1,0.5191349173928831,0.20644187489781102,0.5685404184822077,0.059814814814814814,0.04600115740740741,OOSl81GsRhc,28988,치질,10.274671726667417
0.06122106481481481,1,2,0.4289374092229485,0.3499382633021125,0.39198513525780687,0.08791666666666667,0.10054398148148148,EbBLh_spe64,17771,치질,9.785379464055799
0.017332175925925924,1,2,0.6057299382716049,0.3609896369834638,0.1362960012708787,0.5565567129629629,0.05354166666666667,vJsKhj_7p6k,17376,치질,9.762902771722255
0.003263888888888889,1,2,0.2740346087509078,0.2551578570332152,0.6383527596223675,0.12186921296296296,0.038738425925925926,daYx_AM7rkU,29573,치질,10.294650875933433
0.013570601851851851,1,1,0.4430658587509078,0.2974607574044093,0.4172874001452433,0.12025462962962963,0.06097800925925926,pm7xmuWXPiQ,17116,치질,9.747827400695664
0.024050925925925927,1,1,0.11971952160493828,0.15523069202879552,0.3088425925925926,0.009346064814814814,0.042563657407407404,kKs8VWaKE8c,17992,치질,9.79773807235252
0.0031539351851851854,1,1,0.1882096269063181,0.221562296676403,0.12682391521423383,0.04587384259259259,0.03656828703703704,FdQE-2cja8I,21280,치질,9.965569934832672
0.09027199074074074,0,0,0.3965683551198257,0.33803751404396887,0.18434132171387074,0.1472048611111111,0.0933912037037037,YBpNcI6C6ik,16862,치질,9.732877151670184
0.012673611111111111,1,1,0.5966503267973856,0.39618951699330224,0.2690397149600581,0.18861689814814814,0.08873842592592593,DTkLmhbS7B8,16356,치질,9.702411219258526
0.0061342592592592594,1,2,0.5266425199709514,0.3276753627596606,0.4373100944081336,0.10748263888888888,0.09139467592592593,hGvjnlDsm6A,16433,치질,9.707107638491133
0.027181712962962963,0,0,0.48066818718228027,0.34394585780639225,0.2989196169208424,0.2023090277777778,0.08443287037037037,O5mFDenq4YQ,16271,치질,9.69720111828834
0.01623263888888889,1,1,0.540819557915759,0.3712886276267908,0.2091163534858388,0.17478009259259258,0.06043402777777778,Lio4enY5Wt4,16279,치질,9.697692639556532
0.01763310185185185,0,0,0.549611315359477,0.4260594710824239,0.13277671114742193,0.43700810185185185,0.08652777777777777,vM2yzqGyLQk,16081,치질,9.685455913108095
0.30071180555555554,0,0,0.6071299019607843,0.33406637116150006,0.34303576615831516,0.07374421296296296,0.09727430555555555,2AUQqfQe-bY,15106,치질,9.622913491543725
0.0022280092592592594,0,0,0.528084853848947,0.2804275513146852,0.4227231980755265,0.20750578703703704,0.07387152777777778,gbBUX0C9zsM,17433,치질,9.76617760157152
0.14586226851851852,1,1,0.47408455882352946,0.3315496132070093,0.47039245188816264,0.09756944444444444,0.13941550925925925,OPe-N6EYEoY,14952,치질,9.612667227583843
0.0055613425925925926,1,1,0.2545044707697894,0.24103067899906805,0.21496818264342774,0.05896990740740741,0.09332175925925926,hQJVPkvr4vA,15163,치질,9.626679476636225
0.009820601851851851,0,0,0.4115054466230937,0.30694527294419627,0.24243066902687,0.15389467592592593,0.0666261574074074,l85d1021t8A,28180,치질,10.24640327098345
0.02625,1,1,0.5576750635439361,0.34765101677257965,0.0896781045751634,0.23188078703703704,0.06045717592592593,Zw1pcoMGhwI,14835,치질,9.604811938609481
0.23690393518518518,1,1,0.5544298520334059,0.32433878652181547,0.3013879130355846,0.10616898148148148,0.10701967592592593,K9wCP8ixApk,14108,치질,9.554568170613157
0.03623263888888889,1,1,0.34144734931009446,0.2582797541505944,0.16580149328249819,0.06663773148148149,0.0864525462962963,52JSG2FgbVs,35992,치질,10.49107975408703
0.013622685185185186,1,1,0.45324734477124184,0.30888744923839945,0.41252146877269424,0.13822337962962963,0.06633680555555556,z6vuEo6arUE,14088,치질,9.553149630053277
0.008483796296296297,0,0,0.3185799064996369,0.24739218692696632,0.1598453839869281,0.09413194444444445,0.05784143518518518,dUcY6P6fH6M,19322,치질,9.869051375215001
0.02668402777777778,1,2,0.1068649010530138,0.1317757551636213,0.37064276960784315,0.004340277777777778,0.05233217592592593,KCGz2RjSojg,15995,치질,9.680093969966709
0.008767361111111111,1,1,0.5469683188090051,0.333215334950509,0.0637833605664488,0.3631770833333333,0.048929398148148145,mRd70_xmb2E,16300,치질,9.69898173460629
0.07695601851851852,0,0,0.4611275644517066,0.3520747967377884,0.24835729847494553,0.20866898148148147,0.12518518518518518,hGzDmcfSZwM,12876,치질,9.463198053273784
0.057199074074074076,1,2,0.3913669435366739,0.2448008334180853,0.21532652505446623,0.11116319444444445,0.04853587962962963,KlMk9Sj3ODI,18701,치질,9.836385748995392
0.18691550925925926,0,0,0.5283622458242557,0.2628988338717986,0.16258986928104574,0.20402199074074073,0.032783564814814814,ATb629UXm3M,17846,치질,9.789590705856016
0.0747337962962963,0,0,0.41852382897603485,0.28654808932781417,0.14709361383442265,0.1609664351851852,0.09847222222222222,CdkYqIyyYCw,20600,치질,9.933094897288786
0.016030092592592592,0,0,0.6254624863834423,0.39441101329852074,0.18700024963689177,0.42413194444444446,0.0992013888888889,mg5nEtrZLFM,11152,치질,9.319463798994537
0.010925925925925926,1,1,0.44095697167755993,0.2696004637663055,0.18078774055918664,0.21475694444444443,0.06802083333333334,eAQbJsx2XUI,16408,치질,9.70558524377515
0.0013078703703703703,0,0,0.11234168482207697,0.154025477992804,0.07717254448075526,0.013813657407407408,0.03943287037037037,93iGsbEjY1E,14293,치질,9.567595147779924
0.08074074074074074,0,0,0.26705444353667396,0.19997766941606201,0.4888637209513435,0.03778356481481481,0.0914525462962963,qh2oDXH98A4,15099,치질,9.622450022803015
0.014021990740740741,0,0,0.47381336238198984,0.3371423717602687,0.057344771241830066,0.29019675925925925,0.06302662037037036,yc2cOjhIIGg,16831,치질,9.731037115537436
0.005763888888888889,1,1,0.4357450753449528,0.304550702011122,0.2218484704066812,0.10225115740740741,0.10246527777777778,hqnGDv4AvUc,10317,치질,9.241645221804594
0.022725694444444444,1,1,0.6584872685185185,0.3864372559484166,0.23098105029048657,0.4077719907407407,0.09705439814814815,PBm7o67DYzY,10144,치질,9.224736252259914
0.04527777777777778,0,0,0.5242576706608569,0.28581040928110085,0.2195006808278867,0.18096643518518518,0.06490162037037037,EZaPlEKsam8,16268,치질,9.69701673550917
0.19002893518518518,1,3,0.4321378222585331,0.2974503984555269,0.34846922657952073,0.0661400462962963,0.13123842592592594,GnsWzgqV8QY,9713,치질,9.18132342290569
0.07886574074074074,1,1,0.2672247412854031,0.26617800169879974,0.2167974537037037,0.07289351851851852,0.0390625,ctjghEA-B04,9723,치질,9.182352335436015
0.01086226851851852,1,1,0.6165692855846042,0.40513247690110393,0.2524590822440087,0.3806886574074074,0.08813078703703704,hnJNtsjVmlE,9346,치질,9.142810715182584
0.02538773148148148,0,0,0.5254498456790124,0.28884933228293524,0.19466716594045025,0.09557870370370371,0.07941550925925926,YxjGBaf3uE0,11794,치질,9.375430991841775
0.03601273148148148,1,3,0.4199791212781409,0.34729474569524665,0.17031097948438634,0.188125,0.09759259259259259,HreBtv3JwQY,9221,치질,9.129347212766652
0.023998842592592592,0,0,0.6590008396877269,0.3645900741186394,0.3852777777777778,0.20075231481481481,0.0700462962962963,G2m4i2-pIXY,8601,치질,9.059750013343681
0.042256944444444444,1,1,0.3836722721496006,0.30797017479208283,0.22538559822076978,0.1600636574074074,0.057957175925925926,xap3-WVVRB8,14686,치질,9.594718027753862
0.009849537037037037,0,0,0.4216023284313726,0.3567556395674636,0.2703351261801017,0.13743055555555556,0.11086226851851852,g9bavPu20oA,8550,치질,9.053803514155955
0.02435185185185185,0,0,0.4561888162672476,0.3945542516890442,0.2503573665577342,0.0512037037037037,0.09547453703703704,MvbuomC3Z3o,8608,치질,9.060563446657955
0.005821759259259259,0,0,0.30695969498910675,0.2824865741165085,0.0826212327523602,0.14081018518518518,0.03995370370370371,8SMGpV5nkL8,11215,치질,9.325096609274372
0.02632523148148148,0,0,0.5358806508714598,0.31847629003210204,0.015561478758169935,0.3764409722222222,0.027337962962962963,g4E_wYy7yes,10187,치질,9.228965836099349
0.02130787037037037,0,0,0.5330164533405954,0.3515448920470851,0.12316746096586782,0.3502835648148148,0.058096064814814816,Ix-MyvGePHI,12422,치질,9.427304872213677
0.006753472222222222,1,1,0.1516970996732026,0.19727316173502937,0.20480723493100944,0.02236111111111111,0.10171875,meVu7d6GMAo,9436,치질,9.152393412021333
0.05423032407407408,1,2,0.45099135348583874,0.37822036036078693,0.28018180374001456,0.2277025462962963,0.10087384259259259,-XqGTUXUsoc,8389,치질,9.034795799461252
0.004565972222222222,1,1,0.39026865468409583,0.259181311591088,0.17682967955700798,0.12724537037037037,0.09532986111111111,12U7AwZ247I,12765,치질,9.454540665816003
0.10869791666666667,1,1,0.5212994281045752,0.3542314506038419,0.3146899963689179,0.18345486111111112,0.1247511574074074,GOBhbC49AVg,7798,치질,8.961750799330497
0.10563078703703704,1,1,0.4374111065722585,0.3003443997540498,0.4474355709876543,0.1373726851851852,0.09577546296296297,in6KwfJST1g,7516,치질,8.924922401177469
0.021892361111111112,0,0,0.482065200617284,0.30275014691802876,0.20171014887436456,0.16159722222222223,0.14277199074074073,DiAoO-tk8Zk,7280,치질,8.893023494394711
0.008200231481481482,0,0,0.1635070806100218,0.16888383964452622,0.23943958787218592,0.0011979166666666666,0.03994212962962963,h0r0Uw5pxPc,9851,치질,9.195429759240428
0.011290509259259259,0,0,0.5667602351125635,0.3221578862373348,0.24511038489469864,0.21211226851851853,0.047685185185185185,UpcdUq8PD-A,14378,치질,9.57352408782774
0.09263310185185185,1,2,0.31762037037037033,0.27440037300319314,0.22096200980392156,0.06973958333333333,0.11215856481481482,ZGDo7HLDTD4,6089,치질,8.714403360703942
0.006302083333333333,0,0,0.34256097948438635,0.29586729679120255,0.2631491466957153,0.11467592592592593,0.09203703703703704,kprdCuryzfo,12182,치질,9.407796816354407
0.014050925925925927,1,1,0.4930282997458243,0.26392458822777604,0.5651517338416848,0.07714699074074075,0.07743055555555556,tfI8Eg_RduI,3159993,만성신부전,14.966080686827116
0.021944444444444444,1,1,0.1999323030137981,0.18164167139833462,0.158301947167756,0.00814236111111111,0.04607060185185185,JQztw5kxLXk,2131436,만성신부전,14.572306958100349
0.06112268518518518,1,1,0.4839932371096587,0.40331922967761713,0.17090686274509803,0.28174768518518517,0.11341435185185185,fCq3BrYh0BY,1462550,만성신부전,14.195692729275013
0.02381365740740741,1,4,0.5192578976034858,0.3274776928462664,0.2712595996732026,0.19300925925925927,0.12430555555555556,6hdOOO4vhIo,985302,만성신부전,13.800704487063872
0.04695023148148148,0,0,0.3994248139070443,0.25333161673025767,0.6021568173565722,0.05103587962962963,0.13029513888888888,xGwDUIakoPk,896458,만성신부전,13.706207837573825
0.10521412037037037,0,0,0.30382185003631085,0.2498954023065522,0.3294355709876543,0.05151041666666667,0.10890046296296296,MWi_hdYDEbo,527619,만성신부전,13.176131606612511
0.14905671296296297,1,1,0.45565332244008716,0.3507888260356155,0.5474447394698619,0.18002314814814815,0.12221643518518518,oOHthO1EC8I,248718,만성신부전,12.424079024139155
0.0346412037037037,1,1,0.39006576797385617,0.28522686512514583,0.4989696577705156,0.08850115740740741,0.09579282407407408,KBQAFj8vIjw,115240,만성신부전,11.654780866703335
0.0010416666666666667,0,0,0.4923641748366013,0.36726032328547087,0.23777049291938998,0.35366319444444444,0.10610532407407407,8P83fCgVjIE,83787,만성신부전,11.336045078125657
0.0009490740740740741,0,0,0.40400642247639795,0.3210369769245296,0.26731860475671754,0.07770254629629629,0.18421875,1Yh5KZC5iSI,70739,만성신부전,11.166766462759472
0.07840277777777778,1,1,0.27245011801016705,0.31055566936473766,0.24565093954248368,0.09685185185185186,0.09061921296296296,ugJ040Ev1bg,75171,만성신부전,11.227534100176491
0.032581018518518516,1,1,0.45349877450980397,0.3302348850573869,0.20025714869281047,0.18447337962962962,0.10373842592592593,bjgYajxbIow,59853,만성신부전,10.999663542503887
0.08997106481481482,1,1,0.39976545479302833,0.35144012846531403,0.3530623411401598,0.16506365740740742,0.08127314814814815,kiuodGQzV8k,58717,만성신부전,10.98050160276284
0.015688657407407408,0,0,0.5966900644517066,0.3845321161925923,0.2268138616557734,0.32924189814814814,0.08713541666666667,hreoURePJQA,1862416,전립선비대증,14.437385664484468
0.009542824074074073,1,1,0.4832965232389252,0.3322201308410031,0.18937956154684096,0.13034722222222223,0.08629050925925925,IKaGkPNX2xY,1070885,전립선비대증,13.883996901187443
0.02742476851851852,0,0,0.41114878358750906,0.31960320040727064,0.29639138525780684,0.15482060185185184,0.1052199074074074,DxHIskgmsZ0,636056,전립선비대증,13.3630434609479
0.0,0,0,0.361407906681191,0.1888217875724397,0.4075201525054466,0.004079861111111111,0.04474537037037037,7TVRqcp_XHA,750088,전립선비대증,13.527947145138828
0.02236689814814815,1,1,0.29137375181554104,0.33681204685348043,0.49278506263616556,0.15303819444444444,0.09243634259259259,YKWLGMoMYFU,2390392,전립선비대증,14.68696834553616
0.03635416666666667,1,1,0.2844799836601307,0.29163713748963105,0.40291010802469135,0.09909143518518519,0.10615740740740741,fiK0XxqkUg4,410096,전립선비대증,12.92414899606444
0.08700231481481481,1,2,0.4050485203340596,0.3441751178501359,0.2050641339869281,0.12086226851851851,0.10252314814814815,xZEZejGHbT4,357044,전립선비대증,12.785617103238257
0.17594907407407406,0,0,0.4787100127087872,0.2804516480148515,0.1749424019607843,0.06758101851851851,0.036487268518518516,_pb78mk7qIM,315034,전립선비대증,12.660439022746498
0.004670138888888889,1,1,0.3000552151416122,0.23896674188324993,0.12733374183006535,0.03068287037037037,0.05862847222222222,hhYayChfqRY,343789,전립선비대증,12.747786284829559
0.03626157407407407,1,1,0.6682404457153232,0.40384409165961,0.18665504720406684,0.5326446759259259,0.0722974537037037,4CjyoDnV0tc,291639,전립선비대증,12.583275443920366
0.10252893518518519,1,3,0.3007542665214234,0.30503148929034074,0.35509735838779954,0.10678819444444444,0.08329861111111111,k7qvd9GU_fQ,248671,전립선비대증,12.423890038008969
0.003732638888888889,1,1,0.6353222131445171,0.42043022081298304,0.2524910130718954,0.43853009259259257,0.08115162037037037,xkU7xU2WNi8,203851,전립선비대증,12.22514951933491
0.13278356481481482,1,1,0.3380149328249818,0.31834559061245504,0.29427199074074073,0.07916087962962963,0.11186342592592592,tmwL0RA_dXY,159902,전립선비대증,11.982322660372125
0.019930555555555556,1,1,0.4861267474582426,0.32916898420612256,0.38440640885984023,0.18924768518518517,0.1014525462962963,iwMgkZhZmCw,156936,전립선비대증,11.963599729913184
0.008258101851851852,1,1,0.28775873729121276,0.2855345495601552,0.2002300063543936,0.051765046296296295,0.10706597222222222,dS6fIZsxM08,168149,전립선비대증,12.032611717168416
0.02464699074074074,1,1,0.4118756354393609,0.34836672241754196,0.32403887527233116,0.23076388888888888,0.11155092592592593,O9e5mNCN8_0,216488,전립선비대증,12.285295016819807
0.08047453703703704,1,1,0.3662491830065359,0.32604971094928886,0.228314156681191,0.09808449074074074,0.1185474537037037,8ng3ed7RdWk,230077,전립선비대증,12.346173660848386
0.06725694444444444,0,0,0.3572835648148148,0.3014630083741596,0.21795007262164123,0.07728587962962963,0.08682291666666667,wrauz8a1kDs,121388,전립선비대증,11.706755543947052
0.21123842592592593,1,2,0.48503937454611473,0.3193625289933104,0.29765370824255627,0.1200925925925926,0.07903356481481481,jw_8Hlo6Prc,118391,전립선비대증,11.681756431581684
0.022141203703703705,1,1,0.5103167438271605,0.33150254646573485,0.414453839869281,0.2040509259259259,0.10539351851851853,c3JRCmkYA5E,105441,전립선비대증,11.565916317689977
0.016481481481481482,1,1,0.5649390205156137,0.2778816220195614,0.5547673611111111,0.08517939814814815,0.07674189814814815,xfkG93NBotM,102620,전립선비대증,11.538797869137621
0.0011979166666666666,1,1,0.24098556644880173,0.24991993014774494,0.11158247095134351,0.09109375,0.03923611111111111,Joa7bTBXXC4,135870,전립선비대증,11.819461185167732
0.0749537037037037,1,3,0.2945132080610022,0.29740944799878016,0.24427183188090051,0.0981712962962963,0.08576388888888889,ghvox7kOtEY,97819,전립선비대증,11.490884334093348
0.08460069444444444,0,0,0.2988031499636892,0.3290691318396173,0.2653169934640523,0.1269849537037037,0.08693287037037037,Zip8BbOCARM,94654,전립선비대증,11.45799398144401
0.029496527777777778,1,1,0.3765245551924473,0.33508671412333996,0.4382201343500363,0.16905092592592594,0.11788194444444444,5tDzYJtzfUI,118474,전립선비대증,11.682457246835789
0.16408564814814816,1,1,0.40310748002904867,0.22681237962730622,0.4488964460784314,0.023188657407407408,0.0644849537037037,2fbXP7qahDA,92904,전립선비대증,11.439332744666855
0.018096064814814815,1,1,0.41549176198257076,0.28162946518180404,0.26086358478576616,0.053495370370370374,0.08836805555555556,f7VZkrhoyDA,89236,전립선비대증,11.399051030769385
0.10024305555555556,1,2,0.46707874909222946,0.34925948802062673,0.2722677242193174,0.23015625,0.08245949074074074,8yOmY8W3tWQ,115005,전립선비대증,11.65273957989742
0.042332175925925926,1,1,0.3988879357298475,0.3610352938497197,0.32602580337690634,0.20072337962962963,0.14836226851851853,1G7wp0jU078,121448,전립선비대증,11.707249700555334
0.023894675925925927,1,1,0.5457871278140887,0.39972248182377595,0.28158070079883807,0.44843171296296297,0.11699074074074074,xABnrXG3kxs,78554,전립선비대증,11.271554295381698
0.019525462962962963,1,1,0.31311683006535945,0.3486763695349571,0.2902961147421932,0.18186342592592591,0.06707175925925926,8ILmPOTW_Rk,73006,전립선비대증,11.198310605944295
0.03400462962962963,1,1,0.2985890068990559,0.27661177736860165,0.4403253676470588,0.06512152777777777,0.08657986111111111,MXylx07sbQ4,70146,전립선비대증,11.158348319113642
0.009091435185185185,1,1,0.4590348129992738,0.364979867805909,0.22270050381263617,0.3218171296296296,0.12115162037037037,zfhxS0gyAqM,68798,전립선비대증,11.138944488932081
0.005734953703703704,1,2,0.3094721541394335,0.27797527815868905,0.22038471314451707,0.06420138888888889,0.10611111111111111,NZK3AZhRJ8w,203141,전립선비대증,12.221660520871826
0.002800925925925926,0,0,0.39342726488743646,0.26240019358029837,0.2943531908133624,0.08084490740740741,0.05804976851851852,ffDvamj9XKU,64112,전립선비대증,11.0684024304583
0.059027777777777776,1,2,0.4333840323166303,0.33829174890781233,0.27506270424836604,0.17710069444444446,0.1311863425925926,AElI6lcZxSw,59684,전립선비대증,10.996836011529139
0.13381944444444444,1,1,0.3323553013798112,0.29439275556877426,0.19224950072621644,0.10116319444444444,0.10729745370370371,7IYRMN50BcY,57985,전립선비대증,10.967956881081538
0.16190972222222222,1,2,0.46904990468409585,0.36319254648780863,0.25056288580246916,0.18016782407407408,0.1032175925925926,aYEN2Mfezto,54746,전립선비대증,10.910477851656925
0.034577546296296294,1,1,0.5018552786855482,0.3868361331036234,0.2474509123093682,0.35173611111111114,0.10408564814814815,fzJCaLwKiLA,53522,전립선비대증,10.887866747042812
0.08412037037037037,1,1,0.24176584059549747,0.2410793621206821,0.24261061183732752,0.019398148148148147,0.09079282407407407,bKUipO7xGd4,99003,전립선비대증,11.502915532340909
0.11685763888888889,0,0,0.27336176924473493,0.268709924064001,0.26481259077705155,0.014519675925925925,0.04949074074074074,yd0Nu67Glf0,52879,전립선비대증,10.875780474525568
0.06622685185185186,1,1,0.5849341185548294,0.41278621921701214,0.31642329339143066,0.39046296296296296,0.08742476851851852,QSvQz7I7_Q0,1190234,전립선비대증,13.9896613245829
0.07767939814814814,1,1,0.445379970043573,0.35657064853143594,0.33940693082788675,0.19106481481481483,0.10482638888888889,81q2J2BRqLY,52596,전립선비대증,10.870414362878757
0.08079282407407408,1,1,0.337567878540305,0.31019555317481934,0.3080550335875091,0.08704282407407407,0.10141203703703704,NwRQQ1suS44,51131,전립선비대증,10.842165803287912
0.04002893518518519,0,0,0.40832750090777054,0.3159481406137237,0.2989283315177923,0.09880787037037037,0.12333912037037037,Bp11xUAFnGg,45443,전립선비대증,10.724236077689795
0.05296875,1,1,0.5461670297748729,0.3865262100479044,0.3053351488743646,0.3985648148148148,0.10951967592592593,R1L9r705ASE,45229,전립선비대증,10.719515862471889
0.007297453703703704,1,1,0.6403684867465504,0.4020134450074507,0.23257343863471316,0.47118634259259257,0.09782986111111111,jp6IX2Cfucc,42494,전립선비대증,10.657141700932726
0.08230902777777778,1,1,0.39329947349310096,0.3272871245071792,0.2801120869644154,0.14105324074074074,0.0987673611111111,vWNR9qzBXNQ,41808,전립선비대증,10.640866906341545
0.008414351851851852,0,0,0.09645361292665214,0.15414328141567615,0.2431846859114016,0.012158564814814815,0.07549768518518518,UOrw7wnZJKI,63564,전립선비대증,11.059818283384223
0.040775462962962965,1,1,0.32530836964415394,0.30038121465856726,0.3588662173202614,0.10376157407407408,0.0725,0jkrKllDHfQ,37906,전립선비대증,10.542891070586126
0.002789351851851852,1,1,0.5306986882716049,0.3240783014364299,0.07461015795206971,0.3584201388888889,0.049247685185185186,kiZQukswkQU,59754,전립선비대증,10.99800814830098
0.008998842592592593,0,0,0.46949244281045754,0.32374692475911504,0.06084944625998547,0.3063136574074074,0.04881944444444444,z0Y2yWMj9gM,65171,전립선비대증,11.084785207822845
0.02197337962962963,0,0,0.3355008396877269,0.256551500449025,0.5092294163035584,0.02495949074074074,0.06734375,BC0_fjDypkI,43072,전립선비대증,10.67065162967397
0.14678240740740742,0,0,0.5929009622367465,0.37880077914158866,0.35566276325344953,0.23015625,0.08492476851851852,n4hlquWeVSI,30111,전립선비대증,10.312679042385106
0.002349537037037037,1,1,0.5783387118736384,0.42008291213551213,0.24899441721132898,0.40413194444444445,0.1360011574074074,QUFNdZ8b3Fc,26790,전립선비대증,10.19582128920296
0.02380787037037037,0,0,0.33288201252723315,0.28503290433389855,0.2101982797748729,0.12498263888888889,0.07738425925925926,CsnryS1o1Bs,37265,전립선비대증,10.525836661787357
0.06889467592592592,1,1,0.41578342864923745,0.365936962397308,0.30882039760348584,0.19243055555555555,0.11816550925925925,auHsgHsnAKE,23739,전립선비대증,10.07491666816366
0.007505787037037037,1,2,0.3420499500726216,0.30367692454741657,0.14034642792302107,0.13214699074074074,0.08914930555555556,G5irvpBJCMM,23677,전립선비대증,10.072301625971582
0.09256944444444444,0,0,0.4793432053376906,0.3386389668349727,0.3814460330428468,0.1686111111111111,0.09079282407407407,YEz59iPJUXA,22437,전립선비대증,10.01851122910491
0.014855324074074075,1,1,0.3359884486201888,0.2817963391516725,0.2734587191358025,0.09297453703703704,0.07282986111111112,I6D0oivQ5CE,22069,전립선비대증,10.001974499250782
0.0042361111111111115,1,1,0.4241761528685548,0.3810169738575507,0.16721704793028325,0.2606597222222222,0.11518518518518518,YKiG6QzKgXw,20542,전립선비대증,9.930275529292512
0.03958333333333333,1,1,0.6153934731299927,0.4204385704895695,0.20272428740014525,0.3641550925925926,0.09785879629629629,nVZNOcZwXS0,19461,전립선비대증,9.876219125381935
0.00568287037037037,1,1,0.3581196668482208,0.3303776137845271,0.20157691085693538,0.1204224537037037,0.09837962962962964,ni3KwDCYvjU,18950,전립선비대증,9.84961197956681
0.012233796296296296,1,1,0.20913074164851125,0.19369088193428033,0.3208179466230937,0.02113425925925926,0.04725115740740741,N1aGkgkXnks,27807,전립선비대증,10.233079028065118
0.005480324074074074,0,0,0.2701500544662309,0.22231337522758846,0.13877296659404503,0.06575231481481482,0.09390625,InGSCKe7f54,55086,전립선비대증,10.916669032639797
0.07373263888888888,1,2,0.3692968409586057,0.35288251814946914,0.18481638071895426,0.18542824074074074,0.0791261574074074,8Sb1552D5Es,17086,전립선비대증,9.746073219448274
0.1464814814814815,1,1,0.376597471859114,0.32269965387606536,0.3358897512708787,0.14957175925925925,0.08768518518518519,3cMzF4tNWdE,13929,전립선비대증,9.54180006677385
0.17753472222222222,1,1,0.4350475444807553,0.33807837996493906,0.27071135167029775,0.18788773148148147,0.10532986111111112,xJgc3HjYqZM,14654,전립선비대증,9.592536853144992
0.10585648148148148,1,2,0.3891583378721859,0.3482240377371962,0.33771999818445897,0.12530092592592593,0.0958449074074074,I6By2novLu0,11877,전립선비대증,9.382443228575806
0.04927083333333333,1,2,0.3772655001815541,0.329088576559067,0.3290453658315178,0.0798611111111111,0.08230324074074075,2nVIm3-Vs5Y,11141,전립선비대증,9.31847703058076
0.07990162037037037,1,1,0.5202013208061003,0.3535153007838974,0.26562983387799566,0.2207002314814815,0.13785300925925925,RZDN4rJIlBk,11312,전립선비대증,9.333707785926467
0.11398726851851852,1,1,0.29998218500363105,0.2970580954296487,0.42490677196804644,0.10774305555555555,0.0847974537037037,4gbjN6IHUPs,11049,전립선비대증,9.3101857069459
0.02737847222222222,0,0,0.38046332607116917,0.26724354731008354,0.2338113198983297,0.059438657407407405,0.09831018518518518,zl5dwWxDFhI,16834,전립선비대증,9.731215331595175
0.001099537037037037,1,1,0.3132384940087146,0.28275236972607115,0.21150519698620188,0.07363425925925926,0.09671875,pzE-_BgF4uQ,10692,전립선비대증,9.277344600756656
0.0014525462962962964,1,1,0.2877567401960784,0.34017222716333184,0.47791659858387797,0.20255208333333333,0.07561342592592593,6Gigs863FoE,10976,전립선비대증,9.303557453687317
0.03396990740740741,1,1,0.3642332062454611,0.34007303064414646,0.3175133669208424,0.16848958333333333,0.12905671296296295,G8fWYW3uQBo,10070,전립선비대증,9.217415285648144
0.023391203703703702,1,1,0.46389910130718953,0.2991848520737377,0.18968096405228757,0.26858796296296295,0.08951967592592593,m4pnUzADZg8,27555,전립선비대증,10.223975576713087
0.033234953703703704,1,1,0.41575129357298474,0.31227384448070006,0.3320921387073348,0.12201967592592593,0.19621527777777778,RFeRFPyZoL4,9746,전립선비대증,9.18471482433721
0.012042824074074074,1,2,0.48678615196078434,0.32831232114475367,0.1835227850399419,0.09060763888888888,0.09718171296296296,TaW6ciYN2SU,9363,전립선비대증,9.144627828610801
0.04974537037037037,1,1,0.5871640795206972,0.4233948107529683,0.14305133442265797,0.41628472222222224,0.09280671296296296,_DxF_YafTaw,8971,전립선비대증,9.101863895640099
0.021730324074074076,1,1,0.5397185003631082,0.3774449646538035,0.2102163444081336,0.3706539351851852,0.10969907407407407,X1FVpFRwKI8,10532,전립선비대증,9.262268464836541
0.04973958333333333,1,1,0.46800671750181555,0.33183303635763955,0.3115537854030501,0.14328125,0.08806712962962963,ukrXG-5MMak,8667,전립선비대증,9.067393362656249
0.01912037037037037,1,1,0.4790135711692084,0.37053061857375,0.14776216412490922,0.3329108796296296,0.0849537037037037,auCgP29Wfb4,8605,전립선비대증,9.060214913398545
0.1122974537037037,1,1,0.3350365831517792,0.3116946445942663,0.19814889705882352,0.08600115740740741,0.096875,cLy2MqfPaGw,7564,전립선비대증,8.931287626222456
0.07313657407407408,1,1,0.5269369099491649,0.33769743042944844,0.3992345225127088,0.11965856481481481,0.09712384259259259,mtPpNAzv5qo,7531,전립선비대증,8.926915889777042
0.17144675925925926,1,1,0.4243984885620915,0.34040206459906025,0.2997888752723311,0.16166087962962963,0.10396990740740741,5TvD_b4rECQ,6896,전립선비대증,8.83884181343129
0.02515625,1,1,0.30590972222222224,0.31814030516085023,0.36108222131445167,0.13015046296296295,0.0952951388888889,u09sKvr7VC4,6855,전립선비대증,8.832879460277615
0.07450810185185185,0,0,0.4511890432098766,0.35437383496521985,0.37208755446623093,0.19600694444444444,0.08608796296296296,pA6iBlHzUG4,10884,전립선비대증,9.295140973668648
0.033368055555555554,1,1,0.6611273828976035,0.4363124202360253,0.15609236564996368,0.555792824074074,0.08576967592592592,S2uACG2N05E,6673,전립선비대증,8.80597465931132
0.0005613425925925926,0,0,0.1679752859477124,0.20045960114187966,0.18948377360203342,0.016417824074074074,0.058680555555555555,k6PE8T8IBuI,15738,전립선비대증,9.6638969875516
0.006585648148148148,1,1,0.05298715504720406,0.09566343328579521,0.14001919934640522,0.0035474537037037037,0.029768518518518517,ZwM6bw5nRxU,6969,전립선비대증,8.84937050375457
0.04641782407407408,1,1,0.315279797567175,0.279581386027356,0.28133070079883804,0.06460069444444444,0.1315162037037037,tOFKOfpyPDU,8506,전립선비대증,9.048644632975885
0.036828703703703704,1,1,0.2347523602033406,0.34463002356800676,0.18865075798838055,0.1257523148148148,0.06940393518518519,wXzamBoQvJQ,5784,전립선비대증,8.663023639627777
0.28203125,1,1,0.49818618373275236,0.32266445215801864,0.3712082879448076,0.09021412037037037,0.09451967592592593,qxtJn7nBETE,5759,전립선비대증,8.658692753689937
0.0,0,0,0.21645220588235295,0.21211792690830714,0.09812495461147422,0.03320601851851852,0.049971064814814815,UbbBX0csJ1E,17877,전립선비대증,9.791326185647797
0.015538194444444445,1,1,0.4831127677923021,0.36502663620780423,0.25453671931735655,0.29215277777777776,0.08711805555555556,HNCW5_Qcj8E,6089,전립선비대증,8.714403360703942
0.005162037037037037,1,1,0.5054825027233115,0.3465976397333081,0.19150390341321716,0.23700231481481482,0.11541666666666667,RDSMCMZHQ4g,5291,전립선비대증,8.573951525234847
0.02314236111111111,1,1,0.3854984114015977,0.3820448892975894,0.19425712599854755,0.22729166666666667,0.09997685185185186,VOl2UNtzpzI,5249,전립선비대증,8.565983355585669
0.02556712962962963,1,1,0.5080752541757444,0.3671773262284162,0.24446999818445897,0.2671527777777778,0.08729166666666667,KpynuFwXd00,4845,전립선비대증,8.48590890137647
0.15458333333333332,1,1,0.3633389388162673,0.2636521575901366,0.33260060366739286,0.06219907407407407,0.1011863425925926,LR-azc2WN-w,4687,전립선비대증,8.452761331256848
0.0002777777777777778,1,1,0.527283723674655,0.32958167047777426,0.11447426470588236,0.291556712962963,0.0685474537037037,uXfWERTpPSg,7860,전립선비대증,8.969669103793757
0.012609953703703703,1,1,0.32997580791575887,0.3002186241487572,0.3297340459331881,0.0902488425925926,0.07844907407407407,EpSy6EmAkkw,4195,전립선비대증,8.341886969516187
0.05686921296296296,1,1,0.47682434640522875,0.32196340897020037,0.31370917302106033,0.12384837962962963,0.10036458333333333,Ic7ri-zBkEc,4211,전립선비대증,8.345692873253865
0.00019675925925925926,0,0,0.3599227714233842,0.2884024746362765,0.3174635530137981,0.054733796296296294,0.13825231481481481,oOcs6J-ditY,4101,전립선비대증,8.319229938632326
0.013738425925925926,1,1,0.4839427423747277,0.3196835469473956,0.1131165577342048,0.04172453703703704,0.06233796296296296,Soy_1_zavmQ,4072,전립선비대증,8.312135107648412
0.057922453703703705,1,1,0.6234727895787945,0.37340545091989014,0.25921584513435003,0.3320486111111111,0.09936342592592592,nFA3OMsi1bE,3836,전립선비대증,8.252446090246952
0.018836805555555555,1,2,0.30434461238198984,0.3245324867740057,0.1809224537037037,0.11747685185185185,0.10497106481481482,PwUn7HKIabY,3754,전립선비대증,8.230843564198235
0.20148726851851853,0,0,0.4688326978939724,0.35919550395034816,0.4294419707697894,0.24009837962962963,0.10953125,yIMDa7Tj1yc,4973,전립선비대증,8.51197962436335
0.0727025462962963,0,0,0.2625509713144517,0.30608513507995805,0.20157087418300654,0.0791087962962963,0.06747106481481481,X4lzEvXc1B0,3502,전립선비대증,8.161375023197486
0.02626736111111111,1,1,0.3552575571895425,0.3277476401017917,0.22961835058097313,0.11185763888888889,0.13178819444444445,DiWhVL7XPUg,3405,전립선비대증,8.133293861222633
0.008287037037037037,1,1,0.4122335693536674,0.2997629518877175,0.2477840413943355,0.2015625,0.08697337962962963,UOL-Hc1waHI,3343,전립선비대증,8.114922974204593
0.06657986111111111,1,1,0.34333421840958606,0.30838078549428627,0.38712574891067536,0.1239988425925926,0.09726851851851852,N5DuyptM5Mk,3399,전립선비대증,8.131530710604252
0.013015046296296297,1,1,0.45930417120551925,0.3516891333173104,0.4553392792302106,0.2930613425925926,0.09150462962962963,rfbGRHfCmgE,3298,전립선비대증,8.101374671228582
0.013958333333333333,1,1,0.36468854393609296,0.3240504861190524,0.21119644153957878,0.16881944444444444,0.07574652777777778,hAiiMpjgjkk,6154,전립선비대증,8.725020038618554
0.022349537037037036,1,1,0.25120016339869283,0.2807448945367756,0.2972246051198257,0.06486689814814815,0.07983217592592592,jkekHd4Y5eM,3180,전립선비대증,8.064950891749143
0.12992476851851853,0,0,0.3193307007988381,0.2421135193371567,0.4686686864560639,0.039565972222222225,0.09351851851851851,0OLhyiazu_8,3033,전립선비대증,8.017637159908478
0.09131944444444444,1,1,0.6274618736383442,0.38728813972431186,0.3112131218228032,0.3188888888888889,0.11248263888888889,2Rb3Kx3qsIk,3064,전립선비대증,8.027802848370312
0.09641203703703703,1,1,0.46685561909949164,0.30441070802981063,0.36546931735657223,0.20846064814814816,0.10553240740740741,0itdHh6Hf4I,2937,전립선비대증,7.9854843567338225
0.031203703703703702,1,1,0.30531352124183003,0.2878804179267333,0.2955626361655773,0.10684027777777778,0.08882523148148148,yK2u56YxW-s,3027,전립선비대증,8.01565761455734
0.125625,1,2,0.3058917029774873,0.28348065539036416,0.2318884350036311,0.07912037037037037,0.09875,cZ4zy6HzblU,2773,전립선비대증,7.928045600874777
0.0019675925925925924,1,1,0.6302416485112564,0.40450509168340004,0.18815840595497457,0.5455960648148148,0.07189814814814814,FkjAHj2j5z4,2751,전립선비대증,7.920083199053234
0.008900462962962962,1,1,0.24765824709513434,0.20542922156696736,0.21445406681190995,0.03751157407407407,0.07902199074074075,PQI6ewpyDW4,3215,전립선비대증,8.075893630298857
0.15152199074074074,1,2,0.39512568082788674,0.2846020158688705,0.3123787899419027,0.06712962962962964,0.09428240740740741,IZdPyzsN_ik,2585,전립선비대증,7.857867559331803
0.040225694444444446,1,1,0.3701101125635439,0.3148905411336514,0.414718137254902,0.1619965277777778,0.0916087962962963,VMZrY3LU6rU,2485,전립선비대증,7.818430272070656
0.00296875,1,1,0.4142885802469136,0.3225175539495025,0.40012536310820623,0.14179976851851853,0.11528935185185185,8LP-A0af6AI,2437,전립선비대증,7.798933310041217
0.012853009259259258,1,2,0.3939653004720407,0.3389179735218128,0.18771793300653597,0.12232638888888889,0.08761574074074074,rGdBa4Zygjo,2220,전립선비대증,7.7057128238944275
0.0886400462962963,1,2,0.4493349673202614,0.3416504136844032,0.3085781136528686,0.21399884259259258,0.13314814814814815,5cV17u_vFCY,2186,전립선비대증,7.690286020676768
0.05015625,1,1,0.49167992011619466,0.32873489542771284,0.30988171750181553,0.16722800925925926,0.12612268518518518,sWw56Weh6mc,2253,전립선비대증,7.720461694599722
0.008072916666666667,1,1,0.3738195579157589,0.3408711223902771,0.5192240150689906,0.15659722222222222,0.09501736111111111,MNFJ4V3a3Lo,2077,전립선비대증,7.639161171659173
0.006221064814814815,1,1,0.320164941902687,0.3517127402272835,0.25476048474945534,0.14875,0.07951388888888888,J2nr5AHYs-8,2032,전립선비대증,7.617267813628347
0.018234953703703705,1,2,0.2607528821713871,0.2936829562071687,0.13242533587509078,0.0686400462962963,0.10356481481481482,N56CH_foXLo,2088,전립선비대증,7.644440761556566
0.02558449074074074,1,1,0.42282788671023963,0.3871821631310704,0.31682820442992016,0.311412037037037,0.0961111111111111,utzBRE5shz8,1944,전립선비대증,7.573017256052546
0.0016666666666666668,1,1,0.2468362155047204,0.3411347623006491,0.22352453249818444,0.11607060185185185,0.06488425925925925,lWaJDe-k05k,2721,전립선비대증,7.909122183211411
0.02748263888888889,1,1,0.4468054420842411,0.31507198848824003,0.20982981572258533,0.14642939814814815,0.11328703703703703,xIbhp3u5JWI,1813,전립선비대증,7.503289630675082
0.10302083333333334,1,1,0.2919555873275236,0.24032490911168716,0.27018936092955703,0.04283564814814815,0.055769675925925924,vbJQN4dKHJE,1860,전립선비대증,7.528869256642251
0.1453125,1,1,0.44207936183732754,0.2875255154035327,0.39879103122730575,0.05695601851851852,0.11872685185185185,dpMswMZD1VQ,1886,전립선비대증,7.54274354536855
0.03208912037037037,1,1,0.5312988607480029,0.3724980725107326,0.1893597721496006,0.4049363425925926,0.07580439814814814,M9_YzVZ6H2M,1749,전립선비대증,7.4673710669175595
0.04086226851851852,1,1,0.3172018427741467,0.3158107776357838,0.36586381172839505,0.10291087962962962,0.10638310185185185,ValvLYXGxQg,1758,전립선비대증,7.472500744737558
0.01677662037037037,1,1,0.2372356799201162,0.28328116353649885,0.36539308732752357,0.05835069444444444,0.08883101851851852,uO92LRv3Wwo,1822,전립선비대증,7.508238774678663
0.003761574074074074,1,1,0.3310640205156136,0.2971876385156647,0.17525789760348584,0.16778356481481482,0.044195601851851854,yG-Cx-ohYRQ,2679,전립선비대증,7.893572073504902
0.2902719907407407,0,0,0.5090530137981119,0.32429253344970776,0.37978204429920115,0.07750578703703703,0.10754629629629629,ArdZu06Gx20,1559,전립선비대증,7.352441100243583
0.00031828703703703706,1,1,0.24757659313725489,0.3639042610394113,0.10452453249818447,0.1705787037037037,0.08971064814814815,SQ3IH8uFalE,1502,전립선비대증,7.315218389752975
0.03439814814814815,1,1,0.3281835058097313,0.32416739829457614,0.1190225354030501,0.1386226851851852,0.1097337962962963,2tlDgkZlRBI,1436,전립선비대증,7.270312886079025
0.009149305555555556,1,1,0.32501917665214236,0.26019839238078585,0.19978047839506174,0.13645833333333332,0.04324074074074074,Hz0cgJiekgw,1461,전립선비대증,7.2875606403097235
0.01460648148148148,1,1,0.6051051652142339,0.4022324259666261,0.12029041848220769,0.4908738425925926,0.06675347222222222,uRDVJUqI-J8,1292,전립선비대증,7.164720378771857
0.06392361111111111,1,2,0.28673234386347135,0.22868785254846635,0.24416503267973858,0.017627314814814814,0.07271990740740741,vkYgD0yqjN0,1296,전립선비대증,7.167809184316444
0.05431134259259259,1,1,0.4690639297385621,0.41050573604704704,0.35128252087872186,0.27568287037037037,0.11723958333333333,jxdqZinu_4s,1240,전립선비대증,7.123672785204607
0.010572916666666666,0,0,0.2714911265432099,0.2714794678725831,0.18726177832244006,0.057650462962962966,0.07137731481481481,P81zZQt_JE0,1251,전립선비대증,7.132497551660044
0.09634259259259259,1,1,0.37623622458242556,0.35201980741482836,0.20871820533769062,0.1707986111111111,0.08683449074074075,6fKI4cT0bFo,1228,전립선비대증,7.113956109566034
0.10017939814814815,1,3,0.27545758442265794,0.25608926766747836,0.2569090867828613,0.04784143518518519,0.10017939814814815,JMDSRs2H_90,1402,전립선비대증,7.246368080102461
0.006342592592592592,1,1,0.25368781771968046,0.2350998810330534,0.6194390205156136,0.054600694444444445,0.04959490740740741,nLlLW9YFZ18,2332,전립선비대증,7.75491027202143
0.030636574074074073,1,2,0.47781408859840235,0.362343459885828,0.30636208696441536,0.23512152777777778,0.1058738425925926,wYfq_ssXHl4,1228,전립선비대증,7.113956109566034
0.08601273148148147,0,0,0.34244982298474946,0.22809576536869966,0.18932600308641975,0.03863425925925926,0.08085648148148149,bw1bAfiXMqQ,1194,전립선비대증,7.085901464365611
0.013825231481481482,1,1,0.5316376407044299,0.3679282757939223,0.2659328476761075,0.2993287037037037,0.11360532407407407,n-pWZ9gzO5c,1155,전립선비대증,7.052721049232323
0.02021990740740741,1,1,0.463295116194626,0.3473198237701148,0.27243988289760346,0.1903298611111111,0.09950231481481482,PRTTcmOLxmo,1156,전립선비대증,7.053585727193677
0.029403935185185186,1,1,0.4476717274872912,0.3451688589642585,0.24415325435729848,0.21854166666666666,0.10843171296296296,F9s1FOyGwek,1092,전립선비대증,6.996681488176539
0.023258101851851853,0,0,0.22368466321713873,0.18991001744226949,0.22263827614379084,0.009600694444444445,0.06517939814814815,Ou5BSQnQozM,3169,전립선비대증,8.061486866871327
0.03470486111111111,1,1,0.3599832743282498,0.34964988161918703,0.3054309413580247,0.15114583333333334,0.10641782407407407,83zEBc1ZavA,1104,전립선비대증,7.007600613951853
0.007980324074074074,1,1,0.3057126906318083,0.27595716818399996,0.1614245642701525,0.1189988425925926,0.08909143518518518,BOX4hxSgVzI,3284,전립선비대증,8.09712193091871
0.006805555555555555,1,1,0.2334088144517066,0.2305246175783964,0.5189452614379085,0.057471064814814815,0.0466724537037037,DHshDQrXatg,1939,전립선비대증,7.570443252057374
0.047204861111111114,0,0,0.3156601534132171,0.2308870748376814,0.37696716140159764,0.06157407407407407,0.07361689814814815,jeENLnzNHI0,1456,전립선비대증,7.284134806195205
0.03678819444444444,1,1,0.24071602668845316,0.2913441985850217,0.30259801652142343,0.06494212962962963,0.08123842592592592,7juJL9Lvruw,1063,전립선비대증,6.96979066990159
0.07857638888888889,1,1,0.44050639978213507,0.303861811539928,0.4733550063543936,0.12895833333333334,0.05371527777777778,Tey7jMYPZcs,1669,전립선비대증,7.4205789054108005
0.16458333333333333,1,1,0.49282346132897603,0.33411434939330786,0.35948120915032683,0.16932291666666666,0.13539351851851852,7pSLrZnyc9g,993,전립선비대증,6.901737206656574
0.14219328703703704,0,0,0.3515681508714597,0.21543139300937206,0.40860600490196075,0.03386574074074074,0.05693287037037037,O_1U0veFNB4,1398,전립선비대증,7.243512974665482
0.00271412037037037,1,1,0.6234095179738562,0.37333832296839387,0.057937772331154686,0.4883275462962963,0.059126157407407405,DzRL2sZdEU0,942,전립선비대증,6.849066282633458
0.08172453703703704,1,4,0.31699931917211327,0.3109437669301119,0.21882475490196077,0.10514467592592593,0.11972222222222222,LkP3LjOXWSU,888,전립선비대증,6.790097235513905
0.07668402777777777,1,1,0.4739777369281046,0.3714587852778158,0.14704627360203343,0.30578125,0.1122974537037037,60z251DWT58,880,전립선비대증,6.78105762593618
0.017876157407407407,1,1,0.4473045116194626,0.287387301683583,0.25300013616557737,0.06758101851851851,0.10285300925925926,4QyXHE3MzdI,884,전립선비대증,6.785587645007929
0.11896412037037037,1,1,0.5919508215323166,0.38552705599058595,0.33335014978213506,0.3471180555555556,0.09725694444444444,UKOPAK_RV-U,860,전립선비대증,6.7580945044277305
0.014265046296296297,1,1,0.6380127314814815,0.4343486422961683,0.22423370551924474,0.4149305555555556,0.11416087962962963,vFlUZIeXf1U,888,전립선비대증,6.790097235513905
0.0006712962962962962,1,1,0.23700131626724763,0.26616680456533925,0.1238952205882353,0.1005613425925926,0.052662037037037035,cSlYo644BpY,2047,전립선비대증,7.6246189861593985
0.0031018518518518517,0,0,0.13948749546114741,0.23624994577453182,0.11764783042846769,0.06721064814814814,0.05182291666666667,edkA_fUhLWc,1292,전립선비대증,7.164720378771857
0.02394097222222222,1,2,0.21716133351488745,0.23969174086031503,0.2508587736020334,0.04918402777777778,0.09888310185185185,rd9A126wviM,790,전립선비대증,6.673297967767654
0.018234953703703705,1,1,0.3481784449891067,0.3329515938708611,0.23988868464052288,0.13386574074074073,0.07100694444444444,buuDt6ZdUrU,741,전립선비대증,6.60934924316738
0.00453125,1,1,0.3308886846405229,0.3491378330717356,0.391639705882353,0.21014467592592592,0.08929976851851852,5SpNkYFfnz0,751,전립선비대증,6.62273632394984
0.004814814814814815,1,1,0.23106871822803196,0.2616084778690913,0.14811501452432826,0.07328703703703704,0.06674768518518519,oimI41hSYzg,2511,전립선비대증,7.828834527588089
0.057366898148148146,0,0,0.299160380355846,0.3412324927842887,0.32947188180827885,0.13438078703703704,0.05748842592592593,aaiCC405lGQ,1848,전립선비대증,7.522400231387125
0.06052662037037037,1,2,0.49590665849673204,0.38489033353723057,0.24351894970951343,0.2958912037037037,0.1207349537037037,iusb_GukbkE,725,전립선비대증,6.587550014824796
0.050011574074074076,1,1,0.4897364288307916,0.3878571853708111,0.2644217501815541,0.3212847222222222,0.1064699074074074,sS2xQj-pod0,2213,전립선비대증,7.7025561132685825
0.0007349537037037037,1,1,0.60874607389252,0.4382720569247854,0.1377528140885984,0.4945023148148148,0.06575810185185185,gWgle5ClxoU,724,전립선비대증,6.586171654854675
0.11700810185185186,1,1,0.33448529411764705,0.3747333439281199,0.29800605936819174,0.19719328703703703,0.08224537037037037,hROTHpbES0U,761,전립선비대증,6.635946555686647
0.0,0,0,0.11066528231663036,0.14594960863817777,0.4402787309368192,0.005601851851851852,0.10021412037037038,MNP1vreYGBo,923,전립선비대증,6.828712071641684
0.05807291666666667,1,1,0.34515649963689177,0.32293923515795225,0.37028401870007266,0.1684548611111111,0.08732060185185185,g9XObsg3uxU,705,전립선비대증,6.559615237493242
0.016151620370370372,1,1,0.08545522421931735,0.14522625313869866,0.2756776053013798,0.006151620370370371,0.040677083333333336,QO9B9PSMtbA,4866,전립선비대증,8.490233009833455
0.14800925925925926,1,2,0.3958782452795933,0.2968098691803643,0.3888306100217865,0.06852430555555555,0.09622685185185186,sdYivPJXVXA,735,전립선비대증,6.601230118728877
0.03606481481481481,0,0,0.339136801016703,0.340093023470807,0.1679943491285403,0.16109375,0.09175925925925926,O-iMT08VG_s,2321,전립선비대증,7.7501841622578365
0.0011111111111111111,0,0,0.2688778594771242,0.30500206214305076,0.08262618010167029,0.12789351851851852,0.05364583333333333,SkX-rvizAv4,2393,전립선비대증,7.780720886117918
0.07339120370370371,1,1,0.2591685275962237,0.2750861330946103,0.34835761619462596,0.11557291666666666,0.08780092592592592,4UKNorihe2w,640,전립선비대증,6.46302945692067
0.17443287037037036,1,1,0.2689105846042121,0.2518943087690491,0.3142286673928831,0.053217592592592594,0.06391782407407408,PEC7WgZf1-c,673,전립선비대증,6.513230110912307
0.01119212962962963,0,0,0.26547968863471316,0.21249851117784715,0.2875789533405955,0.030289351851851852,0.1052488425925926,rCDreMjchF4,2376,전립선비대증,7.773594467360194
0.23438078703703705,1,1,0.4214758759985476,0.3356185396995266,0.42812329793028325,0.1054224537037037,0.09403356481481481,_WFj3GQ1z7U,1331,전립선비대증,7.194436851100335
0.0036458333333333334,0,0,0.39822712418300654,0.26772995979962183,0.3204670479302832,0.07214699074074074,0.0667650462962963,hMCK6opcMeQ,590,전립선비대증,6.3818160174060985
0.1613136574074074,1,1,0.402747707879448,0.3126422684413948,0.37561263162672476,0.12524884259259259,0.10040509259259259,knig-0qdTJI,625,전립선비대증,6.439350371100098
0.011105324074074075,1,2,0.5209080655410312,0.36267841411682655,0.044986224582425564,0.5044675925925926,0.07538773148148148,882O3t02n0s,633,전립선비대증,6.452048954437226
0.08252893518518518,0,0,0.3909522285766159,0.30153687787978267,0.35292113743645603,0.13434027777777777,0.061203703703703705,LSsyj6zVEFo,2106,전립선비대증,7.653020413804189
0.05618634259259259,0,0,0.3080593228031953,0.2630244646900974,0.38707663852578067,0.07705439814814814,0.07402199074074074,2fKfTO_VpoQ,1755,전립선비대증,7.470793774195062
0.013998842592592592,1,2,0.3658817175018156,0.33655301731062026,0.24767942084241104,0.1545659722222222,0.07774305555555555,hTkpgnUHL6k,536,전립선비대증,6.285998094508865
0.10272569444444445,1,2,0.5292051561365286,0.2847905885072853,0.5442860611837327,0.10625578703703703,0.08230902777777778,qlVu0V6bbMo,2403648,갱년기,14.692498557321652
0.09248842592592593,0,0,0.36177435094408134,0.2928238349618582,0.26346110203340595,0.08200231481481482,0.12930555555555556,qCE45vEyqcs,1199186,갱년기,13.997154385151392
0.07373842592592593,1,2,0.41200685366739287,0.35622934089023867,0.34605047204066813,0.15125,0.10226273148148148,piHvm6BDUFg,1033386,갱년기,13.848352314922536
0.022916666666666665,0,0,0.4565240332244009,0.3414470690345077,0.31027997912127814,0.20836805555555554,0.14938078703703703,lXOK5PbomCU,973999,갱년기,13.789166582624672
0.03527199074074074,1,1,0.5293204883805374,0.405856406228637,0.2210641112926652,0.3797858796296296,0.09124421296296296,KUwsidSep2A,741171,갱년기,13.515987996101268
0.07883680555555556,1,3,0.39195318173565724,0.3139317844853415,0.29548935639070445,0.12001157407407408,0.10418402777777777,YvYJkg8rjvg,682965,갱년기,13.43420035693317
0.022216435185185186,1,1,0.2088998729121278,0.31707823010621156,0.1765378086419753,0.054189814814814816,0.059056712962962964,OChBxSgatwA,656294,갱년기,13.39436566196563
0.1426099537037037,1,1,0.49210920479302833,0.2810541016791625,0.4912837917574437,0.11661458333333333,0.17310185185185184,0vYQUs5H5dU,607455,갱년기,13.317035023590268
0.003912037037037037,1,1,0.4575227396514161,0.3409109258404223,0.21236687545388527,0.1613888888888889,0.07882523148148148,8yn8mcXexms,498388,갱년기,13.119136175585817
0.012309027777777778,1,1,0.26855827886710243,0.24422696832432894,0.24813677832244008,0.06109375,0.04724537037037037,PZ6abUIJ-ek,2188531,갱년기,14.598741557393325
0.018298611111111113,1,1,0.27774754901960785,0.23167713864137282,0.2587295751633987,0.03704861111111111,0.08381944444444445,v9O9efYALbM,964894,갱년기,13.779774566110916
0.09777777777777778,1,1,0.4323202387436456,0.336270940762299,0.21833183551198257,0.17233796296296297,0.06766203703703703,8Hy9dBpJzhM,407246,갱년기,12.917175159954654
0.03847222222222222,1,1,0.33279709059549745,0.24930082143373727,0.2408437273057371,0.06265625,0.058472222222222224,bWGJClsaWgU,408168,갱년기,12.919436583308938
0.018628472222222223,0,0,0.5433539170297749,0.3328149881263401,0.09277482752360203,0.35292824074074075,0.056128472222222225,mAl-KWw_Ir4,426975,갱년기,12.964483084542147
0.010086805555555555,1,1,0.3026058914306463,0.2577274537315134,0.2977903277051561,0.06603587962962963,0.18394097222222222,POGbU6rwX7M,403604,갱년기,12.908191955888324
0.017737268518518517,0,0,0.4147504311909949,0.3001159155335387,0.4031490332244008,0.0473900462962963,0.07609375,VaBUUYs6_pU,277444,갱년기,12.53337799432657
0.023119212962962963,1,2,0.47735480210602754,0.3386293121582066,0.2829121051198257,0.1581076388888889,0.10854745370370371,KeYH0MQ2b34,254861,갱년기,12.448477501181136
0.04928819444444445,0,0,0.4687064497095134,0.32568188714460644,0.3122495007262164,0.17383680555555556,0.14688078703703702,rmgKDlAwLF0,225932,갱년기,12.327993774124426
0.004484953703703704,0,0,0.26615100762527233,0.3625780289325624,0.4089287854030501,0.2268865740740741,0.05582175925925926,WzN9wP5WR2I,219060,갱년기,12.29710550882669
0.004056712962962963,1,1,0.2576702977487291,0.258423064774542,0.18729168936092958,0.05820601851851852,0.07541087962962963,c_KhB8nt0so,985886,갱년기,13.801297022554705
0.07636574074074073,1,2,0.3656809413580247,0.3574007100392306,0.2103839188453159,0.15280671296296297,0.07561342592592593,7pJiFzmRfSA,536216,갱년기,13.192294208869257
0.21173032407407408,1,1,0.39453651506899057,0.31417458826126954,0.3319235884168482,0.09725694444444444,0.09783564814814814,9xHOb-Q1Itk,210639,갱년기,12.257905794170192
0.08566550925925925,1,1,0.4346613335148874,0.33421727765140924,0.2013073710965868,0.18962962962962962,0.07425347222222223,2cHI6um29ug,173691,갱년기,12.065038894749453
0.13494791666666667,1,2,0.3802265341321714,0.30880519930681066,0.33613303376906317,0.09620949074074074,0.11199652777777777,uuWr_bic77I,166964,갱년기,12.025539488595436
0.00782986111111111,1,1,0.33483301561365286,0.2728296331508043,0.3447742828612927,0.0652025462962963,0.08248263888888889,KBMqru9Jw-Y,153830,갱년기,11.943609876211239
0.030046296296296297,1,1,0.37710428013798114,0.32197149978147627,0.2665856935366739,0.10288194444444444,0.12508680555555557,3sUvnAlQye4,151639,갱년기,11.929264569630272
0.00863425925925926,1,2,0.5463643563907045,0.40767469146730456,0.28703669662309367,0.35647569444444444,0.10831018518518519,k0yTD8_W0EU,135634,갱년기,11.817722733277632
0.026319444444444444,0,0,0.4476355982207698,0.3750801607142914,0.2189769653231663,0.2460474537037037,0.10234375,I3ycwbx8280,117349,갱년기,11.67291620127917
0.002991898148148148,1,1,0.5245295252360204,0.34738123288383765,0.38271815994916486,0.30030671296296296,0.0757349537037037,xPDpNue1PjU,103791,갱년기,11.550144175452836
0.11646412037037036,1,1,0.4372532679738562,0.2637823890554012,0.30547426470588235,0.07795717592592592,0.06608796296296296,_odf5oPEZO4,100047,갱년기,11.51340534980708
0.00962962962962963,1,1,0.6015821078431373,0.39143096676695166,0.33397989288307917,0.39491319444444445,0.10923611111111112,gLBqDwzcX8M,103621,갱년기,11.548504941475699
0.030792824074074073,1,1,0.504015114379085,0.36637494952584776,0.2889834785766158,0.20555555555555555,0.12365740740740741,CcU-8N6H3hs,99801,갱년기,11.510943502178916
0.021186342592592593,1,1,0.5779172340232389,0.37045603796824883,0.24453774055918664,0.16658564814814814,0.09111111111111111,FCDwLKpW1Nc,97500,갱년기,11.487617913343598
0.037008101851851855,1,5,0.3934781227305737,0.2920111766689181,0.1944066358024691,0.07590277777777778,0.11913773148148148,Px3DvRVCdq0,95622,갱년기,11.468168655877435
0.019444444444444445,1,1,0.12011006717501817,0.13168490965301702,0.16718802196804647,0.008726851851851852,0.036180555555555556,ANzfz3OLq8A,179501,갱년기,12.09794162890968
0.0028993055555555556,1,1,0.6190191539578794,0.3861677388453053,0.3075595043572985,0.3856423611111111,0.10575810185185185,DedKjRNjXfQ,93000,갱년기,11.440365524765756
0.06994791666666667,1,1,0.18663314724037763,0.1695334721981295,0.3274485294117647,0.013865740740740741,0.0692013888888889,QyoLss3JSGA,173935,갱년기,12.066442694443781
0.016163194444444445,0,0,0.5531516657588961,0.33173432607192194,0.0730145697167756,0.3660011574074074,0.04743055555555555,Rk2_cGm0MRI,88681,갱년기,11.392812216475482
0.056846064814814815,1,1,0.42958562545388523,0.36186714249206137,0.3105813589324619,0.15486689814814814,0.11683449074074075,PUqF0dgsW_g,88573,갱년기,11.391593639802597
0.024149305555555556,1,1,0.4641678013798112,0.3249861904878555,0.09957920297748729,0.27188657407407407,0.04939814814814815,zJLXsmog1kA,123061,갱년기,11.720443572397098
0.020787037037037038,1,2,0.47084858387799566,0.3396162232125416,0.2874748093681917,0.1452488425925926,0.12655092592592593,F35dpW5bohY,86078,갱년기,11.36302075822776
0.020005787037037037,1,1,0.3730772739651416,0.3526035707982824,0.34714975944081333,0.1856076388888889,0.06359375,MSHwMPFKWDE,92540,갱년기,11.43540706854049
0.03648148148148148,1,2,0.357408315177923,0.27237570720095633,0.38219566993464055,0.0472974537037037,0.0933738425925926,_p35wdmA_Xo,70085,갱년기,11.15747833838375
0.00011574074074074075,1,1,0.27525009077705154,0.19856214060605692,0.3597909631445171,0.021655092592592594,0.15942129629629628,LxRKY9WyUo8,67234,갱년기,11.115949224257971
0.000925925925925926,0,0,0.29447149600580974,0.2855063302338068,0.32531776506899057,0.08545138888888888,0.18197916666666666,omOBZVx2xZc,66267,갱년기,11.101462405058427
0.0024016203703703704,1,1,0.3334046387073348,0.22227063072072784,0.2896219135802469,0.043813657407407405,0.06442708333333333,lSOdp9UuwbE,151557,갱년기,11.92872366895151
0.034722222222222224,1,1,0.3382992692447349,0.21419751412606716,0.2734094952795933,0.025376157407407406,0.07116898148148149,sbQDDyQRorg,52862,갱년기,10.87545894023684
0.014230324074074074,0,0,0.5527445760711692,0.3317171325887075,0.07788248910675381,0.36454282407407407,0.044270833333333336,4bn5YrpZFMs,51071,갱년기,10.84099168080948
0.1364351851851852,1,2,0.3839155092592592,0.33345070932528936,0.4829816857298475,0.14979166666666666,0.09441550925925926,OU1LQdQbDWs,50554,갱년기,10.8308171315255
0.08203125,0,0,0.46634023238925204,0.33010676472849865,0.34678454066811915,0.10268518518518518,0.12624421296296295,RvmU398nIXQ,43318,갱년기,10.676346616822633
0.0038252314814814815,0,0,0.1198080519244735,0.1424441149989965,0.19181749273783585,0.014699074074074074,0.033489583333333336,eYDOaUWt6Ao,48460,갱년기,10.788514629733339
0.16177083333333334,0,0,0.3474783950617284,0.2228139502769036,0.6652295978576616,0.03515625,0.08880787037037037,vScu4aXhv90,42458,갱년기,10.656294183401949
0.007309027777777778,1,1,0.12851209604212055,0.17836859180148157,0.10204570624546115,0.013125,0.048993055555555554,NQNvT7kOKzA,80320,갱년기,11.293786385047257
0.06390046296296296,1,3,0.529130174291939,0.36503605325819866,0.27315080337690634,0.1461111111111111,0.11072916666666667,UJjBocHLNds,39263,갱년기,10.578063347510637
0.07609375,1,1,0.5432183641975309,0.3241835965457786,0.3920303876180102,0.09322337962962964,0.11133680555555556,MWQ-iCozyqQ,38832,갱년기,10.567025679591955
0.033449074074074076,0,0,0.3541142202251271,0.24828275337146408,0.28998036946259986,0.06358217592592592,0.08337384259259259,B1U1fIBmfXg,38686,갱년기,10.563258905272352
0.010271990740740741,1,1,0.3643141793754539,0.23906129142324342,0.25075605936819173,0.05720486111111111,0.05071759259259259,WQTwWPEekpU,67708,갱년기,11.122974389503403
0.0604224537037037,1,1,0.4270913444081336,0.33037853956341995,0.21607452795933188,0.12351851851851851,0.10969328703703704,Nj82eoIQDxY,94662,갱년기,11.45807849533075
0.0065219907407407405,1,1,0.2125167029774873,0.247776342805944,0.29808787218591143,0.04967592592592593,0.05710648148148148,wfcxN4LIXUU,30944,갱년기,10.339966714173462
0.03252314814814815,0,0,0.427836714778504,0.35996491250505463,0.1521954883805374,0.21244212962962963,0.07878472222222223,hAWGzNWHIUM,30582,갱년기,10.32819957800675
0.09569444444444444,0,0,0.47297928013798113,0.352826806410927,0.22500481118373275,0.21480324074074075,0.12081597222222222,9-ffZqQtajo,28440,갱년기,10.25558704504304
0.017829861111111112,1,2,0.4777312091503268,0.3391731446424928,0.2885107797748729,0.1425810185185185,0.09146412037037037,mf9juvdf4Ok,27755,갱년기,10.23120731201944
0.04978009259259259,1,1,0.4535032452795933,0.30503020031773725,0.165782702432825,0.21995949074074075,0.06368055555555556,uEnNq9Dqyds,56094,갱년기,10.934801960979065
0.044403935185185185,0,0,0.409942265795207,0.330813308342807,0.11780251452432824,0.20210069444444445,0.08585069444444444,1xkaOe0uOJQ,27132,갱년기,10.208505978234776
0.02497685185185185,0,0,0.4384325753449528,0.363180255530857,0.26916893609295567,0.21614583333333334,0.10403935185185186,MXR9bdPm_vo,84830,갱년기,11.348416321014746
0.23267361111111112,1,1,0.3993370324981844,0.3180625974521372,0.3970848311546841,0.049728009259259257,0.07675925925925926,44OLX4daSB4,24532,갱년기,10.107774429000033
0.020827546296296295,0,0,0.48195336328976035,0.3571897505951349,0.1893898193536674,0.24622685185185186,0.06225115740740741,DFY1f4rTZHo,24796,갱년기,10.118477957093951
0.0009143518518518518,0,0,0.3284617828612927,0.23828964612586634,0.3415629765795207,0.008211805555555556,0.06557870370370371,GRsMsDGm-vg,43434,갱년기,10.679020846694021
0.004768518518518518,0,0,0.33126261801016704,0.18934018475873537,0.27781451978939725,0.02302662037037037,0.06256365740740741,b1v045M9Ofg,23843,갱년기,10.079287892339817
0.006614583333333333,1,1,0.3857278277051561,0.35977257949218666,0.05216396604938272,0.2020486111111111,0.045515046296296297,iAdaz9qHYN0,18078,갱년기,9.802506322682014
0.021163194444444443,1,2,0.5799859522512708,0.34947965420552224,0.31045590504720405,0.13804398148148148,0.09601851851851852,DrcRoQaIjd4,17588,갱년기,9.775028985632325
0.10119212962962963,1,1,0.5243110929557009,0.36847984349147084,0.22210062636165578,0.25589699074074074,0.10675347222222223,4002INuLEYk,17558,갱년기,9.773321917959331
0.011412037037037037,1,1,0.3762016839143065,0.3623956746335087,0.05786980301379811,0.2005787037037037,0.04559606481481481,Nx1GKbhZ-nY,16987,갱년기,9.740262491433162
0.14721064814814816,1,3,0.4578795842411038,0.31435918058203827,0.22383215323166303,0.10024305555555556,0.09644097222222223,UOYTncMUhI0,16649,갱년기,9.72016549540859
0.06258101851851852,1,2,0.43523129992737836,0.3610050552115853,0.31954182552650695,0.25908564814814816,0.09583333333333334,6XvJClZMP20,19103,갱년기,9.857653016192328
0.008431712962962964,1,1,0.7186834831154684,0.4153445797208604,0.1386318082788671,0.5159317129629629,0.07668402777777777,5YR7uiYC3sw,15373,갱년기,9.640433049909078
0.009537037037037037,0,0,0.2549567674291939,0.29568596242621403,0.08657836328976035,0.11247685185185186,0.06565972222222222,nGfjgGjdj88,38211,갱년기,10.550904881389899
0.016122685185185184,1,1,0.33829606935366735,0.2323847907628769,0.16677575798838054,0.04480902777777778,0.08875,LXYQGK0-6uM,34354,갱년기,10.444502847465177
0.005104166666666667,1,1,0.24571732026143792,0.2744161713980934,0.20341693899782134,0.02400462962962963,0.02642939814814815,4_5v5eWjPnk,12207,갱년기,9.409846753524238
0.019050925925925926,0,0,0.6472439860203341,0.3831274601500354,0.18832811365286853,0.45873842592592595,0.05782986111111111,fe7TOBpJjdY,11357,갱년기,9.337677620437377
0.00010416666666666667,1,1,0.2488066902687001,0.288267396555035,0.09424639161220043,0.10811342592592593,0.05108796296296296,cvgBb6skfoY,18760,갱년기,9.83953552604361
0.000625,0,0,0.377872934822077,0.23511099758156995,0.2806111791938998,0.025266203703703704,0.08755208333333334,zjn3JMWDNrM,23111,갱년기,10.048107242146072
0.010688657407407407,1,1,0.5039168482207698,0.28514456397916693,0.2415587554466231,0.18522569444444445,0.0461400462962963,0Xu8u_n6vMw,16549,갱년기,9.71414138080521
0.04627314814814815,0,0,0.14586533224400872,0.1680070840363185,0.36992894426289036,0.014791666666666667,0.05198495370370371,xJt7DdKSROc,43080,갱년기,10.670837343628586
0.04451388888888889,1,1,0.5246554557007989,0.37110564585509503,0.3212939587872186,0.2874537037037037,0.11802662037037037,NMHXBXONi6o,8910,갱년기,9.09504174761272
0.03585648148148148,0,0,0.1229325526506899,0.1677727711367606,0.25083896151053015,0.013038194444444444,0.05628472222222222,M5ZsNL8ER9s,8638,갱년기,9.064042114358884
0.10239583333333334,0,0,0.3980212645243283,0.31788415384540986,0.2933208968772695,0.11153356481481481,0.10083912037037036,39al4nt_0nc,8392,갱년기,9.035153304082828
0.008547453703703703,1,1,0.2443225762527233,0.23893192890406367,0.24901173293391432,0.06546296296296296,0.0953761574074074,yljnZ0WBG94,11477,갱년기,9.348187438668308
0.007361111111111111,1,1,0.45229779411764703,0.27811228564765594,0.09789208877995643,0.20956018518518518,0.10201967592592592,MguuIO4Sk1A,19265,갱년기,9.86609716331757
0.003605324074074074,0,0,0.04841628086419753,0.13842558281105874,0.0696830746187364,0.010891203703703703,0.0784375,8IVziqKY52M,31270,갱년기,10.350446429473651
0.018975694444444444,1,1,0.1548494235657226,0.1896235692386636,0.2457196577705156,0.020046296296296295,0.06912037037037037,KWfh6wtLQO8,12922,갱년기,9.466763948525191
0.08559027777777778,0,0,0.38686372095134347,0.2520374105205353,0.37419839324618737,0.07388888888888889,0.06046296296296296,xZpGyrqUUOs,13935,갱년기,9.542230699092284
0.011909722222222223,0,0,0.2246500998547567,0.24336151518995144,0.2562418073710966,0.06331597222222222,0.05918981481481481,rszSNKBmn9c,193575,요실금,12.17342547919793
0.017864583333333333,1,1,0.4135289351851852,0.31473256751472606,0.1788309050472041,0.2070138888888889,0.05728009259259259,ysTY1NGHRUQ,196934,요실금,12.190629004036321
0.0027430555555555554,1,1,0.45322893972403777,0.37325526691271105,0.07945445261437908,0.2740625,0.09456597222222222,jPvVJvf_bX4,103615,요실금,11.548447037037308
0.02238425925925926,0,0,0.4735068763616558,0.3466642006362312,0.24837016612200435,0.2659490740740741,0.07778935185185185,ompv7jTg5dw,89780,요실금,11.405128650612053
0.0597337962962963,1,5,0.49888854847494557,0.34844892089532326,0.26083095043572985,0.1813773148148148,0.11362268518518519,YVmx_34dZag,75432,요실금,11.231000124030809
0.04589699074074074,1,1,0.44087447803195356,0.35983345606866385,0.3107796160130719,0.1298726851851852,0.11844328703703703,ciaX-LhBd9I,74370,요실금,11.216821359889048
0.11197337962962962,1,1,0.49208124546114745,0.3162014149555045,0.2269727895787945,0.14880208333333333,0.12256944444444444,pxSwUv8JV7s,56287,요실금,10.938236647537284
0.11931134259259259,1,2,0.6179914669571532,0.40323190130929293,0.2130611156499637,0.42971064814814813,0.10295138888888888,67FwKOx_V9E,54957,요실금,10.914324536132202
0.16531828703703705,0,0,0.4340457062454611,0.3296207869253468,0.43855839233841687,0.08228587962962963,0.14179398148148148,qBTISSEiTlI,53888,요실금,10.894681654436946
0.07902777777777778,0,0,0.5563268654684096,0.3291008096440693,0.17925295025417573,0.33036458333333335,0.09493055555555556,qREc0Ckjl4U,39511,요실금,10.58435970222046
0.009241898148148148,1,1,0.39736092955700797,0.3007597859232628,0.02590019063180828,0.21708912037037037,0.03690972222222222,fxM2qPSiG-I,40253,요실금,10.602964656790943
0.08769675925925927,1,1,0.6788258896151053,0.3853425720153913,0.5174606481481482,0.5087673611111111,0.09743055555555556,hf_9csErppU,31419,요실금,10.355199911809612
0.012314814814814815,0,0,0.45053901143790853,0.291984320730181,0.43228422294843866,0.14094328703703704,0.06802662037037037,JMDZ8eg5Xuo,30845,요실금,10.33676236128356
0.015324074074074073,1,1,0.4770204702251271,0.4103562062158655,0.11542336147421932,0.3510243055555556,0.10314236111111111,6GwxkXjloNw,30314,요실금,10.319397918505832
0.0033043981481481483,1,1,0.6516240922294845,0.4079699272912637,0.18317451888162672,0.4586458333333333,0.07707754629629629,L1h_QO_cqSg,27087,요실금,10.206846104372916
0.0005034722222222222,0,0,0.41995170660856934,0.33283693596782254,0.234697848583878,0.18628472222222223,0.06983217592592593,8ULnTpITE1s,29259,요실금,10.283976674574115
0.15494212962962964,0,0,0.19581404320987655,0.22294027269562436,0.4328092320261438,0.02607638888888889,0.03375,MTXvFKh90SM,15325,요실금,9.637306011530349
0.0026099537037037037,0,0,0.2556016022149601,0.26428495429806875,0.21123924291938997,0.059930555555555556,0.05527199074074074,RVnwqxOiSlY,14726,요실금,9.597437822726162
0.05765625,1,2,0.20071157861292666,0.24783016635694538,0.21187518155410312,0.030480324074074073,0.07360532407407408,0Fy1RickQJE,13915,요실금,9.540794536271832
0.011412037037037037,0,0,0.22666489651416122,0.2537836704532382,0.1330484068627451,0.07548611111111111,0.07299189814814815,etFOGLYnKkQ,19240,요실금,9.864798697921016
0.02119212962962963,1,1,0.5311944444444445,0.3564424179669603,0.13006004901960783,0.30495949074074075,0.12625,IPIe9IFA-IE,11019,요실금,9.307467082706905
0.20261574074074074,1,1,0.6256454248366012,0.39466555487368116,0.24845574618736382,0.3650231481481481,0.0983275462962963,uopciYOZa2o,11117,요실금,9.316320695513415
0.012662037037037038,1,1,0.32313609749455335,0.25821327984222703,0.13197120098039217,0.05102430555555556,0.06982638888888888,tmjYe3jShaw,26124,요실금,10.170647989267112
0.004120370370370371,1,1,0.37869680464778505,0.31038449367139476,0.030019267429193898,0.2049537037037037,0.04710648148148148,6xHbsXZbKxE,9128,요실금,9.119211438565081
0.06853587962962963,1,1,0.4134099491648511,0.3737022986179519,0.1931907679738562,0.2321875,0.09090856481481481,_OuHiOhvqYE,7245,요실금,8.888204871455022
0.07463541666666666,1,1,0.2976082970225127,0.22561248609998744,0.3321685275962237,0.019375,0.07692708333333333,X-LRFw8USsI,8911,요실금,9.095153962167066
0.16378472222222223,1,1,0.2714506626724764,0.2374471895194929,0.3464595815177923,0.010271990740740741,0.05002314814814815,HJm_iYNdIg0,5815,요실금,8.668368019213355
0.0019155092592592592,1,1,0.5173815813362382,0.2854753850072141,0.20169471677559914,0.17108796296296297,0.052592592592592594,AFBDrNOseBE,19699,요실금,9.88837391472608
0.030237268518518517,0,0,0.15104266521423385,0.1661115373798537,0.3460492919389978,0.02015625,0.04280092592592592,-APZ0SP1PUg,288405,요실금,12.572124488614802
0.01359375,1,1,0.5783680328612927,0.4039027710288118,0.13055682643427743,0.45153935185185184,0.08539351851851852,MKShJTXeHk8,70349,요실금,11.161238062542536
0.0013483796296296297,1,2,0.5212387890341321,0.29062850806603063,0.20584738108206246,0.15890046296296295,0.05116319444444444,VTlq1miwQOY,20904,요실금,9.947743643790666
0.002008101851851852,1,1,0.33814687726942627,0.3667174042718355,0.15201933551198257,0.20848958333333334,0.07365740740740741,yBuVLBbdmBQ,6901,요실금,8.839566503657949
0.006221064814814815,1,1,0.13975975853304287,0.23521219564451598,0.039459990014524327,0.03363425925925926,0.03740740740740741,AuQNkddozzU,4129,요실금,8.326032685955079
0.09162037037037037,1,1,0.29693137254901963,0.23136048595819783,0.28473667846768336,0.026921296296296297,0.059618055555555556,__B-D18zUio,4465,요실금,8.404248432400102
0.008859953703703703,1,1,0.33650392610748003,0.2819902822468606,0.17476985748002904,0.08729166666666667,0.08242476851851852,gi8gGkS-p4A,4021,요실금,8.299534570332597
0.0024421296296296296,1,1,0.3789206154684096,0.2480743765505138,0.11966294480755264,0.06667824074074075,0.05210069444444444,JE7rntkxacg,8421,요실금,9.038602608721874
0.0035821759259259257,1,2,0.6299124228395062,0.4232903783614208,0.2743169480755265,0.49453703703703705,0.07512731481481481,x8HWoc_XAZU,3825,요실금,8.249575150000199
0.02839699074074074,1,1,0.3956898602033406,0.2835796249337846,0.19703858024691356,0.11594328703703703,0.08407407407407408,CMLvN32w8JE,3676,요실금,8.209852481301272
0.010185185185185186,1,1,0.4139261301742919,0.38760320672359927,0.2868629493464052,0.21373263888888888,0.08447916666666666,O5sZxH5-moY,3513,요실금,8.164510268747042
0.05929398148148148,1,1,0.4730875771604938,0.3254679682715139,0.20754752178649238,0.1249537037037037,0.09956597222222222,yWlcilHrcXs,3304,요실금,8.103191752285786
0.0033391203703703703,0,0,0.5315266657588962,0.3057478320338193,0.11148418209876544,0.38081018518518517,0.035931712962962964,Wic_yi9lw_A,3728,요실금,8.22389538017882
0.008084490740740741,0,0,0.48338060548293393,0.33064571648491936,0.17526189179375454,0.18447337962962962,0.09253472222222223,Jd02NZR3AxU,20345,요실금,9.920639611353694
0.10466435185185186,0,0,0.17389821623093682,0.18418501290151879,0.4441273828976035,0.012546296296296297,0.026660879629629628,RTrDP97cCgg,2800,요실금,7.937731775260109
0.04192708333333333,1,1,0.4193400054466231,0.3555901123589456,0.24781964869281045,0.08191550925925926,0.09093171296296296,SHufc6ngg3A,3632,요실금,8.197814032221203
0.004456018518518519,1,1,0.4829437636165577,0.2928385716726025,0.08026325344952795,0.28225694444444444,0.04989004629629629,6sS2nZQy1g0,3789,요실금,8.240121298076472
0.04109375,1,1,0.24655555555555556,0.2611531234224559,0.1435199936456064,0.07119212962962963,0.06424189814814815,INUQ4tC6c8I,3566,요실금,8.17948018535889
0.007471064814814815,0,0,0.3310262572621641,0.23631746702644854,0.3032820216049383,0.030931712962962963,0.08961805555555556,e8xjZlNSqQw,2700,요실금,7.901377353792616
0.047719907407407405,1,1,0.26831778776325343,0.2486406560596122,0.177404389070443,0.06657407407407408,0.05768518518518519,TDgX7lQIC0I,2981,요실금,8.000349495324684
0.011840277777777778,1,1,0.2671798974219317,0.27385848773585697,0.1496858660130719,0.11711226851851853,0.040734953703703704,ZUsTSlLjKvA,4052,요실금,8.307212626628308
0.02200810185185185,1,1,0.31626717955700795,0.2915124459235358,0.3356749046840959,0.09491319444444445,0.07342013888888889,zxGjpETTuEE,2341,요실금,7.758760544157663
0.013252314814814814,0,0,0.12051804193899782,0.1604864859134551,0.3250894607843137,0.005416666666666667,0.05392361111111111,2YsIYw-c2lU,5612,요실금,8.6328406149422
0.03611111111111111,1,1,0.25208873456790126,0.19962774443112058,0.5116814179375454,0.012743055555555556,0.12395254629629629,fY4qK69M7pw,6651,요실금,8.802672840312818
0.030416666666666668,1,1,0.23608934731299927,0.24771508241456563,0.24102580337690632,0.09245949074074074,0.05369212962962963,IeBmde46u78,3298,요실금,8.101374671228582
0.018605324074074073,0,0,0.3740906181917211,0.2587079321712526,0.3475773420479303,0.030462962962962963,0.03011574074074074,qpJefCGgF04,7741,요실금,8.954415331137593
0.06263310185185185,1,1,0.5495414397240378,0.3500157264171395,0.18181383896151052,0.23379050925925926,0.13229745370370372,V15f6LtkLac,2112,요실금,7.655864017616056
0.007245370370370371,0,0,0.15970638162672476,0.18972816214029573,0.22086378903413217,0.00986111111111111,0.0635011574074074,exFm4qZw7GQ,6563,요실금,8.789355452209982
0.0016435185185185185,0,0,0.18556358932461872,0.18648927361656129,0.149607616194626,0.018912037037037036,0.05320023148148148,2dsCTP2SXNg,4443,요실금,8.39931015075952
0.01255787037037037,0,0,0.512919299201162,0.3435168077293611,0.16097642066085693,0.25730324074074074,0.09752314814814815,feuQyHrjom8,1783,요실금,7.486613313139955
0.005775462962962963,1,1,0.3045354257443718,0.2755977348598204,0.0949943718228032,0.1380324074074074,0.04946759259259259,4AY9iYp27Cc,2209,요실금,7.700747794511798
0.0004571759259259259,1,1,0.2517051334422658,0.23437237150878654,0.044152823166303555,0.08966435185185186,0.05318287037037037,0YRRSYLOKxE,4039,요실금,8.303999970955196
0.023049768518518518,0,0,0.42370077614379087,0.24844734268702742,0.1316207561728395,0.12241319444444444,0.04362847222222222,pHjO3gdY6jk,3725,요실금,8.223090551161533
0.021655092592592594,1,2,0.2767934141249092,0.21759592888745138,0.41007389251997095,0.01964699074074074,0.08453125,VSuyku7ZNfw,3656,요실금,8.204398418149381
0.022586805555555554,1,1,0.5969052514524328,0.38975742128439866,0.3099972086056645,0.3321296296296296,0.0703587962962963,LBNjMpH5ag8,1256,요실금,7.136483208590247
0.027939814814814813,1,1,0.2998505582788671,0.25151479442396674,0.18246021695715323,0.10320023148148148,0.07355324074074074,wuMHEnfkIDA,6693,요실금,8.808966881771273
0.00140625,1,1,0.6409950980392157,0.4020977680184791,0.1697774373638344,0.332349537037037,0.08990162037037037,JpCzbjl95l8,1128,요실금,7.029087564149662
0.00019097222222222223,0,0,0.4109397921205519,0.26823957503535956,0.2633451797385621,0.13093171296296297,0.07277777777777777,WSD1Rb2SfzI,988,요실금,6.8966943316227125
0.01913773148148148,0,0,0.2732510893246187,0.27491064421867545,0.21166927650689904,0.11720486111111111,0.07316550925925926,legOPtkuv-4,1842,요실금,7.519149957669823
0.0022800925925925927,0,0,0.29062670206971675,0.20361701579145552,0.26556921750181556,0.0064525462962962965,0.09480324074074074,x0esnJ_pRQo,2699,요실금,7.90100705199242
0.028871527777777777,1,1,0.29901062091503267,0.24658081277869587,0.19333408224400872,0.09836226851851852,0.07713541666666666,tq3i8bsjGzw,4033,요실금,8.302513718514158
0.01258101851851852,1,1,0.46793502632534495,0.3553949165856922,0.11098252541757445,0.2671412037037037,0.051284722222222225,cMtH6_ztO1I,2076,요실금,7.638679823876112
0.030034722222222223,1,2,0.5208695079883805,0.32380320003807805,0.06582337055192447,0.33557291666666667,0.05015625,8KwQVQbngtE,832,요실금,6.725033642166843
0.03231481481481482,0,0,0.20250860112563543,0.21624448143656685,0.1607274645969499,0.043327546296296295,0.03377893518518518,q-GpZ3jVJwU,769,요실금,6.646390514847729
0.011174768518518518,1,1,0.3778298384168482,0.2753134303585955,0.1162929829339143,0.18737847222222223,0.04373263888888889,X5wqnyye81o,1645,요실금,7.406103381237015
0.018032407407407407,1,2,0.35406581336238196,0.2754635240386762,0.28142755991285406,0.11127893518518518,0.08585648148148148,or-tKRecScQ,2152,요실금,7.674617497364363
0.016689814814814814,1,1,0.4106857298474946,0.297534913371812,0.1517821804647785,0.19786458333333334,0.04127314814814815,WMZN6MtNyrs,1764,요실금,7.475905969367397
0.09713541666666667,1,1,0.5410284812999273,0.3632347556573728,0.33485042211328975,0.028998842592592593,0.08829282407407407,qPl58vmeeuI,634,요실금,6.453624998892692
0.027783564814814816,1,1,0.3201062999273783,0.27205035317010723,0.16461544571532316,0.16027199074074075,0.062106481481481485,OY5gxUyAUUw,879,요실금,6.779921907472252
0.05634259259259259,1,1,0.29638260257806825,0.21718583121262192,0.26602873093681917,0.031186342592592592,0.11300925925925925,J1QzMUe0pBw,1967,요실금,7.584773077612199
0.021782407407407407,1,2,0.2547492737835875,0.22702540606832206,0.23358825798838054,0.03357060185185185,0.09737268518518519,RCL3PwVocfg,2025,요실금,7.613818684808629
0.019693287037037037,0,0,0.3514941221859114,0.26913249944463796,0.33801686183732754,0.11118055555555556,0.12251157407407408,tahdNrg2wjE,1513,요실금,7.322510433997394
0.012268518518518519,1,1,0.5029814133986927,0.31796266473263407,0.03193066902687001,0.35627893518518516,0.042702546296296294,bFXUarqrk9Y,2042,요실금,7.622174594817622
0.04338541666666667,1,2,0.4109405410312273,0.24544116709962024,0.5565665622730573,0.05918402777777778,0.08311921296296296,jPBYNRG2rBA,1595,요실금,7.3752557780097545
0.028587962962962964,1,1,0.28492660675381265,0.25310557385460014,0.12767522240377632,0.12462962962962963,0.05438078703703704,slbU_UNDq3M,1717,요실금,7.4489161025442
0.014809027777777779,1,2,0.15434928740014525,0.20294010332537063,0.24870477033405955,0.0428587962962963,0.0470775462962963,_aSlJSm-gxA,1511,요실금,7.321188556739478
0.020167824074074074,1,1,0.30915019063180826,0.18501936010216602,0.5175356980755266,0.00625,0.0801099537037037,La_tSmR8Sig,1774,요실금,7.4815557019095165
0.017158564814814814,1,1,0.4213407997458242,0.25961441390523987,0.19336762436456065,0.15014467592592592,0.08898726851851851,06PYtGHaK0w,559,요실금,6.327936783729195
0.006603009259259259,0,0,0.3342453703703704,0.2866782648554486,0.35722140522875817,0.0536400462962963,0.09822337962962963,xx4FqG5fjQc,4688,요실금,8.452974619089586
0.0005902777777777778,1,1,0.5834913761801016,0.38144360907795827,0.1371899055918664,0.49046875,0.10671296296296297,oTHQZsl_11o,480,요실금,6.175867270105761
0.02982638888888889,1,1,0.4192575344952796,0.2782968093331485,0.24063101397966594,0.19372685185185184,0.057644675925925926,9UcbqDnpXEY,590,요실금,6.3818160174060985
0.002991898148148148,0,0,0.2909197303921569,0.20354393949287963,0.25727902596223673,0.00542824074074074,0.09369212962962963,UcfJ9loN3uk,489,요실금,6.194405391104672
0.00014467592592592592,1,1,0.34758004266521425,0.2580058363159833,0.31319401325344953,0.08107638888888889,0.06872106481481481,zt1nIWjjfuw,1800,요실금,7.496097345175956
0.03190393518518519,1,1,0.497210670842411,0.28275490113962193,0.17217962509077706,0.19394097222222223,0.07943865740740741,zsW5XOOTV7U,1353,요실금,7.21081845347222
0.01835648148148148,1,1,0.330472267610748,0.21222997639706892,0.24598883442265795,0.0068865740740740745,0.10784143518518519,7pODz5-IgAo,1432,요실금,7.267525427828172
0.025844907407407407,1,2,0.35740175653594775,0.25662290632119045,0.42650880537400143,0.05407407407407407,0.12118634259259259,5IKxMlIAidA,677,요실금,6.519147287940395
0.03324074074074074,1,1,0.40255707607116925,0.2581331639203788,0.11230085784313726,0.1108449074074074,0.07028935185185185,B2Hm6D60aFk,984,요실금,6.892641641172089
0.0,0,0,0.5287408088235294,0.3242260144563397,0.03144224310094408,0.3676446759259259,0.053431712962962966,K3kcTg54MMU,584,요실금,6.371611847231857
0.0007638888888888889,1,1,0.5050058097312999,0.310014738020525,0.20550054466230935,0.10809027777777777,0.05195023148148148,EIKaKE_xSho,536,요실금,6.285998094508865
0.017465277777777777,0,0,0.21360092138707337,0.24503454220894916,0.09741392066085693,0.06246527777777778,0.05219907407407407,7gf74ceOOSk,395,요실금,5.981414211254481
0.006782407407407407,0,0,0.5126331926289034,0.29655325159445106,0.28837740559186636,0.045925925925925926,0.06753472222222222,NeKyOADqvHs,1433,요실금,7.2682230211595655
0.10023726851851852,0,0,0.44804906499636893,0.27089088367031244,0.3570505855119826,0.13396412037037037,0.06604166666666667,XIVi2qwAZBE,1052,요실금,6.959398512133975
0.054947916666666666,0,0,0.27860026325344955,0.22717078169654814,0.2979106980755265,0.04224537037037037,0.10710069444444445,LdxohkA2yxo,854,요실금,6.75110146893676
0.04291087962962963,1,1,0.6348431372549019,0.3579309714079801,0.25161692084241105,0.2482175925925926,0.051215277777777776,LtvuvrBab60,350,요실금,5.860786223465865
0.0175,1,1,0.40773368282498185,0.25200298521244546,0.24237915305010893,0.07783564814814815,0.08934606481481482,KFwut0Jiwy0,980,요실금,6.8885724595653635
0.03971064814814815,0,0,0.2130725989469862,0.19281636107547515,0.4304564497095134,0.02560185185185185,0.0843923611111111,HQtxzxMUX48,1298,요실금,7.1693500166706
0.07457175925925925,0,0,0.2829204339143065,0.2042397629469486,0.44069473946986204,0.03404513888888889,0.06925925925925926,ltOrtmXW5Sk,1060,요실금,6.966967138613983
0.025358796296296296,0,0,0.41126468318809006,0.28611010854550845,0.2862509985475672,0.17174189814814814,0.06090856481481482,wuF4CZeosmE,941,요실금,6.848005274576363
0.00036458333333333335,1,1,0.5129613516702978,0.3058449193954913,0.2915742783224401,0.07710069444444445,0.06331018518518519,in47XTKzZnk,441,요실금,6.091309882077698
0.0059722222222222225,1,1,0.6208688498547568,0.369944117542802,0.17527312545388526,0.5279976851851852,0.06763310185185185,ZPrWL0igKt4,285,요실금,5.655991810819852
0.0008738425925925926,1,2,0.31099137618010164,0.1816318342591162,0.5776295842411038,0.008101851851851851,0.04689814814814815,ruVC-gE69bE,1203,요실금,7.093404625868766
0.002395833333333333,0,0,0.2901960103485839,0.20186459549725352,0.2676017383805374,0.004884259259259259,0.09501157407407407,1g_Ch_ONxxM,210,요실금,5.351858133476067
0.014444444444444444,0,0,0.2068280001815541,0.258756765444861,0.10707972494553378,0.08581018518518518,0.04159722222222222,wv6XBDwdVdY,224,요실금,5.41610040220442
0.0655613425925926,0,0,0.2689859749455338,0.23831566446739896,0.2803176515976761,0.05091435185185185,0.07675925925925926,N-48OZ6VpMI,411,요실금,6.021023349349527
0.0004166666666666667,0,0,0.3486950344952796,0.3240929311108409,0.03347530864197531,0.1866898148148148,0.03709490740740741,YORQIOmTT5g,196,요실금,5.2832037287379885
0.000925925925925926,1,1,0.48081733387799563,0.3206088159390488,0.06116668936092955,0.34011574074074075,0.0375,g2sL_pItI-0,388,요실금,5.963579343618446
0.009172453703703703,1,2,0.4051468318809005,0.2538755260772781,0.08715232389251998,0.10421875,0.05016782407407407,WMJmAeDfJhg,194,요실금,5.272999558563747
0.0038657407407407408,0,0,0.6678786764705883,0.3983942038324472,0.1392138934277415,0.5159548611111111,0.06690393518518518,OTrrleZgDzk,150,요실금,5.017279836814924
0.010121527777777778,0,0,0.21204336873638344,0.15674956855693892,0.26193441358024694,0.01607638888888889,0.060711805555555554,ZfJfI2liLHs,510,요실금,6.236369590203704
0.08785300925925926,1,1,0.5424592411038489,0.40402372555523697,0.2242807734204793,0.39736689814814813,0.07579282407407407,Tl1YS_DpZqA,2158098,역류성식도염,14.58473829955889
0.05925925925925926,1,1,0.4791185548293391,0.3125816677942595,0.34962856299927375,0.07860532407407407,0.11820023148148148,19buFp9pVQg,1958416,역류성식도염,14.487647051818024
0.026822916666666665,1,1,0.3477285766158315,0.37166012356047806,0.36702165032679734,0.2247337962962963,0.08627314814814815,C9jYrWpF9f4,1523911,역류성식도염,14.236791270779397
0.04546296296296296,1,1,0.2443179239288308,0.2762931177931285,0.5812942311183732,0.05304976851851852,0.09719907407407408,fiup-1L4W90,1333401,역류성식도염,14.103244129089976
0.0009895833333333334,1,1,0.5685607071532317,0.3287128196364977,0.40361254084967324,0.19799768518518518,0.06549768518518519,5Jkx7zJBPX4,1284620,역류성식도염,14.065974291173378
0.1041724537037037,1,1,0.42892422385620915,0.3340838990120454,0.2718854620551925,0.15855902777777778,0.08079282407407408,10Uu6kg2DOk,1239530,역류성식도염,14.030243640229347
0.06177662037037037,1,1,0.36805637254901963,0.36904788487205425,0.3089868600217865,0.18774305555555557,0.09279513888888889,JCBLqM5HNXo,1220310,역류성식도염,14.014616302256146
0.09703125,1,1,0.3696945125272331,0.28194634508567523,0.36964240649963687,0.08020833333333334,0.10340277777777777,YVJSku2GaAM,1106510,역류성식도염,13.91672237968004
0.00884837962962963,0,0,0.42679892883079157,0.33414247432216904,0.2746326933551198,0.1843576388888889,0.05620949074074074,CIOmoVvLqTo,942177,역류성식도염,13.755949495368169
0.08435763888888889,0,0,0.4140597312999274,0.3175198989991345,0.23830741648511256,0.14436342592592594,0.10598958333333333,ff6Hn41DU-Q,888734,역류성식도염,13.697554382320028
0.04401041666666667,0,0,0.387633079157589,0.3210174117099117,0.17833036038489472,0.19094907407407408,0.09498263888888889,fdJQueq479s,882034,역류성식도염,13.689987016741279
0.06785879629629629,0,0,0.6487812273057371,0.39898205095285194,0.4896496459694989,0.40232060185185187,0.07153356481481482,4rTmAzI6gMQ,809079,역류성식도염,13.603653078667032
0.05874421296296296,1,2,0.3538861428830792,0.31889208943937697,0.24289118100944082,0.10822916666666667,0.09436342592592592,ONq61BfGLsA,772540,역류성식도염,13.557440360779296
0.05424189814814815,1,1,0.4431653957879448,0.3510251492252286,0.40476702069716775,0.23310763888888889,0.16252314814814814,dGqkB5s8d8k,513330,역류성식도염,13.148676140256827
0.001979166666666667,0,0,0.15807697893972406,0.17590770124961175,0.12264889705882354,0.027123842592592592,0.04113425925925926,HeFAXK8aVew,345998,역류성식도염,12.754191163862274
0.010439814814814815,1,1,0.22977947984749456,0.2741037290591361,0.15395368100944082,0.08744212962962963,0.05813657407407408,6Xgr178OKyg,346091,역류성식도염,12.754459914649555
0.0834375,1,1,0.5427158905228758,0.38764087268294845,0.30479777142338416,0.30265625,0.09616319444444445,MpuhJQ6rhso,247157,역류성식도염,12.417783087217916
0.04905092592592593,0,0,0.17032922567175018,0.18612287620802118,0.172645697167756,0.029346064814814814,0.04932291666666667,1GWBWttlWqE,260738,역류성식도염,12.471275185971248
0.02449074074074074,1,1,0.6486689133986928,0.3733092190491818,0.47413907044299197,0.38189814814814815,0.07875,3dpJafIgHqo,234648,역류성식도염,12.365846059547172
0.011770833333333333,1,1,0.5062353622004357,0.3635181497091842,0.25408099582425564,0.3686111111111111,0.11302662037037037,xiMdnDsgycg,224606,역류성식도염,12.32210748731907
0.00990162037037037,1,1,0.5785157952069717,0.37841199920933777,0.2616393654684096,0.3022858796296296,0.09346064814814815,Dl_Em8dHCNA,210625,역류성식도염,12.257839327851974
0.006446759259259259,1,1,0.5264318037400145,0.3719549294377619,0.14362002995642703,0.2720023148148148,0.08444444444444445,-avhna6-KzA,202820,역류성식도염,12.22007909563406
0.15810185185185185,1,1,0.3911669843863471,0.34838508903186954,0.3166311728395062,0.14952546296296296,0.10545138888888889,cDbNp2U978M,196677,역류성식도염,12.189323152672058
0.012291666666666666,1,1,0.30753724128540305,0.2877068033467613,0.23157157770515613,0.07722800925925925,0.08644097222222222,oi1iccOvWP4,163254,역류성식도염,12.003068674541018
0.16008101851851853,1,1,0.504109862926652,0.3819724292534898,0.25616330791575886,0.2622453703703704,0.10848958333333333,7HRxlqDjlg0,148552,역류성식도염,11.908697075907298
0.03611111111111111,1,1,0.5286513707334786,0.41645147066978966,0.18622521786492374,0.4365046296296296,0.07199074074074074,oGBIe-ssDk0,139611,역류성식도염,11.846622425501456
0.010827546296296297,1,1,0.6377878540305011,0.39571951484231405,0.23840829248366013,0.41638310185185184,0.08976851851851853,XY4tag1AHJI,130942,역류성식도염,11.782517392989687
0.16385416666666666,1,1,0.5259650054466232,0.3108285435906853,0.5073287717864924,0.19175925925925927,0.10155092592592592,loVc-MFXM5k,125155,역류성식도염,11.737316238179753
0.000625,0,0,0.31464973674655045,0.22937152541368047,0.5123644698620189,0.01407986111111111,0.03596064814814815,4XoY5kVTa2s,134753,역류성식도염,11.811206172931778
0.15234953703703705,1,3,0.407066630355846,0.34207276803813885,0.43790257352941175,0.18091435185185184,0.10043402777777778,nNxVOPBB-ZE,119486,역류성식도염,11.69096285782513
0.03557291666666667,1,1,0.3436720225127088,0.26423458111707027,0.34224074074074073,0.022158564814814815,0.12982060185185185,YjTmhlerSlU,110380,역류성식도염,11.611693296564702
0.005462962962962963,0,0,0.3182960466594045,0.2334415174403094,0.22204028231663037,0.039832175925925924,0.07366898148148149,DIe6Xh-rn58,132207,역류성식도염,11.792131718940965
0.14976273148148148,1,1,0.5046091367102397,0.2976247276866172,0.22521627632534497,0.06101851851851852,0.0987673611111111,DIvpvZDvNY0,93143,역류성식도염,11.441901961716852
0.05061342592592592,0,0,0.16109431735657226,0.2511221529992528,0.30723549836601305,0.08067708333333333,0.06491898148148148,9iTSXwWsnmU,89680,역류성식도염,11.404014208442124
0.005688657407407407,1,2,0.5883626543209876,0.37348799178072434,0.1569105392156863,0.4346759259259259,0.0973900462962963,Xl8KyDMT9a4,91161,역류성식도염,11.42039342256608
0.06492476851851851,1,2,0.37689063634713144,0.3144505162699192,0.32339419934640523,0.06869212962962963,0.08349537037037037,thmjfjpZn0o,1503712,역류성식도염,14.223447940814532
0.21453125,1,1,0.535378109114016,0.3356199656603744,0.286069739469862,0.14041087962962964,0.10321180555555555,WMa7cMTujT4,86989,역류성식도염,11.373548448501586
0.3461342592592593,0,0,0.47976958514887436,0.3339766041531452,0.4081846859114016,0.10300347222222223,0.057372685185185186,eCE-8y8amlk,100476,역류성식도염,11.517684124568408
0.10508101851851852,0,0,0.270602441902687,0.29906002787633534,0.17378447258533045,0.04697916666666667,0.0480150462962963,oQBS48Dr7SY,82354,역류성식도염,11.318794450216776
0.01306712962962963,1,2,0.3448341276325345,0.3969574956401487,0.25017651597676105,0.2534722222222222,0.0643113425925926,Q9hHLOTktGo,74614,역류성식도염,11.220096838365569
0.004230324074074074,0,0,0.46515407135076253,0.3323018361303652,0.18076867737835875,0.21681712962962962,0.08811342592592593,SYdm3b6fGA0,70379,역류성식도염,11.161664410875575
0.03335648148148148,1,1,0.3681468772694263,0.3197179853902865,0.24076016702977487,0.11302083333333333,0.10664351851851851,jraFdarbfvg,69083,역류성식도염,11.14307843446381
0.004803240740740741,1,1,0.43060108024691357,0.32694601627352826,0.23121754720406681,0.21650462962962963,0.055769675925925924,JG5eJqzynEQ,75840,역류성식도염,11.236394322495983
0.00921875,1,3,0.6479690450254175,0.40911583538493373,0.326456131989833,0.38610532407407405,0.09396412037037037,K12O-aZRym4,64517,역류성식도염,11.074699533618581
0.006059027777777778,1,1,0.37853199891067535,0.2799797402985834,0.220303808097313,0.06740162037037037,0.08534722222222223,HmHdXCtlqvw,61214,역류성식도염,11.022147536508015
0.07387731481481481,1,2,0.5089722222222222,0.29248059197694054,0.309557734204793,0.05597800925925926,0.09200810185185185,zYfL8EHsOtc,57920,역류성식도염,10.966835292103926
0.022447916666666668,1,1,0.5858610884168481,0.35795488680360876,0.13121044389978215,0.46291666666666664,0.09854166666666667,s1xwByKVrBY,56186,역류성식도염,10.936440692397964
0.010451388888888889,0,0,0.4393768155410312,0.29502377167886146,0.22084220679012345,0.13494791666666667,0.03778935185185185,Ke9NmImHScY,55836,역류성식도염,10.930192011064651
0.07788194444444445,1,1,0.37452192265795203,0.3759867254713044,0.4064234976397966,0.16100694444444444,0.08327546296296297,kHjn8UMetCY,55290,역류성식도염,10.920365425621668
0.10508101851851852,0,0,0.41922728304284673,0.28212984632806987,0.2597106935366739,0.07350115740740741,0.10504050925925926,MZ2UD1TBHww,59383,역류성식도염,10.991780108797382
0.06741898148148148,1,1,0.3194236564996369,0.3018519878935636,0.3797433278867103,0.07689236111111111,0.10656828703703704,Oao106H6OiY,48719,역류성식도염,10.793844902383778
0.16837384259259258,0,0,0.6425602078794481,0.34385348451092856,0.36797748729121277,0.10996527777777777,0.09527199074074075,5P6_EthOflM,48190,역류성식도염,10.782927560612269
0.02845486111111111,1,1,0.4663831926289034,0.35274357905140974,0.28326590867828616,0.19512152777777778,0.1018113425925926,Ifp9AI-onzk,46433,역류성식도염,10.745787228498514
0.011556712962962963,1,1,0.47464093137254904,0.26000133584769536,0.2752297340232389,0.08361111111111111,0.05696759259259259,PkXWIkRI-io,67567,역류성식도염,11.120889777173725
0.017690972222222223,1,1,0.44937799564270153,0.3224727724866067,0.26957818173565723,0.16798032407407407,0.09012152777777778,zb3oUv_Kx20,37801,역류성식도염,10.540117290260902
0.03243055555555555,1,1,0.366497730573711,0.25194903615418235,0.1690415758896151,0.10872106481481482,0.03666087962962963,-YjHz5w71pM,46540,역류성식도염,10.748088923518438
0.02320023148148148,1,3,0.5488477441902686,0.36088036687252467,0.35635205610021786,0.19571759259259258,0.11054976851851851,WpeB1x9_BIk,36125,역류성식도염,10.494768106692502
0.10861111111111112,1,1,0.5492273965141613,0.3252808779807258,0.25752344317356574,0.20976851851851852,0.08831018518518519,ZCretMci-AI,35464,역류성식도염,10.476301573636187
0.1928761574074074,1,1,0.6196364606027596,0.37812303690750143,0.28673030137981115,0.4145891203703704,0.08558449074074075,fNz_PQOBe54,35423,역류성식도염,10.475144835508363
0.0011979166666666666,1,1,0.42499246550472036,0.36480643681082997,0.16922966594045025,0.2853472222222222,0.06848958333333334,c7edHKD2PEY,43686,역류성식도염,10.684805853989356
0.05675347222222222,1,1,0.4660632942992012,0.3533879313108151,0.294336306281772,0.20113425925925926,0.08518518518518518,FshSTerw5dQ,34451,역류성식도염,10.447322329909063
0.08240162037037037,1,1,0.47312107389251995,0.3790681026411656,0.29080294571532317,0.24138888888888888,0.11403356481481482,bE-sjEtUayI,33630,역류성식도염,10.423203539647567
0.04066550925925926,1,4,0.3564679783950617,0.29583314816851414,0.2485611156499637,0.1737152777777778,0.07184027777777778,ZH-RDocYPGk,49513,역류성식도염,10.81001073685123
0.04788773148148148,0,0,0.5424827296659405,0.32559618381438166,0.2065239424473493,0.33457175925925925,0.046336805555555555,L2_ptDfbb-s,32621,역류성식도염,10.392742186373976
0.008454861111111111,0,0,0.3917492510893246,0.3886090890205921,0.14231967138707333,0.22622685185185185,0.08640046296296296,qKWk_gMD5bc,28027,역류성식도염,10.240959289490425
0.14028935185185185,1,1,0.5912593954248365,0.3719615686273125,0.37846448347857664,0.17535300925925926,0.11548611111111111,tEH8mNqnviQ,26069,역류성식도염,10.168540506927547
0.04494212962962963,1,1,0.22465434368191722,0.18568723577030855,0.18156953522149602,0.0165625,0.04024305555555555,xZQKCqxL2yI,55101,역류성식도염,10.916941292122916
0.02195023148148148,0,0,0.30930176561365286,0.23456162057459776,0.40828043300653594,0.0791550925925926,0.08036458333333334,5bQgQX6MBAs,21111,역류성식도염,9.95759687818316
0.01025462962962963,1,1,0.42083678286129267,0.348111549587906,0.26706147875816993,0.18617476851851852,0.09149305555555555,S_-IVG2mBq8,20392,역류성식도염,9.922946983692347
0.00962962962962963,1,1,0.4205552832244009,0.25249350350919586,0.08523431826434279,0.11901041666666666,0.0753125,RnpvrYYVBf0,20820,역류성식도염,9.943717371755195
0.13425925925925927,1,1,0.5239849537037038,0.35272965490043484,0.23900195170660857,0.26708333333333334,0.11012152777777778,tFcihg0tBKU,19270,역류성식도염,9.86635665419792
0.007013888888888889,0,0,0.3041022603485839,0.36922415655498797,0.3777446668482207,0.1953761574074074,0.07352430555555556,wL7YGilRw00,18737,역류성식도염,9.838308826511133
0.09891203703703703,1,1,0.45483989197530866,0.2898587042335263,0.34524142156862747,0.07032986111111111,0.11599537037037037,IdFiTqL_79o,17737,역류성식도염,9.783464509936397
0.04456597222222222,1,1,0.5929517519970952,0.43088713850266847,0.24249214778503994,0.3721990740740741,0.10051504629629629,UUtMTaLUh4M,16876,역류성식도염,9.733707027236484
0.15434027777777778,1,2,0.5034758759985476,0.2985125254881745,0.22435918209876543,0.06225694444444444,0.09696759259259259,N_w9F2Mhrx4,16041,역류성식도염,9.68296556192687
0.000787037037037037,1,1,0.3014836601307189,0.23174923914249984,0.18228472222222222,0.017951388888888888,0.06671296296296296,CLtziVi5Ijw,16008,역류성식도염,9.680906343078094
0.005671296296296297,1,1,0.5511094998184458,0.3897335134625343,0.36630019970951344,0.33243055555555556,0.07162615740740741,6WKZc0Yrff4,15248,역류성식도염,9.632269206115012
0.030162037037037036,0,0,0.4440669707697894,0.32281158124950154,0.13352271695715323,0.24078125,0.05392361111111111,Urb3svCuMtE,21237,역류성식도염,9.963547308963792
0.04185185185185185,0,0,0.33875551470588233,0.23724086566148203,0.20336353939724036,0.05990740740740741,0.04317708333333333,QEscMb9kfWA,19782,역류성식도염,9.892578262028092
0.04956597222222222,1,1,0.3924461465141612,0.3429596688097155,0.232250204248366,0.19599537037037038,0.0654050925925926,j566AHk_7V8,14106,역류성식도염,9.554426407074502
0.19162037037037036,0,0,0.5190701479665941,0.35686049291376104,0.43103440450254177,0.1782175925925926,0.12750578703703705,6iwqfmEAKxA,13500,역류성식도염,9.510519035757246
0.04787037037037037,1,4,0.23659935548293393,0.29509913801706883,0.2887936183732752,0.07452546296296296,0.10020833333333333,z9GouB5NVWo,12094,역류성식도염,9.400547423044127
0.002332175925925926,1,2,0.23724121732026143,0.21001031897778102,0.25559200254175746,0.04101273148148148,0.06190972222222222,1rdOmwwd3CU,19807,역류성식도염,9.893841175484322
0.01175925925925926,1,1,0.4189879039578795,0.2725965551607476,0.19561099763979667,0.1589525462962963,0.0730787037037037,zF3BaPsxqQ8,15024,역류성식도염,9.617470759403409
0.06584490740740741,1,1,0.344513049201162,0.31910625269778714,0.23861671659404501,0.12466435185185185,0.05818287037037037,UE3j3mXc7HI,10136,역류성식도염,9.2239473753824
0.04659722222222222,1,1,0.29905848311546845,0.3306892124930204,0.17984826615831517,0.09860532407407407,0.0637037037037037,xeIOgHxcOD0,10049,역류성식도염,9.215327913487222
0.004403935185185185,0,0,0.2466506445170661,0.28970648696125745,0.19155013162672477,0.1022337962962963,0.0844675925925926,_mWn27G-OPo,21851,역류성식도염,9.992047729515608
0.16920717592592593,1,1,0.4524984794843864,0.3402907452033569,0.3267765522875817,0.16582754629629629,0.11770833333333333,34UOSvrJcY8,8563,역류성식도염,9.055322649709574
0.1102662037037037,0,0,0.21515021332607115,0.248600587826989,0.3636590413943355,0.031163194444444445,0.03723958333333333,iA41PIZ5vgo,8515,역류성식도염,9.049702026013371
0.013917824074074074,1,1,0.33389367737835873,0.2749514212104921,0.05025478848946986,0.14954861111111112,0.0428587962962963,qpASOcm4gGw,9007,역류성식도염,9.105868350379472
0.00015046296296296297,0,0,0.34907709241103846,0.266204934311832,0.09785350853304284,0.08689236111111111,0.05080439814814815,FTot2Uu0Rfo,7688,역류성식도염,8.94754601503218
0.03512731481481481,0,0,0.47107103304284675,0.2838008076333805,0.3925691494190269,0.09869791666666666,0.07360532407407408,WVqLUAwbRqY,8355,역류성식도염,9.030735122676456
0.02429976851851852,1,1,0.5690371505083516,0.4007426898618826,0.24574684549745823,0.21269675925925927,0.1287962962962963,xoHjNU0bm6A,6812,역류성식도염,8.826587830773668
0.15839120370370371,1,1,0.41656719771241835,0.34108505279271917,0.42165724854756714,0.16857060185185185,0.11864004629629629,_-lFfsyshzY,6532,역류성식도염,8.78462153484075
0.0003993055555555556,0,0,0.1723186047567175,0.21447352990131263,0.12496382534495279,0.032378472222222225,0.056261574074074075,2MICJ5bbh-o,7765,역류성식도염,8.957510510291613
0.0017824074074074075,0,0,0.5534500045388526,0.3188184295384737,0.1031200980392157,0.3092303240740741,0.05880787037037037,H_MA1sFJklY,12661,역류성식도염,9.446360661104071
0.024577546296296295,1,3,0.4871328295206972,0.3131406720543838,0.3313550290486565,0.15648148148148147,0.15126157407407406,YKfV3xdyjIw,6166,역류성식도염,8.726967774991493
0.3378935185185185,1,1,0.5393675789760348,0.30221204687560627,0.6282170025417575,0.15890625,0.10533564814814815,sdwk-c8oUM0,5646,역류성식도염,8.638879709672837
0.02564814814814815,1,2,0.15774305555555557,0.22675377486501277,0.2080991966230937,0.045787037037037036,0.06311342592592592,1Oyi2TUAedM,4974,역류성식도염,8.512180649592693
0.009346064814814814,0,0,0.2897617556281772,0.2612115275906944,0.12249314633260712,0.052395833333333336,0.07252314814814814,4lhz8FnG3oQ,4782,역류성식도염,8.472823243680297
0.03215856481481481,1,1,0.22008798565722584,0.2865499566983123,0.1870824936456064,0.08771990740740741,0.05704861111111111,som5frsTDjM,4694,역류성식도염,8.454253391642363
0.013489583333333333,1,1,0.4755092365649964,0.2617182971251981,0.2898719589687727,0.09050347222222223,0.05624421296296296,7k0-js5Aor0,6546,역류성식도염,8.786762208441091
0.04793402777777778,1,1,0.4296907452795933,0.2643500177161558,0.25750437999273784,0.1361863425925926,0.1032175925925926,Q-R4KTA2dzQ,7321,역류성식도염,8.898638793680181
0.05039930555555556,0,0,0.46431095679012346,0.3090724253398327,0.2505899827523602,0.10603009259259259,0.09831597222222223,myPrvBBWBlk,9522,역류성식도염,9.161465204194046
0.002650462962962963,1,2,0.22651304920116194,0.18908204285914085,0.254224128540305,0.01773148148148148,0.05775462962962963,_GF0PxCjKkM,6083,역류성식도염,8.713417653379183
0.1448148148148148,1,1,0.6574222948438634,0.3925264872343711,0.21281254538852576,0.4749537037037037,0.07017361111111112,ePObJy37YVc,3923,역류성식도염,8.274866820685254
0.05165509259259259,1,1,0.27247088326071167,0.3330187300866593,0.322965232389252,0.12153935185185186,0.09245949074074074,EWXyH8pxfVA,3483,역류성식도염,8.155936337972394
0.043188657407407405,1,1,0.5044040032679739,0.3524982371507198,0.1879034132171387,0.23233217592592592,0.09896412037037038,UhGe_2DpZkg,3427,역류성식도염,8.13973227971767
0.2761631944444444,1,1,0.6113204202977487,0.3978414436948801,0.2905092365649964,0.2741898148148148,0.08781828703703703,JK5qstegiNw,3312,역류성식도염,8.105609402299896
0.03860532407407408,1,1,0.2872668391430646,0.23871808579596346,0.22002076525054468,0.013287037037037036,0.08725694444444444,X7FGVUx5BcE,4892,역류성식도염,8.495560891289124
0.08612847222222222,0,0,0.27605843772694266,0.19622195848101873,0.3766964642338417,0.030972222222222224,0.07233217592592593,OlmlBDEeA6E,14161,역류성식도염,9.55831760021172
0.008443287037037037,0,0,0.41794814360929555,0.34100633420861676,0.21998765432098766,0.13974537037037038,0.13553819444444445,2WxLyv3yL3g,3020,역류성식도염,8.013343181386672
0.11082754629629629,1,1,0.2956003313362382,0.2841363597427578,0.30020429375453883,0.06799768518518519,0.08123263888888889,MYoWWKvSHoU,2903,역류성식도염,7.973844375944687
0.10757523148148149,1,1,0.36779734023238925,0.2885570975232436,0.23247619371822803,0.09869791666666666,0.13889467592592591,63PqM5mJ0xE,2907,역류성식도염,7.97522083865341
0.04697337962962963,1,1,0.46407654774872914,0.35453648443708596,0.32044396786492374,0.18728587962962964,0.10008680555555556,GQN3Aq-uQzs,2850,역류성식도염,7.955425088912672
0.016944444444444446,1,1,0.31133607933914303,0.2965536367090613,0.15833374183006535,0.14701967592592594,0.056666666666666664,Bm5BCP3PMII,7581,역류성식도염,8.93353229607628
0.0052662037037037035,1,1,0.43643178104575164,0.24209769992015162,0.16375204248366013,0.141875,0.06827546296296297,ok2OlchyeLM,6587,역류성식도염,8.79300509129753
0.04379050925925926,0,0,0.40031138798111837,0.3010820576400348,0.33825111201888164,0.15299189814814815,0.09558449074074074,gHPWmJZrP04,6043,역류성식도염,8.70682132339263
0.12881944444444443,1,1,0.629728463144517,0.40737581848431603,0.22032666122004357,0.4058912037037037,0.09311342592592593,Hg1zAWLKmV8,2500,역류성식도염,7.824445930877619
0.03890046296296296,0,0,0.46103095497458246,0.275014112060971,0.4017260121641249,0.12033564814814815,0.1032349537037037,06tqTgAMzt8,5746,역류성식도염,8.656433258507741
0.3769328703703704,0,0,0.6191177378358751,0.28990644497096496,0.6034095179738562,0.1161863425925926,0.14120949074074074,o_mEWeAssfA,2477,역류성식도염,7.815207062189088
0.10423032407407408,0,0,0.27913686909949165,0.21028456340137086,0.4551818718228032,0.03627314814814815,0.059716435185185185,tVmNKZQales,8374,역류성식도염,9.033006356693267
0.0011631944444444443,1,1,0.4971136074800291,0.3165380089853232,0.07782913489469863,0.27619791666666665,0.033587962962962965,rMFWuUe2Ijo,4241,역류성식도염,8.352790135124629
0.005711805555555556,0,0,0.20279098583877997,0.21198755578645534,0.11953710511982571,0.03195023148148148,0.08245370370370371,LdLMc7ZVmMI,4100,역류성식도염,8.31898612539206
0.041116898148148145,1,1,0.31914926016702977,0.3290709191323295,0.18125435729847494,0.16675347222222223,0.11097222222222222,udmmh3vOb00,2077,역류성식도염,7.639161171659173
0.004820601851851852,1,1,0.19449071804647786,0.22843124018978844,0.164616308097313,0.04356481481481481,0.05466435185185185,JH9lpQVAazE,2760,역류성식도염,7.923348211930154
0.009293981481481481,1,1,0.577518427741467,0.3994997920931134,0.06954057734204794,0.5016435185185185,0.05842592592592592,EkZiKGPVShk,2015,역류성식도염,7.60887062919126
0.005873842592592593,0,0,0.22017463235294119,0.2332695126361278,0.21519834785766156,0.058547453703703706,0.09352430555555556,EwHk3i2Qi3Q,4299,역류성식도염,8.366370301681654
0.04199074074074074,1,1,0.37567188634713145,0.2959633327767932,0.47599164851125636,0.10107060185185185,0.10085069444444444,Hf6eBTfNVu8,1955,역류성식도염,7.578656850594762
0.07435185185185185,1,1,0.47924739015976764,0.3460287828960041,0.21897351579520696,0.16509837962962962,0.0972974537037037,k_psf3Hj8wU,2002,역류성식도염,7.602401335665818
0.0017881944444444445,0,0,0.08613904774872913,0.1698935440049571,0.16562649782135075,0.024386574074074074,0.06282407407407407,nqo5NwUpkhA,6806,역류성식도염,8.825706773447951
0.019849537037037037,0,0,0.502196804647785,0.3037493742752877,0.09113119553376907,0.3610185185185185,0.05185185185185185,goO4NtOdFhY,2448,역류성식도염,7.803435056952168
0.036944444444444446,0,0,0.574867760530138,0.2697324498473583,0.5949563135439361,0.055260416666666666,0.07416666666666667,91iwundq7fU,1611,역류성식도염,7.385230923066573
0.009074074074074075,1,1,0.06890139342774146,0.13183424474552172,0.18497553558460422,0.014508101851851852,0.046163194444444444,f7JUl2PCycg,3148,역류성식도염,8.054840221101024
0.10947337962962964,1,1,0.48201940359477125,0.3487973163395061,0.38393868010167026,0.18107638888888888,0.1552835648148148,nR4XMenJ3wo,1283,역류성식도염,7.157735484249907
0.028055555555555556,1,1,0.4191822349310095,0.29997200885107184,0.2831037581699346,0.07919560185185186,0.08607060185185185,xjSWCGkpb2M,1282,역류성식도염,7.1569563646156364
0.014212962962962964,1,2,0.554498956063907,0.31690353055064596,0.2806975535584604,0.10136574074074074,0.07652777777777778,D6J8lP1--V8,1206,역류성식도염,7.095893221097532
0.013645833333333333,1,1,0.5907298021060277,0.37045476775503683,0.26738298838053737,0.2388136574074074,0.12925347222222222,_NDRd7hsldE,1205,역류성식도염,7.095064377287131
0.007581018518518518,1,1,0.318291802832244,0.22819071085497017,0.2410034949164851,0.022320601851851852,0.04994791666666667,FShTxBcOzoA,2198,역류성식도염,7.695757990554761
0.014490740740740742,1,1,0.47250639978213504,0.2863338834631445,0.16563757262164125,0.28877893518518516,0.06252314814814815,xHQS-4A4DHM,3285462,과민성대장증후군,15.005018143652629
0.1152025462962963,1,1,0.4190063316993464,0.3400364846563383,0.3029378177196805,0.1784375,0.12631944444444446,bibrNRWRz8k,896669,과민성대장증후군,13.706443180375121
0.09310185185185185,1,1,0.43719775780682646,0.34379922167465626,0.4358530773420479,0.19429398148148147,0.07869791666666667,PR4eUe9HIJM,565951,과민성대장증후군,13.246264547935407
0.044126157407407406,1,1,0.5630902777777778,0.40234743360607633,0.23366101579520698,0.35620949074074076,0.11319444444444444,cRmD1IrL-tg,370142,과민성대장증후군,12.821644696440229
0.0032118055555555554,1,2,0.2685567356572259,0.32714166558302477,0.31568711419753087,0.11992476851851852,0.09886574074074074,6KeXLLiQ20k,317554,과민성대장증후군,12.668406310659043
0.0033680555555555556,1,2,0.28804182552650687,0.3245032379363473,0.19249611928104576,0.13315393518518517,0.09303240740740741,yEV19hY82sg,290879,과민성대장증후군,12.58066608997125
0.006059027777777778,1,1,0.31788786764705884,0.2300737178588465,0.1928146332607117,0.05527777777777778,0.06436342592592592,Vn-orGdsHl0,332617,과민성대장증후군,12.714749963338518
0.07598958333333333,1,1,0.5136031681190995,0.3541199311616251,0.44180190177923023,0.1849074074074074,0.1018576388888889,4Upugzd6gg8,233644,과민성대장증후군,12.361558148370388
0.16363425925925926,1,1,0.4731835058097313,0.34769611606581796,0.41759336419753085,0.1845196759259259,0.11353587962962963,o18YHABZl2Q,234393,과민성대장증후군,12.364758739087755
0.04190393518518518,1,1,0.44749990922294847,0.32263230741387805,0.17046670751633988,0.1147511574074074,0.14636574074074074,o5-kqAGiaRA,180693,과민성대장증후군,12.104560271823182
0.004780092592592593,1,1,0.2939501407044299,0.271015904180451,0.23005442084241104,0.09547453703703704,0.0739236111111111,yGIx98X7d-c,241086,과민성대장증후군,12.39291314318009
0.09381944444444444,1,2,0.3442270107116921,0.33259359729445426,0.5143500590050836,0.13128472222222223,0.09407986111111111,QmC65-sdoWw,145103,과민성대장증후군,11.88520600568735
0.06848958333333334,1,2,0.30330044934640527,0.3104652760856335,0.27243066902687,0.08972800925925926,0.1252025462962963,LzwVg31bd2c,115808,과민성대장증후군,11.659697561308226
0.02201388888888889,1,1,0.6078956971677559,0.42948288261065704,0.11176708877995642,0.5405671296296296,0.08608796296296296,E8kJKYPE0Uk,103097,과민성대장증후군,11.5434352711748
0.006655092592592593,1,2,0.2643953113652869,0.3052948464175879,0.18443148602033407,0.08389467592592592,0.08385995370370371,EchRDnSXBm4,97854,과민성대장증후군,11.49124207013907
0.0035069444444444445,0,0,0.44577519063180826,0.3197395151531699,0.24100978122730574,0.15405092592592592,0.10397569444444445,hy5-PxWwhLo,96436,과민성대장증후군,11.476645224386957
0.07838541666666667,1,1,0.23122335693536675,0.18578501626135763,0.462851397966594,0.021979166666666668,0.05976273148148148,SmBDhINqELE,104234,과민성대장증후군,11.554403244416537
0.020694444444444446,0,0,0.3257327977487291,0.2870592819483298,0.2154816630355846,0.08950810185185185,0.045480324074074076,l5RzmTqCnYg,89486,과민성대장증후군,11.401848642316294
0.05206597222222222,1,1,0.44386937182280317,0.3796940190140633,0.3311167846768337,0.17875,0.09143518518518519,3ibSlhKJ_WI,79527,과민성대장증후군,11.283864439891982
0.0535474537037037,1,1,0.43702916212781406,0.3070858195122086,0.19338589324618735,0.1388310185185185,0.09733796296296296,t5nSCDJalYQ,79533,과민성대장증후군,11.283939882172385
0.05829282407407407,1,1,0.6539141702977488,0.42911857110932083,0.129112790486565,0.5699652777777777,0.06149305555555556,wHUy3Mu1YZA,71608,과민성대장증후군,11.178976043373387
0.005619212962962963,1,2,0.4262656136528686,0.3135920549138071,0.23841038035584602,0.04030092592592593,0.08458333333333333,XHikA8ol9mk,65138,과민성대장증후군,11.084278727161882
0.003258101851851852,1,1,0.5346059141249092,0.2853548859128514,0.23853156771968048,0.11473379629629629,0.055850694444444446,NgXdL38G9Ko,74580,과민성대장증후군,11.219641062063408
0.0,0,0,0.46089533405954974,0.302480156759114,0.5938085285039941,0.07947916666666667,0.06163194444444445,80zH-DieFsM,57813,과민성대장증후군,10.964986239864137
0.011371527777777777,1,1,0.5370385575526507,0.34202984286022614,0.18820665395787944,0.18489583333333334,0.09715856481481482,uuMchaeuCa8,56326,과민성대장증후군,10.938929272881317
0.008981481481481481,1,1,0.5350106436092956,0.420973441491273,0.35204035039941906,0.3762789351851852,0.058605324074074074,dwm4X8DszMA,50253,과민성대장증후군,10.824845424743302
0.0025636574074074073,0,0,0.400008691902687,0.3527434139500436,0.3280697848583878,0.17646412037037038,0.10870949074074074,Lz2zawiYX4Q,42997,과민성대장증후군,10.668908881966093
0.05068287037037037,0,0,0.5444594907407407,0.3435528050954998,0.30663711873638344,0.12851851851851853,0.09276041666666666,tIiPD0DczUI,39627,과민성대장증후군,10.58729121809292
0.022181712962962962,1,1,0.6567163444081335,0.4283332054054501,0.1420448665577342,0.5689988425925926,0.058269675925925926,w74rWzDaN1E,37597,과민성대장증후군,10.534706136473906
0.04493055555555556,0,0,0.39558989197530864,0.3496444229738288,0.32894537490922293,0.17253472222222221,0.09327546296296296,dzz07dc2gmE,36202,과민성대장증후군,10.496897267308269
0.003003472222222222,0,0,0.36870245551924474,0.3384679304482155,0.20912114197530865,0.21322337962962962,0.08872685185185185,T8i7dGVodLI,36032,과민성대장증후군,10.4921904642226
0.08247685185185186,1,2,0.6307330927741467,0.42586401863123174,0.18912286673928833,0.48130208333333335,0.1028125,BdANdRVM-b8,33467,과민성대장증후군,10.41834503741549
0.10947916666666667,1,2,0.5274314179375454,0.40310055913252396,0.20164433551198255,0.2983912037037037,0.11607060185185185,p2osg12gb4w,32817,과민성대장증후군,10.398732424335096
0.002309027777777778,1,1,0.5207330473856209,0.3107198767979549,0.14845685820624546,0.23233796296296297,0.039693287037037034,ISbSmQgAziw,32215,과민성대장증후군,10.38021850253129
0.06143518518518518,0,0,0.47766485112563545,0.352201359859259,0.4660130265068991,0.13206597222222222,0.0972511574074074,LCoZsGXcBmA,26583,과민성대장증후군,10.18806481003443
0.005028935185185185,0,0,0.5326688680101671,0.3517494831432207,0.36352110566448803,0.21245949074074075,0.10700810185185185,38bypyyEYds,25449,과민성대장증후군,10.144471021978669
0.004207175925925926,0,0,0.1967347494553377,0.22998451632203976,0.16331479212055192,0.028668981481481483,0.04664351851851852,NFUfhgQn1rQ,46145,과민성대장증후군,10.739565562285108
0.11208912037037037,1,1,0.4836971450617284,0.2989176279488462,0.2967955473856209,0.07966435185185185,0.07416666666666667,TSRmam_NjzA,24809,과민성대장증후군,10.119002076685847
0.10368634259259259,1,1,0.5394877677923021,0.375069101812994,0.3370306826434277,0.3765277777777778,0.10425347222222223,hB_uNsIlUfc,24194,과민성대장증후군,10.093901279227419
0.06396412037037037,1,2,0.3653247322076979,0.27482969301305016,0.3167107843137255,0.09978009259259259,0.10744791666666667,d_Das9jfUR0,26179,과민성대장증후군,10.172751039463892
0.16049768518518517,1,1,0.5741738153594771,0.3529900918607321,0.24969369553376908,0.19233796296296296,0.06702546296296297,in55qbZInM8,22597,과민성대장증후군,10.025616685769192
2.8935185185185186e-05,0,0,0.5112106254538853,0.2951519587195457,0.3266985974945534,0.07404513888888889,0.0868576388888889,gsmekZteRpo,22783,과민성대장증후군,10.033813814211703
0.057777777777777775,1,1,0.6755868509440813,0.39790589015431677,0.20347517247639796,0.4554224537037037,0.09197337962962963,3rtnGMFb7nM,33087,과민성대장증후군,10.4069259578681
0.0,0,0,0.01684506626724764,0.10466907755706896,0.0,0.0002951388888888889,0.005787037037037037,OS21vWl6c0k,21765,과민성대장증후군,9.988104398256008
0.013616898148148149,0,0,0.0997227441902687,0.1625506720374233,0.42987116466957154,0.018229166666666668,0.06292245370370371,FYj4WHbmtBU,29016,과민성대장증후군,10.275637144113018
0.02390625,1,1,0.6053183551198258,0.40524469762462473,0.22455326343500365,0.4395601851851852,0.10653356481481481,T6b12SYTfPA,17755,과민성대장증후군,9.784478765953926
0.02730324074074074,1,1,0.6652621187363835,0.41107538953383077,0.24929048656499636,0.43157407407407405,0.08721643518518518,jRaEtAcOmQc,17487,과민성대장증후군,9.76927021041632
0.08582175925925926,1,2,0.4418907044299201,0.342522541770374,0.2894700889615105,0.14225694444444445,0.12576967592592592,_P0VQB-trUg,16636,과민성대장증후군,9.719384409659742
0.022378472222222223,0,0,0.5936193264342774,0.4085593585520401,0.15892794571532315,0.4021585648148148,0.08071759259259259,GaeuEoT_HS0,16496,과민성대장증후군,9.710933825175925
0.15916666666666668,1,1,0.40316448801742916,0.26806816874705464,0.5308267066085693,0.10374421296296296,0.08990162037037037,TPJYaEJV5TQ,25795,과민성대장증후군,10.157974720130268
0.06107638888888889,0,0,0.3930530364923747,0.3071697159563783,0.25769780319535224,0.09777199074074074,0.22616319444444444,uoBN6QHNoPQ,15871,과민성대장증후군,9.672311829524654
0.0889988425925926,1,1,0.37002605301379815,0.3265080429808461,0.5356687091503267,0.14049189814814814,0.11329861111111111,__iw5GIyFzo,15509,과민성대장증후군,9.649240256170584
0.026863425925925926,1,2,0.4624224310094408,0.32108501785069676,0.24730421659404503,0.1325462962962963,0.11069444444444444,qCDzZPVFAfk,15419,과민성대장증후군,9.64342064711732
0.04733217592592592,0,0,0.5582089914669571,0.3401448654567031,0.14362325254175745,0.31807291666666665,0.07541666666666667,75FGzDzNhEU,15149,과민성대장증후군,9.625755810937516
0.030081018518518517,1,1,0.676557325708061,0.43330482364732753,0.10209011891793755,0.5750057870370371,0.06355902777777778,QEsNvwdQXd8,14526,과민성대장증후군,9.583764265872883
0.052141203703703703,0,0,0.36977512254901956,0.2935297139441216,0.08842846768336964,0.09127314814814814,0.07600115740740741,dJtRj3wQe8U,14191,과민성대장증후군,9.56043370454936
0.07403356481481481,1,1,0.2796808959694989,0.3003489228220366,0.4020049246550472,0.07756365740740741,0.07558449074074074,w57xzOTeR7E,14533,과민성대장증후군,9.584246011176582
0.015063657407407408,0,0,0.4703090050835149,0.30656454051486715,0.3136108387799564,0.1463136574074074,0.14126157407407408,PFlPbVij5k8,13780,과민성대장증후군,9.531046110875145
0.15953703703703703,1,1,0.5549421069353667,0.3530478143220705,0.3530121641249092,0.22799768518518518,0.11157407407407408,0-7NbbR1iIY,13385,과민성대장증후군,9.501964663660587
0.01123263888888889,1,1,0.2882697440087146,0.23475421462057927,0.29239975944081337,0.043194444444444445,0.05593171296296296,AqgKQG10BQQ,19402,과민성대장증후군,9.873182972271273
0.02914351851851852,1,3,0.4418767474582425,0.38005685801240024,0.15010650417574437,0.29608796296296297,0.10740162037037038,S_muzjC00Cs,13086,과민성대장증후군,9.479374650055481
0.02833912037037037,1,1,0.37260561909949164,0.3467331744806813,0.34248949255628175,0.1829976851851852,0.11847800925925926,qpXfmHN6n9Q,12809,과민성대장증후군,9.45798139489078
0.0011342592592592593,1,1,0.5889308278867103,0.36935292151384425,0.25657157770515615,0.3522800925925926,0.09259259259259259,n3m64K9CqEk,12719,과민성대장증후군,9.450930836894113
0.03343171296296296,1,1,0.30150279139433556,0.2503386476233084,0.29730137981118376,0.03508680555555556,0.10190393518518519,xxALw18bpqw,12700,과민성대장증후군,9.44943600950432
0.02877314814814815,1,2,0.38347896241830065,0.24579433578485443,0.06700258714596949,0.06838541666666667,0.07429398148148147,zqgjlOkWE_U,19287,과민성대장증후군,9.867238419861007
0.08648148148148148,0,0,0.3665380582788671,0.30696871171601214,0.2613511483297023,0.1199826388888889,0.1737326388888889,ZAke_BDvDgY,12082,과민성대장증후군,9.399554785027307
0.03715277777777778,1,1,0.4341291530501089,0.3466665064577123,0.3785121868191721,0.1959085648148148,0.09565972222222222,TAfs0KL6Myw,11030,과민성대장증후군,9.308464769969381
0.08107638888888889,1,1,0.45560618645606393,0.36787610050856157,0.37887193627450977,0.22576967592592592,0.11605324074074073,eO7PsRknbSQ,10807,과민성대장증후군,9.288041879640035
0.3703414351851852,1,2,0.5935040168845316,0.302870692241414,0.3362132352941177,0.04943865740740741,0.088125,U9xGfskqaoA,10391,과민성대장증후군,9.248791558350435
0.026018518518518517,1,1,0.47369898329702254,0.387893242171401,0.2294734250181554,0.3126909722222222,0.12383101851851852,m0_-LXx7yrM,10046,과민성대장증후군,9.215029361462314
0.026510416666666668,1,1,0.24400378994190267,0.21937731772180705,0.19135428013798111,0.030648148148148147,0.12049189814814815,iVir01ykzLY,15109,과민성대장증후군,9.623112055266786
0.07045717592592593,1,1,0.6586664397240378,0.3798821251416792,0.13854468500363107,0.5535127314814815,0.05261574074074074,FV8gGmgt0Mc,8793,과민성대장증후군,9.081824949740755
0.07289351851851852,1,2,0.5503141339869281,0.3486630356920281,0.2661022149600581,0.2807233796296296,0.11095486111111111,iqmCEjr37yg,11288,과민성대장증후군,9.331584079261546
0.014918981481481481,1,1,0.40270526960784314,0.3824821027136393,0.2710625907770515,0.21454861111111112,0.1051099537037037,Z_QZNWa0ir4,8279,과민성대장증후군,9.021598247379305
0.002534722222222222,0,0,0.3665267565359477,0.23550886540891425,0.43051758805374,0.028246527777777777,0.06752314814814815,Uddzrmn4Rd0,8853,과민성대장증후군,9.088624613292087
0.0728587962962963,1,1,0.36551870007262166,0.33060975314593133,0.499290146151053,0.1341087962962963,0.10627314814814814,YV2_azq05TI,8647,과민성대장증후군,9.065083359319043
0.03251736111111111,1,1,0.4729421069353667,0.32194052855623495,0.3959438316993464,0.20349537037037038,0.20052662037037036,G4m8pkoVlZk,7900,과민성대장증후군,8.974744612722734
0.1418287037037037,1,2,0.5554116739288308,0.34455434533284324,0.36314147603485836,0.14775462962962962,0.0628587962962963,8XvW69caeRk,7585,과민성대장증후군,8.934059722248843
0.006244212962962963,1,1,0.49805793845315904,0.33714066840702145,0.5220820397603485,0.28208333333333335,0.10271990740740741,p7RuZ1n8pB4,7592,과민성대장증후군,8.934982049213234
0.003096064814814815,1,2,0.6597120324981844,0.41292412987794763,0.08688857116920842,0.5803993055555555,0.10721064814814815,AoG3e25bt1s,7396,과민성대장증후군,8.908829791587868
0.08938657407407408,0,0,0.493095815177923,0.31158240687184824,0.3921141521423384,0.18607060185185184,0.058194444444444444,p80BLFuXl7E,8885,과민성대장증후군,9.092232283495854
0.006469907407407408,1,1,0.31070531499636894,0.2860651380283025,0.22512577160493827,0.09935763888888889,0.09361111111111112,-zHY2pHFPzY,9055,과민성대장증후군,9.111182800442965
0.02476851851851852,1,1,0.47077078794480753,0.3152661589247579,0.31690729393609296,0.07421875,0.11625,ncS932itp5k,6914,과민성대장증후군,8.841448244098858
0.049965277777777775,1,1,0.4105877814088599,0.31117645577935316,0.26116174201161946,0.09585648148148149,0.14976273148148148,QX0fN-g87fM,6851,과민성대장증후군,8.832295859444011
0.0,0,0,0.7019924201161947,0.4411704168020888,0.0,0.6856018518518519,0.05686342592592593,fZqjnwyX3C0,6664,과민성대장증후군,8.804625232612809
0.008813657407407407,0,0,0.25106347585330424,0.2626730924969104,0.12785112563543935,0.10016782407407407,0.05414351851851852,yh-ffgvHcIo,13612,과민성대장증후군,9.518780497512473
0.010434027777777778,1,1,0.3313524645969499,0.2852822424166965,0.09753027414669571,0.13918981481481482,0.06439236111111112,IbCMcWCSjjg,6113,과민성대장증후군,8.71833650245078
5.787037037037037e-06,0,0,0.6803460421205519,0.4484722192887054,0.011308437726942629,0.6507175925925925,0.042471064814814816,APAmSeCxkjQ,5754,과민성대장증후군,8.657824321155983
0.0853587962962963,1,4,0.4292453249818446,0.3388042081377462,0.3112145061728395,0.18152199074074074,0.07909722222222222,1QBCGb9_7N8,5834,과민성대장증후군,8.671629544720656
0.014652777777777778,1,1,0.3276992783224401,0.29561561076435866,0.2221360748002905,0.10278935185185185,0.09721064814814814,UrqVLFjtPwA,8451,과민성대장증후군,9.042158378735948
0.053113425925925925,1,1,0.4392894880174292,0.32438478718290736,0.33680101670297746,0.16610532407407408,0.10210648148148148,7T2PmODcdxY,5576,과민성대장증후군,8.626406276389554
0.07170138888888888,0,0,0.22239630991285403,0.19472466999780128,0.2008809005083515,0.013859953703703704,0.03162037037037037,GzSkAYzDpOQ,6242,과민성대장증후군,8.739216115061744
0.06901041666666667,1,2,0.39523257080610025,0.3218659836178279,0.19832418754538853,0.16660300925925925,0.13858796296296297,ySfb8tKFvvU,4900,과민성대장증후군,8.497194544909547
0.1305150462962963,1,1,0.43641973039215687,0.3677125075197327,0.4453157225853304,0.1869212962962963,0.10326388888888889,xp638mCabgs,4898,과민성대장증후군,8.496786381638575
0.042436342592592595,0,0,0.40083051924473495,0.3402537446887158,0.20228479030501087,0.2592303240740741,0.06670717592592593,qt_1zZ1qxhY,4834,과민성대장증후군,8.483636407887394
0.06267361111111111,0,0,0.593036424291939,0.39050193880139034,0.23987572621641248,0.351869212962963,0.09494791666666667,ObHkDa6Psj8,4745,과민성대장증후군,8.465057436995709
0.18456597222222224,1,1,0.4788676243645606,0.3015985065577765,0.2946578159041395,0.07107638888888888,0.09168981481481482,dVE2Te8kUdE,4646,과민성대장증후군,8.443977129084978
0.023599537037037037,0,0,0.25510484749455337,0.32638584061665266,0.23810949981844592,0.13696759259259259,0.06191550925925926,0TKeCjam_6c,4241,과민성대장증후군,8.352790135124629
0.0075,0,0,0.15673316085693537,0.20030696051964345,0.278013866194626,0.0284375,0.06793402777777778,GQuXlznRp9A,4053,과민성대장증후군,8.307459327011946
0.008582175925925925,1,1,0.19406758351488743,0.24247560602312132,0.08377389705882353,0.06511574074074074,0.06960069444444444,t5_UO-9A9rI,4896,과민성대장증후군,8.496378051702317
0.09626736111111112,1,1,0.5705489969135802,0.33094821613590686,0.4028982843137255,0.14862268518518518,0.08061342592592592,RD_NcwwIM1M,4023,과민성대장증후군,8.300031711779575
0.013640046296296296,0,0,0.6453169253812636,0.4108182118542732,0.10416566811909948,0.5583680555555556,0.07640625,VM082couiEI,3999,과민성대장증후군,8.294049640102028
0.0007581018518518518,1,1,0.5276541394335512,0.3831171801024301,0.2344901506899056,0.20712962962962964,0.09853587962962963,rKdvXlKQjzw,3951,과민성대장증후군,8.281977058867758
9.259259259259259e-05,0,0,0.16733580700798836,0.13569764352624872,0.804811047567175,0.012013888888888888,0.022349537037037036,s6Ec_D-cGEQ,3802,과민성대장증후군,8.24354550792826
0.023796296296296298,1,1,0.5198607480029049,0.34268618087007346,0.2757429420842411,0.1817939814814815,0.09938657407407407,DtrmckrGM4M,3794,과민성대장증후군,8.24143968982973
0.041354166666666664,1,1,0.31933907498184455,0.2637523015058057,0.3634340277777777,0.06766203703703703,0.07479166666666667,D4qRplnXybk,4154,과민성대장증후군,8.332067707289548
0.0809375,0,0,0.3436850717138707,0.2885726426872665,0.2778277278503994,0.10838541666666666,0.06368055555555556,UJaNn_e77xI,4262,과민성대장증후군,8.35772841676521
0.10030671296296297,1,1,0.6056605165214234,0.392376201716147,0.16724468954248367,0.4024363425925926,0.09010416666666667,MfB9VyiSS7Y,3751,과민성대장증후군,8.230044310126114
0.019380787037037037,0,0,0.5914209331880901,0.4061795076877673,0.27644837055192445,0.3603703703703704,0.10237847222222222,4HwsUVBEGSI,3344,과민성대장증후군,8.11522197256233
0.0017766203703703705,1,1,0.5672223129992737,0.374759455400622,0.1824411991648511,0.2436400462962963,0.11725694444444444,D7g0qN1LAWw,3287,과민성대장증후군,8.098034756176071
0.07972222222222222,1,1,0.5385016112926653,0.344689135720034,0.5198137254901961,0.18037037037037038,0.10324074074074074,eKuMih2Rrtc,3282,과민성대장증후군,8.096512917501594
0.019172453703703702,1,1,0.3404389297385621,0.2871504114324741,0.2728792211328976,0.13549768518518518,0.09619212962962963,MOyr-LK6pOc,6384,과민성대장증후군,8.76170676846664
0.02730902777777778,1,1,0.26772117828612924,0.29151616717581624,0.22136131535947715,0.11377314814814815,0.09383680555555556,o3vhjkxsQHc,3053,과민성대장증후군,8.024207485778577
0.03621527777777778,0,0,0.5744745370370371,0.3740299756837637,0.18390681735657224,0.40956018518518517,0.1025925925925926,qgp-M0_vwDk,3002,과민성대장증후군,8.00736706798333
0.01254050925925926,1,1,0.2964300335875091,0.26287016306877553,0.14323182189542485,0.04690972222222222,0.0668113425925926,3X4SbCjbg2w,2941,과민성대장증후군,7.9868449011613825
0.0825,1,1,0.4805915713507625,0.3541957600782883,0.0965112563543936,0.21671875,0.06572916666666667,CIX7YW8RQek,2910,과민성대장증후군,7.976251943745623
0.09634259259259259,1,1,0.5099665486564997,0.34862632010912764,0.31931538217138705,0.23753472222222222,0.15752893518518518,bo-On2mz_zw,2888,과민성대장증후군,7.968665700466235
0.0011631944444444443,1,1,0.5838737745098039,0.44476198171394443,0.27577076525054467,0.4110127314814815,0.10543402777777777,ddepWv2ew-Q,2796,과민성대장증후군,7.936302693201959
0.02386574074074074,1,1,0.567032906681191,0.35937494835876505,0.26957720588235295,0.2539988425925926,0.08861689814814815,7jXPmJEDJeA,2702,과민성대장증후군,7.902117546276448
0.058993055555555556,0,0,0.40674380446623093,0.3173482779920664,0.3084705655410312,0.11408564814814814,0.09421296296296296,qOZPMfd4r5g,2535,과민성대장증후군,7.8383433155571165
0.0029224537037037036,1,2,0.6416591094771242,0.42795066094220774,0.08886580882352942,0.5302835648148149,0.0815162037037037,w5LaUEh5Ccc,2467,과민성대장증후군,7.811163385025279
0.01851273148148148,1,2,0.37733687363834423,0.2700130984434308,0.3160011801016703,0.06793981481481481,0.16193287037037038,brB-K1NIzIw,2404,과민성대장증후군,7.785305182539862
0.08914930555555556,1,1,0.5256803513071895,0.37455433447305136,0.15423956063907043,0.26447916666666665,0.07184027777777778,h76dmNfampw,2416,과민성대장증후군,7.790282380703483
0.0,0,0,0.19023958333333332,0.1947008838065915,0.11268307461873639,0.0770949074074074,0.026990740740740742,WauAI-9-Gmo,2275,과민성대장증후군,7.730174795246222
0.0353125,0,0,0.42666308097313,0.343823248748282,0.21293482207697895,0.14052662037037036,0.05580439814814815,u54dsyvv9fw,2516,과민성대장증후군,7.830822995135316
0.0016261574074074073,0,0,0.18257023874364559,0.19216618001313568,0.6053269789397241,0.024056712962962964,0.04316550925925926,7skeahfRo1s,2157,과민성대장증후군,7.67693714581808
0.1834375,1,1,0.4736481027596224,0.3417393347299893,0.31108678286129265,0.1903761574074074,0.08716435185185185,avcmvSVIOqY,2083,과민성대장증후군,7.642044402873258
0.10425925925925926,0,0,0.328575957697894,0.32046646037274773,0.41006381626724764,0.12789351851851852,0.07177083333333334,PaGxAGO3k0A,2044,과민성대장증후군,7.623153068476902
0.07700231481481482,1,2,0.5734231799201163,0.39453437132746055,0.23048316085693538,0.3927488425925926,0.09884259259259259,0CVF83yZepU,1987,과민성대장증후군,7.59488438721652
0.0,1,1,0.25331638071895424,0.397201735520884,0.21943729575163398,0.22232060185185185,0.06968171296296297,pAEdhkkJIRw,1976447,위염,14.496811852240482
0.04807870370370371,1,2,0.612148828976035,0.3569498178788784,0.3597802741466957,0.23533564814814814,0.08820023148148148,nwRfmAVpuTQ,1068839,위염,13.882084506213916
0.0021064814814814813,0,0,0.21220449800290486,0.22956129753031093,0.3582168663761801,0.02502314814814815,0.13512731481481483,I5VbXMAR3Ks,724019,위염,13.492574295295702
0.07895254629629629,1,2,0.3898082107843137,0.34350320705338583,0.35174282861292666,0.18414930555555556,0.08949074074074075,oqX7mq1nfW4,496752,위염,13.115848199650985
0.003275462962962963,1,1,0.3856720452069717,0.27911865452031287,0.1578348084604212,0.16633101851851853,0.03619212962962963,Qh5O9kDbOGA,578794,위염,13.26870363513961
0.10769097222222222,1,1,0.3350618191721133,0.31902701547662027,0.42041078885257804,0.12179398148148148,0.1335300925925926,TIn91WH4HxY,360391,위염,12.794947606911682
0.02136574074074074,1,3,0.3149833651053014,0.31445383820669764,0.4198305419389978,0.15318865740740742,0.09919560185185185,i0WRp-zZmXY,337362,위염,12.728914780958565
0.012789351851851852,1,1,0.46750206517792303,0.2832518392521732,0.15812983387799565,0.28192708333333333,0.06149305555555556,gG-NIT3PlnA,345630,위염,12.75312701096339
0.052349537037037035,1,1,0.33620949074074075,0.25028396148248283,0.31161948529411765,0.04004050925925926,0.08035300925925926,EH-xDAwflUw,487205,위염,13.096442310572927
0.0010243055555555556,1,2,0.4407359749455338,0.2804835857806673,0.1228731163761801,0.13898148148148148,0.0522337962962963,EiYHTKvz6VQ,381251,위염,12.851215852791638
0.03457175925925926,0,0,0.4952347267610748,0.3399927900046303,0.35354997276688455,0.1590625,0.13710648148148147,F2UmxJndh64,192182,위염,12.1662033220747
0.008616898148148148,1,1,0.3436003313362382,0.2746221115510459,0.11383848493100944,0.15852430555555555,0.04869791666666667,cF0bGA3Zt9Q,172862,위염,12.06025465224107
0.1089988425925926,1,1,0.4191562726942629,0.37188122613626645,0.4510664714960058,0.25647569444444446,0.10966435185185185,Y9vDXod6n-c,156540,위염,11.961073235482031
0.23096064814814815,1,1,0.4807200889615105,0.28168100419056474,0.3715638389615105,0.11739583333333334,0.041302083333333336,Dnp8Re6qQhY,144502,위염,11.881055547564786
8.101851851851852e-05,0,0,0.3543450435729848,0.23957446167409235,0.2417920297748729,0.03653935185185185,0.0653125,SJvKEdM19kY,139909,위염,11.848754637727332
0.07331597222222222,1,1,0.3793914079520697,0.3405395540770402,0.42593502632534497,0.16554398148148147,0.10293402777777778,6uyfjORvvQQ,98326,위염,11.49605393779998
0.015289351851851853,1,1,0.3294525916848221,0.27483752568448555,0.17555035856935367,0.16078703703703703,0.04666087962962963,8HoCzdEAAng,97696,위염,11.489626131315825
0.11058449074074074,1,1,0.6343040804284678,0.342678586039482,0.33544387708787216,0.16018518518518518,0.08922453703703703,IcbiCwUQxks,78948,위염,11.276557353359111
0.0033159722222222223,1,1,0.3873562545388526,0.3387216882968393,0.31248461328976035,0.1685185185185185,0.09465277777777778,1iYLpGBdcWc,71782,위염,11.181402958199929
0.044895833333333336,1,1,0.22746527777777775,0.31535263073022746,0.2701771287218591,0.11883101851851852,0.06700231481481482,7w9SPo5269o,51843,위염,10.855994488543265
0.0032175925925925926,1,1,0.39245533769063184,0.3336319555396653,0.2912645470225127,0.1697974537037037,0.08777199074074074,gqHLmPpfjLw,47714,위염,10.773001092851354
0.07753472222222223,1,1,0.35198393246187365,0.3335652834368742,0.3568149963689179,0.09284143518518519,0.09718171296296296,4x_SysrrfL8,225882,위염,12.327772445086923
0.08608217592592593,1,1,0.23164295116194625,0.18402212300316279,0.4460939996368918,0.01730324074074074,0.058640046296296294,Wbio8HObSHc,45723,위염,10.730378603145668
0.06112847222222222,0,0,0.43521972585330426,0.2607278943754372,0.2502873774509804,0.11449074074074074,0.04479166666666667,hlA9StQTuGg,44513,위염,10.703559025417581
0.19571759259259258,1,1,0.4446849355482934,0.3634065657788888,0.38381354393609296,0.2033449074074074,0.10174189814814814,i80sc_6LISc,35915,위염,10.4889381576407
0.03605324074074074,1,1,0.19368951978939722,0.24798330360795703,0.23552103758169934,0.06327546296296296,0.04259259259259259,qS6ssJ_-7H0,69231,위염,11.145218462464666
0.042569444444444444,0,0,0.30038789034132174,0.20553532278895587,0.33842238562091503,0.03563657407407408,0.06860532407407408,peQNL1n1t68,37295,위염,10.526641361275539
0.08367476851851852,1,1,0.4811047340232389,0.3446112086248584,0.2825258941539579,0.2108912037037037,0.09820023148148148,VrqfCFYtCsk,31054,위염,10.343515104993404
0.09825810185185185,1,1,0.36645499727668845,0.3561664009208658,0.25801184640522873,0.13543402777777777,0.07322337962962963,2Bu4SAiinKw,21761,위염,9.987920608510958
0.01244212962962963,1,1,0.31227927559912855,0.25560140171281315,0.14257470951343498,0.09917824074074075,0.05093171296296296,Va6gZer2lrI,21738,위염,9.98686316145718
0.145625,1,2,0.42132711510530135,0.3503221336939954,0.4087366557734205,0.09583333333333334,0.1182175925925926,zP6_4vuKWrg,20701,위염,9.937985592943695
0.1356886574074074,0,0,0.5206316267247639,0.33107451282360867,0.2118463371459695,0.38534722222222223,0.11957175925925925,Q0fgozvWjns,19059,위염,9.855347177208193
0.035144675925925926,0,0,0.16501402505446625,0.16603613050921587,0.3755265976761075,0.01380787037037037,0.07450231481481481,NdV46EcPaZc,20660,위염,9.936003144212808
0.43232060185185184,0,0,0.413958401416122,0.21312543283294572,0.508193513979666,0.014212962962962964,0.04515625,1_l_ydMwv6s,12453,위염,9.429797135432397
0.07449074074074075,1,1,0.6101498048293392,0.3978991813442483,0.20956411129266522,0.38188078703703704,0.09720486111111111,H4f7_pjuhx0,10294,위염,9.23941361946189
0.005804398148148148,1,1,0.47088439542483657,0.28282147669048413,0.06290518336964415,0.26622106481481483,0.06313657407407407,DUe-Gw9Ud0U,13489,위염,9.509703949201802
0.0007581018518518518,1,1,0.4972536991648511,0.28657452966960845,0.1558742737835875,0.3277893518518519,0.053634259259259257,v9FlGGcn6X4,10957,위염,9.301825062098361
0.1991261574074074,1,1,0.2798902278503994,0.2834841904670466,0.3000087826797386,0.03087962962962963,0.058854166666666666,LUQ5044kDIA,8353,위염,9.03049574505712
0.2546701388888889,1,1,0.36088435003631086,0.3154573268616396,0.2755330882352941,0.10449074074074075,0.06959490740740741,B_NPyBjhCLE,7921,위염,8.977398978181862
0.00011574074074074075,1,1,0.4623855301379811,0.2805654846498844,0.09398590686274509,0.2075810185185185,0.05852430555555556,3ZGoq6wp05I,8940,위염,9.098402718735318
0.015324074074074073,1,1,0.374828022875817,0.22544056101218735,0.43345463416848223,0.028582175925925928,0.11375,QRiKvKuXzy0,13483,위염,9.50925907635395
0.05359375,0,0,0.1696947621641249,0.1880873003256656,0.30221191902687,0.007627314814814815,0.05982638888888889,3XL_sEPXoKE,5360,위염,8.586905803827538
0.004479166666666667,1,1,0.5313933142701526,0.29413063359241737,0.2153129538852578,0.11546875,0.04681712962962963,WpbD5M47oro,6024,위염,8.703672758358856
0.0005150462962962963,0,0,0.16403608387799565,0.1740415195490241,0.6502050653594771,0.036869212962962965,0.0696875,yelSz8shYT0,4874,위염,8.491875383431948
0.0,0,0,0.4381666212781409,0.25072295377410325,0.4868125,0.08074074074074074,0.05005787037037037,DrK7XDNWd3A,5968,위염,8.69433468816865
0.010086805555555555,1,1,0.34612413761801014,0.23731530204783516,0.2992157770515613,0.059930555555555556,0.06322916666666667,mmSBYXcJVgg,5614,위염,8.633196867172543
0.062407407407407404,1,1,0.35197798656499635,0.35677009096265994,0.3832380628177197,0.1628587962962963,0.12066550925925926,2CeEHvCeTHQ,2949,위염,7.989560449333865
0.09696759259259259,1,1,0.36896548202614377,0.28996114291224007,0.24080689451706608,0.057957175925925926,0.08147569444444444,JYiE0x9BpmM,2385,위염,7.777373602657861
5.787037037037037e-06,1,1,0.4350266203703704,0.27565324822185716,0.043844158496732025,0.12624421296296295,0.05832175925925926,LFAEXEXEeMA,2368,위염,7.7702232041587855
0.16869212962962962,0,0,0.34679520697167754,0.30044063262348497,0.46301758805374005,0.07765046296296296,0.07427662037037037,dQuND6JrH-k,2298,위염,7.740229524763182
0.005214120370370371,1,1,0.18907339324618738,0.23221524717740982,0.18547101942628902,0.04109375,0.0847974537037037,0yQwqCP0HAU,3703,위염,8.21716859576607
0.011938657407407408,1,1,0.5353631535947713,0.3157141116403774,0.048046886347131446,0.3424479166666667,0.038877314814814816,hy0Pzp_TkPY,2451,위염,7.804659297056102
0.07342592592592592,0,0,0.49118080519244733,0.33163576903302056,0.3012096042120552,0.29335648148148147,0.055457175925925924,2xIWFzfviTk,1987,위염,7.59488438721652
0.00583912037037037,0,0,0.35876093863471314,0.3345283034489923,0.14814926016702978,0.19953125,0.05093171296296296,7chk7G5n6ZE,1310,위염,7.1785454837637
0.00375,0,0,0.3484005083514887,0.26011988185886753,0.2713239152142339,0.060445601851851855,0.09685185185185186,gEVKHISw234,3039,위염,8.019612794400267
0.2914699074074074,0,0,0.2707885575526507,0.24671338140492055,0.4412096949891068,0.027569444444444445,0.05824652777777778,d78B6XTrxQk,3720,위염,8.221747728346623
0.019131944444444444,0,0,0.43526089324618733,0.267630658425723,0.3053440223311547,0.12600694444444444,0.07710648148148148,g0mZd1yhaek,2892,위염,7.970049304976135
0.028217592592592593,0,0,0.2920082607116921,0.2140852829760975,0.280576570442992,0.0228125,0.07770254629629629,Jz41rGqNVxU,2439,위염,7.799753318287247
0.3306886574074074,0,0,0.3734451706608569,0.20829286170863215,0.5268681690268701,0.019675925925925927,0.07391782407407407,vZXdtlOYf58,1036,위염,6.9440872082295275
0.052702546296296296,0,0,0.41044528413217135,0.2504550827858369,0.277766975308642,0.16346064814814815,0.07171875,anLN3a99czc,2056,위염,7.6290038896529575
0.02504050925925926,1,1,0.3326564088598402,0.2682772068958185,0.5102518382352941,0.08686342592592593,0.14862847222222222,D-Yz4hVzOVA,1980,위염,7.591357046698551
0.04483217592592593,1,1,0.1355277550835149,0.16351371249208307,0.43976277687000725,0.020630787037037038,0.04538773148148148,vhbLCuwPI1E,2310,위염,7.745435610274381
0.002789351851851852,0,0,0.08370386256354392,0.13074019233788992,0.6739882670660857,0.008431712962962964,0.08869212962962963,3GtP3t4zvdk,2946,위염,7.988542982737695
0.039635416666666666,0,0,0.2907542211328976,0.24206246073644258,0.49277219498910674,0.041915509259259257,0.15627314814814816,sgO4i8UzJ4o,2053,위염,7.627544390488503
0.05956597222222222,0,0,0.3213711873638344,0.22612888318075333,0.6706962826797386,0.04512152777777778,0.11881944444444445,eWzlCsbZFMQ,1547,위염,7.344719054149673
0.07077546296296296,1,1,0.38402773238925203,0.25778512640746054,0.3741538897966594,0.08621527777777778,0.09835648148148148,AimuY0cm-rg,1869,위염,7.533693709848633
0.03509259259259259,1,1,0.4137614152142339,0.36798588633752843,0.24597753267973857,0.2271875,0.11402777777777778,9Uyt-X56sd4,791,위염,6.674561391814426
0.02259259259259259,0,0,0.2919757398329702,0.23459266049987385,0.32207293936092957,0.03697337962962963,0.08780092592592592,oNplaMzMvoE,726,위염,6.588926477533519
0.0887326388888889,0,0,0.31275617283950613,0.22020152072542237,0.5981986882716049,0.04133680555555556,0.08288773148148149,B6j1SIOALrA,1827,위염,7.510977752014095
0.08606481481481482,1,1,0.21378674201161946,0.1585083371548119,0.4486391385257807,0.009953703703703704,0.05699074074074074,61QaOecamgs,2165,위염,7.680637427560936
0.13075810185185185,0,0,0.2029316675744372,0.1584520616665816,0.45925469771241834,0.0011863425925925926,0.04420717592592593,ksYRJ4M_49w,1648,위염,7.407924322559599
0.048854166666666664,1,1,0.38834036855482934,0.2732474713177591,0.3849600354030501,0.13002893518518518,0.08097222222222222,OcXyGzH3f9c,1406,위염,7.249215057114389
0.0021122685185185185,1,1,0.29955957244008713,0.2945277443971861,0.07960035403050109,0.13848958333333333,0.04169560185185185,qMlJec0-xlI,1981,위염,7.591861714889934
0.03169560185185185,0,0,0.21686567265795206,0.19774734762182095,0.22702986564996366,0.023136574074074073,0.12469907407407407,MGVKepVgS4s,1898,위염,7.549082710812286
0.03787615740740741,0,0,0.3124976624909223,0.20870571166365484,0.5381623320624546,0.030086805555555554,0.07472222222222222,c-qbNJp38QY,1960,위염,7.581209826196346
0.022256944444444444,0,0,0.3651146741103849,0.2425614571297747,0.27783249364560636,0.07730324074074074,0.08536458333333333,Navk9en75XM,2095,위염,7.647786045440933
0.18663194444444445,0,0,0.2531967365649964,0.1737245878025036,0.5198721859114016,0.006730324074074074,0.050075231481481484,Qpkh6HOC8U0,1364,위염,7.21890970761906
0.020092592592592592,0,0,0.24944303740014526,0.20697550355359542,0.5587141430646333,0.023715277777777776,0.09579282407407408,7AA_KKKirno,1185,위염,7.078341579557671
0.005075231481481482,1,1,0.30523272966594045,0.1909052086992946,0.3781335784313726,0.02492476851851852,0.06339699074074075,ybX2tKixL5g,1564,위염,7.355641102974253
0.007737268518518518,0,0,0.29520252360203336,0.1830232503767855,0.8066888616557734,0.029484953703703704,0.12533564814814815,th9frIFQ9R8,1542,위염,7.341483852363161
0.29140625,0,0,0.2804093818082789,0.24878581717729217,0.4456565677196805,0.028935185185185185,0.05237847222222222,4jzsI210S1M,1719,위염,7.450079569807499
0.11765625,1,2,0.4333413671023965,0.2927014035892865,0.24045245551924474,0.04105324074074074,0.08880208333333334,cSf362Qng1g,514,위염,6.244166900663736
0.035069444444444445,1,1,0.2547927106027596,0.19804783005035023,0.16246702523602033,0.022494212962962962,0.046556712962962966,0AR-3MY0gc0,1331,위염,7.194436851100335
0.03490162037037037,0,0,0.3189206154684096,0.21983233074992922,0.42446235021786494,0.03419560185185185,0.12296296296296297,11yLNb4mIRE,1351,위염,7.20934025660291
0.04959490740740741,1,1,0.48722937091503266,0.2909063957784116,0.2962058369644154,0.2068576388888889,0.08019097222222223,My3qWH3jJuY,1371,위염,7.22402480828583
0.13249421296296296,1,1,0.3763970588235294,0.31853490925070793,0.4362732843137255,0.12881944444444443,0.11833333333333333,lQAeajEa7yY,461,위염,6.135564891081739
0.052395833333333336,1,2,0.48161744281045754,0.36067233722579317,0.3361917665214234,0.2335011574074074,0.10383680555555555,CIt-DXIsEgo,446,위염,6.102558594613569
0.03775462962962963,0,0,0.3372749863834423,0.2579605488254125,0.43467093318809,0.10451388888888889,0.09535300925925926,Id6gjsKorWs,1161,위염,7.057897937411856
0.06986111111111111,1,1,0.34201565904139436,0.2322530476641003,0.34195644970951344,0.0643113425925926,0.11369212962962963,QbkZwxKNEqk,830,위염,6.7226297948554485
5.208333333333334e-05,0,0,0.3174536810094408,0.24683705518207738,0.47959120824255624,0.03190972222222222,0.07726273148148148,CBdXrmWA-nk,1250,위염,7.1316985104669115
0.062407407407407404,1,1,0.35197798656499635,0.35677009096265994,0.3832380628177197,0.1628587962962963,0.12066550925925926,E2MW0sVuuKo,407,위염,6.0112671744041615
0.35510416666666667,0,0,0.5388795842411038,0.225023073989721,0.5262452115105302,0.003703703703703704,0.05799768518518519,HXhbeKq1CII,1346,위염,7.205635176410364
0.34730324074074076,0,0,0.44463768609295573,0.21795943476762952,0.6119379765795208,0.021614583333333333,0.07913194444444445,9qVHWnKoOzk,1181,위염,7.074963197966044
0.01853587962962963,0,0,0.31583380991285404,0.26169247243960886,0.36732121459694994,0.08669560185185185,0.08236689814814815,8Kb6l3KyIYs,896,위염,6.799055862058796
0.06001157407407407,1,1,0.4398214642338417,0.2809478025369295,0.2934845225127088,0.1281539351851852,0.08263310185185185,MAdfWyAmYUw,944,위염,6.851184927493743
0.008234953703703704,0,0,0.3669483932461874,0.21966101515040543,0.5005756172839506,0.018738425925925926,0.09991319444444445,Dr2VJ7ERCfA,1113,위염,7.01571242048723
0.019299768518518518,0,0,0.3203233478576616,0.2509798359601482,0.36582114651416126,0.08279513888888888,0.06303819444444445,OR-3-TEELlw,1136,위염,7.036148493750536
0.05987268518518519,1,1,0.43388203522149604,0.33251874453797836,0.16108610203340595,0.20652199074074074,0.08810185185185185,NGmbOMzv7ik,2093089,방광염,14.554152000981427
0.17574652777777777,1,1,0.4778337645243283,0.31769536808537735,0.3123151779230211,0.04578125,0.07483217592592592,qIP9Tc-1u4E,1448807,방광염,14.18625170734725
0.10839699074074075,1,1,0.4405100535584604,0.3723720791353561,0.3513718681917211,0.2310474537037037,0.09146412037037037,pyhGWjOF2Rg,802539,방광염,13.595536976980885
0.08968171296296296,1,1,0.5050460920479303,0.36498185124956223,0.2087166394335512,0.29619791666666667,0.08601851851851852,vQ5LKaMCG5M,586185,방광염,13.28139242433982
0.13303819444444445,1,3,0.2973811274509804,0.2552287857802118,0.300079679557008,0.03846643518518519,0.09443865740740741,woR1OA9hn-M,447904,방광염,13.012336435339156
0.15693287037037038,1,1,0.5809156000363108,0.41508875429939834,0.23304527505446623,0.3868229166666667,0.10674768518518518,NdCTu_jgRGQ,332010,방광염,12.712923379879875
0.009398148148148149,1,1,0.44308115468409587,0.3166205077430779,0.3370514478939724,0.11275462962962964,0.08021412037037037,n48biMGVgzQ,271325,방광염,12.511076328924304
0.10049768518518519,0,0,0.4581110884168482,0.3187094405660974,0.23614787581699348,0.1300462962962963,0.0987673611111111,E2vcGmGCb8c,205436,방광염,12.232894696573373
0.03029513888888889,1,2,0.5076287899419026,0.3916917551381548,0.23517304375453885,0.30308449074074073,0.11449652777777777,XLKHtV9XtLg,184916,방광염,12.127662354738895
0.050208333333333334,1,1,0.515822440087146,0.3762771410002544,0.30028256626724764,0.1995023148148148,0.09067129629629629,9QvR3ntB4yk,172913,방광염,12.060549640053273
0.04695601851851852,1,2,0.5541985974945534,0.3159358554903121,0.4256239106753813,0.1727951388888889,0.06329861111111111,WxQ-huwmr7E,145961,방광염,11.891101592840721
0.0065625,1,2,0.5799655501089325,0.4063308454991797,0.23006079793028322,0.40015625,0.08868055555555555,ScuruyPr9rY,142600,방광염,11.867805799560465
0.07802662037037036,1,1,0.33025002269426285,0.32864313917611326,0.11617424655047204,0.15140625,0.09091435185185186,1WPhqQMbWJQ,136059,방광염,11.820851243899051
0.04995949074074074,1,1,0.3236518246187364,0.36367252270614026,0.3057229938271605,0.21461805555555555,0.08054398148148148,mGfEW16l33E,125624,방광염,11.741056557795478
0.00265625,1,1,0.35222138253449525,0.26861769928660645,0.24069185729847495,0.11262152777777777,0.1185474537037037,T30VcUhIRTg,220257,방광염,12.302554865499738
0.0008159722222222223,1,1,0.42115221042120554,0.35209695970406735,0.18188455428467684,0.23740162037037038,0.1704050925925926,pdGmfEErm1I,99911,방광염,11.512045077542922
0.004079861111111111,0,0,0.13459027777777777,0.15778571037540165,0.2413510802469136,0.019369212962962963,0.03927662037037037,smdnwtLWK_8,98399,방광염,11.496796083040344
0.010989583333333334,1,1,0.6419350036310821,0.40330815185162333,0.145777936637618,0.4891550925925926,0.09818287037037036,QvUbqqAul2o,72899,방광염,11.19684391799675
0.054427083333333334,0,0,0.4665032679738562,0.29598231760826743,0.32275478848946987,0.15502314814814816,0.08972800925925926,q3N8TeiSFEg,105440,방광염,11.56590683375813
0.002320601851851852,0,0,0.13523876633986928,0.18918021486161998,0.12949482570806098,0.02596064814814815,0.04491898148148148,d0XgxPnN2ME,92781,방광염,11.438007934443307
0.018072916666666668,0,0,0.4794113562091503,0.3182823745434983,0.14166471496005809,0.30659143518518517,0.06425925925925927,YqIxJihigw8,90217,방광염,11.409984242682977
0.01625,1,1,0.40873887981118373,0.36599104226944884,0.449938543936093,0.2513136574074074,0.0932349537037037,58IvBLkq7u0,54682,방광염,10.90930815400003
0.000625,0,0,0.4101560911401598,0.36851462088504205,0.31029620551924475,0.25848958333333333,0.11156828703703704,k1OSy0lx3cI,52587,방광염,10.870243235816496
0.015034722222222222,1,1,0.6521327614379085,0.3932235384029122,0.207842297567175,0.48755208333333333,0.10367476851851852,_ReHyeuxSLA,40488,방광염,10.608785611265057
0.003287037037037037,1,1,0.6494910130718954,0.4101013556264781,0.18089953249818447,0.46326967592592594,0.08102430555555555,takbtcngGKU,37833,방광염,10.54096344822561
0.09258680555555555,0,0,0.46276016702977485,0.3343196961558349,0.372004970043573,0.14563078703703702,0.10021412037037038,NiFdN_a4n68,187271,방광염,12.140317384464707
0.07011574074074074,1,1,0.4338535539215686,0.3717911676376561,0.40714229302832244,0.22552083333333334,0.09230324074074074,GhW161INyoQ,123145,방광염,11.721125922306598
0.002766203703703704,0,0,0.33669678195352215,0.21983692439099659,0.6006531862745098,0.00967013888888889,0.15057291666666667,BPgTJ-OTYQI,102670,방광염,11.539284980189086
0.03564814814814815,1,1,0.34062114197530863,0.3074473597145342,0.27479044117647056,0.13890046296296296,0.09094907407407407,8JJ1hOhrWXU,36445,방광염,10.503586992046001
0.01830439814814815,1,2,0.3387645470225127,0.26675137957219597,0.1669314179375454,0.11492476851851852,0.07487268518518518,nDZoKFcGdos,46586,방광염,10.749076811237298
0.07265625,0,0,0.36626445624546117,0.32605600631331705,0.26332175925925927,0.16703703703703704,0.06730324074074075,wIg3HZ3CkYQ,34001,방광염,10.434174625397674
0.008020833333333333,1,2,0.46095265976761074,0.346072070984113,0.19697542211328975,0.23120370370370372,0.06085069444444444,wYV3YJBZ46o,39743,방광염,10.590214165293151
0.04362268518518519,1,1,0.3631748139070443,0.31638124886702035,0.33303422294843865,0.12529513888888888,0.08661458333333333,SX_IlP18IwI,32930,방광염,10.402169742355426
0.002673611111111111,0,0,0.39809676833696445,0.25024691673171,0.12241060729847494,0.11173032407407407,0.06650462962962964,6jBF_yY2XJ0,44891,방광염,10.712014884136147
0.046030092592592595,0,0,0.6221221859114016,0.39281656994919034,0.2735661764705883,0.15120949074074075,0.0778125,4YSVFfYHemU,24630,방광염,10.11176109118361
0.010671296296296297,1,1,0.14528637890341323,0.18414682068481078,0.27443277959331885,0.014710648148148148,0.07472800925925926,5QnP0efMlUA,27178,방광염,10.210199895269655
0.025144675925925924,1,2,0.3709992964778504,0.34949400298322014,0.10620592774146696,0.1373090277777778,0.06929398148148148,7RG1Duhd2DU,38074,방광염,10.547313177763362
0.02244212962962963,0,0,0.30652391975308646,0.22160717821727083,0.23716843681917213,0.053668981481481484,0.06530092592592593,5eBi25-iTyk,25036,방광염,10.128110009729737
0.06101273148148148,1,1,0.3935327932098765,0.3362240076804448,0.4343690767973856,0.16099537037037037,0.09171875,3HsQJRcF65U,18679,방광염,9.835208711782833
0.002957175925925926,1,2,0.41096856844589685,0.294506137608085,0.12147748729121279,0.1832349537037037,0.069375,b6ugyuVMDXY,23459,방광염,10.063052122207466
0.02148726851851852,1,1,0.4418199210239651,0.34633704148749395,0.4809910584604212,0.19245949074074073,0.07014467592592592,dZuFmQO2Qq8,15259,방광염,9.632990304838447
0.01484375,1,1,0.22562159586056646,0.2482277624518459,0.15580353576615832,0.09905092592592593,0.03632523148148148,3lc4J27aXH8,23095,방광염,10.04741472134277
0.0817361111111111,1,2,0.4206194625998548,0.2499752546640272,0.5980307053376906,0.044438657407407406,0.07218171296296297,wsIPbNE0FnY,13919,방광염,9.54108193388841
0.023414351851851853,1,1,0.6328890250544662,0.3856898718759746,0.1976651915395788,0.47408564814814813,0.07949074074074074,difDD-SLF8k,13247,방광염,9.49160187662504
0.061649305555555554,1,1,0.3519369099491648,0.3108050696612558,0.34989061365286855,0.1933912037037037,0.08230902777777778,awvJ6NV9Sgo,12915,방광염,9.466222131878165
0.009305555555555555,1,1,0.5533077795933188,0.3687914070848914,0.25495063997821354,0.38145833333333334,0.08806712962962963,v7ba9WF0eUQ,12207,방광염,9.409846753524238
0.09570601851851852,0,0,0.26625642247639797,0.21421233091381023,0.396983228939724,0.04569444444444445,0.0706886574074074,mbQO6y7AkfY,15622,방광염,9.656499466411903
0.03336226851851852,1,1,0.33606606299927383,0.2429940657400022,0.24413956971677558,0.07488425925925926,0.07368055555555555,hpN9gVQLV58,10767,방광염,9.284334051884509
0.07998842592592592,1,1,0.3014203431372549,0.30324130739005145,0.41679931463326075,0.11828703703703704,0.09381365740740741,RaFodLzbriM,10114,방광염,9.221774749601845
0.004392361111111111,1,1,0.33485906862745096,0.28718028777252097,0.10857697893972404,0.14307291666666666,0.06157407407407407,MRpoEqowCl8,17208,방광염,9.753187781764911
0.032413194444444446,1,1,0.5605709422657952,0.39299344485927634,0.3276857071532317,0.45927083333333335,0.0849363425925926,_eZhNRmmeDQ,9148,방광염,9.121399862679535
0.05153356481481482,1,1,0.314267383805374,0.23494890003142696,0.14670243282498183,0.030474537037037036,0.04657407407407407,gYfeI5y1EjM,14147,방광염,9.557328550325371
0.016371527777777777,1,1,0.44270070806100215,0.3479221608223484,0.40256238652868553,0.20489583333333333,0.07476273148148148,HBAncJMhW9k,8503,방광염,9.048291920021784
0.07587962962962963,1,1,0.3454299201161946,0.2862136699837769,0.47477553104575165,0.06712384259259259,0.10876736111111111,L0SDy4ipRkY,7516,방광염,8.924922401177469
5.787037037037037e-06,0,0,0.036034064088598404,0.10444439658655351,0.07163276143790849,0.0054918981481481485,0.022719907407407407,Qd2LY-Q8xWE,10974,방광염,9.303375237943373
0.025109953703703704,0,0,0.19180843772694262,0.23264521612658848,0.28022950708061,0.059849537037037034,0.10177662037037037,-ATBvUtBr-g,9859,방광염,9.19624144759668
0.07017361111111112,0,0,0.3648568672839506,0.4288458996127155,0.10205841503267973,0.3296469907407407,0.04306712962962963,4b-of3mT2Rg,6856,방광염,8.833025307284364
0.010555555555555556,0,0,0.3146111564996369,0.2275320687364474,0.17988634713144516,0.0713136574074074,0.0724826388888889,MDqcspIG2aw,10311,방광염,9.241063544619024
0.012719907407407407,1,2,0.29146064814814815,0.3154746212067056,0.20644190268700074,0.12589699074074073,0.10343171296296297,PYfrbOyr0x0,4937,방광염,8.504715669905124
0.05163773148148148,1,1,0.4707333877995643,0.34485433479692124,0.31378420025417575,0.2341724537037037,0.10024884259259259,XGQQISbmsL0,4415,방광염,8.392989587956931
0.013883101851851851,1,1,0.4677417846768337,0.3552366674149118,0.0940646105664488,0.2766550925925926,0.08756944444444445,nVPvGJpqNtY,5842,방광염,8.672999642554437
0.008912037037037038,1,1,0.42793858932461876,0.27974123562938746,0.3691085012708787,0.18666666666666668,0.0467650462962963,hqYwAPKap-I,4611,방광염,8.436416881388949
0.008842592592592593,1,1,0.1641933778140886,0.19740412601546464,0.2559478031953522,0.02169560185185185,0.058952546296296295,hpfzWBMUh_A,5036,방광염,8.52456594574565
9.837962962962963e-05,0,0,0.2783893654684096,0.2942699365099543,0.1554536583151779,0.12825810185185185,0.06857060185185185,f9bHcewiFYI,336487,방광염,12.726317766212619
0.023136574074074073,1,1,0.1875956336238199,0.20854764640793663,0.2150843318809005,0.02273148148148148,0.07633680555555555,qGI9C-SOm3k,7622,방광염,8.938925271988273
0.025046296296296296,1,3,0.528550086238199,0.3643950000333709,0.29611292665214234,0.34684027777777776,0.1257175925925926,C6VTgdFRJQM,3708,방광염,8.21851757748959
0.0022627314814814815,0,0,0.3478432961147422,0.2595356616451785,0.2780942265795207,0.08190972222222222,0.03993055555555555,qqNWPnIJ-g8,4495,방광염,8.410943391573527
0.43094328703703705,1,1,0.49688882080610025,0.28167482814470585,0.5896889070442992,0.07722800925925925,0.14175347222222223,YIM00Cc6t4k,3445,방광염,8.144969417087875
0.05153935185185185,0,0,0.24159293300653595,0.16470075021695044,0.22201066630355848,0.010393518518518519,0.05096064814814815,WtLwFXfPfOM,3501,방광염,8.161089512845797
0.01001736111111111,1,1,0.29934195715323164,0.2637175954278346,0.07728388253449528,0.07373263888888888,0.04515625,KPOr8YZjAxc,3424,방광염,8.138856750696325
0.033171296296296296,1,3,0.3082676334422658,0.33367447197149425,0.15604581971677559,0.13955439814814816,0.10199652777777778,u9yfOS4PPDw,2560,방광염,7.848153086199526
0.07717013888888889,1,1,0.4150981299927379,0.2881195778720146,0.25141500998547567,0.04048032407407407,0.09332175925925926,hvOrOJ5edMQ,2586,방광염,7.8582541821860294
0.00728587962962963,1,1,0.14820751633986926,0.17633507143280908,0.11911941721132897,0.01984375,0.04521412037037037,GymY3rStYVs,2881,방광염,7.966239776559467
0.001238425925925926,1,1,0.216121278140886,0.2556160382945722,0.19455986746550474,0.0815625,0.052633101851851855,Qt7i8-fzuKo,5657,방광염,8.640825751861513
0.0021759259259259258,0,0,0.3899336419753086,0.3504319143448949,0.32910428013798115,0.23105324074074074,0.061307870370370374,NClxW6QDgnM,1830,방광염,7.5126175446745105
0.00967013888888889,0,0,0.26885650417574436,0.20931109988864505,0.4305292075163399,0.01837962962962963,0.2473263888888889,hiV-wGSu1pk,3633,방광염,8.198089248956116
0.05205439814814815,0,0,0.3208905455700799,0.23466207063422476,0.1702935049019608,0.07019675925925926,0.06195601851851852,ybF8KGmTeaQ,1914,방광염,7.557472901614746
0.03527199074074074,0,0,0.30831190994916485,0.23107986716409615,0.3479034359114016,0.041082175925925925,0.04793981481481482,h94M2qESmKw,1594,방광염,7.374629015218945
0.0018113425925925927,1,2,0.35402441902687,0.34961554182976706,0.44565543300653593,0.13365162037037037,0.09747685185185186,j-zwwKAZi0E,1461,방광염,7.2875606403097235
0.048894675925925925,1,1,0.34368774963689175,0.19672020068446344,0.6453425245098039,0.022627314814814815,0.11313078703703704,Si1oOobtbVo,1479,방광염,7.299797366758161
0.00359375,1,1,0.5882129856572259,0.3482774070468163,0.2999892202251271,0.24259259259259258,0.07750578703703703,DUqXnP0KqEY,1323,방광염,7.188412736496954
0.06543981481481481,0,0,0.17662813180827885,0.21083733915014827,0.25163012890341324,0.02224537037037037,0.07792824074074074,3h57OERUknA,1566,방광염,7.356918242356021
0.03345486111111111,0,0,0.28596298565722583,0.2660358612758061,0.2801650326797385,0.13659143518518518,0.08660300925925926,-MZLr8gFQ9s,1440,방광염,7.273092595999522
0.016961805555555556,0,0,0.4328788353304285,0.3490543564263496,0.4205065813362382,0.27403356481481483,0.06828125,7F6mOguTSKk,3690,방광염,8.213652703029998
0.026041666666666668,0,0,0.5197823620188816,0.30013672276133796,0.29009969589687723,0.1796412037037037,0.05001736111111111,WrOj69uGi-o,2142,방광염,7.669961995473577
0.01269675925925926,1,2,0.16949596042120554,0.19903158711364013,0.17214982752360206,0.03466435185185185,0.07125578703703704,BAZ3onnJYAQ,1375,방광염,7.226936018493289
0.07607638888888889,1,1,0.5479722449164851,0.41389473840460156,0.21176134713144515,0.40171296296296294,0.07851851851851852,DFw0OI5aH8w,1046,방광염,6.953684210870537
0.006788194444444445,1,1,0.488236542302106,0.32157631567691447,0.09230031318082789,0.29332175925925924,0.06467592592592593,vY8BUQPC_ig,2232,방광염,7.711101251840158
0.024375,0,0,0.28277003903413217,0.2115140994184766,0.18275767066085694,0.04206597222222222,0.06261574074074074,jOuksWpPKaI,984,방광염,6.892641641172089
0.08371527777777778,1,2,0.4296325571895425,0.31482840618091174,0.24170427106027598,0.1281539351851852,0.11372106481481481,4KKYe4DVR4g,985,방광염,6.893656354602635
0.02673611111111111,0,0,0.3149616920842411,0.28599955660066617,0.5198301107480029,0.11004050925925926,0.07890046296296296,pW2gBnZ_lm4,3078,방광염,8.0323601479245
0.01673611111111111,0,0,0.2565325889615105,0.25631316337442056,0.10895531499636892,0.08261574074074074,0.09086226851851852,s4-R8VEtzFU,897,방광염,6.8001700683022
0.057609953703703705,1,2,0.505851829157589,0.38239481839932055,0.19067565359477126,0.26308449074074075,0.08773726851851851,lhspDo-TXF4,811,방광염,6.699500340161678
0.0005381944444444444,1,2,0.18056363471314452,0.21087460685186946,0.13159018700072622,0.04326967592592593,0.06077546296296296,Xq3uQ0EcdJo,871,방광염,6.77078942390898
0.24612847222222223,1,2,0.4214303966957153,0.3071008035887504,0.5252749409949165,0.13965277777777776,0.09785879629629629,ZIwqZD9M6pI,827,방광염,6.71901315438526
0.000462962962962963,1,1,0.22201554557007988,0.26731948088035506,0.1703501043936093,0.09391203703703704,0.05344328703703704,eWrZ08qPH5g,2205,방광염,7.698936199813447
0.03818865740740741,1,1,0.3800178149963689,0.276110105949247,0.3159237245824255,0.08496527777777778,0.15769097222222223,erFCJ163VEY,1999,방광염,7.600902459542082
0.002181712962962963,1,1,0.5736749727668846,0.4156144895376315,0.2248425925925926,0.30822337962962965,0.09509837962962962,0v-k3QxxhlU,741,방광염,6.60934924316738
0.00833912037037037,1,1,0.3182462100580973,0.22772254480751172,0.1094074301016703,0.06484375,0.04467013888888889,VCe0pEtnIlY,1207,방광염,7.0967213784947605
0.0025925925925925925,0,0,0.4184407679738562,0.2904858990928979,0.09978195352214961,0.23501157407407408,0.06304398148148148,110OvoPDgb8,2090,방광염,7.645397699428633
0.01478587962962963,1,1,0.3594859068627451,0.25602614891540865,0.2536273148148148,0.09015046296296296,0.06762731481481482,SESGx9Ng66I,2536,방광염,7.838737559599282
0.05011574074074074,0,0,0.3074146468772694,0.26322334834307504,0.27772376543209876,0.09925347222222222,0.13170717592592593,rPrSUO_J5oM,728,방광염,6.591673732008658
0.14320023148148148,0,0,0.3787062454611474,0.2016563652454261,0.28700678558460424,0.03166666666666667,0.04802662037037037,bX4_Vr5Mves,1822,방광염,7.508238774678663
0.002309027777777778,1,1,0.1685913897966594,0.19524520247266042,0.21299253358750908,0.02494212962962963,0.054502314814814816,l0QPY9IVNZk,1744,방광염,7.4645098346365275
0.017777777777777778,1,1,0.394003721859114,0.28837586334434256,0.27927423747276686,0.13468171296296297,0.11008680555555556,IZM-4EvVFDM,2548,방광염,7.8434564043761155
0.18085648148148148,0,0,0.2358482207697894,0.15601796743951485,0.6846946713870733,0.004820601851851852,0.030127314814814815,XlY0TULnx_A,2217,방광염,7.704361167910313
0.03443287037037037,0,0,0.3137636165577342,0.28818502147712344,0.3381145606390704,0.08248263888888889,0.0817824074074074,oKZ1xzZZn0E,2516,방광염,7.830822995135316
0.0002777777777777778,0,0,0.488752473674655,0.35304655678498387,0.028887413761801015,0.3316898148148148,0.027777777777777776,1rOZKpOBVoE,913,방광염,6.81783057145415
0.0008622685185185185,0,0,0.653300903231663,0.4080797144240075,0.11843940631808278,0.5038831018518518,0.12986689814814814,Oi1Unx-SE1M,619,방광염,6.429719478039138
0.006302083333333333,1,1,0.44136422022512706,0.26517207996378556,0.09716137890341321,0.17125,0.037905092592592594,SlCbas3X_BA,1834,방광염,7.51479976048867
0.0028877314814814816,1,1,0.3013060094408133,0.2971973506739498,0.23773790395787944,0.12217013888888889,0.05094907407407408,y_VdHIsczHI,742,방광염,6.610696044717759
0.0021643518518518518,0,0,0.40004271060275964,0.26525661018282604,0.514080519244735,0.09973379629629629,0.033483796296296296,v-e60aV-QjU,1604,방광염,7.380879035564116
0.027332175925925926,0,0,0.43092120551924473,0.28945596428961556,0.3199779184822077,0.16664930555555554,0.10447337962962963,WxNJLpcI4Es,2575,방광염,7.853993087224244
0.04293402777777778,1,2,0.2004569943718228,0.17768092573859887,0.3527820896877269,0.016307870370370372,0.05151041666666667,4NOIo7_Qpkc,1638,방광염,7.40184157874383
0.10428240740740741,0,0,0.2947585103485839,0.1950106095597388,0.5184386347131444,0.029479166666666667,0.07655092592592593,p0L9dEnTdnM,576,방광염,6.3578422665081
0.012690972222222222,1,1,0.17432200889615104,0.2112151688680565,0.1511759713144517,0.038969907407407404,0.040769675925925924,V_IcMALLduM,1802,방광염,7.497207223203318
0.012962962962962963,0,0,0.03959990014524328,0.0971969509518022,0.2746482843137255,0.0007060185185185185,0.029560185185185186,PS-FxB-A7p4,1252,방광염,7.133295954896068
0.028252314814814813,0,0,0.32064953249818445,0.25683394899124246,0.32969337781408864,0.07637731481481481,0.10383680555555555,fhTwRNzZkAI,1449,방광염,7.27931883541462
0.11649884259259259,1,1,0.6597652278503994,0.35591871473200093,0.514685434822077,0.4389178240740741,0.06564814814814815,RLBrlHikguw,779,방광염,6.659293919683638
0.013524305555555555,1,2,0.3509827977487291,0.245414182650629,0.28077074255628176,0.11203703703703703,0.05029513888888889,GDU5J6dPI6M,1854,방광염,7.5256399750415355
0.18064236111111112,0,0,0.269630174291939,0.18352664945701402,0.7588430464778505,0.026817129629629628,0.07749421296296297,4w_lmSMQygU,1842,방광염,7.519149957669823
0.12644675925925927,0,0,0.30771359840232393,0.27679089732057205,0.4868559368191721,0.1063888888888889,0.07947916666666667,GFO5WU6B4wg,1744,방광염,7.4645098346365275
0.015341435185185185,0,0,0.36743967864923743,0.2893898968969427,0.3414881309005084,0.1260474537037037,0.11561921296296296,LLad3z_hzmI,1404,방광염,7.247792581767846
0.05727430555555556,1,1,0.20786671659404504,0.191952760042401,0.3973964687726943,0.01505787037037037,0.07672453703703704,o0KjK8NVuro,1352,방광염,7.210079628170788
0.008582175925925925,0,0,0.5414837055192447,0.3143493867203556,0.40361987109658676,0.35129050925925925,0.03966435185185185,SOssMKVVGKY,1330,방광염,7.193685818395112
0.0029861111111111113,1,3,0.4030986973493101,0.3194018299155933,0.25470883260711696,0.079375,0.07343171296296297,uuqIxqTFpNo,577,방광염,6.359573868672378
0.07248842592592593,1,1,0.1932006853667393,0.2085026822630404,0.42477972948438636,0.025815972222222223,0.09140625,wp_XYsjrSZo,1387,방광염,7.23561914106675
0.005520833333333333,1,1,0.27378401870007263,0.18297273508174672,0.23410741194626,0.030827546296296297,0.04342592592592592,3TYw_Lbf4CM,1697,방광염,7.437206366871292
0.013339120370370371,0,0,0.1760204475308642,0.2123761104306345,0.21096303104575162,0.0503587962962963,0.03485532407407407,MibnoDrmCr0,555,방광염,6.320768294250582
0.07146412037037037,0,0,0.3554990468409586,0.2651223839716028,0.29821879538852575,0.09205439814814814,0.11678819444444444,3-0zRMJscY4,2494,방광염,7.822044008185619
0.04626157407407407,1,1,0.4790483841684822,0.31594205960034866,0.2220038126361656,0.09101851851851851,0.08287037037037037,KV0FesxC9Sk,5789257,허리디스크,15.571514689350828
0.005752314814814815,0,0,0.48114655954974583,0.3351996094761257,0.3696291757443719,0.13157407407407407,0.11139467592592593,cSwm7ziLQu4,5551933,허리디스크,15.529656893490051
0.02068287037037037,1,1,0.32201252723311546,0.3053577652997238,0.22668169026870005,0.16315972222222222,0.060827546296296296,q4_j2x_5-ns,4507049,허리디스크,15.321153395465254
0.0013773148148148147,1,2,0.3829345043572985,0.2512032244026783,0.23577993373275236,0.02943287037037037,0.09625,Nj8eRj47qeM,4140437,허리디스크,15.236312137306827
0.04052083333333333,1,1,0.6096377768700073,0.35587087157040065,0.30427140068990555,0.2914409722222222,0.08773148148148148,3Sh03Tcz-y8,3536460,허리디스크,15.078637067544978
0.06674768518518519,0,0,0.4703428422294844,0.34244545127974013,0.21647737381989834,0.21697916666666667,0.07905092592592593,QhRcs9d2Y9E,2821828,허리디스크,14.85289581423646
0.009403935185185185,0,0,0.49707364288307915,0.3615100628433824,0.2635772966594045,0.26886574074074077,0.11484375,mSsrdc9H6TA,2796043,허리디스크,14.843716118978826
0.028744212962962964,1,1,0.3437809776688453,0.30839091948469555,0.26828254357298476,0.17427083333333335,0.08008680555555556,PYNfFV4CHig,3428378,허리디스크,15.04759811268184
0.0021469907407407405,0,0,0.44078186274509806,0.3059314298855091,0.19772344771241832,0.22412037037037036,0.07373263888888888,jqCi349wglE,2787733,허리디스크,14.840739637415568
0.008188657407407407,1,1,0.35845102578068266,0.3055371826634236,0.23771589052287584,0.17413194444444444,0.05747685185185185,Cr6PeWFElpU,2571951,허리디스크,14.76017570164606
0.003125,1,1,0.12180437545388526,0.1829539053898066,0.14387366103848948,0.017372685185185185,0.039809027777777777,kJFTn0ixr04,2556435,허리디스크,14.754124658962349
0.009681712962962963,0,0,0.20504611474219317,0.22131269018962177,0.27115702160493826,0.011956018518518519,0.07711805555555555,0I8PmUw6EV0,2538947,허리디스크,14.747260379972952
0.004479166666666667,1,1,0.5584088144517065,0.3896255668303374,0.3743950390341321,0.33969907407407407,0.0719386574074074,5OlriqZw688,1954141,허리디스크,14.485461780387617
0.008084490740740741,0,0,0.4269251316267248,0.30162514269147583,0.16181127450980393,0.20338541666666668,0.07806712962962963,QFLaAXPUJ6U,2527825,허리디스크,14.74287020276613
0.0031770833333333334,0,0,0.46898479484386346,0.30014333636115764,0.169671772875817,0.2045486111111111,0.05592592592592593,eoQT-9tMQfM,2169842,허리디스크,14.590165372668823
0.14954861111111112,0,0,0.24229838416848223,0.15338334145399188,0.2821783769063181,0.011626157407407408,0.02039351851851852,e_INCe-u4t4,2002070,허리디스크,14.509692702763916
0.013958333333333333,0,0,0.30451690722585334,0.3005403871283681,0.3116043255265069,0.08216435185185185,0.08769097222222222,IA_2qsFGcGo,1613017,허리디스크,14.293617516375521
0.0035300925925925925,0,0,0.5024220679012346,0.3079715372117049,0.13223579339143066,0.25482060185185185,0.03737847222222222,69N0NEKDQYU,2094693,허리디스크,14.55491803861777
0.02564814814814815,1,1,0.29359595134350036,0.32355420673714097,0.2226392973856209,0.12630208333333334,0.055908564814814814,TAYYkEz5kAs,1870672,허리디스크,14.441808817132928
0.002534722222222222,0,0,0.5960758896151053,0.40010382265299194,0.29336245007262163,0.25981481481481483,0.10228587962962964,ZGaVCGDn0xM,1587704,허리디스크,14.277800135270192
0.0011689814814814816,0,0,0.4877751679375454,0.30718682411831855,0.16140211964415394,0.24232638888888888,0.05894675925925926,J1bJRjHcQHg,1953581,허리디스크,14.485175168536916
0.020353009259259258,0,0,0.38546940813362385,0.29110221253452967,0.263538285221496,0.17559606481481482,0.057887731481481484,RH6vIfN7mDs,1778405,허리디스크,14.391228015445597
0.0073900462962962965,0,0,0.15707986111111114,0.17112466470751628,0.17478705973129993,0.00879050925925926,0.06692708333333333,CSYfpSiu7nk,1604685,허리디스크,14.288438656777236
0.012170138888888888,1,3,0.4188909767610748,0.36427408619003204,0.3800541485112564,0.2485300925925926,0.07634259259259259,ZV2fzJ0qubs,1321646,허리디스크,14.094389244070499
0.0002951388888888889,0,0,0.3556952160493827,0.25704384173184563,0.2516776279956427,0.10175925925925926,0.05182291666666667,Rd1z6SOd0RA,1560396,허리디스크,14.260450834028838
0.012118055555555556,1,1,0.5311279729484386,0.3928692926871996,0.1704039578794481,0.3154282407407407,0.08980324074074074,XN8fCuK_nU4,1220815,허리디스크,14.01503004558634
0.02185185185185185,1,1,0.34889860203340595,0.23225348831197828,0.23861140613652868,0.04780671296296296,0.08587384259259259,P4XDlaPfhZs,1416714,허리디스크,14.163851369297555
0.028697916666666667,0,0,0.3731128812636166,0.327514591059301,0.26219276506899053,0.16614583333333333,0.15277199074074074,yRLew4v9Z2Y,3459369,허리디스크,15.056597049530307
0.015949074074074074,0,0,0.2910165668119099,0.302819428541325,0.1987185684458969,0.15544560185185186,0.0528125,E1kcBKn2h2o,1548843,허리디스크,14.253019404191829
0.014664351851851852,0,0,0.24811642156862745,0.2632616303757745,0.20574537037037038,0.09102430555555556,0.0290625,rGCDfeAmNgI,2303882,허리디스크,14.650106518258507
0.06333333333333334,1,1,0.44697775962236747,0.3418366493240763,0.36715584150326797,0.13647569444444443,0.11434606481481481,QaFqDl7ZNNU,992391,허리디스크,13.807873469501672
0.007552083333333333,0,0,0.45580081245461146,0.3209144052089278,0.25520751633986927,0.13326967592592592,0.09361689814814815,UI6RR72x2NI,922104,허리디스크,13.73441437891791
0.06954861111111112,0,0,0.4978127723311547,0.36697572436015996,0.2142116693899782,0.3007060185185185,0.11185185185185186,-QEmzFMG1A4,870760,허리디스크,13.677122820936281
0.019890046296296298,0,0,0.5679577205882352,0.3362636124336508,0.37983896151053015,0.1753587962962963,0.08764467592592592,jJJiR7nNeqQ,864572,허리디스크,13.669991022414383
0.014114583333333333,0,0,0.20801207334785768,0.2198424953535865,0.15735514251997093,0.023946759259259258,0.054149305555555555,ZBL9vMSF_eA,924333,허리디스크,13.736828757170079
0.010787037037037038,1,1,0.4505717365649964,0.31653231604811133,0.20051039397240378,0.21184027777777778,0.05434606481481481,ivq7ac5fXs0,1035787,허리디스크,13.8506730476567
0.020179398148148148,1,1,0.3991836646695715,0.34599785988650894,0.28577909404502544,0.08747685185185185,0.08380787037037037,VtdrVjv6Xmo,758303,허리디스크,13.538839639632256
0.012806712962962962,1,1,0.3006275644517066,0.33430093464706,0.20364764887436457,0.12375578703703703,0.04016203703703704,FUis9KxP5HQ,752620,허리디스크,13.531317060020854
0.009091435185185185,1,2,0.6435087372912127,0.3786259201190993,0.12047353848946986,0.6212962962962963,0.08538773148148149,EaC9yC3NkRk,3455048,허리디스크,15.055347197427768
0.04407986111111111,0,0,0.323564565177923,0.3348437078096103,0.41055446623093683,0.05016782407407407,0.08421875,aENGpIKtxG8,2576662,허리디스크,14.762005708867315
0.0613599537037037,1,1,0.5078550063543936,0.3731190876405398,0.23816260439360928,0.3191898148148148,0.11439814814814815,EYOYpy7SOiI,726490,허리디스크,13.495981373753319
0.015150462962962963,1,1,0.407001860929557,0.259404440300697,0.2462464596949891,0.14153935185185185,0.0792650462962963,qBuWRDe95Yk,971411,허리디스크,13.78650596212199
0.003292824074074074,0,0,0.17127142338416848,0.321030874550214,0.06647115559186638,0.11975115740740741,0.052528935185185185,hbCWp1zFC7o,850313,허리디스크,13.653360972015479
0.05597800925925926,0,0,0.5004232933914307,0.3802456778437135,0.3308924518881627,0.24997106481481482,0.1086400462962963,Om-spKxd9Bw,632062,허리디스크,13.356744351705224
0.030723379629629628,1,1,0.3516919026870007,0.30325224283458124,0.24075721677559914,0.15704282407407408,0.06623263888888889,wxD_vUm_VLY,816172,허리디스크,13.612381621279264
0.012991898148148148,0,0,0.3102513843500363,0.21525666610134744,0.10770477033405955,0.035792824074074074,0.09778356481481482,1BmcSqmmWrY,1607408,허리디스크,14.290134123849224
0.021961805555555554,1,1,0.44000124818445896,0.3588194973599818,0.3354050698983297,0.19570601851851852,0.12962962962962962,M4nQmvgsXEo,597334,허리디스크,13.300233374023582
0.11266203703703703,0,0,0.6122797294843864,0.37632282110136916,0.29374614197530863,0.1240162037037037,0.08416666666666667,eehIfabQbE8,565280,허리디스크,13.245078231626222
0.02984375,1,1,0.37562661129266517,0.2913039206784392,0.2580197667029775,0.16199074074074074,0.0594212962962963,GuYHAl_PTN4,928657,허리디스크,13.741495812234065
0.01967013888888889,0,0,0.5719669571532316,0.41770073227234633,0.27685611837327523,0.38719907407407406,0.09445601851851852,IzRcGu16qks,540796,허리디스크,13.200799256358227
0.004930555555555555,0,0,0.452636801016703,0.27763239195093997,0.5014608523965142,0.040671296296296296,0.07328703703703704,FsTfUvWuEFM,701759,허리디스크,13.46134674421166
0.050063657407407404,1,1,0.5054127859477124,0.3364130617921839,0.2955132080610022,0.16800925925925925,0.09089120370370371,HklHH9kHcxU,525654,허리디스크,13.172400382991459
0.00828125,0,0,0.4575585511982571,0.2833878420434728,0.09929550199709514,0.1673784722222222,0.04059027777777778,U-Q-wTeHqks,1000372,허리디스크,13.815883488417068
0.01375,1,1,0.4994802106027596,0.2810706133687123,0.5815022467320261,0.07704861111111111,0.09347222222222222,6mNDkq3DVQQ,488786,허리디스크,13.099682090741169
0.039878472222222225,1,1,0.4755433233478577,0.33656078239019543,0.4461563634713145,0.24265625,0.09150462962962963,43Vp7VaJl4Q,485002,허리디스크,13.0919103554675
0.000787037037037037,0,0,0.1852620279593319,0.2041576610040822,0.2569759440813362,0.03396990740740741,0.05392361111111111,_I62p5jsu2U,841472,허리디스크,13.642909206536748
0.02101851851851852,1,1,0.3519778277051561,0.3033799527688895,0.33148481753812636,0.16777777777777778,0.05766203703703704,lTDBpzOK40A,688753,허리디스크,13.442639447054901
0.0006481481481481481,1,1,0.4990238970588235,0.39023364756400425,0.4943056463326071,0.25859375,0.08271990740740741,b1PkQhPtpGQ,444218,허리디스크,13.004072963053142
0.008454861111111111,0,0,0.1965037445533769,0.1943500825441628,0.23440028140885985,0.01742476851851852,0.0777662037037037,krtpxfLECnI,816088,허리디스크,13.612278696626145
0.004565972222222222,1,1,0.5356688453159042,0.37635761868797485,0.33716015341321715,0.271875,0.07507523148148149,J4FD_ysXFYc,416609,허리디스크,12.939905811361536
0.027864583333333335,1,1,0.40817971586782864,0.33529335429636276,0.34388609749455334,0.23004050925925926,0.0968113425925926,N8_RKX5FATQ,395818,허리디스크,12.888712315040891
0.008078703703703704,0,0,0.16304640976761076,0.20533375865933173,0.22773640613652868,0.03492476851851852,0.07110532407407408,kd0o_p0-oNw,616126,허리디스크,13.331208390096952
0.02045138888888889,1,3,0.33722242647058825,0.3202732856231603,0.2243089596949891,0.17802662037037037,0.06317708333333333,ggv3BStrL6A,456905,허리디스크,13.032232959441501
0.01296875,0,0,0.5493505128903413,0.3684740894068025,0.0751576343500363,0.28828125,0.06236689814814815,v7UY7ebQV7Y,304347,허리디스크,12.625927062518846
0.05115162037037037,1,2,0.38463276143790853,0.35870249325763315,0.32763067356572256,0.1620601851851852,0.12457175925925926,CpztB7D54ag,313011,허리디스크,12.65399680744553
0.008611111111111111,0,0,0.27020803830791573,0.2826827877767598,0.18226143790849672,0.09840277777777778,0.08137152777777777,KJWaq4Euef8,499362,허리디스크,13.121088565176404
0.0013310185185185185,1,1,0.46371393881626727,0.2819628588188919,0.1500554420842411,0.3014699074074074,0.04291087962962963,33C8ujK5drw,382796,허리디스크,12.855260101539631
0.016417824074074074,1,1,0.37394512527233115,0.3098561212528595,0.2536929012345679,0.1754513888888889,0.05987847222222222,50keU904EKs,318755,허리디스크,12.672181198807024
0.05855902777777778,1,1,0.36859615559186637,0.4143588607678609,0.2021045297748729,0.2725694444444444,0.07023726851851853,_2-hvehj7Qs,278356,허리디스크,12.536659741490162
0.03630787037037037,1,1,0.4750972903050109,0.3896292262181654,0.2301127224037763,0.3523263888888889,0.12439814814814815,bqre4UbYFVo,276000,허리디스크,12.52815976788113
0.07009837962962963,0,0,0.47282257625272334,0.3666551827207168,0.34076547748729125,0.2427314814814815,0.10802083333333333,RCDBE2kGQo8,254963,허리디스크,12.448877637703639
0.014195601851851852,0,0,0.29108140432098767,0.2964477777248724,0.2868765885984023,0.15797453703703704,0.05763310185185185,lEs6nx0n140,308172,허리디스크,12.638416592579565
0.00140625,0,0,0.4329657997458243,0.2938008424847598,0.16382554920116196,0.20616319444444445,0.09522569444444444,qby6dZPiOnE,450234,허리디스크,13.017524947658154
0.003744212962962963,0,0,0.3347460285039942,0.24169949259074996,0.23045572349310095,0.034241898148148146,0.10683449074074074,g2NEUbP4tTQ,238063,허리디스크,12.380294824067478
0.0072743055555555556,1,1,0.5540288444081336,0.3904169543465184,0.3604027550835149,0.3250810185185185,0.07064236111111111,BT5NBeom30g,231180,허리디스크,12.350956232472608
0.013200231481481481,1,1,0.31795011801016704,0.32093547300552333,0.3663684867465505,0.17528935185185185,0.056296296296296296,NXpn7ao1rCI,241997,허리디스크,12.396684740641863
0.023773148148148147,1,1,0.37698254811183735,0.31052520817024104,0.2547477759622368,0.1772800925925926,0.07013888888888889,zsjtqwcYswY,260787,허리디스크,12.471463095706099
0.003096064814814815,0,0,0.4852926879084967,0.3157869632325703,0.20208710058097315,0.24795717592592592,0.06081018518518518,QEafYFtKFSw,289479,허리디스크,12.575841488980064
0.004340277777777778,0,0,0.30351345769789395,0.24161430526333577,0.15377015250544662,0.022337962962962962,0.07837962962962963,IAtTdqCmGFE,201725,허리디스크,12.214665619948192
0.015208333333333334,1,1,0.5564604212055192,0.3887980400549912,0.38391117465504715,0.33380208333333333,0.07099537037037038,XmPpkxMUeoM,196066,허리디스크,12.186211716534483
0.007216435185185185,0,0,0.3208599537037037,0.2716038970361814,0.200864651416122,0.09889467592592592,0.07630208333333334,QjzaojF3PPs,533186,허리디스크,13.186627485894194
0.00023726851851851852,1,1,0.4053096859114016,0.2648524647416644,0.10157550381263616,0.20035300925925925,0.038767361111111114,B2uX311UTvE,415662,허리디스크,12.937630114784348
0.06215856481481481,1,1,0.6227744644153957,0.39416388754749826,0.2568315177923021,0.3670486111111111,0.12184606481481482,bX9UUgKN7mo,166666,허리디스크,12.02375308873422
0.036452546296296295,0,0,0.36385489288307915,0.2439507234081458,0.30030791575889615,0.05950231481481481,0.09044560185185185,4aiUr_71e4c,397442,허리디스크,12.892806806567886
0.03380787037037037,0,0,0.20347163217138706,0.20063281001034575,0.1768704838416848,0.025069444444444443,0.041805555555555554,ShOLQm23EJE,260505,허리디스크,12.47038117253987
0.00734375,1,1,0.5660457062454611,0.39722128429989756,0.3430806554103123,0.3586226851851852,0.06655671296296296,AJFyqAFUm7w,141604,허리디스크,11.86079677035281
0.04016782407407407,1,1,0.39034881082062456,0.3336357250318539,0.1326722267610748,0.17357060185185186,0.09395833333333334,a0YOXupY8jc,183831,허리디스크,12.121777576034772
0.0022743055555555555,1,1,0.4111464006899056,0.19855516950646748,0.5755228758169935,0.036863425925925924,0.04207754629629629,uzEzQxOYjg4,150978,허리디스크,11.924896033277854
0.01695601851851852,1,1,0.4014673883442266,0.38272827881391,0.1408538262527233,0.24917824074074074,0.07297453703703703,gWrt5W9ybcM,138680,허리디스크,11.839931610618073
0.008935185185185185,1,1,0.3494055010893246,0.28503262016531256,0.22942447349310097,0.11125578703703703,0.08084490740740741,yYqSc_ylpeM,138628,허리디스크,11.839556579060542
0.01708912037037037,1,1,0.4879485974945534,0.3023644413355483,0.2616705473856209,0.1013136574074074,0.09043402777777777,Iu_jsBdXOCY,135565,허리디스크,11.817213885585412
0.018385416666666668,0,0,0.3113314270152505,0.2523813202935186,0.13999207970225128,0.08578703703703704,0.04016782407407407,w_w-RDGUlhY,136025,허리디스크,11.820601322916884
0.003414351851851852,0,0,0.4749848629266521,0.3107092746396125,0.17378560729847495,0.21958912037037037,0.06370949074074074,wU7ZkcsXMsw,206996,허리디스크,12.240459579388862
0.013657407407407408,0,0,0.38936499183006534,0.2562318069627032,0.16043150871459694,0.14476851851851852,0.07561921296296296,TYY1bGxl7v8,230021,허리디스크,12.345930235504868
0.025711805555555557,1,1,0.3036333061002179,0.31925653389095227,0.19109354575163398,0.16138310185185184,0.060758101851851855,1g1iauqB7jU,179042,허리디스크,12.095381279437543
0.0010069444444444444,0,0,0.20083564814814817,0.1772318054031324,0.12689326888162672,0.022332175925925925,0.05365740740740741,rSKBg7cVOtU,114977,허리디스크,11.65249608469655
0.012563657407407407,1,1,0.5390545343137255,0.3764416882328828,0.36928170388525783,0.3031655092592593,0.0688425925925926,tSQQjxzb9G8,94229,허리디스크,11.453493881200801
0.002037037037037037,1,1,0.16034570170660858,0.19552239756263307,0.2710533315177923,0.027314814814814816,0.08490162037037037,OuPuuRNNcww,125350,허리디스크,11.738873081217163
0.001568287037037037,0,0,0.3110862608932462,0.22613337286296603,0.09500594589687726,0.03253472222222222,0.08707175925925927,cAoQwMuZlC0,115303,허리디스크,11.655327397762939
0.08440393518518519,1,3,0.5457666122004357,0.3562903493871605,0.4114721087509078,0.1770949074074074,0.1208275462962963,MO0W_c3nJIM,83427,허리디스크,11.331739263416525
0.03995370370370371,1,2,0.6023557325708061,0.3486678145391675,0.1993505582788671,0.4224537037037037,0.0910474537037037,Jetkp9PvPvQ,82695,허리디스크,11.322926512248321
0.011469907407407408,1,1,0.5466253631082062,0.3873966924766549,0.3593198756354393,0.3226736111111111,0.06977430555555555,GWJH_3Lauqg,80861,허리디스크,11.300499276997215
0.008015046296296296,0,0,0.42111828249818445,0.27362020508929913,0.11796936274509803,0.18568865740740742,0.04314236111111111,x1BgJdtdYfk,200579,허리디스크,12.2089684486422
0.0,1,1,0.36087391067538127,0.2475643732803696,0.34629525236020336,0.0528587962962963,0.13156828703703705,X8bilmGaqqE,316902,허리디스크,12.666351012342943
0.08313078703703704,1,1,0.46355530591866373,0.3736923297923774,0.2514156000363108,0.22717592592592592,0.11528935185185185,u7E2Bu0bKGw,80065,허리디스크,11.290606573530575
0.04736689814814815,1,2,0.33879838416848224,0.31008906298155986,0.32094369553376906,0.14672453703703703,0.09178240740740741,Miwu4yKke7E,79037,허리디스크,11.277684028457882
0.07847800925925925,1,2,0.3347200208787218,0.32411331484610567,0.4428930646332607,0.11949652777777778,0.13039930555555557,y0C14H3ka3Y,79180,허리디스크,11.279491650032252
0.0027372685185185187,0,0,0.5914378631082062,0.36710709081282783,0.10311249546114742,0.49064814814814817,0.061510416666666665,jD6kigZGFJ8,78349,허리디스크,11.268941247784166
0.005520833333333333,0,0,0.23539882897603487,0.24566579275252587,0.12505984477124182,0.06788194444444444,0.04752893518518519,uuSNEH5Cyf4,83870,허리디스크,11.337035183121875
0.007806712962962963,1,2,0.5540852169571533,0.3940700086837352,0.31311126997095134,0.3165451388888889,0.0809201388888889,sDgMV0RHyY0,77175,허리디스크,11.253843806850389
0.05351273148148148,0,0,0.37490842864923746,0.3491723512027647,0.2651710239651416,0.15101273148148148,0.0732986111111111,8L2__cxzRWw,77401,허리디스크,11.256767899037259
0.015306712962962963,1,1,0.5564027777777778,0.38822666058099364,0.3707947303921569,0.3359490740740741,0.06980902777777778,FF0X1m2h7XQ,75001,허리디스크,11.225270058829565
0.010335648148148148,0,0,0.3851923338779956,0.30546811680271163,0.1722753267973856,0.2397800925925926,0.07033564814814815,gur68BHNHxc,78098,허리디스크,11.265732531648492
0.0004976851851851852,0,0,0.4092114878358751,0.2846508827064867,0.17964183914306464,0.16215277777777778,0.05842592592592592,8h_jvj-IBQw,168331,허리디스크,12.033693498765938
0.017430555555555557,1,1,0.35009740377632537,0.30948159407300824,0.19064340504720406,0.1673263888888889,0.06309606481481482,sGZOR9ET_MU,70023,허리디스크,11.156593319412274
0.02726851851851852,0,0,0.1624362745098039,0.24031616006414463,0.11610988562091504,0.03179398148148148,0.04927662037037037,Y1VjWiDj714,99597,허리디스크,11.508897363049792
0.009282407407407408,1,2,0.17507697893972402,0.19326359075532987,0.14500406227305737,0.02476851851851852,0.08050347222222222,FKDQL0ySVBA,74897,허리디스크,11.223882466879106
0.3508912037037037,1,1,0.5433106163761801,0.39816588786041873,0.3125056962599855,0.32221643518518517,0.05433449074074074,B47spSCx3oY,57159,허리디스크,10.953609632043804
0.017436342592592594,1,1,0.5449453749092229,0.40815213710956477,0.2617413307915759,0.4579166666666667,0.086875,MpiQAOyMYoM,56628,허리디스크,10.944276500467035
0.017609953703703704,0,0,0.2957180237835875,0.2832584713761892,0.2705572349310094,0.14871527777777777,0.06905092592592593,sD-BPIkcIaQ,61401,허리디스크,11.025197686894638
0.004722222222222222,0,0,0.38317871732026143,0.27711929878529107,0.20078129538852577,0.17949652777777778,0.04951388888888889,1DWCBgw5vyk,68382,허리디스크,11.132879534708255
0.07390625,1,1,0.46182203159041396,0.31980223497814214,0.2641344635076253,0.03570023148148148,0.15311921296296296,uU_Rhgf29Rs,52884,허리디스크,10.875875023762154
0.005868055555555555,0,0,0.3301807824981845,0.2758770978786794,0.10740688543936093,0.13722222222222222,0.06986111111111111,BaI5pyiVHSo,61863,허리디스크,11.032693706288871
0.004091435185185185,1,1,0.28297528594771243,0.2793769482088047,0.1166510984023239,0.12270833333333334,0.03818287037037037,yPnPVl6YQY8,54540,허리디스크,10.906707991398342
0.002928240740740741,1,2,0.3380810866013072,0.3436318093415156,0.30565418482207696,0.21947916666666667,0.08952546296296296,0TJ8lhy_Vcc,49631,허리디스크,10.812391065976266
0.013888888888888888,1,1,0.5337600535584605,0.3786262075197299,0.3771606526870007,0.28560185185185183,0.0680787037037037,i9snhkVcQ40,48506,허리디스크,10.789463396407925
2.8935185185185186e-05,1,1,0.4492211555918664,0.34388945433385587,0.43442560820624543,0.13242476851851853,0.12876736111111112,kw0UXYH-0po,48088,허리디스크,10.780808739711565
0.004074074074074074,1,1,0.5824316675744372,0.3929945909648862,0.11592637981118374,0.4124363425925926,0.07802083333333333,REN20FPFVG8,48024,허리디스크,10.779476987636757
0.01265625,0,0,0.2962498411401598,0.25889024361626795,0.19860645878721858,0.06013888888888889,0.05984375,HV4mqVtoSsk,50193,허리디스크,10.823650776624158
0.07111111111111111,1,1,0.5983868464052288,0.3945949369595056,0.22658519426289034,0.4762673611111111,0.0934375,9VBQDBsHm1k,45933,허리디스크,10.73496086257636
0.018038194444444444,1,1,0.4454822757806826,0.341197918884518,0.06990009985475672,0.24707175925925925,0.054114583333333334,SsrT2xJU3zw,5691465,허리디스크,15.554478417908955
0.00636574074074074,1,1,0.6361250680827886,0.43906534306651335,0.11200172476397965,0.5588773148148148,0.07101273148148148,ehG489YJiMk,45452,허리디스크,10.724434104027946
0.02925925925925926,1,1,0.3349881762890341,0.304671924894268,0.3449978213507625,0.14453703703703705,0.08950231481481481,lIpulx0oij8,45326,허리디스크,10.721658160407951
0.0031886574074074074,1,2,0.4309749001452433,0.3705624804488857,0.2225808142701525,0.22682291666666668,0.12305555555555556,Z3BFzvIEGtw,45268,허리디스크,10.720377750501907
0.006765046296296296,0,0,0.17371695715323165,0.22624100265120725,0.20720109386347133,0.055503472222222225,0.06975115740740741,AZZJ8JadMi4,68335,허리디스크,11.132191993081248
0.006267361111111111,1,1,0.5832423747276688,0.3446512487504292,0.22086671659404503,0.20776620370370372,0.09664930555555555,shqP_pxN1kM,43146,허리디스크,10.672368169181512
0.003425925925925926,1,1,0.5566985067175019,0.3882973811138673,0.36153311092955703,0.3396585648148148,0.07986689814814815,qAHRZdHukFM,41349,허리디스크,10.629827700451838
0.005648148148148148,1,1,0.5615009985475672,0.3927301820374372,0.3714958242556282,0.34313078703703703,0.07791087962962963,ceIDzGVPO30,40070,허리디스크,10.598408159645215
0.06292824074074074,1,1,0.3389238607480029,0.29545464144142836,0.2284743781771968,0.09285300925925925,0.10259837962962963,CgNDaAKVA-g,39634,허리디스크,10.587467845271256
0.1262037037037037,1,3,0.3492768246187364,0.3025513228166712,0.3191269290123457,0.10329282407407407,0.09700231481481482,-UTonVRyFf8,38790,허리디스크,10.565943539941884
0.003298611111111111,0,0,0.3005535357661583,0.2983132629054649,0.24688028776325346,0.05528935185185185,0.04552662037037037,73XNANKgNUI,38413,허리디스크,10.556177255464798
0.009403935185185185,1,1,0.5509867238562091,0.386534004376911,0.38629055464778506,0.31494791666666666,0.07293402777777777,6OGJCdFEExw,37947,허리디스크,10.543972080512768
0.003246527777777778,0,0,0.3091764478939724,0.2734264221355713,0.4568420706245461,0.09505787037037038,0.10612847222222223,Nw9rpVFinOM,54803,허리디스크,10.911518462973
0.003414351851851852,1,1,0.49045359023238927,0.3903910623481395,0.38554400417574436,0.328431712962963,0.10083912037037036,WgGLqY5NSSc,36684,허리디스크,10.510123231148095
0.06965856481481482,0,0,0.40657924836601306,0.2077161050866196,0.4802019562454612,0.040596064814814814,0.0633912037037037,it9RyCZ3wiE,49475,허리디스크,10.8092429824949
0.0014988425925925926,1,1,0.5445545116194626,0.38719912135380213,0.3892843137254902,0.30311921296296296,0.06813657407407407,-ebXnGIr4HY,35672,허리디스크,10.482149379105689
0.014230324074074074,0,0,0.4518169253812636,0.3191064244140788,0.13426432007988381,0.10421875,0.07247685185185185,3t52pJF_MH8,34964,허리디스크,10.462102840137968
0.0392650462962963,1,1,0.2871161265432099,0.24929604652102708,0.19877237654320987,0.06838541666666667,0.055775462962962964,kfJ2OHT32ac,4509287,목디스크,15.321649827618964
0.0016087962962962963,0,0,0.3074003948801743,0.35108499966023166,0.297135961328976,0.1427951388888889,0.11420717592592593,suyTW9kCm88,3639791,목디스크,15.107437095123066
0.0011458333333333333,0,0,0.4107662263979666,0.30801668547573713,0.22751649872912127,0.19488425925925926,0.07119791666666667,CeqDDztNnZ4,3261147,목디스크,14.997589838592868
0.008107638888888888,0,0,0.48588060548293394,0.3818253970141793,0.20737286673928831,0.3711226851851852,0.11695023148148148,85ZqMepT2pY,2917038,목디스크,14.886079618661064
0.0003935185185185185,1,1,0.5487947984749455,0.38604309827827954,0.4032367919389978,0.3061284722222222,0.07449652777777778,eReIEoieQsQ,2310767,목디스크,14.65309049477536
0.03814236111111111,1,1,0.43697866739288305,0.3045388925403132,0.23819047294843865,0.10951967592592593,0.07881944444444444,5r8c37p7Hew,2075237,목디스크,14.545586403864712
0.013368055555555555,1,1,0.2848806735657226,0.20701917670745937,0.3365015432098765,0.02621527777777778,0.04748842592592593,Zc4wxqciJlU,1919105,목디스크,14.467370010566983
0.14112847222222222,0,0,0.34047923474945535,0.3162889250034475,0.33270415758896155,0.11335069444444444,0.10222222222222223,V5Z2OUyhWqQ,1921169,목디스크,14.468444933410412
0.06986689814814814,1,2,0.38586263162672474,0.33330694614433665,0.2776732480029048,0.16974537037037038,0.10415509259259259,sNQwy2E_lk0,1910497,목디스크,14.462874499022169
0.012853009259259258,0,0,0.43704200708061003,0.33423683730021553,0.16524611928104574,0.07759259259259259,0.09470486111111111,EMOO4JktSHg,1881144,목디스크,14.447391191968178
0.05770254629629629,1,1,0.4463484704066812,0.3441270859112638,0.314831540486565,0.1691261574074074,0.10787615740740741,OYzPufYzDbY,1654087,목디스크,14.318760357503555
0.010688657407407407,0,0,0.36367483660130717,0.24839664151530205,0.30234524782135075,0.06166087962962963,0.08640046296296296,mOKXg-1Mwr0,1909468,목디스크,14.462335750899534
0.008998842592592593,0,0,0.449374183006536,0.30833783973910694,0.10966750635439361,0.22570601851851851,0.06286458333333333,F5Dj5DH7Vkg,3947233,목디스크,15.188525638420982
0.0253125,1,2,0.3694629402687001,0.3120019381814379,0.33534027777777775,0.12759837962962964,0.0697974537037037,G6aA5KTOGuk,1131778,목디스크,13.939301289003492
0.009097222222222222,1,1,0.5386413852578069,0.3825039424396483,0.33752711964415394,0.29639467592592594,0.07957175925925926,UEGTQ4vLW-o,1081152,목디스크,13.893538622221296
0.00916087962962963,1,1,0.6181538444081337,0.30187623070139546,0.48056045751633986,0.07031828703703703,0.09512152777777778,nl4jiiBCiDI,1075870,목디스크,13.888641124040833
0.03795138888888889,1,2,0.5316190087145969,0.37553307466822333,0.4328585920479303,0.18991319444444443,0.13445601851851852,Z4hIPQpQpMY,1049839,목디스크,13.864148329570169
0.028130787037037037,0,0,0.3584911265432099,0.23885855686664045,0.14700040849673202,0.08847222222222222,0.05704282407407407,kND7k6Snc9o,956288,목디스크,13.770815447604951
0.03078125,1,1,0.3167384713144517,0.313329632837855,0.19879500272331155,0.1585300925925926,0.05924189814814815,QH1MYPQj9Mo,973166,목디스크,13.788310980561965
0.036550925925925924,1,1,0.6096148102759622,0.34540161152205917,0.48392467774146697,0.4630150462962963,0.07891203703703703,E0rugjm7gkY,683017,목디스크,13.434276492524837
0.03985532407407407,0,0,0.1481418845315904,0.2644479899561021,0.25964982752360205,0.10539930555555556,0.04644675925925926,C2ZwnzQPvi8,596610,목디스크,13.299020588707092
0.12609375,1,2,0.4988550063543936,0.3272891534372176,0.3570626815541031,0.12390046296296296,0.11796875,mZMs8iZIWd4,592651,목디스크,13.292362659175032
0.05652199074074074,0,0,0.20915425290486567,0.2839632156908007,0.33138612018881625,0.05483217592592592,0.06328125,clbExgZvS0M,589222,목디스크,13.28655999878972
0.012233796296296296,1,1,0.2789464642338417,0.27907243602667703,0.24528288398692813,0.06085069444444444,0.04030671296296296,__kQJGOM_e0,604616,목디스크,13.31235047869601
0.08203125,1,1,0.42614896514161216,0.31883195657492736,0.2491034177559913,0.1539525462962963,0.09277199074074075,NcXlvObuuwI,560205,목디스크,13.236059852211339
0.013321759259259259,0,0,0.6842943899782136,0.39238959677147467,0.14724346405228758,0.570306712962963,0.07154513888888889,0gwxQ4tcwDY,549673,목디스크,13.217080654203672
0.00046875,1,1,0.554973493100944,0.30207446909459146,0.4975378994190269,0.1321064814814815,0.10413773148148148,CsGuIouzPe8,533436,목디스크,13.187096254653527
0.014930555555555556,1,1,0.2725853077342048,0.31398135336707195,0.19083054193899784,0.1564525462962963,0.060821759259259256,VC6Ke40WdJ8,678958,목디스크,13.428316021801658
0.06832175925925926,1,1,0.49690965413943355,0.3295355148915008,0.28397614832970225,0.17929976851851853,0.12608217592592594,KRry9tK5Fq8,456939,목디스크,13.032307370228473
0.014299768518518519,0,0,0.44080369462599855,0.34594594461902933,0.2396849128540305,0.14704861111111112,0.10287037037037038,nhbjjPPKosU,443686,목디스크,13.002874637861822
0.00171875,0,0,0.39156427015250544,0.30317854853569737,0.10263523511256355,0.22,0.057465277777777775,zEYKL6EZYGY,489096,목디스크,13.100316112793651
0.00443287037037037,0,0,0.4674073620188816,0.3595563177483883,0.3391437000726217,0.19663773148148148,0.1304224537037037,t6pXemaXOKQ,429556,목디스크,12.970509724057273
0.0009027777777777777,1,1,0.5565662445533769,0.39476061355554354,0.34157162309368194,0.3422511574074074,0.06466435185185185,eDs8bC78a1k,405456,목디스크,12.91277010499121
0.034762731481481485,1,1,0.4583914079520697,0.33011050698630556,0.315761596768337,0.14938078703703703,0.08020254629629629,m5cy9irN9RA,379976,목디스크,12.847866003554987
0.014178240740740741,1,1,0.22769907407407408,0.19656723016080868,0.2793357162309368,0.014716435185185185,0.04175347222222222,Psw58JpYu4M,996139,목디스크,13.811643088937783
0.12242476851851852,1,1,0.5270562363834422,0.34454017161826683,0.23054577432824983,0.2879976851851852,0.0626099537037037,lo0iU3efHfo,363374,목디스크,12.803190637861176
0.008206018518518519,1,2,0.5360577568990559,0.3808975934318249,0.38873184458968774,0.2673726851851852,0.06403356481481481,twO7NLNWUAQ,334976,목디스크,12.721817151733806
0.0011342592592592593,0,0,0.19355317265795205,0.257907146632021,0.06309522512708787,0.09085069444444445,0.041429398148148146,nI1dA2XAspY,365939,목디스크,12.810224664518557
0.017847222222222223,0,0,0.6862570352214961,0.3850001242362358,0.24933893881626723,0.45453125,0.06408564814814814,N4Cgp3u8RJo,307208,목디스크,12.635283576701509
0.1333622685185185,0,0,0.5776310820624546,0.34950268190258127,0.3007651824618736,0.17575810185185184,0.12126157407407408,F5QKsspcTNM,258509,목디스크,12.462689656901922
0.014814814814814815,0,0,0.3455391929920116,0.2689136087621937,0.24889276960784312,0.05091435185185185,0.08348958333333334,ce3o4JvZir0,556230,목디스크,13.228938954575842
0.0073900462962962965,1,2,0.3093902051561365,0.24478932024757916,0.28377031136528685,0.07014467592592592,0.06152199074074074,d3S15vrxEwg,269276,목디스크,12.50349586854261
0.006689814814814815,1,1,0.5356225717138707,0.3816578794639614,0.38890890522875815,0.28833912037037035,0.0725462962962963,gf9rvscLaCk,222039,목디스크,12.310612824804098
0.03169560185185185,1,1,0.2870760484749455,0.31389960985569676,0.2207478894335512,0.14983217592592593,0.05710648148148148,LAUwgd0pc1k,392102,목디스크,12.879279839360564
0.07736111111111112,0,0,0.5615756853667393,0.31725489164889,0.36466224128540303,0.13196759259259258,0.07064236111111111,S9P8Dh66Ctw,219763,목디스크,12.300309522278061
0.01887152777777778,0,0,0.4415721904502542,0.22793279675620315,0.5237301652142339,0.02761574074074074,0.036313657407407406,BLEfByhS9Ho,213250,목디스크,12.270225154674701
0.045619212962962966,1,1,0.5878842592592592,0.3575722032918715,0.11151059822076978,0.3946412037037037,0.07110532407407408,bd01dOXZPQ0,210364,목디스크,12.256599396198142
0.02029513888888889,0,0,0.5068890477487291,0.3360822742907662,0.132523806281772,0.27194444444444443,0.09193287037037037,NiPriRLQAzc,201297,목디스크,12.212541676158756
0.05592013888888889,1,1,0.4318960602759622,0.37395105576802884,0.22505877814088598,0.25219328703703703,0.09445023148148148,hXNGdcYo_iI,200445,목디스크,12.208300162770525
0.13859953703703703,0,0,0.25651030319535223,0.2532698651436242,0.21581447440087145,0.04515046296296296,0.09225115740740741,GNfJFQ_bnNI,195478,목디스크,12.183208235758157
0.04559606481481481,1,1,0.608775871459695,0.43186925618751587,0.11420261437908497,0.4487905092592593,0.07805555555555556,_-7XI9wYmDo,164074,목디스크,12.008078919341923
0.04548611111111111,1,1,0.345274623275236,0.3065021572185592,0.26077861746550474,0.1631886574074074,0.05396412037037037,M73xMecl1io,236548,목디스크,12.373910653614299
0.0590162037037037,1,1,0.3991677332970225,0.3387403681600079,0.25315211964415396,0.17335648148148147,0.09103009259259259,2-CfjJyzgL4,142767,목디스크,11.868976214139932
0.04249421296296296,1,2,0.5763858705519245,0.38159192366612243,0.14870329520697168,0.42640625,0.07981481481481481,gFy7Ax7KbbQ,142427,목디스크,11.866591887844505
0.011996527777777778,0,0,0.348101397966594,0.2947578845828097,0.11122317538126361,0.17092592592592593,0.0409375,Nj7UnDm2srg,207247,목디스크,12.241671422770038
0.14883101851851852,0,0,0.5587309368191721,0.3725206157759264,0.2587646604938271,0.29843171296296295,0.07586805555555555,sjJcIDtbX4c,138118,목디스크,11.835870911396631
0.010688657407407407,0,0,0.41380492011619463,0.351741940135739,0.188295320442992,0.19730324074074074,0.10144675925925926,VWxcplROhLk,135729,목디스크,11.818422897292011
0.0680613425925926,1,1,0.5550907089687727,0.3208840757849587,0.33660802469135803,0.20412037037037037,0.10311921296296296,bdcH1niNZoU,132248,목디스크,11.792441788255285
0.04685185185185185,0,0,0.25442392883079157,0.2313578725871035,0.5269397694262891,0.019021990740740742,0.08373263888888889,OFag1muiPq4,128810,목디스크,11.766101492732409
0.050277777777777775,0,0,0.1451656000363108,0.2093597435502211,0.38740377632534495,0.04190972222222222,0.03965856481481481,AIsa4Xkzd0I,125602,목디스크,11.740881418081303
0.05773148148148148,0,0,0.48568924745824255,0.35080407873718045,0.380714392701525,0.18470486111111112,0.12314814814814815,j8N318Mcg_w,121967,목디스크,11.711513994228055
0.008640046296296297,0,0,0.4736700481118373,0.2956576745355624,0.07518722766884532,0.19482060185185185,0.06138310185185185,TOpK5qDbQUs,158786,목디스크,11.975318960464286
0.004207175925925926,1,1,0.48686487835875086,0.30828149923334947,0.24361056644880175,0.22169560185185186,0.05626736111111111,zY_YF_uNaVE,133529,목디스크,11.80208145067801
0.1032175925925926,1,1,0.5946788988743646,0.37021799776988185,0.23859753994190266,0.31225694444444446,0.08460648148148148,9GJ0Ep9gkAY,114966,목디스크,11.652400409643747
0.03580439814814815,1,1,0.45863246641249095,0.3765534681220414,0.2575784994553377,0.2636863425925926,0.10319444444444445,deIOy2-tgy8,113167,목디스크,11.636628719275771
0.0019733796296296296,0,0,0.25799466684822076,0.2310168167413061,0.2212208605664488,0.044716435185185185,0.06052662037037037,0bkihPq_LG0,104258,목디스크,11.55463346687
0.2266261574074074,1,1,0.394868577523602,0.30892964310687215,0.2920484068627451,0.14672453703703703,0.08254050925925926,yCzgMRakdWY,103669,목디스크,11.548968056317158
0.07064236111111111,0,0,0.39501822349310095,0.32203888490104904,0.28143216684822076,0.09980324074074073,0.0697337962962963,dZP12W68L20,101785,목디스크,11.530627849083233
0.046232638888888886,1,2,0.6177000272331156,0.39933185982943487,0.15517199981844587,0.5037615740740741,0.08776041666666666,RUskfIYXyRo,101000,목디스크,11.522885696764481
0.020972222222222222,1,2,0.39686067992011614,0.39058768813984107,0.5116455836964415,0.2369675925925926,0.08024884259259259,mWGzjOpHNEw,101950,목디스크,11.532247584684265
0.04667824074074074,1,1,0.43776214143064635,0.33018533010798634,0.23436737472766883,0.20255208333333333,0.09969907407407408,FTONoyQoIZw,93304,목디스크,11.443628975967572
0.11042245370370371,1,2,0.5133895924110385,0.36252999527032465,0.3305271877269426,0.13718171296296297,0.09707175925925926,XEws9EAcg0Q,92366,목디스크,11.433525050981935
0.0457349537037037,0,0,0.32645574618736384,0.2817106486515052,0.27538139978213505,0.11191550925925926,0.07940393518518518,q4wHVXix49E,174760,목디스크,12.071174605182213
0.05493055555555556,0,0,0.47156200072621646,0.34187628622163296,0.23054389070442993,0.19250578703703702,0.08392361111111112,9DePWOcUFGs,86864,목디스크,11.372110468328
0.002337962962962963,1,1,0.3860253494916485,0.3143589155850517,0.134484272875817,0.09101273148148148,0.07603587962962963,zCauzmkHCuM,82275,목디스크,11.317834728098054
0.002395833333333333,0,0,0.16994719045025417,0.18239163347389023,0.4755298656499637,0.012418981481481482,0.050515046296296294,creD34nVP2Y,80977,목디스크,11.301932791825003
0.019484953703703702,0,0,0.3126970769789397,0.2924084820879554,0.10960448438634714,0.15122685185185186,0.04052083333333333,IR4lDAhwsbw,81213,목디스크,11.304842925081322
0.028078703703703703,0,0,0.5665818809005084,0.35072844667281855,0.24919526143790852,0.2034837962962963,0.11604166666666667,CY0917NVwDY,78355,목디스크,11.26901782430329
0.00023726851851851852,1,1,0.4121297204066812,0.24445567860221765,0.11007904411764706,0.07722800925925925,0.061793981481481484,rMC9rQx-Sps,90845,목디스크,11.416921044236426
0.003778935185185185,0,0,0.4214756036673929,0.30720874734052617,0.19589188453159043,0.20658564814814814,0.06275462962962963,8aj20NnCasw,80727,목디스크,11.298840758144365
0.07768518518518519,1,1,0.5237749636891794,0.35917058326749896,0.2688077795933188,0.19847800925925926,0.08553819444444444,zdOisy8GffQ,71405,목디스크,11.176137178410494
0.002505787037037037,1,1,0.5504493917937545,0.38484715461475444,0.3852593046477851,0.3202488425925926,0.07789351851851851,RhtxGlhGNjc,66240,목디스크,11.101054885563546
0.030775462962962963,0,0,0.5848145651779231,0.3695035290873414,0.17116698438634712,0.27828125,0.08398148148148148,DxMGxnsd2vU,66198,목디스크,11.100420636070826
0.04940393518518518,0,0,0.19295694898329702,0.18919871180660217,0.277319535221496,0.018414351851851852,0.04140625,2lHzlK3bOF0,66455,목디스크,11.104295353518907
0.07038773148148147,1,1,0.5180390795206972,0.3413089387310701,0.36946153322440084,0.1656423611111111,0.11170717592592593,DfyA-4YhXe0,61529,목디스크,11.027280139734536
0.02262152777777778,0,0,0.3921392973856209,0.33252801052426856,0.3117499319172113,0.09422453703703704,0.07881944444444444,Rr0hgBMbbc0,60109,목디스크,11.003931496033207
0.0012905092592592593,1,2,0.5452039533405956,0.38308963685641473,0.3678773602033406,0.3266724537037037,0.07460069444444445,-s0WXlvPH_Q,59206,목디스크,10.98879505712516
0.0007696759259259259,1,1,0.37210135257806826,0.3607579293779388,0.20225231481481482,0.20092592592592592,0.12610532407407407,q3mayBiaVps,57273,목디스크,10.955602047544657
0.07115162037037037,0,0,0.3629003494916485,0.26328124770296785,0.22611317628903413,0.062094907407407404,0.16181134259259258,Ncz8_xbIY1c,56471,목디스크,10.941500219075309
0.38275462962962964,1,2,0.5889915577342048,0.29928900656233703,0.3950836737472767,0.00800925925925926,0.056394675925925924,xjUdnL4FxXU,54328,목디스크,10.902813433338995
0.02296875,0,0,0.42366594045025413,0.2754336275406235,0.2583082107843137,0.08010416666666667,0.0567650462962963,Ziga2dcsL3g,46966,목디스크,10.757200506425557
0.027447916666666666,1,1,0.6192700163398692,0.4029893115607193,0.1250014070442992,0.3070775462962963,0.07920717592592592,GgtP2DHup6w,42186,목디스크,10.6498673956928
0.004172453703703703,1,1,0.4111589733115468,0.34085510218417303,0.19295964960058098,0.16277777777777777,0.1289699074074074,RHvF1UnTQgU,41438,목디스크,10.63197774536807
0.005659722222222222,1,1,0.2481395470225127,0.20341479611771562,0.08040016793754538,0.031614583333333335,0.05494212962962963,sEd6DHQtsWA,52854,목디스크,10.875307594202763
0.0654224537037037,0,0,0.3171754266521423,0.22505980183449212,0.3814092229484386,0.017239583333333332,0.12494791666666667,5y29i34Z3fg,39143,목디스크,10.57500243296896
0.00041087962962962964,0,0,0.1904121051198257,0.21136511282933235,0.11719957334785766,0.04320023148148148,0.05296875,7hXWq_TQeS0,62678,목디스크,11.04578174229036
0.012366898148148148,1,1,0.5913051470588235,0.43039299053873825,0.1209306917211329,0.4809027777777778,0.08668981481481482,Y-7ykkphctM,36575,목디스크,10.507147566594536
0.04439236111111111,1,1,0.5281166485112564,0.343068459390947,0.28673397785039945,0.23020833333333332,0.11663194444444444,540j_Sifz6Y,35239,목디스크,10.469937080050116
0.006342592592592592,0,0,0.5636867283950617,0.3590964505658092,0.4179311909949165,0.05631365740740741,0.06980324074074074,0p1b5cfdxhU,33564,목디스크,10.421239136372852
0.10158564814814815,1,1,0.5320350853304284,0.322935190245206,0.2898518064633261,0.2536689814814815,0.13488425925925926,lGMSTFpRhL0,33112,목디스크,10.407681233504071
0.05484375,1,1,0.45789006899055923,0.34983954735118455,0.407521309912854,0.14450231481481482,0.09327546296296296,fae3LJJWDtk,32725,목디스크,10.39592514798884
0.0030555555555555557,1,1,0.4031603122730574,0.3099088061051303,0.14947714687726943,0.07293981481481482,0.07360532407407408,Yc6Gv3vFgTA,32490,목디스크,10.38871840689063
0.006070601851851852,1,1,0.4516483977850399,0.30501915527624535,0.19876795116194626,0.20321180555555557,0.045266203703703704,DXpC7Sa-mYs,60047,목디스크,11.002899521374802
0.06403935185185185,0,0,0.42450342683369646,0.2961834905817225,0.3376403640159768,0.03155092592592593,0.08162037037037037,Xwvwa5Uhzh4,29999,목디스크,10.308952660644293
0.09097800925925927,1,2,0.5843651960784314,0.40359322958842997,0.21528540305010893,0.4240509259259259,0.1504224537037037,I20RNtkpvD4,28177,목디스크,10.246296810613222
0.032337962962962964,1,1,0.2960711465141612,0.36271013944223957,0.09083535312273058,0.17879050925925927,0.08298032407407407,_t92KSpb1dg,27625,목디스크,10.226512637259905
0.0078009259259259256,1,1,0.30260108024691357,0.3410741784557544,0.28304420842411043,0.1672974537037037,0.07777777777777778,bTW_yRf49aE,27502,목디스크,10.222050368613774
0.06585069444444444,1,1,0.4730478848946986,0.2728487435648269,0.32611385711692087,0.10764467592592593,0.056880787037037035,EWioR0syCns,48462,목디스크,10.788555899181572
0.18925347222222222,0,0,0.4660693763616558,0.3416225811873628,0.3274229983660131,0.16208912037037038,0.07083333333333333,cTrVrfoq9lk,26528,목디스크,10.185993753243844
0.01691550925925926,1,1,0.3231336465141612,0.3182426954031836,0.20244984567901234,0.09324074074074074,0.11858217592592593,ta37ihZfPM8,26578,목디스크,10.187876709287115
0.011267361111111112,1,2,0.4044889478939724,0.2824162373706801,0.2046289941902687,0.1765451388888889,0.058917824074074074,t5lEYPpnD_Y,26421,목디스크,10.181952275438299
0.08612268518518519,1,1,0.51782616194626,0.40606958689995326,0.2205710103485839,0.2705208333333333,0.06858217592592593,lGSLuhpYeFA,24408,목디스크,10.102707195730964
0.05603009259259259,1,1,0.6742718318809006,0.390588374098534,0.3006571577705156,0.4678587962962963,0.08837962962962963,SbvBLYivtAU,24025,목디스크,10.086891856281321
0.00019097222222222223,0,0,0.04783192628903413,0.14397669745985617,0.12644662309368193,0.011001157407407407,0.03513310185185185,UEgu8OY4lx0,29945,목디스크,10.307151038697665
0.005358796296296296,1,1,0.3680829021423384,0.3134235500013835,0.4244389070442992,0.19435185185185186,0.037210648148148145,axnBi-aizLw,24760,목디스크,10.117025113705102
0.0010185185185185184,1,3,0.47071909041394333,0.3072293568124887,0.12240552378358752,0.26600115740740743,0.05281828703703704,ezVMJJw85zs,34557,목디스크,10.450394350873067
0.032962962962962965,0,0,0.43555743917937545,0.39018478242164223,0.18613936546840956,0.23394675925925926,0.09133101851851852,UByz3KRyCpc,22925,목디스크,10.040026916674956
0.042054398148148146,1,2,0.35083837145969504,0.3325466380792906,0.21082997458242556,0.1174363425925926,0.09853009259259259,2KXqOKM16T4,24013,목디스크,10.086392272590663
0.07241319444444444,1,1,0.3082190450254176,0.2844096556468453,0.32805625907770514,0.07388310185185185,0.06226851851851852,T8SbMSrPGyU,22565,목디스크,10.024199627698392
0.01660300925925926,1,1,0.5902720134350036,0.373231394775203,0.33988271604938275,0.3007465277777778,0.058090277777777775,Vg5l2DovCd0,20600,목디스크,9.933094897288786
0.020248842592592593,1,1,0.42183934731299927,0.2950853858288082,0.26501286764705884,0.07559027777777778,0.09012152777777778,jQpFhd_R8-0,19870,목디스크,9.897016661405816
0.08506365740740741,1,2,0.28860959059549746,0.25088258532224134,0.14872614832970224,0.028524305555555556,0.07132523148148148,GLcpRrQnEts,19668,목디스크,9.886799071249893
0.011886574074074074,1,1,0.636769448983297,0.4062439664582632,0.30265141612200436,0.33066550925925925,0.08090277777777778,0V8rEOfAMYI,19741,목디스크,9.890503624977834
0.0033333333333333335,1,1,0.5806015795206972,0.40782297748012725,0.31618922476397965,0.38037615740740743,0.0815162037037037,takPP6eOqD4,19049,목디스크,9.854822380554847
0.014126157407407407,1,1,0.4686745415758896,0.32709504877099504,0.0770237608932462,0.3148611111111111,0.07624421296296297,PGclUU-d1zQ,21012,목디스크,9.952896572793671
0.056226851851851854,1,1,0.27180932280319536,0.3412811067260704,0.29552126452432825,0.14311921296296296,0.09473958333333334,iZzX70U14R4,16596,목디스크,9.71697723512072
0.0005960648148148148,0,0,0.3913740468409586,0.2675607989399257,0.15306449709513437,0.16541666666666666,0.07421296296296297,sLkCCwh9vAc,29756,목디스크,10.300819677414104
0.0010763888888888889,1,3,0.29106617647058824,0.25993499720507496,0.12456150145243283,0.09213541666666666,0.06939814814814815,tBgDLMk9D4Y,40643,목디스크,10.612606502605772
0.15741319444444443,0,0,0.6332530410312273,0.3879209550074408,0.22463466775599128,0.33479745370370373,0.09734953703703704,cobFpl8qYkk,15893,목디스크,9.673696958500125
0.00042824074074074075,1,1,0.49001007625272336,0.25143107922616764,0.214055873275236,0.14961805555555555,0.051938657407407406,EAFHybhI9fk,20080,목디스크,9.90752937336246
0.03570023148148148,1,1,0.34681333968772693,0.31877576317247136,0.12094355936819173,0.16429976851851852,0.11718171296296297,OGhe2GZ_Rfk,15498,목디스크,9.648530784697051
0.09218171296296296,1,1,0.504057121459695,0.3440248737255013,0.3078264796659404,0.12395833333333334,0.14539930555555555,x8yIEGWeRZk,15663,목디스크,9.659120364770292
0.08956018518518519,1,1,0.5222122594408133,0.37993646326563063,0.24828982843137257,0.26644675925925926,0.07475694444444445,H6bTs-GRcVk,15474,목디스크,9.646981097552796
0.005810185185185186,1,1,0.5347804783950617,0.3813095757120832,0.3793402096949891,0.29477430555555556,0.07333912037037037,gIicMPOIb4g,15475,목디스크,9.647045715820404
0.04946180555555556,1,1,0.30999748093681917,0.2219183259354633,0.33940084876543214,0.032199074074074074,0.07060185185185185,04xR1xC1MU0,23772,목디스크,10.076305761898272
0.004484953703703704,0,0,0.4282944807552651,0.27848288565303003,0.1318188090050835,0.029016203703703704,0.04030092592592593,kodAloA2uys,14988,목디스크,9.615071877730596
0.0033391203703703703,1,1,0.5443567311183732,0.382651133015696,0.40001851851851855,0.3089525462962963,0.06815972222222222,UXpYCHKY5A4,14807,목디스크,9.602922854253334
0.05438657407407407,0,0,0.5320465459331881,0.3953012212657118,0.3884018700072621,0.3249826388888889,0.07034722222222223,zln0JEURwMc,14670,목디스크,9.593628035139645
0.01726851851851852,1,1,0.5483845542846768,0.3847788283646898,0.3531006944444445,0.3302199074074074,0.0746238425925926,0vG52X8SyrM,14361,목디스크,9.572341108670264
0.0228125,0,0,0.37561535493827164,0.2004271701181813,0.47042224945533767,0.04186921296296296,0.06754050925925927,K5A-u_Tc0WE,20728,목디스크,9.93928896499951
0.06921875,0,0,0.27875510620915034,0.19841864094351436,0.3731023057371096,0.03365162037037037,0.10041666666666667,QI9YwnX5_R4,19361,목디스크,9.871067661280017
0.024311342592592593,1,2,0.43687086964415395,0.30887762168484173,0.3245397603485839,0.07214699074074074,0.07413773148148148,PFQU_d-EzdM,4005677,관절염,15.203223412546448
0.005590277777777777,0,0,0.3192459604212055,0.22971676386122955,0.49079171205519245,0.035063657407407404,0.07898726851851852,8iaxec2fbmU,3682082,관절염,15.118989182617778
0.11186921296296297,1,1,0.5642662263979665,0.38977754015610444,0.2163094135802469,0.38866319444444447,0.09045138888888889,3LQuExAmyyo,2517302,관절염,14.738698648278628
0.041846064814814815,1,1,0.45332575344952797,0.30997200133401376,0.28686424291939,0.11157986111111111,0.07762152777777778,Nxr_1gexzhE,2249502,관절염,14.62621986089217
0.07781828703703704,1,1,0.3175265068990559,0.3070798824761643,0.45198763162672473,0.06894097222222222,0.0978761574074074,D6mEMzfFnBY,1957767,관절염,14.487315606798985
0.044820601851851855,1,2,0.429789306463326,0.37561158751287116,0.2703102078794481,0.2226736111111111,0.10025462962962962,UXxGLQJRf4I,1324442,관절염,14.096502551660636
0.007563657407407408,0,0,0.5032396287218591,0.36450112410195395,0.25888950163398694,0.20651620370370372,0.08657407407407407,4LWIp4z-v3w,1297331,관절염,14.075820405870166
0.017216435185185185,1,1,0.3326465822440087,0.25192349288989446,0.3041813725490196,0.07208912037037037,0.10564236111111111,y5pzSew0240,2162195,관절염,14.58663492987147
0.013530092592592592,0,0,0.2572940268700073,0.22440595419195905,0.23377761891793755,0.036938657407407406,0.054467592592592595,6cpWjdx_52o,1395936,관절염,14.149076432346286
0.004710648148148148,0,0,0.3859281726579521,0.32633390022670095,0.2616684141249092,0.06999421296296296,0.1189525462962963,kghyht4dBys,911215,관절염,13.722535250223459
0.0003935185185185185,0,0,0.5208206699346405,0.406227436407332,0.2698429783950617,0.4624247685185185,0.10609375,VL5N3NIGatQ,779912,관절염,13.56693765398336
0.008796296296296297,0,0,0.27620549655047205,0.23619996491764494,0.3326392973856209,0.035792824074074074,0.07388310185185185,s70v02y0ck4,855253,관절염,13.659153779823944
0.007505787037037037,1,1,0.4656423611111111,0.3389675767460423,0.34387647512708786,0.16133680555555555,0.15383101851851852,Ky-tG5WUdU8,715869,관절염,13.481253865212189
0.03575231481481481,1,1,0.5782293255265069,0.36002127981925186,0.3667239923747277,0.21742476851851852,0.10763310185185185,k7ZGOT8zTk4,486142,관절염,13.094258098286046
0.02863425925925926,1,1,0.3704983660130719,0.2605749867432243,0.21234767610748,0.10703125,0.07504050925925926,qJ1CuEL9tAI,866993,관절염,13.672787335323507
0.00640625,1,1,0.44776291303558463,0.32805006248235213,0.37961914488017434,0.12378472222222223,0.13689814814814816,kxyXwBl1biA,406773,관절염,12.916013027642997
0.044947916666666664,1,2,0.39548123184458966,0.3175215302480693,0.2742802741466957,0.10269675925925927,0.11983796296296297,8e89IWVhOYs,380365,관절염,12.848889226058358
0.01238425925925926,1,1,0.5131547975671751,0.3926270448539939,0.21403227124183005,0.3341550925925926,0.15410879629629629,Fbd6ML1YF9c,376786,관절염,12.839435320027599
0.05613425925925926,1,1,0.34793713689179373,0.31280067545435053,0.33364857933914305,0.11912037037037038,0.11752314814814815,ltJzkatRLx8,345216,관절염,12.751928483792266
0.0,0,0,0.25600059005083514,0.3088060779381443,0.17457820442992011,0.0852662037037037,0.05601273148148148,a_5bpu_d6kQ,339658,관절염,12.735697452133836
0.010462962962962962,1,3,0.39610745733478575,0.31247018454216396,0.33660732116920844,0.25859375,0.10369212962962963,v3Z4v5EfMeo,329131,관절염,12.704214165087441
0.016203703703703703,1,2,0.6259112427378358,0.37725539599874236,0.17333045116194626,0.29604166666666665,0.086875,j69_W4FEeok,748476,관절염,13.52579575424679
0.01880787037037037,1,1,0.6229746278140886,0.3595895003614399,0.27338369190268696,0.23956597222222223,0.09325231481481482,a5c3yTqZ3cA,225317,관절염,12.325268016704388
0.11235532407407407,0,0,0.4135952705156137,0.23808348434243423,0.2342443037400145,0.038043981481481484,0.05618055555555555,_QgjBWEIrtY,190687,관절염,12.158393863546705
0.011111111111111112,1,1,0.358906045751634,0.34107658247657224,0.2952554693173566,0.19942708333333334,0.0744386574074074,a02Thkvvdv0,129654,관절염,11.772632355591485
0.01441550925925926,1,1,0.31268636528685545,0.3289044304400807,0.2580274827523602,0.14421875,0.07188078703703704,FIDjXOKJMtk,111663,관절염,11.623249641256933
0.011157407407407408,1,1,0.4326754493464052,0.20313717720223692,0.5393959694989107,0.05511574074074074,0.041846064814814815,1W2RXIqUazk,219101,관절염,12.297292653793836
0.0512037037037037,1,2,0.3661026915395788,0.3552162114081957,0.4267291893609296,0.17770833333333333,0.09760416666666667,xLwDPi0pF9Q,105299,관절염,11.564568698122066
0.002037037037037037,1,1,0.48842687908496735,0.2673842551000553,0.5708554829339143,0.06494791666666666,0.07878472222222223,ArNn6j9Ft08,102840,관절염,11.540939385175411
0.17969907407407407,0,0,0.3435657679738562,0.18291297580925592,0.47080344498910676,0.040081018518518516,0.06569444444444444,MlsuYuVgqJI,147577,관절염,11.902112128548717
0.0036689814814814814,1,1,0.5984721995279593,0.38202569915804935,0.3909606481481482,0.18644675925925927,0.08663773148148148,eFtiGu_xAiQ,116784,관절염,11.668089916471578
0.005214120370370371,1,1,0.3765815177923021,0.36201947738701,0.1468206926289034,0.23265046296296296,0.06399884259259259,4AYuyCmkcWs,1274198,관절염,14.057828303858065
0.10927083333333333,1,1,0.4006097721496006,0.3197146074880907,0.40095522421931734,0.08267939814814815,0.08796875,bgq83wRokCI,726154,관절염,13.495518769641935
0.01556712962962963,0,0,0.5525567356572259,0.3233430465878192,0.12034431735657226,0.36258101851851854,0.0610474537037037,Lefgi7-oEzU,111069,관절염,11.617915912161166
0.07732638888888889,0,0,0.42609177559912853,0.26579124101864127,0.3924165531953522,0.07362268518518518,0.09300347222222222,9B2BPOI8h2c,69394,관절염,11.14757009778994
0.033304398148148145,1,1,0.4292667029774873,0.3606700275618634,0.25791759713144513,0.2602141203703704,0.08275462962962964,KmjgrJy8pMU,67755,관절염,11.123668295706272
0.01630208333333333,1,1,0.35335632262164124,0.322880377772003,0.25580299110384896,0.08765046296296296,0.0927662037037037,nkF2isyp2cg,65706,관절염,11.092960743698262
0.003975694444444444,1,1,0.29328197621641244,0.2146674629419078,0.34053535766158316,0.05431134259259259,0.05791087962962963,8nqzfjkMCBY,107097,관절염,11.581499582125154
0.09460648148148149,1,1,0.32927578068264346,0.26751583640472093,0.18585605029048657,0.07997685185185185,0.12244212962962962,8jwxspvIUjg,58545,관절염,10.977568049014906
0.08045717592592593,0,0,0.2135702614379085,0.23904344080185824,0.27273654230210603,0.02226273148148148,0.038211805555555554,oEGwggOq_aQ,54193,관절염,10.900325480192906
0.011921296296296296,1,2,0.1618749773057371,0.23749765160288921,0.11895876452432826,0.034444444444444444,0.04671875,f7uxhsVFHyE,52356,관절염,10.865840922736847
0.05617476851851852,1,1,0.34986154230210603,0.28901931969274003,0.26319564724037764,0.13717013888888888,0.07201388888888889,g3y1u7Yr_SA,95179,관절염,11.463525114675102
0.04245949074074074,1,1,0.4306117011619463,0.35337516722790635,0.35947283496732024,0.12085069444444445,0.1215625,Au7ZrH5TGBg,50529,관절염,10.830322498285954
0.09980324074074073,1,1,0.3835694671387074,0.30539838147142606,0.3843531227305737,0.09538194444444445,0.10977430555555556,IaVxyLR7hlw,49693,관절염,10.813639480450874
0.0022337962962962962,1,1,0.17914914669571533,0.2041274534458586,0.28577017519970954,0.030885416666666665,0.08061921296296297,PdLyYfk70vA,70860,관절염,11.168475490654066
0.044508101851851854,1,2,0.6347680873275237,0.39204755492060644,0.29564689996368915,0.26066550925925924,0.11654513888888889,j5eW3qksrik,45700,관절염,10.729875458480967
0.07765625,1,3,0.4440125499273784,0.3555165397794412,0.26313262527233117,0.19403356481481482,0.08050347222222222,Q-w1LThSaI8,44072,관절염,10.693602629038537
0.024826388888888887,1,1,0.3266244326434277,0.251301361363868,0.3103615876906318,0.043188657407407405,0.06890625,s_0YstM5ijo,52989,관절염,10.877858495486807
0.0032060185185185186,1,2,0.5856980755265069,0.3976765810343227,0.2525248502178649,0.3880150462962963,0.0887326388888889,eI2uK_hK1Ds,41003,관절염,10.621424901903293
0.007135416666666667,0,0,0.38299443990559184,0.28439836518227846,0.4815026098402324,0.10407986111111112,0.09229166666666666,E58pq1VsbGk,38659,관절염,10.562560752762321
0.0017708333333333332,1,1,0.6364600354030501,0.34648986440782265,0.3267092637981118,0.15527777777777776,0.060520833333333336,zhlKQ2hWhnw,41368,관절염,10.630287087057917
0.2060648148148148,1,2,0.4762749636891794,0.33584257853193283,0.3468889569716776,0.1267361111111111,0.15713541666666667,9r8BQCpQ53U,35924,관절염,10.489188710947225
0.0040335648148148145,1,2,0.1600331336238199,0.14557851555096915,0.17347973402323894,0.008200231481481482,0.04855902777777778,jYfVcdc_3G8,53083,관절염,10.87963084355714
0.05084490740740741,1,1,0.46200372185911404,0.37157826638431557,0.25226615831517796,0.2098611111111111,0.11112268518518519,eDFWtzJMBiM,33270,관절염,10.412441425669323
0.012858796296296297,1,1,0.2674997049745824,0.257752592443936,0.32754216594045027,0.06053819444444444,0.0935011574074074,a4uZjElZn3s,42053,관절염,10.64670978572838
0.01625,0,0,0.15349033224400874,0.14968016036796633,0.13814596949891067,0.009155092592592593,0.04105902777777778,GN6KF_mk6FQ,68658,관절염,11.136907502384792
0.05703703703703704,1,1,0.4125406000363108,0.3212456914356404,0.22834642792302107,0.07194444444444445,0.13896412037037037,ZJ4gvvNmNmg,29085,관절염,10.278012237737656
0.005607638888888889,1,1,0.4745917755991285,0.20294443939949713,0.6593320624546115,0.04925347222222222,0.03836805555555556,Q1CyX0Xr0vM,30840,관절염,10.336600252573104
0.0428125,0,0,0.48142088779956427,0.33214450914220517,0.23709833424110385,0.22350115740740742,0.09586805555555555,K7pbDPjvk2Y,26024,관절염,10.16681289348317
0.03291087962962963,1,1,0.3741381399782135,0.22965545435613827,0.2574967093318809,0.0749537037037037,0.11344907407407408,G3nqAhSOHfE,26930,관절염,10.201033318424798
0.030729166666666665,1,1,0.3587861292665214,0.2577399709830701,0.432555056281772,0.0784837962962963,0.10712962962962963,OQK4KYUSuo4,46060,관절염,10.737721883950984
0.014155092592592592,1,2,0.32226077977487294,0.37700177423442205,0.34819682734204793,0.19315393518518517,0.12325810185185185,8j8n-LaP6Ys,236624,관절염,12.374231888511623
0.014797453703703703,1,1,0.3038220996732026,0.26965061354018216,0.18525930464778503,0.09922453703703704,0.08954282407407407,zcKLLpAQr-M,24206,관절염,10.094397126516617
0.03759837962962963,0,0,0.36926427469135803,0.2795023112451744,0.3153486746550472,0.029016203703703704,0.08686921296296296,--YpxGZ3xZE,21229,관절염,9.963170554697301
0.0036805555555555554,0,0,0.293845815177923,0.22097811649340954,0.08465972222222223,0.030491898148148146,0.04987268518518519,VmCAMhVjy-w,46375,관절염,10.74453736301957
0.001261574074074074,1,2,0.6304791666666667,0.4302433521339905,0.1185110748002905,0.49180555555555555,0.07491898148148148,mr6RhcQr97M,20920,관절염,9.948508718183648
0.027251157407407408,0,0,0.15709243373275236,0.18884288306767455,0.22066834604212054,0.017511574074074075,0.05299768518518518,bc0dLVASVA0,28746,관절염,10.266288692954797
0.034971064814814816,0,0,0.29674273783587507,0.2574477587865975,0.19304981390704432,0.09214699074074074,0.027065972222222224,CMXFZuR9SuU,396356,관절염,12.890070599267412
0.007245370370370371,0,0,0.43552589415395787,0.34600452173905427,0.11652485021786492,0.2550115740740741,0.04773148148148148,l5Spts3yRkY,29248,관절염,10.28360066404139
0.00044560185185185187,0,0,0.15770245551924472,0.17961821926766794,0.05204609204793029,0.02412615740740741,0.032789351851851854,ZppyEJfT0Ms,22275,관절염,10.01126514470956
0.04183449074074074,1,1,0.5294262663398692,0.376625458216484,0.3050719181190995,0.3940625,0.07793402777777778,rxlCt-arAv8,18584,관절염,9.830110082731352
0.007239583333333333,0,0,0.21445949074074075,0.23038490410637705,0.1525977441902687,0.05150462962962963,0.09047453703703703,l0kNVztYkFM,38119,관절염,10.548494357768138
0.0031134259259259257,1,1,0.29680108478576617,0.2519451375648752,0.16806728848946986,0.09369791666666667,0.03902777777777778,1k-SRWBEOuI,24477,관절염,10.105530033942284
0.015729166666666666,1,1,0.34593595679012346,0.27552922953079473,0.18430301379811184,0.15768518518518518,0.06862847222222222,J6wAWqKDyAg,15926,관절염,9.675771061251782
0.18103587962962964,1,1,0.4620599582425563,0.3021165327914563,0.353367125090777,0.09913194444444444,0.11575810185185186,S0mcjBFR_d8,15798,관절염,9.66770192587285
0.0013252314814814815,1,1,0.34485307734204795,0.26814476904544066,0.1419776915395788,0.14320601851851852,0.08324074074074074,dEy9onOlEh4,20916,관절염,9.94831750445392
0.007922453703703704,0,0,0.3510846269063181,0.3402255782278776,0.23567960239651417,0.17293402777777778,0.06936921296296296,HybYJDxqQDk,15548,관절염,9.651751606857816
0.14210648148148147,0,0,0.370008896151053,0.23379412826734894,0.7206299246550472,0.0346875,0.15273726851851852,_sg94DTSBgg,33348,관절염,10.414783065886715
0.09778935185185185,0,0,0.2411073892519971,0.16291030879244764,0.3442476624909223,0.020462962962962964,0.047644675925925924,UbOyWU26lf0,14031,관절염,9.549095714611964
0.021278935185185185,1,1,0.4547074028685548,0.37127676143112603,0.1665875998547567,0.26512152777777775,0.08954282407407407,U-aXIecSjrk,13859,관절염,9.536762272743895
0.012563657407407407,1,1,0.34975061274509806,0.34363315897887564,0.2708522149600581,0.17140046296296296,0.07200231481481481,_dlrnS2os9g,13560,관절염,9.514953305087944
0.012748842592592593,1,1,0.5613551652142338,0.3659066946390818,0.3379322803195352,0.26808449074074076,0.10375,KktkpzWnVYc,12742,관절염,9.452737380212278
0.00375,0,0,0.23926559095860564,0.2515599598914814,0.4255261210965868,0.07473958333333333,0.061875,CMcwno8MTKY,31705,관절염,10.364261216403174
0.00886574074074074,0,0,0.22091131082062454,0.2213491279642142,0.26286431100217866,0.05572337962962963,0.10109375,AZ0X0dAyuos,11992,관절염,9.392078425231722
0.013836805555555555,1,1,0.38401468318809,0.2702663892448897,0.2641814179375454,0.1725925925925926,0.06985532407407408,9DN7-nXTjIo,11653,관절염,9.363404747703019
0.00458912037037037,1,1,0.2957911220043573,0.19486269894215882,0.20343956517792303,0.02638888888888889,0.07528356481481481,QXr24sf0GBE,21965,관절염,9.997251082348292
0.12785300925925927,1,2,0.38713373729121275,0.24333647305565245,0.3784893110021787,0.03841435185185185,0.11121527777777777,x6zK2pzpCRk,21423,관절염,9.972267067930954
0.004120370370370371,1,1,0.4276536628540305,0.28184919371208567,0.18425526506899056,0.1871759259259259,0.05251736111111111,MIPy6IHNMtc,13894,관절염,9.539284342176604
0.01154513888888889,1,1,0.5176001497821351,0.31932491670160335,0.0716083197167756,0.3237615740740741,0.07893518518518519,9UaUzP2E9i8,20151,관절염,9.911058818032446
0.00035300925925925924,0,0,0.43854234749455334,0.28859984261865906,0.1629135575526507,0.20699074074074075,0.05261574074074074,U-OIzVYn8VI,13539,관절염,9.513403546466266
0.06689814814814815,1,1,0.34318704611474216,0.3654114371103188,0.22875024963689178,0.19189814814814815,0.10681134259259259,bbf_IlyRh4A,7736,관절염,8.953769294549454
0.0021006944444444445,1,1,0.4487933687363835,0.2648356070506732,0.34547142792302105,0.0934548611111111,0.07372685185185185,oiVIsU-1qKk,15246,관절염,9.632138041371906
0.01736689814814815,0,0,0.34426565904139433,0.24636523896882315,0.4158553694625999,0.04226851851851852,0.14422453703703703,saJOikeej_E,10357,관절염,9.245514446983837
0.015266203703703704,0,0,0.3005329974582426,0.2654576542995827,0.4080534449891068,0.04048032407407407,0.06397569444444444,xOz-GyKkMsM,10007,관절염,9.211140052146748
0.0006828703703703704,0,0,0.4011651007625272,0.3349478498231206,0.43810001361655776,0.1542997685185185,0.08308449074074074,gC1_kFwrFPA,9269,관절염,9.1345386585599
0.015671296296296298,0,0,0.15126395697167755,0.197002909122168,0.2580831744734931,0.013686342592592592,0.04839120370370371,lS3Q6RWjYsA,21124,관절염,9.958212452225375
0.004496527777777778,0,0,0.2828450435729848,0.24563776639888354,0.13915724854756717,0.06546296296296296,0.029392361111111112,sNgwflr0Ais,7131,관절염,8.872346978983032
0.0012789351851851853,0,0,0.15136140613652868,0.2033659006094763,0.06033880265068991,0.0428587962962963,0.03642361111111111,i7f7bQxpVpQ,14091,관절염,9.553362539461128
0.09135416666666667,0,0,0.27809674564270154,0.1915469458859867,0.2501094317356572,0.012106481481481482,0.03678240740740741,1gaHZW4MymY,15986,관절염,9.679531170964893
0.05133101851851852,1,1,0.41386939451706606,0.28809180304882376,0.3118444762164125,0.08169560185185185,0.09800925925925925,euENJN39MUM,11441,관절염,9.345046074828474
0.0032407407407407406,1,1,0.18356515522875816,0.26452365039158177,0.056304852033405954,0.08734953703703703,0.08065393518518518,NIFTczgc9ds,7954,관절염,8.981555940771887
0.005954861111111111,0,0,0.21209193445896876,0.21054514003734082,0.35296480119825707,0.03214120370370371,0.04943287037037037,geLP-mzshgY,6222,관절염,8.736007384569218
0.03103587962962963,1,1,0.3999822757806827,0.2759886548263812,0.18876316267247642,0.14034722222222223,0.09679398148148148,oOxbEG61D9U,22072,관절염,10.002110421141213
0.01961226851851852,1,1,0.5190285039941902,0.2879910500947865,0.22575417574437182,0.15567708333333333,0.07174189814814814,7lFt_DEhFRo,15068,관절염,9.620394932418154
0.000619212962962963,1,1,0.45953572076978944,0.30226455576463657,0.15050887345679015,0.23546296296296296,0.0644212962962963,0N2lIFSEhB8,7800,관절염,8.962007209588313
0.08647569444444445,0,0,0.3385538534858388,0.2356580193343149,0.4708211238198983,0.028715277777777777,0.04150462962962963,CB2IgyNKaWc,15024,관절염,9.617470759403409
0.014693287037037038,1,1,0.2566782861292665,0.24561618587535797,0.1264089960058097,0.048894675925925925,0.06384259259259259,4MPqpG5_1OA,5394,관절염,8.593227877692234
0.009664351851851851,1,1,0.24595261437908497,0.229849092888402,0.22392299836601307,0.055150462962962964,0.06114583333333334,DAkRjjM9YPw,5818,관절염,8.66888370465667
0.11230902777777778,0,0,0.4021138571169208,0.3372008287866935,0.23496026234567902,0.15919560185185186,0.1228298611111111,lTcZjFAyMyo,5082,관절염,8.533656917446903
0.008420138888888888,1,1,0.3614918300653595,0.2433379997341526,0.08831869553376906,0.08027199074074073,0.04030671296296296,mLJnOweZyKc,5013,관절염,8.519989278718239
0.015978009259259258,0,0,0.48683626089324616,0.32872278287417517,0.5554771241830065,0.24902777777777776,0.09113425925925926,Gd8IycOzLt8,13443,관절염,9.506288188844996
0.0019560185185185184,1,1,0.1706082970225127,0.192901942798136,0.30097147331154683,0.028877314814814814,0.10338541666666666,Oe47-L2s8sM,13777,관절염,9.530828396153142
0.0043518518518518515,1,1,0.41987726942628906,0.25163941491258573,0.19605909586056647,0.10295717592592593,0.07262152777777778,zYKvAPVy4AU,6013,관절염,8.701845363548474
0.04189814814814815,1,1,0.30278914760348585,0.24377150309587076,0.3388897512708787,0.06455439814814815,0.09387731481481482,kyOAJQdD6m4,9186,관절염,9.125544720271467
0.008489583333333333,0,0,0.19801354847494554,0.23161437158638765,0.161090232389252,0.06009259259259259,0.07856481481481481,6rLb5wTtiCQ,4265,관절염,8.358431899031295
0.12061342592592593,1,1,0.46115715777051564,0.28676607268032445,0.2277995869644154,0.10464120370370371,0.07064814814814815,11yxOFj5v_Y,4036,관절염,8.30325712085294
0.032824074074074075,1,1,0.31865767973856207,0.2510848120435321,0.30906045751633987,0.0953761574074074,0.07767939814814814,4S69xPILvZ0,6607,관절염,8.796036315200814
0.10424189814814815,0,0,0.4077330473856209,0.2999844370976361,0.19044240196078432,0.12444444444444444,0.10555555555555556,r5YzwuSlNN4,3886,관절염,8.265392930852224
0.037181712962962965,1,1,0.3107375635439361,0.25164993746284026,0.29396845497458246,0.09450231481481482,0.07028935185185185,GZV1zG6k6xY,5806,관절염,8.66681936537205
0.011574074074074073,0,0,0.43018575254175745,0.21594141420482166,0.22194641884531588,0.1080150462962963,0.04101273148148148,UU7qx0Ykojk,3841,관절염,8.253748343328501
0.041707175925925925,0,0,0.32098887981118374,0.2352289772932191,0.39005964052287584,0.05454861111111111,0.037528935185185186,awk28fLhFsk,3896,관절염,8.26796230533871
0.02082175925925926,1,1,0.23408884803921567,0.28731965836458606,0.14826565904139433,0.08462384259259259,0.06798032407407407,13RaDOq4SVQ,4644,관절염,8.443546651247939
0.0018923611111111112,0,0,0.359527936637618,0.3922262332208809,0.07340019063180828,0.24547453703703703,0.07346064814814815,LU1D2rb6yxc,8437,관절염,9.040500592684284
0.008587962962962962,0,0,0.4423237790486565,0.3494705770193838,0.2718051470588235,0.28311921296296294,0.09054976851851852,PYcAmEbM9Tk,7609,관절염,8.937218450855731
0.011498842592592592,0,0,0.22809463507625272,0.2135539705092839,0.1694997730573711,0.03332175925925926,0.050908564814814816,LeOWLi7qTn8,4142,관절염,8.329175442077402
0.02511574074074074,0,0,0.3528267973856209,0.2513326098547675,0.4611744734931009,0.07398148148148148,0.10117476851851852,DtHfEF90Oh0,6683,관절염,8.807471889715284
0.010005787037037037,0,0,0.17196012618010167,0.2265957782981524,0.1840127087872186,0.04577546296296296,0.06752893518518518,VEG06Ama1sw,7199,관절염,8.881836305004146
0.001712962962962963,1,1,0.4638368736383442,0.33542911813720816,0.31192420116194625,0.20814236111111112,0.057957175925925926,IO9WVbgp0Qo,3640,관절염,8.200013648175434
0.0022337962962962962,0,0,0.44982899872912124,0.30655228624941655,0.22112436456063905,0.07727430555555556,0.09661458333333334,me9kMhk6z7c,3085,관절염,8.034631032923107
0.012181712962962964,1,1,0.46415572803195354,0.29555751206334363,0.21059978667392884,0.22366898148148148,0.08967013888888889,U49t7jNSGP4,7643,관절염,8.941676305360163
0.0033622685185185183,1,1,0.20108710058097312,0.24453522399154493,0.28104125816993464,0.014895833333333334,0.09275462962962963,1Dy7_1tJ_xo,2944,관절염,7.987864096085687
0.007644675925925926,1,1,0.5330090323166304,0.34847788026374993,0.16846498275236022,0.3416898148148148,0.07951967592592593,nHzdpPeB-WA,2846,관절염,7.954021087278037
0.008049768518518519,0,0,0.16787561274509805,0.2117585684876305,0.11404983660130719,0.055399305555555556,0.03275462962962963,0Y6DB8fJuHo,2664,관절염,7.887959336599945
0.004085648148148148,0,0,0.25162654320987654,0.2566209767053215,0.3335738698257081,0.07619791666666667,0.038738425925925926,cSFSWYUesGM,7449,관절염,8.915969311373605
0.03421875,1,1,0.4018264115831518,0.30198748915759804,0.07851161946259985,0.07706018518518519,0.07299189814814815,3n56hGX4uaA,2522,관절염,7.833203948641057
0.00037037037037037035,1,1,0.38232888525780684,0.2314680315579669,0.22302371550472042,0.061238425925925925,0.05744212962962963,5l3xnnUe4MU,2571,관절염,7.85243908535751
0.013755787037037037,1,1,0.6126790577342047,0.371280688316965,0.13541982116920842,0.47149305555555554,0.06745370370370371,7zZfLnsclRg,2432,관절염,7.796880342783522
0.0,0,0,0.5196793300653595,0.3584987140447322,0.01908228939724038,0.3332060185185185,0.04773726851851852,I3rUIog9vAw,3248,관절염,8.0861025356691
0.08247106481481481,0,0,0.29030265068990563,0.1669771033251144,0.2782908723674655,0.00525462962962963,0.042957175925925926,XeD1tJvb90I,5313,관절염,8.57810012631976
0.07424768518518518,1,2,0.37809184368191723,0.330499903807746,0.2518411174655047,0.17005787037037037,0.05579861111111111,0bynIvpvPqQ,2378,관절염,7.774435510302958
0.009450231481481481,1,1,0.6207616194625999,0.41406377400306926,0.13286283587509076,0.551724537037037,0.05997685185185185,jMU6R1b8wCM,2184,관절염,7.68937110752969
0.00017939814814814815,1,1,0.4576344408133624,0.3013706153843186,0.1291551152868555,0.24101851851851852,0.048350694444444446,YDjX4KNXW-g,2351,관절염,7.763021309018518
0.0005787037037037037,0,0,0.2370923656499637,0.20057083980187534,0.07939281499636891,0.03350115740740741,0.04484375,T_PA8PGA6Gg,2969,관절염,7.996317231796746
0.0069791666666666665,1,1,0.20051556826434278,0.18126416857265337,0.3435488607480029,0.022372685185185186,0.03630208333333333,Kl-fZ-n2r7A,2170,관절염,7.682943169878292
0.019855324074074074,0,0,0.34978292937545385,0.24421627811878951,0.28726874546114745,0.03420138888888889,0.06304398148148148,c7jfyp-fTzU,5814,관절염,8.668196064952765
0.06376157407407407,1,1,0.38502108297022514,0.33948578841341226,0.29743795388525784,0.18457175925925925,0.1019386574074074,h6gX1ieOLm0,1571977,족저근막염,14.267845256962417
0.005844907407407407,0,0,0.28637647512708786,0.2351094021751956,0.12011807824981845,0.06859375,0.11938657407407408,WNBBoXLzhEk,1280503,족저근막염,14.062764308396611
0.012685185185185185,0,0,0.23771223674655048,0.24082318042180278,0.29060636801016704,0.03923032407407408,0.05203125,uS938rt_3fA,1220994,족저근막염,14.015176658080362
0.10556712962962964,0,0,0.4051393881626725,0.2446782706659938,0.24180276416122004,0.14427083333333332,0.015133101851851852,nl-_GRoHO4I,1187515,족저근막염,13.987374288484375
0.03175925925925926,1,2,0.5380180192447349,0.37658810596752507,0.18951100671750182,0.3390856481481481,0.08902199074074074,Z7phaq4mqb8,973175,족저근막염,13.788320228674966
0.020648148148148148,1,1,0.5876684368191721,0.41345569468223464,0.158634940087146,0.39868055555555554,0.12480902777777778,1yJwleqY73s,959755,족저근막염,13.774434364471531
0.02279513888888889,0,0,0.16171203249818447,0.1614027872553822,0.26361919026870007,0.02017361111111111,0.05924189814814815,ACq_ms4W7_I,1129823,족저근막염,13.937572426345499
0.0034953703703703705,0,0,0.14251402505446623,0.1578148353006489,0.17513693718228032,0.007135416666666667,0.027042824074074073,LdmKxuWH1n0,858346,족저근막염,13.662763725615202
0.021099537037037038,0,0,0.368847471859114,0.25204881860727335,0.2972342047930283,0.04303819444444444,0.07683449074074074,4x7vH3LKZW8,900818,족저근막염,13.711059628507467
0.09634837962962962,1,2,0.36659306917211326,0.3112303007822331,0.3370338825344953,0.11422453703703704,0.10486689814814815,U8xHacBkdk0,518027,족저근막염,13.157784573834807
0.0027546296296296294,1,1,0.4436070261437909,0.32771572472412314,0.3039783723674655,0.15547453703703704,0.0965451388888889,BTErDjv2ADM,503093,족저근막염,13.128532310349856
0.02935185185185185,0,0,0.4270212872185912,0.32332122928704077,0.3714184822076979,0.12377893518518518,0.16686342592592593,vmSvkgYgBXo,502703,족저근막염,13.127756806681036
0.024230324074074074,1,1,0.35245744825708064,0.25020582139421566,0.13272199527959333,0.12218171296296296,0.09361111111111112,zF6pKy4jVGQ,858968,족저근막염,13.663488111840216
0.07335648148148148,0,0,0.636886801016703,0.39819798238156706,0.12703513071895423,0.45076967592592593,0.07327546296296296,CneK6xd0rzE,440708,족저근막염,12.996140072677372
0.03666087962962963,1,1,0.18961156499636891,0.17540336372357568,0.4773136574074074,0.01050925925925926,0.12120949074074074,dTpJ08e1ft4,430276,족저근막염,12.97218446631749
0.01494212962962963,1,1,0.5562297567175019,0.42338729489070787,0.3692090822440087,0.4170949074074074,0.06706018518518518,mYXruqRRAvA,343949,족저근막염,12.74825157695416
0.0391724537037037,0,0,0.49354852033405955,0.4410617851730557,0.4024346632171387,0.3561053240740741,0.09391203703703704,job57Dk2mjw,330300,족저근막염,12.70775963892501
0.08795138888888888,1,1,0.44395082153231663,0.31400636788495784,0.23258026960784314,0.13456018518518517,0.10090277777777777,4TmWoxSwm0M,320743,족저근막염,12.678398576145478
0.050248842592592595,1,1,0.39974825254175744,0.30576015280310787,0.34753161310820624,0.12339699074074074,0.08517939814814815,vn2i9sajojg,319104,족저근막염,12.673275481212833
0.11269675925925926,0,0,0.23261387981118373,0.3008747924787286,0.326427151416122,0.08990162037037037,0.08982060185185185,1m5Kf-KciYc,316327,족저근막염,12.66453492892935
0.0036747685185185186,0,0,0.2033362608932462,0.22240274331955823,0.05419775780682643,0.030723379629629628,0.05050347222222222,AmDUSO7mLHs,299480,족저근막염,12.60980625546019
0.022413194444444444,1,1,0.38882675199709515,0.3275062687069182,0.23488639251997093,0.11641782407407407,0.11751157407407407,XfpKbu0aFek,250416,족저근막염,12.430882807277367
0.01961226851851852,1,1,0.4249673883442266,0.43443988169095105,0.3502627995642702,0.32727430555555553,0.08657986111111111,6oPzAdyH4-Q,230297,족저근막염,12.347129401446274
0.0030613425925925925,1,1,0.4904520470225127,0.2785306270412969,0.44779740831517795,0.08875,0.08376157407407407,tku2Nqz6e_k,222149,족저근막염,12.311108108364055
0.04722222222222222,0,0,0.2038919526143791,0.19841755808489933,0.3120041530501089,0.022910879629629628,0.04701388888888889,Wfhdt_Zuyjo,283467,족저근막염,12.554854520999566
0.08896412037037037,0,0,0.47220799291939,0.3354505756661649,0.3029804602396514,0.21774884259259258,0.06281828703703704,nw8EkQv6Ugs,212786,족저근막염,12.268046944357978
0.01595486111111111,1,1,0.3900553513071895,0.32465989776304083,0.3806263162672477,0.19631944444444444,0.08901620370370371,1293T6YXYTE,183114,족저근막염,12.117869649753892
0.006244212962962963,0,0,0.3456187590777052,0.28817756102203657,0.22976046205519243,0.07980324074074074,0.059027777777777776,eSmw2XoJTmg,179784,족저근막염,12.09951697151059
0.06557291666666666,1,1,0.2590239197530864,0.31344419129754014,0.3057582380174292,0.11045717592592592,0.09060185185185185,1UlWL2Urruk,177468,족저근막염,12.086551224757565
0.002627314814814815,1,1,0.4400760484749455,0.2518787512635311,0.191567674291939,0.19409143518518518,0.04344907407407408,GGIUHqSaC70,171799,족저근막염,12.054086288532291
0.05182291666666667,0,0,0.32789785312273056,0.2810427261926074,0.2197057688816267,0.06634837962962963,0.07137731481481481,t7YdwVAtiKI,164106,족저근막염,12.008273933084917
0.017621527777777778,0,0,0.20768325617283953,0.23145202387889072,0.2513935185185185,0.02324652777777778,0.05468171296296296,HR30Z3qIupc,165002,족저근막염,12.013718934535612
0.03818287037037037,0,0,0.3939313271604938,0.2930174096118996,0.2115326343500363,0.16248842592592594,0.04708912037037037,NeOLqsMx850,157176,족저근막염,11.965127837840258
0.1140162037037037,0,0,0.4114008033769063,0.23546779847324814,0.40469045025417577,0.0007986111111111112,0.05969328703703704,K88WQ3sOHPM,141799,족저근막염,11.862172893080164
0.009126157407407407,1,1,0.5728085058097312,0.4272763442860147,0.1959924881989833,0.4669386574074074,0.07289930555555556,Y3jJFrKgH3U,139953,족저근막염,11.849069076171451
